provenance_id	phenotype	source_gene_id	source_gene_namespace	gene_id	gene_namespace	gene_symbol	source_id	source_name	source_type	source_weight	weight_tier	input_gene_symbol	mapping_status	evidence_label	source_row_number	source_record_hash
ad9ffbdf49919d09	epilepsy	144568	ncbi_gene	ENSG00000166535	ensembl_gene	A2ML1	gtr_epilepsy_gene_summary	GTR epilepsy gene summary	gtr_gene_summary	2.0	silver	A2ML1	resolved	gtr_clinical_testing_utilization	1458	b783c15ec0597cb7
aeb2b1b55fb78ab7	epilepsy	8086	ncbi_gene	ENSG00000291836	ensembl_gene	AAAS	gtr_epilepsy_gene_summary	GTR epilepsy gene summary	gtr_gene_summary	2.0	silver	AAAS	resolved	gtr_clinical_testing_utilization	1102	c5b10ebe017d7c2d
1f95ecaccb7d19c9	epilepsy	16	ncbi_gene	ENSG00000090861	ensembl_gene	AARS1	genes4epilepsy	Genes4Epilepsy	literature_derived	1.0	bronze	AARS1	resolved		1	d2ae1bddb685e876
1f95ecaccb7d19c9	epilepsy	16	ncbi_gene	ENSG00000090861	ensembl_gene	AARS1	gtr_epilepsy_gene_summary	GTR epilepsy gene summary	gtr_gene_summary	2.0	silver	AARS1	resolved	gtr_clinical_testing_utilization	137	a1af4cef3edb547d
8fe4f9a1936a5f7b	epilepsy	57505	ncbi_gene	ENSG00000124608	ensembl_gene	AARS2	genes4epilepsy	Genes4Epilepsy	literature_derived	1.0	bronze	AARS2	resolved		2	841e1afaac5d5380
8fe4f9a1936a5f7b	epilepsy	57505	ncbi_gene	ENSG00000124608	ensembl_gene	AARS2	gtr_epilepsy_gene_summary	GTR epilepsy gene summary	gtr_gene_summary	2.0	silver	AARS2	resolved	gtr_clinical_testing_utilization	857	1de956824686219f
ab88e5bdbc00e567	epilepsy	10157	ncbi_gene	ENSG00000008311	ensembl_gene	AASS	gtr_epilepsy_gene_summary	GTR epilepsy gene summary	gtr_gene_summary	2.0	silver	AASS	resolved	gtr_clinical_testing_utilization	1595	cfd616376e0b7c7b
574469296098904c	epilepsy	18	ncbi_gene	ENSG00000183044	ensembl_gene	ABAT	genes4epilepsy	Genes4Epilepsy	literature_derived	1.0	bronze	ABAT	resolved		3	d5de1a34f2390c6b
574469296098904c	epilepsy	18	ncbi_gene	ENSG00000183044	ensembl_gene	ABAT	gtr_epilepsy_gene_summary	GTR epilepsy gene summary	gtr_gene_summary	2.0	silver	ABAT	resolved	gtr_clinical_testing_utilization	683	a83d4a5b1a4b479e
25670747651359f3	epilepsy	19	ncbi_gene	ENSG00000165029	ensembl_gene	ABCA1	gtr_epilepsy_gene_summary	GTR epilepsy gene summary	gtr_gene_summary	2.0	silver	ABCA1	resolved	gtr_clinical_testing_utilization	1232	92bb2eee7cd0a203
8a0b3080aa861265	epilepsy	26154	ncbi_gene	ENSG00000144452	ensembl_gene	ABCA12	gtr_epilepsy_gene_summary	GTR epilepsy gene summary	gtr_gene_summary	2.0	silver	ABCA12	resolved	gtr_clinical_testing_utilization	2119	9ffb9d9d25e15505
0350b8df5e5f00cb	epilepsy	20	ncbi_gene	ENSG00000107331	ensembl_gene	ABCA2	genes4epilepsy	Genes4Epilepsy	literature_derived	1.0	bronze	ABCA2	resolved		4	cb5839096fa1b773
7b0ddc688743f315	epilepsy	21	ncbi_gene	ENSG00000167972	ensembl_gene	ABCA3	gtr_epilepsy_gene_summary	GTR epilepsy gene summary	gtr_gene_summary	2.0	silver	ABCA3	resolved	gtr_clinical_testing_utilization	2049	31fae5fe54e022d8
b2341b82a4a04119	epilepsy	23461	ncbi_gene	ENSG00000154265	ensembl_gene	ABCA5	gtr_epilepsy_gene_summary	GTR epilepsy gene summary	gtr_gene_summary	2.0	silver	ABCA5	resolved	gtr_clinical_testing_utilization	2917	13c713b4c21ebee6
b30a02a179502d64	epilepsy	10347	ncbi_gene	ENSG00000064687	ensembl_gene	ABCA7	gtr_epilepsy_gene_summary	GTR epilepsy gene summary	gtr_gene_summary	2.0	silver	ABCA7	resolved	gtr_clinical_testing_utilization	1931	11761a88689bce06
d41a2940b74a4290	epilepsy	8647	ncbi_gene	ENSG00000276582	ensembl_gene	ABCB11	gtr_epilepsy_gene_summary	GTR epilepsy gene summary	gtr_gene_summary	2.0	silver	ABCB11	resolved	gtr_clinical_testing_utilization	1483	d5a73fe5329780aa
6361d05765971258	epilepsy	5244	ncbi_gene	ENSG00000005471	ensembl_gene	ABCB4	gtr_epilepsy_gene_summary	GTR epilepsy gene summary	gtr_gene_summary	2.0	silver	ABCB4	resolved	gtr_clinical_testing_utilization	1484	4a2568ef9aabc213
609dacac3275d0f9	epilepsy	22	ncbi_gene	ENSG00000131269	ensembl_gene	ABCB7	gtr_epilepsy_gene_summary	GTR epilepsy gene summary	gtr_gene_summary	2.0	silver	ABCB7	resolved	gtr_clinical_testing_utilization	1163	81a1a3377e49c201
df16173afd3a9a31	epilepsy	368	ncbi_gene	ENSG00000091262	ensembl_gene	ABCC6	gtr_epilepsy_gene_summary	GTR epilepsy gene summary	gtr_gene_summary	2.0	silver	ABCC6	resolved	gtr_clinical_testing_utilization	2253	beb8909df026376f
c1ac0e1d7a2feeed	epilepsy	6833	ncbi_gene	ENSG00000006071	ensembl_gene	ABCC8	gtr_epilepsy_gene_summary	GTR epilepsy gene summary	gtr_gene_summary	2.0	silver	ABCC8	resolved	gtr_clinical_testing_utilization	584	f880445e35353abb
dd525b0f07348c7a	epilepsy	10060	ncbi_gene	ENSG00000069431	ensembl_gene	ABCC9	genes4epilepsy	Genes4Epilepsy	literature_derived	1.0	bronze	ABCC9	resolved		5	56024ac9baf7519e
dd525b0f07348c7a	epilepsy	10060	ncbi_gene	ENSG00000069431	ensembl_gene	ABCC9	gtr_epilepsy_gene_summary	GTR epilepsy gene summary	gtr_gene_summary	2.0	silver	ABCC9	resolved	gtr_clinical_testing_utilization	885	e06e4ccba1bc101f
578fd8101bf66c6a	epilepsy	215	ncbi_gene	ENSG00000101986	ensembl_gene	ABCD1	gtr_epilepsy_gene_summary	GTR epilepsy gene summary	gtr_gene_summary	2.0	silver	ABCD1	resolved	gtr_clinical_testing_utilization	269	d9361bf273f01cda
99fd50b68224bc85	epilepsy	5825	ncbi_gene	ENSG00000117528	ensembl_gene	ABCD3	gtr_epilepsy_gene_summary	GTR epilepsy gene summary	gtr_gene_summary	2.0	silver	ABCD3	resolved	gtr_clinical_testing_utilization	1562	68afc7f98ce503f3
85469f635907ea2f	epilepsy	5826	ncbi_gene	ENSG00000119688	ensembl_gene	ABCD4	gtr_epilepsy_gene_summary	GTR epilepsy gene summary	gtr_gene_summary	2.0	silver	ABCD4	resolved	gtr_clinical_testing_utilization	1045	63037dce8a5f4444
ae8794f017a12089	epilepsy	64240	ncbi_gene	ENSG00000138075	ensembl_gene	ABCG5	gtr_epilepsy_gene_summary	GTR epilepsy gene summary	gtr_gene_summary	2.0	silver	ABCG5	resolved	gtr_clinical_testing_utilization	2285	9bd1e862c8f97820
0e08209d87bf5dcd	epilepsy	64241	ncbi_gene	ENSG00000143921	ensembl_gene	ABCG8	gtr_epilepsy_gene_summary	GTR epilepsy gene summary	gtr_gene_summary	2.0	silver	ABCG8	resolved	gtr_clinical_testing_utilization	2286	559b3e0be6f53a7b
5c3a8546f29af403	epilepsy	26090	ncbi_gene	ENSG00000100997	ensembl_gene	ABHD12	gtr_epilepsy_gene_summary	GTR epilepsy gene summary	gtr_gene_summary	2.0	silver	ABHD12	resolved	gtr_clinical_testing_utilization	923	c864369e9f826941
03c513c32d5d71db	epilepsy	7920	ncbi_gene	ENSG00000230475	ensembl_gene	ABHD16A	genes4epilepsy	Genes4Epilepsy	literature_derived	1.0	bronze	ABHD16A	resolved		6	7053e4f59b037aeb
aeb1d0d6e448a1da	epilepsy	51099	ncbi_gene	ENSG00000011198	ensembl_gene	ABHD5	gtr_epilepsy_gene_summary	GTR epilepsy gene summary	gtr_gene_summary	2.0	silver	ABHD5	resolved	gtr_clinical_testing_utilization	1572	ef198e514f5520fa
135ac0ff9b4c4ad4	epilepsy	31	ncbi_gene	ENSG00000275176	ensembl_gene	ACACA	gtr_epilepsy_gene_summary	GTR epilepsy gene summary	gtr_gene_summary	2.0	silver	ACACA	resolved	gtr_clinical_testing_utilization	2918	cd0be76bdbd54165
d84d5c1a4a77a377	epilepsy	32	ncbi_gene	ENSG00000076555	ensembl_gene	ACACB	gtr_epilepsy_gene_summary	GTR epilepsy gene summary	gtr_gene_summary	2.0	silver	ACACB	resolved	gtr_clinical_testing_utilization	1296	f465102fe76c3c1d
49fd08510ce47509	epilepsy	28976	ncbi_gene	ENSG00000177646	ensembl_gene	ACAD9	gtr_epilepsy_gene_summary	GTR epilepsy gene summary	gtr_gene_summary	2.0	silver	ACAD9	resolved	gtr_clinical_testing_utilization	590	528c67e345479e96
67dc9265e4fe20cf	epilepsy	33	ncbi_gene	ENSG00000115361	ensembl_gene	ACADL	gtr_epilepsy_gene_summary	GTR epilepsy gene summary	gtr_gene_summary	2.0	silver	ACADL	resolved	gtr_clinical_testing_utilization	1295	f2638f5b7e234f38
de84ecb87778f862	epilepsy	34	ncbi_gene	ENSG00000117054	ensembl_gene	ACADM	gtr_epilepsy_gene_summary	GTR epilepsy gene summary	gtr_gene_summary	2.0	silver	ACADM	resolved	gtr_clinical_testing_utilization	574	8738a741fbcf8946
22498a635119face	epilepsy	35	ncbi_gene	ENSG00000122971	ensembl_gene	ACADS	gtr_epilepsy_gene_summary	GTR epilepsy gene summary	gtr_gene_summary	2.0	silver	ACADS	resolved	gtr_clinical_testing_utilization	871	ad8b904b61f4990b
4e8ed3ea6c7056d0	epilepsy	36	ncbi_gene	ENSG00000196177	ensembl_gene	ACADSB	gtr_epilepsy_gene_summary	GTR epilepsy gene summary	gtr_gene_summary	2.0	silver	ACADSB	resolved	gtr_clinical_testing_utilization	1065	7d4154e4e4d2eed6
7d8009a756071ae3	epilepsy	37	ncbi_gene	ENSG00000072778	ensembl_gene	ACADVL	gtr_epilepsy_gene_summary	GTR epilepsy gene summary	gtr_gene_summary	2.0	silver	ACADVL	resolved	gtr_clinical_testing_utilization	1035	93950257c6a073cb
156fdbdf9590a66a	epilepsy	38	ncbi_gene	ENSG00000075239	ensembl_gene	ACAT1	gtr_epilepsy_gene_summary	GTR epilepsy gene summary	gtr_gene_summary	2.0	silver	ACAT1	resolved	gtr_clinical_testing_utilization	773	8163ce806392766f
a047b5f3e8296459	epilepsy	84320	ncbi_gene	ENSG00000230124	ensembl_gene	ACBD6	genes4epilepsy	Genes4Epilepsy	literature_derived	1.0	bronze	ACBD6	resolved		7	5c31c44cf7578e22
18a12c64e1656944	epilepsy	65057	ncbi_gene	ENSG00000102977	ensembl_gene	ACD	gtr_epilepsy_gene_summary	GTR epilepsy gene summary	gtr_gene_summary	2.0	silver	ACD	resolved	gtr_clinical_testing_utilization	2722	f8f575c52eb90162
ae3aded56cf242b0	epilepsy	1636	ncbi_gene	ENSG00000159640	ensembl_gene	ACE	gtr_epilepsy_gene_summary	GTR epilepsy gene summary	gtr_gene_summary	2.0	silver	ACE	resolved	gtr_clinical_testing_utilization	2531	34dfc88f4891f169
bf4790bb50a85dd6	epilepsy	55331	ncbi_gene	ENSG00000078124	ensembl_gene	ACER3	gtr_epilepsy_gene_summary	GTR epilepsy gene summary	gtr_gene_summary	2.0	silver	ACER3	resolved	gtr_clinical_testing_utilization	2919	eb9759ee7fb351da
168bbe897e930567	epilepsy	2532	ncbi_gene	ENSG00000213088	ensembl_gene	ACKR1	gtr_epilepsy_gene_summary	GTR epilepsy gene summary	gtr_gene_summary	2.0	silver	ACKR1	resolved	gtr_clinical_testing_utilization	2920	436439c456ca5e50
c7002ac86dd6d5c2	epilepsy	130013	ncbi_gene	ENSG00000153086	ensembl_gene	ACMSD	gtr_epilepsy_gene_summary	GTR epilepsy gene summary	gtr_gene_summary	2.0	silver	ACMSD	resolved	gtr_clinical_testing_utilization	2921	b0cfe7fbc8bbb062
b8c59b06dea7e275	epilepsy	50	ncbi_gene	ENSG00000100412	ensembl_gene	ACO2	gtr_epilepsy_gene_summary	GTR epilepsy gene summary	gtr_gene_summary	2.0	silver	ACO2	resolved	gtr_clinical_testing_utilization	710	ea3c57f23c324436
b0c88eeb0868561a	epilepsy	11332	ncbi_gene	ENSG00000097021	ensembl_gene	ACOT7	gtr_epilepsy_gene_summary	GTR epilepsy gene summary	gtr_gene_summary	2.0	silver	ACOT7	resolved	gtr_clinical_testing_utilization	2922	3569477f98c9eb6b
dd729053d67050b5	epilepsy	51	ncbi_gene	ENSG00000161533	ensembl_gene	ACOX1	genes4epilepsy	Genes4Epilepsy	literature_derived	1.0	bronze	ACOX1	resolved		8	a1cbda445f00551c
dd729053d67050b5	epilepsy	51	ncbi_gene	ENSG00000161533	ensembl_gene	ACOX1	gtr_epilepsy_gene_summary	GTR epilepsy gene summary	gtr_gene_summary	2.0	silver	ACOX1	resolved	gtr_clinical_testing_utilization	616	f80f979ae280b193
7a75d536d84569dc	epilepsy	54	ncbi_gene	ENSG00000102575	ensembl_gene	ACP5	gtr_epilepsy_gene_summary	GTR epilepsy gene summary	gtr_gene_summary	2.0	silver	ACP5	resolved	gtr_clinical_testing_utilization	2723	b335b9111ab7747e
3cd58db72ce0c9d5	epilepsy	197322	ncbi_gene	ENSG00000176715	ensembl_gene	ACSF3	gtr_epilepsy_gene_summary	GTR epilepsy gene summary	gtr_gene_summary	2.0	silver	ACSF3	resolved	gtr_clinical_testing_utilization	814	83675503e0702375
d811ef6bab166319	epilepsy	2182	ncbi_gene	ENSG00000068366	ensembl_gene	ACSL4	gtr_epilepsy_gene_summary	GTR epilepsy gene summary	gtr_gene_summary	2.0	silver	ACSL4	resolved	gtr_clinical_testing_utilization	660	82e72ef212f8c2d5
e533befc4d889298	epilepsy	58	ncbi_gene	ENSG00000143632	ensembl_gene	ACTA1	gtr_epilepsy_gene_summary	GTR epilepsy gene summary	gtr_gene_summary	2.0	silver	ACTA1	resolved	gtr_clinical_testing_utilization	1983	7b2edb76e53bdc1d
4aafa2bcece2f5f7	epilepsy	59	ncbi_gene	ENSG00000107796	ensembl_gene	ACTA2	gtr_epilepsy_gene_summary	GTR epilepsy gene summary	gtr_gene_summary	2.0	silver	ACTA2	resolved	gtr_clinical_testing_utilization	2287	c801618f24eb2a38
c15f9c52ef622d43	epilepsy	60	ncbi_gene	ENSG00000075624	ensembl_gene	ACTB	genes4epilepsy	Genes4Epilepsy	literature_derived	1.0	bronze	ACTB	resolved		9	c4ad1975350bbbc6
c15f9c52ef622d43	epilepsy	60	ncbi_gene	ENSG00000075624	ensembl_gene	ACTB	gtr_epilepsy_gene_summary	GTR epilepsy gene summary	gtr_gene_summary	2.0	silver	ACTB	resolved	gtr_clinical_testing_utilization	62	f3dfb0c9f9eb5205
ae9b3c326ce6ba99	epilepsy	70	ncbi_gene	ENSG00000159251	ensembl_gene	ACTC1	gtr_epilepsy_gene_summary	GTR epilepsy gene summary	gtr_gene_summary	2.0	silver	ACTC1	resolved	gtr_clinical_testing_utilization	1682	7da79a010389ed21
0b3e30450ab6f6a6	epilepsy	71	ncbi_gene	ENSG00000291420	ensembl_gene	ACTG1	genes4epilepsy	Genes4Epilepsy	literature_derived	1.0	bronze	ACTG1	resolved		10	03332fa03071e1c0
0b3e30450ab6f6a6	epilepsy	71	ncbi_gene	ENSG00000291420	ensembl_gene	ACTG1	gtr_epilepsy_gene_summary	GTR epilepsy gene summary	gtr_gene_summary	2.0	silver	ACTG1	resolved	gtr_clinical_testing_utilization	377	fe2068d604c72352
9827ad4c8d4f547f	epilepsy	72	ncbi_gene	ENSG00000163017	ensembl_gene	ACTG2	gtr_epilepsy_gene_summary	GTR epilepsy gene summary	gtr_gene_summary	2.0	silver	ACTG2	resolved	gtr_clinical_testing_utilization	2254	45684c2c53f6b17c
8c560161b4703b77	epilepsy	51412	ncbi_gene	ENSG00000077080	ensembl_gene	ACTL6B	genes4epilepsy	Genes4Epilepsy	literature_derived	1.0	bronze	ACTL6B	resolved		11	3facc4b58dadf943
8c560161b4703b77	epilepsy	51412	ncbi_gene	ENSG00000077080	ensembl_gene	ACTL6B	gtr_epilepsy_gene_summary	GTR epilepsy gene summary	gtr_gene_summary	2.0	silver	ACTL6B	resolved	gtr_clinical_testing_utilization	563	ab428d9a3b966dd5
8f11895174dade2b	epilepsy	88	ncbi_gene	ENSG00000077522	ensembl_gene	ACTN2	gtr_epilepsy_gene_summary	GTR epilepsy gene summary	gtr_gene_summary	2.0	silver	ACTN2	resolved	gtr_clinical_testing_utilization	1683	d1d3891c344f249a
65d4c2b611d9dfb3	epilepsy	90	ncbi_gene	ENSG00000115170	ensembl_gene	ACVR1	gtr_epilepsy_gene_summary	GTR epilepsy gene summary	gtr_gene_summary	2.0	silver	ACVR1	resolved	gtr_clinical_testing_utilization	1254	f78ff5b4cef4d836
af49edf5287afbfb	epilepsy	94	ncbi_gene	ENSG00000139567	ensembl_gene	ACVRL1	gtr_epilepsy_gene_summary	GTR epilepsy gene summary	gtr_gene_summary	2.0	silver	ACVRL1	resolved	gtr_clinical_testing_utilization	1744	c949bb0f36267484
b94851b49e6a9ebe	epilepsy	95	ncbi_gene	ENSG00000243989	ensembl_gene	ACY1	genes4epilepsy	Genes4Epilepsy	literature_derived	1.0	bronze	ACY1	resolved		12	8e107663603b4cc6
b94851b49e6a9ebe	epilepsy	95	ncbi_gene	ENSG00000243989	ensembl_gene	ACY1	gtr_epilepsy_gene_summary	GTR epilepsy gene summary	gtr_gene_summary	2.0	silver	ACY1	resolved	gtr_clinical_testing_utilization	409	68ecf1371f7d1b5e
dfa7b87704c5cc0a	epilepsy	100	ncbi_gene	ENSG00000196839	ensembl_gene	ADA	gtr_epilepsy_gene_summary	GTR epilepsy gene summary	gtr_gene_summary	2.0	silver	ADA	resolved	gtr_clinical_testing_utilization	2050	f984f65a1e21719f
f6d32e7336bb5c5f	epilepsy	51816	ncbi_gene	ENSG00000093072	ensembl_gene	ADA2	gtr_epilepsy_gene_summary	GTR epilepsy gene summary	gtr_gene_summary	2.0	silver	ADA2	resolved	gtr_clinical_testing_utilization	1745	da195269d66d337a
721b9f2f27758c9a	epilepsy	6868	ncbi_gene	ENSG00000151694	ensembl_gene	ADAM17	gtr_epilepsy_gene_summary	GTR epilepsy gene summary	gtr_gene_summary	2.0	silver	ADAM17	resolved	gtr_clinical_testing_utilization	2644	464c0ffd31a3b278
09e4537e71b51649	epilepsy	53616	ncbi_gene	ENSG00000008277	ensembl_gene	ADAM22	genes4epilepsy	Genes4Epilepsy	literature_derived	1.0	bronze	ADAM22	resolved		13	38503e32907f4151
09e4537e71b51649	epilepsy	53616	ncbi_gene	ENSG00000008277	ensembl_gene	ADAM22	gtr_epilepsy_gene_summary	GTR epilepsy gene summary	gtr_gene_summary	2.0	silver	ADAM22	resolved	gtr_clinical_testing_utilization	393	f528da00ea8c9264
5866c4ab96c877f4	epilepsy	170691	ncbi_gene	ENSG00000140470	ensembl_gene	ADAMTS17	gtr_epilepsy_gene_summary	GTR epilepsy gene summary	gtr_gene_summary	2.0	silver	ADAMTS17	resolved	gtr_clinical_testing_utilization	2271	c87f0f40ad03695e
2e465ae6383eb759	epilepsy	9509	ncbi_gene	ENSG00000087116	ensembl_gene	ADAMTS2	gtr_epilepsy_gene_summary	GTR epilepsy gene summary	gtr_gene_summary	2.0	silver	ADAMTS2	resolved	gtr_clinical_testing_utilization	1444	2a5a839b9acf4f9d
cd1cf1bdf5278cfe	epilepsy	9719	ncbi_gene	ENSG00000197859	ensembl_gene	ADAMTSL2	gtr_epilepsy_gene_summary	GTR epilepsy gene summary	gtr_gene_summary	2.0	silver	ADAMTSL2	resolved	gtr_clinical_testing_utilization	2360	071ffd70b6007db0
59c2ce046aa0e6a3	epilepsy	103	ncbi_gene	ENSG00000160710	ensembl_gene	ADAR	genes4epilepsy	Genes4Epilepsy	literature_derived	1.0	bronze	ADAR	resolved		14	0f354caf5198556b
59c2ce046aa0e6a3	epilepsy	103	ncbi_gene	ENSG00000160710	ensembl_gene	ADAR	gtr_epilepsy_gene_summary	GTR epilepsy gene summary	gtr_gene_summary	2.0	silver	ADAR	resolved	gtr_clinical_testing_utilization	528	845dcd7647a5db03
54b3b9d39ce43c39	epilepsy	104	ncbi_gene	ENSG00000197381	ensembl_gene	ADARB1	genes4epilepsy	Genes4Epilepsy	literature_derived	1.0	bronze	ADARB1	resolved		15	cd90b6247ab6ca10
54b3b9d39ce43c39	epilepsy	104	ncbi_gene	ENSG00000197381	ensembl_gene	ADARB1	gtr_epilepsy_gene_summary	GTR epilepsy gene summary	gtr_gene_summary	2.0	silver	ADARB1	resolved	gtr_clinical_testing_utilization	1569	2a950b30baab1b64
8834e5f5ca56a1d0	epilepsy	113179	ncbi_gene	ENSG00000213638	ensembl_gene	ADAT3	genes4epilepsy	Genes4Epilepsy	literature_derived	1.0	bronze	ADAT3	resolved		16	e45c0097a94db213
8834e5f5ca56a1d0	epilepsy	113179	ncbi_gene	ENSG00000213638	ensembl_gene	ADAT3	gtr_epilepsy_gene_summary	GTR epilepsy gene summary	gtr_gene_summary	2.0	silver	ADAT3	resolved	gtr_clinical_testing_utilization	1390	e5dccf75ccb1addf
54e3065bbf1e378c	epilepsy	107	ncbi_gene	ENSG00000164742	ensembl_gene	ADCY1	gtr_epilepsy_gene_summary	GTR epilepsy gene summary	gtr_gene_summary	2.0	silver	ADCY1	resolved	gtr_clinical_testing_utilization	2724	fa96b393e468a6bf
a0a60098763a032a	epilepsy	109	ncbi_gene	ENSG00000138031	ensembl_gene	ADCY3	gtr_epilepsy_gene_summary	GTR epilepsy gene summary	gtr_gene_summary	2.0	silver	ADCY3	resolved	gtr_clinical_testing_utilization	2843	ffb31d6d838d5b72
e21a0cee53fe9f2c	epilepsy	111	ncbi_gene	ENSG00000173175	ensembl_gene	ADCY5	genes4epilepsy	Genes4Epilepsy	literature_derived	1.0	bronze	ADCY5	resolved		17	4c02b0e2a9fafaa6
e21a0cee53fe9f2c	epilepsy	111	ncbi_gene	ENSG00000173175	ensembl_gene	ADCY5	gtr_epilepsy_gene_summary	GTR epilepsy gene summary	gtr_gene_summary	2.0	silver	ADCY5	resolved	gtr_clinical_testing_utilization	890	3ba2ae419a8ba244
4fd1508da215902d	epilepsy	118	ncbi_gene	ENSG00000087274	ensembl_gene	ADD1	gtr_epilepsy_gene_summary	GTR epilepsy gene summary	gtr_gene_summary	2.0	silver	ADD1	resolved	gtr_clinical_testing_utilization	2923	ce8143337c7a0169
33ff0c9899f6cab8	epilepsy	120	ncbi_gene	ENSG00000148700	ensembl_gene	ADD3	gtr_epilepsy_gene_summary	GTR epilepsy gene summary	gtr_gene_summary	2.0	silver	ADD3	resolved	gtr_clinical_testing_utilization	1278	b6df0bfa1378c780
ee00d337f5d4237c	epilepsy	166647	ncbi_gene	ENSG00000152990	ensembl_gene	ADGRA3	gtr_epilepsy_gene_summary	GTR epilepsy gene summary	gtr_gene_summary	2.0	silver	ADGRA3	resolved	gtr_clinical_testing_utilization	2725	d38b38a2568f2962
87cb26b9d1bb928c	epilepsy	9289	ncbi_gene	ENSG00000205336	ensembl_gene	ADGRG1	genes4epilepsy	Genes4Epilepsy	literature_derived	1.0	bronze	ADGRG1	resolved		18	d7df3fa1e85ba5e4
87cb26b9d1bb928c	epilepsy	9289	ncbi_gene	ENSG00000205336	ensembl_gene	ADGRG1	gtr_epilepsy_gene_summary	GTR epilepsy gene summary	gtr_gene_summary	2.0	silver	ADGRG1	resolved	gtr_clinical_testing_utilization	181	4e1ddbf69313294c
397adcd2170d14a6	epilepsy	22859	ncbi_gene	ENSG00000072071	ensembl_gene	ADGRL1	genes4epilepsy	Genes4Epilepsy	literature_derived	1.0	bronze	ADGRL1	resolved		19	da9c11ce788f9e04
dc047ad54250e02e	epilepsy	84059	ncbi_gene	ENSG00000164199	ensembl_gene	ADGRV1	gtr_epilepsy_gene_summary	GTR epilepsy gene summary	gtr_gene_summary	2.0	silver	ADGRV1	resolved	gtr_clinical_testing_utilization	98	fb8bfddc62d7590c
44a25e78a03c77f8	epilepsy	9370	ncbi_gene	ENSG00000181092	ensembl_gene	ADIPOQ	gtr_epilepsy_gene_summary	GTR epilepsy gene summary	gtr_gene_summary	2.0	silver	ADIPOQ	resolved	gtr_clinical_testing_utilization	2532	1fe9495be9fc19b2
21c17dab8aa7b245	epilepsy	51094	ncbi_gene	ENSG00000159346	ensembl_gene	ADIPOR1	gtr_epilepsy_gene_summary	GTR epilepsy gene summary	gtr_gene_summary	2.0	silver	ADIPOR1	resolved	gtr_clinical_testing_utilization	1815	2a2de64c886987cb
45f68bdea1592926	epilepsy	79602	ncbi_gene	ENSG00000285070	ensembl_gene	ADIPOR2	gtr_epilepsy_gene_summary	GTR epilepsy gene summary	gtr_gene_summary	2.0	silver	ADIPOR2	resolved	gtr_clinical_testing_utilization	2533	9076d5f255b6daae
2e440b49ab8728b6	epilepsy	132	ncbi_gene	ENSG00000156110	ensembl_gene	ADK	gtr_epilepsy_gene_summary	GTR epilepsy gene summary	gtr_gene_summary	2.0	silver	ADK	resolved	gtr_clinical_testing_utilization	1276	4c1858967b62f171
55c784b0a6e5bf5c	epilepsy	23394	ncbi_gene	ENSG00000101126	ensembl_gene	ADNP	genes4epilepsy	Genes4Epilepsy	literature_derived	1.0	bronze	ADNP	resolved		20	362358502401999f
55c784b0a6e5bf5c	epilepsy	23394	ncbi_gene	ENSG00000101126	ensembl_gene	ADNP	gtr_epilepsy_gene_summary	GTR epilepsy gene summary	gtr_gene_summary	2.0	silver	ADNP	resolved	gtr_clinical_testing_utilization	967	3006d96ec5005d86
5d8efb0e3e4307cf	epilepsy	54936	ncbi_gene	ENSG00000116863	ensembl_gene	ADPRS	genes4epilepsy	Genes4Epilepsy	literature_derived	1.0	bronze	ADPRS	resolved		21	9e707c237ba2d3c0
5d8efb0e3e4307cf	epilepsy	54936	ncbi_gene	ENSG00000116863	ensembl_gene	ADPRS	gtr_epilepsy_gene_summary	GTR epilepsy gene summary	gtr_gene_summary	2.0	silver	ADPRS	resolved	gtr_clinical_testing_utilization	2924	bc225f8c9bfc1774
1b1655b99b9d2b9d	epilepsy	150	ncbi_gene	ENSG00000150594	ensembl_gene	ADRA2A	gtr_epilepsy_gene_summary	GTR epilepsy gene summary	gtr_gene_summary	2.0	silver	ADRA2A	resolved	gtr_clinical_testing_utilization	2925	7bb37c14cbc8f187
94846430169a3bd4	epilepsy	151	ncbi_gene	ENSG00000274286	ensembl_gene	ADRA2B	gtr_epilepsy_gene_summary	GTR epilepsy gene summary	gtr_gene_summary	2.0	silver	ADRA2B	resolved	gtr_clinical_testing_utilization	279	4c45e7f97277960c
69c01560478295cf	epilepsy	158	ncbi_gene	ENSG00000239900	ensembl_gene	ADSL	genes4epilepsy	Genes4Epilepsy	literature_derived	1.0	bronze	ADSL	resolved		22	fe9cc8016512d714
69c01560478295cf	epilepsy	158	ncbi_gene	ENSG00000239900	ensembl_gene	ADSL	gtr_epilepsy_gene_summary	GTR epilepsy gene summary	gtr_gene_summary	2.0	silver	ADSL	resolved	gtr_clinical_testing_utilization	192	000c4d8155d65f32
6bce70b8a1065c29	epilepsy	60312	ncbi_gene	ENSG00000196526	ensembl_gene	AFAP1	gtr_epilepsy_gene_summary	GTR epilepsy gene summary	gtr_gene_summary	2.0	silver	AFAP1	resolved	gtr_clinical_testing_utilization	2412	80ac6db798b65f96
02a940e7ffe7eb76	epilepsy	4301	ncbi_gene	ENSG00000130396	ensembl_gene	AFDN	genes4epilepsy	Genes4Epilepsy	literature_derived	1.0	bronze	AFDN	resolved		23	0c4600f1092f4f94
b2a0bc67b87a2f50	epilepsy	2334	ncbi_gene	ENSG00000155966	ensembl_gene	AFF2	gtr_epilepsy_gene_summary	GTR epilepsy gene summary	gtr_gene_summary	2.0	silver	AFF2	resolved	gtr_clinical_testing_utilization	891	9124c13cdc8748b2
8cc9d769b7d1e5ed	epilepsy	3899	ncbi_gene	ENSG00000144218	ensembl_gene	AFF3	genes4epilepsy	Genes4Epilepsy	literature_derived	1.0	bronze	AFF3	resolved		24	18e92d5fbd16848f
8cc9d769b7d1e5ed	epilepsy	3899	ncbi_gene	ENSG00000144218	ensembl_gene	AFF3	gtr_epilepsy_gene_summary	GTR epilepsy gene summary	gtr_gene_summary	2.0	silver	AFF3	resolved	gtr_clinical_testing_utilization	2926	ff19168e9aa965e4
414442141c22a174	epilepsy	27125	ncbi_gene	ENSG00000072364	ensembl_gene	AFF4	gtr_epilepsy_gene_summary	GTR epilepsy gene summary	gtr_gene_summary	2.0	silver	AFF4	resolved	gtr_clinical_testing_utilization	2645	2052acfb83733271
3ba96b658cdd96a2	epilepsy	166378	ncbi_gene	ENSG00000145375	ensembl_gene	AFG2A	genes4epilepsy	Genes4Epilepsy	literature_derived	1.0	bronze	AFG2A	resolved		25	6f201b28b4c5bc2e
3ba96b658cdd96a2	epilepsy	166378	ncbi_gene	ENSG00000145375	ensembl_gene	AFG2A	gtr_epilepsy_gene_summary	GTR epilepsy gene summary	gtr_gene_summary	2.0	silver	AFG2A	resolved	gtr_clinical_testing_utilization	61	6d37764072d878ac
caaf8f9d4030c057	epilepsy	79029	ncbi_gene	ENSG00000171763	ensembl_gene	AFG2B	genes4epilepsy	Genes4Epilepsy	literature_derived	1.0	bronze	AFG2B	resolved		26	6cf3155bde38157d
249c5ae4443614e1	epilepsy	10939	ncbi_gene	ENSG00000141385	ensembl_gene	AFG3L2	genes4epilepsy	Genes4Epilepsy	literature_derived	1.0	bronze	AFG3L2	resolved		27	0d419ebc409226dc
249c5ae4443614e1	epilepsy	10939	ncbi_gene	ENSG00000141385	ensembl_gene	AFG3L2	gtr_epilepsy_gene_summary	GTR epilepsy gene summary	gtr_gene_summary	2.0	silver	AFG3L2	resolved	gtr_clinical_testing_utilization	453	488f0a2c114dad1e
9f28b3426e6a64a7	epilepsy	175	ncbi_gene	ENSG00000038002	ensembl_gene	AGA	genes4epilepsy	Genes4Epilepsy	literature_derived	1.0	bronze	AGA	resolved		28	77761d691de9e286
9f28b3426e6a64a7	epilepsy	175	ncbi_gene	ENSG00000038002	ensembl_gene	AGA	gtr_epilepsy_gene_summary	GTR epilepsy gene summary	gtr_gene_summary	2.0	silver	AGA	resolved	gtr_clinical_testing_utilization	580	f1638eb96ef30818
a9ea70403ec57fb4	epilepsy	116987	ncbi_gene	ENSG00000157985	ensembl_gene	AGAP1	gtr_epilepsy_gene_summary	GTR epilepsy gene summary	gtr_gene_summary	2.0	silver	AGAP1	resolved	gtr_clinical_testing_utilization	2387	1742f612345082ba
2cbe6c4c83edc4e0	epilepsy	55109	ncbi_gene	ENSG00000164252	ensembl_gene	AGGF1	gtr_epilepsy_gene_summary	GTR epilepsy gene summary	gtr_gene_summary	2.0	silver	AGGF1	resolved	gtr_clinical_testing_utilization	2927	7dbd3d19f11468f8
be4281afd74f4909	epilepsy	55750	ncbi_gene	ENSG00000006530	ensembl_gene	AGK	gtr_epilepsy_gene_summary	GTR epilepsy gene summary	gtr_gene_summary	2.0	silver	AGK	resolved	gtr_clinical_testing_utilization	1173	8ad17a12d0538abf
dd56afba2c7b0dce	epilepsy	178	ncbi_gene	ENSG00000162688	ensembl_gene	AGL	gtr_epilepsy_gene_summary	GTR epilepsy gene summary	gtr_gene_summary	2.0	silver	AGL	resolved	gtr_clinical_testing_utilization	751	4e3f5503820f08df
561129c137dd0a9b	epilepsy	392636	ncbi_gene	ENSG00000187546	ensembl_gene	AGMO	genes4epilepsy	Genes4Epilepsy	literature_derived	1.0	bronze	AGMO	resolved		29	380e4ce0329da3d5
561129c137dd0a9b	epilepsy	392636	ncbi_gene	ENSG00000187546	ensembl_gene	AGMO	gtr_epilepsy_gene_summary	GTR epilepsy gene summary	gtr_gene_summary	2.0	silver	AGMO	resolved	gtr_clinical_testing_utilization	2588	f833245e894f4642
fd51be84e55183ee	epilepsy	26523	ncbi_gene	ENSG00000092847	ensembl_gene	AGO1	genes4epilepsy	Genes4Epilepsy	literature_derived	1.0	bronze	AGO1	resolved		30	cf137b75d05f561a
fd51be84e55183ee	epilepsy	26523	ncbi_gene	ENSG00000092847	ensembl_gene	AGO1	gtr_epilepsy_gene_summary	GTR epilepsy gene summary	gtr_gene_summary	2.0	silver	AGO1	resolved	gtr_clinical_testing_utilization	2928	c4dff60e11312820
c258a9a671d3ff69	epilepsy	10554	ncbi_gene	ENSG00000226467	ensembl_gene	AGPAT1	gtr_epilepsy_gene_summary	GTR epilepsy gene summary	gtr_gene_summary	2.0	silver	AGPAT1	resolved	gtr_clinical_testing_utilization	2413	3afb3631b2cd95c6
e8c9da832bdf6eba	epilepsy	10555	ncbi_gene	ENSG00000169692	ensembl_gene	AGPAT2	gtr_epilepsy_gene_summary	GTR epilepsy gene summary	gtr_gene_summary	2.0	silver	AGPAT2	resolved	gtr_clinical_testing_utilization	2120	3984e34469d8db9b
4d93b30498f06f7c	epilepsy	8540	ncbi_gene	ENSG00000018510	ensembl_gene	AGPS	gtr_epilepsy_gene_summary	GTR epilepsy gene summary	gtr_gene_summary	2.0	silver	AGPS	resolved	gtr_clinical_testing_utilization	2067	0c7663de61915df5
dd0045ab6df6d4ff	epilepsy	375790	ncbi_gene	ENSG00000188157	ensembl_gene	AGRN	gtr_epilepsy_gene_summary	GTR epilepsy gene summary	gtr_gene_summary	2.0	silver	AGRN	resolved	gtr_clinical_testing_utilization	1661	536b84ebd6f1d7db
b36da5a619b6735e	epilepsy	186	ncbi_gene	ENSG00000180772	ensembl_gene	AGTR2	gtr_epilepsy_gene_summary	GTR epilepsy gene summary	gtr_gene_summary	2.0	silver	AGTR2	resolved	gtr_clinical_testing_utilization	848	eb82b3e908a6f2f9
96fc77d95c9cf4d2	epilepsy	189	ncbi_gene	ENSG00000172482	ensembl_gene	AGXT	gtr_epilepsy_gene_summary	GTR epilepsy gene summary	gtr_gene_summary	2.0	silver	AGXT	resolved	gtr_clinical_testing_utilization	1422	431cf8a6c5199ea6
a9b1e68eb86482a6	epilepsy	27245	ncbi_gene	ENSG00000126705	ensembl_gene	AHDC1	genes4epilepsy	Genes4Epilepsy	literature_derived	1.0	bronze	AHDC1	resolved		31	61f4f431e0ffb894
727fbda8bbe2bc36	epilepsy	54806	ncbi_gene	ENSG00000135541	ensembl_gene	AHI1	gtr_epilepsy_gene_summary	GTR epilepsy gene summary	gtr_gene_summary	2.0	silver	AHI1	resolved	gtr_clinical_testing_utilization	424	2ed685a2f7565c5b
6d469cb5d5ba5e46	epilepsy	197	ncbi_gene	ENSG00000145192	ensembl_gene	AHSG	gtr_epilepsy_gene_summary	GTR epilepsy gene summary	gtr_gene_summary	2.0	silver	AHSG	resolved	gtr_clinical_testing_utilization	2929	1a1eb5dd5fc13b52
d9eb7256d03fb8e9	epilepsy	57379	ncbi_gene	ENSG00000111732	ensembl_gene	AICDA	gtr_epilepsy_gene_summary	GTR epilepsy gene summary	gtr_gene_summary	2.0	silver	AICDA	resolved	gtr_clinical_testing_utilization	2121	0493a24597c3f1f1
7b1320882e779046	epilepsy	9131	ncbi_gene	ENSG00000156709	ensembl_gene	AIFM1	gtr_epilepsy_gene_summary	GTR epilepsy gene summary	gtr_gene_summary	2.0	silver	AIFM1	resolved	gtr_clinical_testing_utilization	455	dca20b67404e3b9b
151e176b31bc805d	epilepsy	9255	ncbi_gene	ENSG00000164022	ensembl_gene	AIMP1	genes4epilepsy	Genes4Epilepsy	literature_derived	1.0	bronze	AIMP1	resolved		32	66182b69bb22621e
151e176b31bc805d	epilepsy	9255	ncbi_gene	ENSG00000164022	ensembl_gene	AIMP1	gtr_epilepsy_gene_summary	GTR epilepsy gene summary	gtr_gene_summary	2.0	silver	AIMP1	resolved	gtr_clinical_testing_utilization	553	71ad0b3613d0fd3f
90b5d402ca12d6cd	epilepsy	7965	ncbi_gene	ENSG00000106305	ensembl_gene	AIMP2	gtr_epilepsy_gene_summary	GTR epilepsy gene summary	gtr_gene_summary	2.0	silver	AIMP2	resolved	gtr_clinical_testing_utilization	2023	712785b1eefa0953
08616705e768eec5	epilepsy	9049	ncbi_gene	ENSG00000110711	ensembl_gene	AIP	gtr_epilepsy_gene_summary	GTR epilepsy gene summary	gtr_gene_summary	2.0	silver	AIP	resolved	gtr_clinical_testing_utilization	2726	0c9d32b7d4e3ce7a
41302a3cb3c4e430	epilepsy	23746	ncbi_gene	ENSG00000129221	ensembl_gene	AIPL1	gtr_epilepsy_gene_summary	GTR epilepsy gene summary	gtr_gene_summary	2.0	silver	AIPL1	resolved	gtr_clinical_testing_utilization	2122	5eec240e19d6cca8
d187250f0a4f0d1b	epilepsy	326	ncbi_gene	ENSG00000160224	ensembl_gene	AIRE	gtr_epilepsy_gene_summary	GTR epilepsy gene summary	gtr_gene_summary	2.0	silver	AIRE	resolved	gtr_clinical_testing_utilization	1443	ce23bd9bb8799712
cf68af090a4c24d0	epilepsy	204	ncbi_gene	ENSG00000004455	ensembl_gene	AK2	gtr_epilepsy_gene_summary	GTR epilepsy gene summary	gtr_gene_summary	2.0	silver	AK2	resolved	gtr_clinical_testing_utilization	2068	cdf6ce48433a4920
09af8cdae29be189	epilepsy	158798	ncbi_gene	ENSG00000186471	ensembl_gene	AKAP14	gtr_epilepsy_gene_summary	GTR epilepsy gene summary	gtr_gene_summary	2.0	silver	AKAP14	resolved	gtr_clinical_testing_utilization	2414	d9379b775afa62f7
aecbe2072d49d311	epilepsy	10142	ncbi_gene	ENSG00000127914	ensembl_gene	AKAP9	gtr_epilepsy_gene_summary	GTR epilepsy gene summary	gtr_gene_summary	2.0	silver	AKAP9	resolved	gtr_clinical_testing_utilization	1183	6071039be0305d50
a4c3e6098e6a101f	epilepsy	1645	ncbi_gene	ENSG00000187134	ensembl_gene	AKR1C1	gtr_epilepsy_gene_summary	GTR epilepsy gene summary	gtr_gene_summary	2.0	silver	AKR1C1	resolved	gtr_clinical_testing_utilization	2415	9b120271a8033a5b
a76842761d726c44	epilepsy	207	ncbi_gene	ENSG00000142208	ensembl_gene	AKT1	genes4epilepsy	Genes4Epilepsy	literature_derived	1.0	bronze	AKT1	resolved		33	acb1d6dc22a91322
a76842761d726c44	epilepsy	207	ncbi_gene	ENSG00000142208	ensembl_gene	AKT1	gtr_epilepsy_gene_summary	GTR epilepsy gene summary	gtr_gene_summary	2.0	silver	AKT1	resolved	gtr_clinical_testing_utilization	698	3dcbd4a269c9bb10
effa8996ee8f3707	epilepsy	208	ncbi_gene	ENSG00000105221	ensembl_gene	AKT2	gtr_epilepsy_gene_summary	GTR epilepsy gene summary	gtr_gene_summary	2.0	silver	AKT2	resolved	gtr_clinical_testing_utilization	722	3526544ce79a2b3c
462566f51f15e751	epilepsy	10000	ncbi_gene	ENSG00000117020	ensembl_gene	AKT3	genes4epilepsy	Genes4Epilepsy	literature_derived	1.0	bronze	AKT3	resolved		34	d748e28eff1c785b
462566f51f15e751	epilepsy	10000	ncbi_gene	ENSG00000117020	ensembl_gene	AKT3	gtr_epilepsy_gene_summary	GTR epilepsy gene summary	gtr_gene_summary	2.0	silver	AKT3	resolved	gtr_clinical_testing_utilization	309	d6e4a807efb17ac8
e32f45c13e75c766	epilepsy	210	ncbi_gene	ENSG00000148218	ensembl_gene	ALAD	gtr_epilepsy_gene_summary	GTR epilepsy gene summary	gtr_gene_summary	2.0	silver	ALAD	resolved	gtr_clinical_testing_utilization	2930	8e7cf6186d9e23a9
76665dbd8941ea92	epilepsy	212	ncbi_gene	ENSG00000158578	ensembl_gene	ALAS2	gtr_epilepsy_gene_summary	GTR epilepsy gene summary	gtr_gene_summary	2.0	silver	ALAS2	resolved	gtr_clinical_testing_utilization	2554	8c8431a98f854ae9
77aa223054907b0c	epilepsy	5832	ncbi_gene	ENSG00000059573	ensembl_gene	ALDH18A1	gtr_epilepsy_gene_summary	GTR epilepsy gene summary	gtr_gene_summary	2.0	silver	ALDH18A1	resolved	gtr_clinical_testing_utilization	991	1a58b162809864d8
fd8c43dc02f34e6a	epilepsy	219	ncbi_gene	ENSG00000137124	ensembl_gene	ALDH1B1	gtr_epilepsy_gene_summary	GTR epilepsy gene summary	gtr_gene_summary	2.0	silver	ALDH1B1	resolved	gtr_clinical_testing_utilization	2931	1f4a278ec0ae84db
dabae8b52e4e0ead	epilepsy	224	ncbi_gene	ENSG00000072210	ensembl_gene	ALDH3A2	genes4epilepsy	Genes4Epilepsy	literature_derived	1.0	bronze	ALDH3A2	resolved		35	f076c54e97291e3e
dabae8b52e4e0ead	epilepsy	224	ncbi_gene	ENSG00000072210	ensembl_gene	ALDH3A2	gtr_epilepsy_gene_summary	GTR epilepsy gene summary	gtr_gene_summary	2.0	silver	ALDH3A2	resolved	gtr_clinical_testing_utilization	359	0201a3ec9c63abde
3a9eba9b8eba0201	epilepsy	8659	ncbi_gene	ENSG00000159423	ensembl_gene	ALDH4A1	gtr_epilepsy_gene_summary	GTR epilepsy gene summary	gtr_gene_summary	2.0	silver	ALDH4A1	resolved	gtr_clinical_testing_utilization	1596	3d7d80a3a7f524b2
8a4a5cbfd5f7bf82	epilepsy	7915	ncbi_gene	ENSG00000112294	ensembl_gene	ALDH5A1	genes4epilepsy	Genes4Epilepsy	literature_derived	1.0	bronze	ALDH5A1	resolved		36	f4a5b1d95397809b
8a4a5cbfd5f7bf82	epilepsy	7915	ncbi_gene	ENSG00000112294	ensembl_gene	ALDH5A1	gtr_epilepsy_gene_summary	GTR epilepsy gene summary	gtr_gene_summary	2.0	silver	ALDH5A1	resolved	gtr_clinical_testing_utilization	201	8d1202910b96aa05
74710d9f51555822	epilepsy	501	ncbi_gene	ENSG00000164904	ensembl_gene	ALDH7A1	genes4epilepsy	Genes4Epilepsy	literature_derived	1.0	bronze	ALDH7A1	resolved		37	64d0855cbd0f9d43
74710d9f51555822	epilepsy	501	ncbi_gene	ENSG00000164904	ensembl_gene	ALDH7A1	gtr_epilepsy_gene_summary	GTR epilepsy gene summary	gtr_gene_summary	2.0	silver	ALDH7A1	resolved	gtr_clinical_testing_utilization	8	a2683d9f147e7471
f886d10d2a863c07	epilepsy	226	ncbi_gene	ENSG00000149925	ensembl_gene	ALDOA	gtr_epilepsy_gene_summary	GTR epilepsy gene summary	gtr_gene_summary	2.0	silver	ALDOA	resolved	gtr_clinical_testing_utilization	1829	5c36a935042b3d75
df6561121da5de57	epilepsy	229	ncbi_gene	ENSG00000136872	ensembl_gene	ALDOB	gtr_epilepsy_gene_summary	GTR epilepsy gene summary	gtr_gene_summary	2.0	silver	ALDOB	resolved	gtr_clinical_testing_utilization	1033	5b30c9a4a2339ff4
d9edace36babd6ed	epilepsy	56052	ncbi_gene	ENSG00000033011	ensembl_gene	ALG1	genes4epilepsy	Genes4Epilepsy	literature_derived	1.0	bronze	ALG1	resolved		38	d5712c21541b6bcb
d9edace36babd6ed	epilepsy	56052	ncbi_gene	ENSG00000033011	ensembl_gene	ALG1	gtr_epilepsy_gene_summary	GTR epilepsy gene summary	gtr_gene_summary	2.0	silver	ALG1	resolved	gtr_clinical_testing_utilization	280	c991a8a1c40f1bfb
f232adb15157107e	epilepsy	440138	ncbi_gene	ENSG00000253710	ensembl_gene	ALG11	genes4epilepsy	Genes4Epilepsy	literature_derived	1.0	bronze	ALG11	resolved		39	de61af0c80610077
f232adb15157107e	epilepsy	440138	ncbi_gene	ENSG00000253710	ensembl_gene	ALG11	gtr_epilepsy_gene_summary	GTR epilepsy gene summary	gtr_gene_summary	2.0	silver	ALG11	resolved	gtr_clinical_testing_utilization	556	639972fa0dc8a5bf
93575ea40dc39ac2	epilepsy	79087	ncbi_gene	ENSG00000182858	ensembl_gene	ALG12	genes4epilepsy	Genes4Epilepsy	literature_derived	1.0	bronze	ALG12	resolved		40	157f5d04eb9d1e18
93575ea40dc39ac2	epilepsy	79087	ncbi_gene	ENSG00000182858	ensembl_gene	ALG12	gtr_epilepsy_gene_summary	GTR epilepsy gene summary	gtr_gene_summary	2.0	silver	ALG12	resolved	gtr_clinical_testing_utilization	557	c2c4ad121ae74f9a
041e24717c6eae9c	epilepsy	79868	ncbi_gene	ENSG00000101901	ensembl_gene	ALG13	genes4epilepsy	Genes4Epilepsy	literature_derived	1.0	bronze	ALG13	resolved		41	22e58f3b29cfe3b1
041e24717c6eae9c	epilepsy	79868	ncbi_gene	ENSG00000101901	ensembl_gene	ALG13	gtr_epilepsy_gene_summary	GTR epilepsy gene summary	gtr_gene_summary	2.0	silver	ALG13	resolved	gtr_clinical_testing_utilization	39	a26406770b45d0f3
e13a5bd43955c2c5	epilepsy	199857	ncbi_gene	ENSG00000172339	ensembl_gene	ALG14	genes4epilepsy	Genes4Epilepsy	literature_derived	1.0	bronze	ALG14	resolved		42	dbb34ff8b037d2a1
e13a5bd43955c2c5	epilepsy	199857	ncbi_gene	ENSG00000172339	ensembl_gene	ALG14	gtr_epilepsy_gene_summary	GTR epilepsy gene summary	gtr_gene_summary	2.0	silver	ALG14	resolved	gtr_clinical_testing_utilization	607	988fbea1e6aa69a5
1f7fac7f602104c5	epilepsy	85365	ncbi_gene	ENSG00000119523	ensembl_gene	ALG2	genes4epilepsy	Genes4Epilepsy	literature_derived	1.0	bronze	ALG2	resolved		43	3bb95f7689ef923f
1f7fac7f602104c5	epilepsy	85365	ncbi_gene	ENSG00000119523	ensembl_gene	ALG2	gtr_epilepsy_gene_summary	GTR epilepsy gene summary	gtr_gene_summary	2.0	silver	ALG2	resolved	gtr_clinical_testing_utilization	386	6e2d68ec238b76fb
daa018f833c98ee6	epilepsy	10195	ncbi_gene	ENSG00000214160	ensembl_gene	ALG3	genes4epilepsy	Genes4Epilepsy	literature_derived	1.0	bronze	ALG3	resolved		44	48b5abe44c98383e
daa018f833c98ee6	epilepsy	10195	ncbi_gene	ENSG00000214160	ensembl_gene	ALG3	gtr_epilepsy_gene_summary	GTR epilepsy gene summary	gtr_gene_summary	2.0	silver	ALG3	resolved	gtr_clinical_testing_utilization	312	ce6f44a4798f31c9
9e2838f78c34a06e	epilepsy	29929	ncbi_gene	ENSG00000088035	ensembl_gene	ALG6	genes4epilepsy	Genes4Epilepsy	literature_derived	1.0	bronze	ALG6	resolved		45	fcc1981bb993ab9a
9e2838f78c34a06e	epilepsy	29929	ncbi_gene	ENSG00000088035	ensembl_gene	ALG6	gtr_epilepsy_gene_summary	GTR epilepsy gene summary	gtr_gene_summary	2.0	silver	ALG6	resolved	gtr_clinical_testing_utilization	224	3c609af556b33f01
ed52eb93ae5eca28	epilepsy	79053	ncbi_gene	ENSG00000159063	ensembl_gene	ALG8	genes4epilepsy	Genes4Epilepsy	literature_derived	1.0	bronze	ALG8	resolved		46	b4fc4b96ed06c136
ed52eb93ae5eca28	epilepsy	79053	ncbi_gene	ENSG00000159063	ensembl_gene	ALG8	gtr_epilepsy_gene_summary	GTR epilepsy gene summary	gtr_gene_summary	2.0	silver	ALG8	resolved	gtr_clinical_testing_utilization	932	20fc48c01c8e0033
f9e28732566c339c	epilepsy	79796	ncbi_gene	ENSG00000086848	ensembl_gene	ALG9	genes4epilepsy	Genes4Epilepsy	literature_derived	1.0	bronze	ALG9	resolved		47	695d474db58cb724
f9e28732566c339c	epilepsy	79796	ncbi_gene	ENSG00000086848	ensembl_gene	ALG9	gtr_epilepsy_gene_summary	GTR epilepsy gene summary	gtr_gene_summary	2.0	silver	ALG9	resolved	gtr_clinical_testing_utilization	933	8054aa4111685438
e49dbc83805ab807	epilepsy	91801	ncbi_gene	ENSG00000137760	ensembl_gene	ALKBH8	genes4epilepsy	Genes4Epilepsy	literature_derived	1.0	bronze	ALKBH8	resolved		48	acaa98c030bc6ddc
118ef5164768d1dc	epilepsy	7840	ncbi_gene	ENSG00000116127	ensembl_gene	ALMS1	gtr_epilepsy_gene_summary	GTR epilepsy gene summary	gtr_gene_summary	2.0	silver	ALMS1	resolved	gtr_clinical_testing_utilization	1061	1d1c6f96832b20e1
3f9b5a5e1f6e4d12	epilepsy	242	ncbi_gene	ENSG00000179477	ensembl_gene	ALOX12B	gtr_epilepsy_gene_summary	GTR epilepsy gene summary	gtr_gene_summary	2.0	silver	ALOX12B	resolved	gtr_clinical_testing_utilization	2123	00d85277240db157
b225992fc3159b0c	epilepsy	59344	ncbi_gene	ENSG00000179148	ensembl_gene	ALOXE3	gtr_epilepsy_gene_summary	GTR epilepsy gene summary	gtr_gene_summary	2.0	silver	ALOXE3	resolved	gtr_clinical_testing_utilization	2124	91ad24d0cb5f5f7d
cff276fe71637015	epilepsy	248	ncbi_gene	ENSG00000163295	ensembl_gene	ALPI	gtr_epilepsy_gene_summary	GTR epilepsy gene summary	gtr_gene_summary	2.0	silver	ALPI	resolved	gtr_clinical_testing_utilization	2727	696367adf341fd60
9de79a391e54e23b	epilepsy	57538	ncbi_gene	ENSG00000136383	ensembl_gene	ALPK3	gtr_epilepsy_gene_summary	GTR epilepsy gene summary	gtr_gene_summary	2.0	silver	ALPK3	resolved	gtr_clinical_testing_utilization	2288	b9d2aa41caed22f4
0fef5c0ddedfe213	epilepsy	249	ncbi_gene	ENSG00000162551	ensembl_gene	ALPL	genes4epilepsy	Genes4Epilepsy	literature_derived	1.0	bronze	ALPL	resolved		49	29fc0a8230a6d49c
0fef5c0ddedfe213	epilepsy	249	ncbi_gene	ENSG00000162551	ensembl_gene	ALPL	gtr_epilepsy_gene_summary	GTR epilepsy gene summary	gtr_gene_summary	2.0	silver	ALPL	resolved	gtr_clinical_testing_utilization	764	082e5d73a919ca5c
d28410678c00e5bd	epilepsy	57679	ncbi_gene	ENSG00000003393	ensembl_gene	ALS2	gtr_epilepsy_gene_summary	GTR epilepsy gene summary	gtr_gene_summary	2.0	silver	ALS2	resolved	gtr_clinical_testing_utilization	1644	c182d6241ffaf827
ec8fb4c68dad25ea	epilepsy	8092	ncbi_gene	ENSG00000180318	ensembl_gene	ALX1	gtr_epilepsy_gene_summary	GTR epilepsy gene summary	gtr_gene_summary	2.0	silver	ALX1	resolved	gtr_clinical_testing_utilization	2255	f6ec9102527934e5
025439b764fc6e5e	epilepsy	257	ncbi_gene	ENSG00000156150	ensembl_gene	ALX3	gtr_epilepsy_gene_summary	GTR epilepsy gene summary	gtr_gene_summary	2.0	silver	ALX3	resolved	gtr_clinical_testing_utilization	1550	16418c4f83a4f2ce
d44e0f7881a974bf	epilepsy	60529	ncbi_gene	ENSG00000052850	ensembl_gene	ALX4	gtr_epilepsy_gene_summary	GTR epilepsy gene summary	gtr_gene_summary	2.0	silver	ALX4	resolved	gtr_clinical_testing_utilization	1155	0b781ee9aa9d339b
5ca8794d2eb85a77	epilepsy	10189	ncbi_gene	ENSG00000183684	ensembl_gene	ALYREF	gtr_epilepsy_gene_summary	GTR epilepsy gene summary	gtr_gene_summary	2.0	silver	ALYREF	resolved	gtr_clinical_testing_utilization	2844	b482e6e62e66fae7
2195f810212a1963	epilepsy	23600	ncbi_gene	ENSG00000242110	ensembl_gene	AMACR	genes4epilepsy	Genes4Epilepsy	literature_derived	1.0	bronze	AMACR	resolved		50	31079ec9a1a44cee
2195f810212a1963	epilepsy	23600	ncbi_gene	ENSG00000242110	ensembl_gene	AMACR	gtr_epilepsy_gene_summary	GTR epilepsy gene summary	gtr_gene_summary	2.0	silver	AMACR	resolved	gtr_clinical_testing_utilization	372	251f0b972109a7af
38e29c0ea3ea0f2b	epilepsy	139285	ncbi_gene	ENSG00000184675	ensembl_gene	AMER1	gtr_epilepsy_gene_summary	GTR epilepsy gene summary	gtr_gene_summary	2.0	silver	AMER1	resolved	gtr_clinical_testing_utilization	1156	a8f4798fca1bab2b
b3030b764c6c648c	epilepsy	271	ncbi_gene	ENSG00000116337	ensembl_gene	AMPD2	genes4epilepsy	Genes4Epilepsy	literature_derived	1.0	bronze	AMPD2	resolved		51	ce4f4acab958762d
b3030b764c6c648c	epilepsy	271	ncbi_gene	ENSG00000116337	ensembl_gene	AMPD2	gtr_epilepsy_gene_summary	GTR epilepsy gene summary	gtr_gene_summary	2.0	silver	AMPD2	resolved	gtr_clinical_testing_utilization	274	c27419fa7b67332e
3ba7c82fa3837092	epilepsy	275	ncbi_gene	ENSG00000145020	ensembl_gene	AMT	genes4epilepsy	Genes4Epilepsy	literature_derived	1.0	bronze	AMT	resolved		52	385f0496aeefa064
3ba7c82fa3837092	epilepsy	275	ncbi_gene	ENSG00000145020	ensembl_gene	AMT	gtr_epilepsy_gene_summary	GTR epilepsy gene summary	gtr_gene_summary	2.0	silver	AMT	resolved	gtr_clinical_testing_utilization	141	e0f310062caf6838
57f153135f7728cc	epilepsy	283	ncbi_gene	ENSG00000214274	ensembl_gene	ANG	gtr_epilepsy_gene_summary	GTR epilepsy gene summary	gtr_gene_summary	2.0	silver	ANG	resolved	gtr_clinical_testing_utilization	2845	5f8e9bf39266c686
ce1f04f330b9b264	epilepsy	284	ncbi_gene	ENSG00000154188	ensembl_gene	ANGPT1	gtr_epilepsy_gene_summary	GTR epilepsy gene summary	gtr_gene_summary	2.0	silver	ANGPT1	resolved	gtr_clinical_testing_utilization	1628	11bfe6223d642df6
31fcb1f27f1404db	epilepsy	287	ncbi_gene	ENSG00000145362	ensembl_gene	ANK2	genes4epilepsy	Genes4Epilepsy	literature_derived	1.0	bronze	ANK2	resolved		53	a089c0c01b28e7ef
31fcb1f27f1404db	epilepsy	287	ncbi_gene	ENSG00000145362	ensembl_gene	ANK2	gtr_epilepsy_gene_summary	GTR epilepsy gene summary	gtr_gene_summary	2.0	silver	ANK2	resolved	gtr_clinical_testing_utilization	894	9307d8f674862794
305f6fe10b66a4bc	epilepsy	288	ncbi_gene	ENSG00000151150	ensembl_gene	ANK3	genes4epilepsy	Genes4Epilepsy	literature_derived	1.0	bronze	ANK3	resolved		54	a72a6e4ce3313803
305f6fe10b66a4bc	epilepsy	288	ncbi_gene	ENSG00000151150	ensembl_gene	ANK3	gtr_epilepsy_gene_summary	GTR epilepsy gene summary	gtr_gene_summary	2.0	silver	ANK3	resolved	gtr_clinical_testing_utilization	941	52032bfd72ba6a6d
0d3f3d301890065c	epilepsy	51479	ncbi_gene	ENSG00000185722	ensembl_gene	ANKFY1	gtr_epilepsy_gene_summary	GTR epilepsy gene summary	gtr_gene_summary	2.0	silver	ANKFY1	resolved	gtr_clinical_testing_utilization	2846	2097b1d47a6dc9d5
25cd4375f6fb7183	epilepsy	56172	ncbi_gene	ENSG00000154122	ensembl_gene	ANKH	genes4epilepsy	Genes4Epilepsy	literature_derived	1.0	bronze	ANKH	resolved		55	2f9b4f45a840cf92
25cd4375f6fb7183	epilepsy	56172	ncbi_gene	ENSG00000154122	ensembl_gene	ANKH	gtr_epilepsy_gene_summary	GTR epilepsy gene summary	gtr_gene_summary	2.0	silver	ANKH	resolved	gtr_clinical_testing_utilization	1264	c26e676aee4af6bc
80a6046a259f5814	epilepsy	23141	ncbi_gene	ENSG00000176915	ensembl_gene	ANKLE2	gtr_epilepsy_gene_summary	GTR epilepsy gene summary	gtr_gene_summary	2.0	silver	ANKLE2	resolved	gtr_clinical_testing_utilization	1194	d642c3961a39eeb9
6d02b764cfb3ab86	epilepsy	27063	ncbi_gene	ENSG00000148677	ensembl_gene	ANKRD1	gtr_epilepsy_gene_summary	GTR epilepsy gene summary	gtr_gene_summary	2.0	silver	ANKRD1	resolved	gtr_clinical_testing_utilization	1684	fb43a6906576195a
5f7d1038dfc51948	epilepsy	29123	ncbi_gene	ENSG00000167522	ensembl_gene	ANKRD11	genes4epilepsy	Genes4Epilepsy	literature_derived	1.0	bronze	ANKRD11	resolved		56	30df02dc23c437e8
5f7d1038dfc51948	epilepsy	29123	ncbi_gene	ENSG00000167522	ensembl_gene	ANKRD11	gtr_epilepsy_gene_summary	GTR epilepsy gene summary	gtr_gene_summary	2.0	silver	ANKRD11	resolved	gtr_clinical_testing_utilization	555	e1cc21120b6078f0
a33fd98559bb9b6d	epilepsy	26057	ncbi_gene	ENSG00000132466	ensembl_gene	ANKRD17	genes4epilepsy	Genes4Epilepsy	literature_derived	1.0	bronze	ANKRD17	resolved		57	60d4886f08b57f3f
aa16283c2278998d	epilepsy	203286	ncbi_gene	ENSG00000165138	ensembl_gene	ANKS6	gtr_epilepsy_gene_summary	GTR epilepsy gene summary	gtr_gene_summary	2.0	silver	ANKS6	resolved	gtr_clinical_testing_utilization	1894	8bf712a617530ba0
e66948d77b296416	epilepsy	55139	ncbi_gene	ENSG00000163516	ensembl_gene	ANKZF1	gtr_epilepsy_gene_summary	GTR epilepsy gene summary	gtr_gene_summary	2.0	silver	ANKZF1	resolved	gtr_clinical_testing_utilization	2219	9b4e9f9568b2469b
849da4be07d0833e	epilepsy	55129	ncbi_gene	ENSG00000160746	ensembl_gene	ANO10	gtr_epilepsy_gene_summary	GTR epilepsy gene summary	gtr_gene_summary	2.0	silver	ANO10	resolved	gtr_clinical_testing_utilization	770	20d0f455a0a71684
af16f92c0235350a	epilepsy	63982	ncbi_gene	ENSG00000134343	ensembl_gene	ANO3	gtr_epilepsy_gene_summary	GTR epilepsy gene summary	gtr_gene_summary	2.0	silver	ANO3	resolved	gtr_clinical_testing_utilization	1246	e4377b9491b5f75f
5c15df1f9ffb7a86	epilepsy	121601	ncbi_gene	ENSG00000262139	ensembl_gene	ANO4	genes4epilepsy	Genes4Epilepsy	literature_derived	1.0	bronze	ANO4	resolved		58	826f0df32f06531e
f337b8bf1871c791	epilepsy	203859	ncbi_gene	ENSG00000171714	ensembl_gene	ANO5	gtr_epilepsy_gene_summary	GTR epilepsy gene summary	gtr_gene_summary	2.0	silver	ANO5	resolved	gtr_clinical_testing_utilization	2932	61c0922a9c76a659
ec62ebbe37a9fa66	epilepsy	3730	ncbi_gene	ENSG00000011201	ensembl_gene	ANOS1	gtr_epilepsy_gene_summary	GTR epilepsy gene summary	gtr_gene_summary	2.0	silver	ANOS1	resolved	gtr_clinical_testing_utilization	1546	f5083b2fa423a278
50b2183c96c408bc	epilepsy	84168	ncbi_gene	ENSG00000169604	ensembl_gene	ANTXR1	gtr_epilepsy_gene_summary	GTR epilepsy gene summary	gtr_gene_summary	2.0	silver	ANTXR1	resolved	gtr_clinical_testing_utilization	2361	4015466fa180ddc0
7e0ab888e64751bc	epilepsy	118429	ncbi_gene	ENSG00000163297	ensembl_gene	ANTXR2	gtr_epilepsy_gene_summary	GTR epilepsy gene summary	gtr_gene_summary	2.0	silver	ANTXR2	resolved	gtr_clinical_testing_utilization	1504	c1c5b3b175a1db30
05b9a34a251b157e	epilepsy	164	ncbi_gene	ENSG00000166747	ensembl_gene	AP1G1	genes4epilepsy	Genes4Epilepsy	literature_derived	1.0	bronze	AP1G1	resolved		59	57a48baae5deff87
b6ea4b73a94e0289	epilepsy	8905	ncbi_gene	ENSG00000182287	ensembl_gene	AP1S2	gtr_epilepsy_gene_summary	GTR epilepsy gene summary	gtr_gene_summary	2.0	silver	AP1S2	resolved	gtr_clinical_testing_utilization	119	ee1236e650d61175
187f93afec924628	epilepsy	1173	ncbi_gene	ENSG00000161203	ensembl_gene	AP2M1	genes4epilepsy	Genes4Epilepsy	literature_derived	1.0	bronze	AP2M1	resolved		60	12fb56707d2e8f72
187f93afec924628	epilepsy	1173	ncbi_gene	ENSG00000161203	ensembl_gene	AP2M1	gtr_epilepsy_gene_summary	GTR epilepsy gene summary	gtr_gene_summary	2.0	silver	AP2M1	resolved	gtr_clinical_testing_utilization	866	3962fcf174d84395
46e4a2e442342d67	epilepsy	1175	ncbi_gene	ENSG00000042753	ensembl_gene	AP2S1	gtr_epilepsy_gene_summary	GTR epilepsy gene summary	gtr_gene_summary	2.0	silver	AP2S1	resolved	gtr_clinical_testing_utilization	2728	db36d8c28774908b
b9a4819f2ab1386c	epilepsy	8546	ncbi_gene	ENSG00000132842	ensembl_gene	AP3B1	gtr_epilepsy_gene_summary	GTR epilepsy gene summary	gtr_gene_summary	2.0	silver	AP3B1	resolved	gtr_clinical_testing_utilization	1505	accb4b2263c4d789
8c383fa5394d9b6f	epilepsy	8120	ncbi_gene	ENSG00000103723	ensembl_gene	AP3B2	genes4epilepsy	Genes4Epilepsy	literature_derived	1.0	bronze	AP3B2	resolved		61	b3cbb9bdef8afa5d
8c383fa5394d9b6f	epilepsy	8120	ncbi_gene	ENSG00000103723	ensembl_gene	AP3B2	gtr_epilepsy_gene_summary	GTR epilepsy gene summary	gtr_gene_summary	2.0	silver	AP3B2	resolved	gtr_clinical_testing_utilization	124	af2e51d8ef78cef4
5bc955e0a8064835	epilepsy	8943	ncbi_gene	ENSG00000065000	ensembl_gene	AP3D1	genes4epilepsy	Genes4Epilepsy	literature_derived	1.0	bronze	AP3D1	resolved		62	e383793b379709ee
5bc955e0a8064835	epilepsy	8943	ncbi_gene	ENSG00000065000	ensembl_gene	AP3D1	gtr_epilepsy_gene_summary	GTR epilepsy gene summary	gtr_gene_summary	2.0	silver	AP3D1	resolved	gtr_clinical_testing_utilization	1587	ebba131497911cf8
32877850f705e82b	epilepsy	10717	ncbi_gene	ENSG00000134262	ensembl_gene	AP4B1	genes4epilepsy	Genes4Epilepsy	literature_derived	1.0	bronze	AP4B1	resolved		63	90f116468d438baa
32877850f705e82b	epilepsy	10717	ncbi_gene	ENSG00000134262	ensembl_gene	AP4B1	gtr_epilepsy_gene_summary	GTR epilepsy gene summary	gtr_gene_summary	2.0	silver	AP4B1	resolved	gtr_clinical_testing_utilization	416	9c7b8118358ffa59
80885ed61320e9d2	epilepsy	23431	ncbi_gene	ENSG00000081014	ensembl_gene	AP4E1	gtr_epilepsy_gene_summary	GTR epilepsy gene summary	gtr_gene_summary	2.0	silver	AP4E1	resolved	gtr_clinical_testing_utilization	567	3a4c3531cee74411
64dff110c8a9f6db	epilepsy	9179	ncbi_gene	ENSG00000221838	ensembl_gene	AP4M1	genes4epilepsy	Genes4Epilepsy	literature_derived	1.0	bronze	AP4M1	resolved		64	86e1b5a909dea984
64dff110c8a9f6db	epilepsy	9179	ncbi_gene	ENSG00000221838	ensembl_gene	AP4M1	gtr_epilepsy_gene_summary	GTR epilepsy gene summary	gtr_gene_summary	2.0	silver	AP4M1	resolved	gtr_clinical_testing_utilization	417	a03a5dcb197b60ff
5689645618145e2d	epilepsy	11154	ncbi_gene	ENSG00000100478	ensembl_gene	AP4S1	gtr_epilepsy_gene_summary	GTR epilepsy gene summary	gtr_gene_summary	2.0	silver	AP4S1	resolved	gtr_clinical_testing_utilization	734	8e61d4b7d524e5ec
db1cd641a3cae096	epilepsy	9907	ncbi_gene	ENSG00000242802	ensembl_gene	AP5Z1	gtr_epilepsy_gene_summary	GTR epilepsy gene summary	gtr_gene_summary	2.0	silver	AP5Z1	resolved	gtr_clinical_testing_utilization	1830	691cefa792690c29
ebdfb0f32a8fc899	epilepsy	324	ncbi_gene	ENSG00000134982	ensembl_gene	APC	gtr_epilepsy_gene_summary	GTR epilepsy gene summary	gtr_gene_summary	2.0	silver	APC	resolved	gtr_clinical_testing_utilization	2180	dc08f55472b34d28
6b1f0f535dfe0cac	epilepsy	10297	ncbi_gene	ENSG00000115266	ensembl_gene	APC2	genes4epilepsy	Genes4Epilepsy	literature_derived	1.0	bronze	APC2	resolved		65	1257a317ef7e82da
6b1f0f535dfe0cac	epilepsy	10297	ncbi_gene	ENSG00000115266	ensembl_gene	APC2	gtr_epilepsy_gene_summary	GTR epilepsy gene summary	gtr_gene_summary	2.0	silver	APC2	resolved	gtr_clinical_testing_utilization	1984	aa008002aa28e0ff
79c7b58320fd8fe8	epilepsy	335	ncbi_gene	ENSG00000118137	ensembl_gene	APOA1	gtr_epilepsy_gene_summary	GTR epilepsy gene summary	gtr_gene_summary	2.0	silver	APOA1	resolved	gtr_clinical_testing_utilization	2289	f94e0ff4da33c4ba
ca2ee40debb66f51	epilepsy	116519	ncbi_gene	ENSG00000110243	ensembl_gene	APOA5	gtr_epilepsy_gene_summary	GTR epilepsy gene summary	gtr_gene_summary	2.0	silver	APOA5	resolved	gtr_clinical_testing_utilization	2290	08825d3e7ad07e53
9a06f63a7a9bfb3c	epilepsy	338	ncbi_gene	ENSG00000291544	ensembl_gene	APOB	gtr_epilepsy_gene_summary	GTR epilepsy gene summary	gtr_gene_summary	2.0	silver	APOB	resolved	gtr_clinical_testing_utilization	1233	340a253abef6daf0
16af17a4ae551a21	epilepsy	345	ncbi_gene	ENSG00000110245	ensembl_gene	APOC3	gtr_epilepsy_gene_summary	GTR epilepsy gene summary	gtr_gene_summary	2.0	silver	APOC3	resolved	gtr_clinical_testing_utilization	2291	62eca1351021c1d8
953b4ff9e9d55618	epilepsy	348	ncbi_gene	ENSG00000130203	ensembl_gene	APOE	gtr_epilepsy_gene_summary	GTR epilepsy gene summary	gtr_gene_summary	2.0	silver	APOE	resolved	gtr_clinical_testing_utilization	2555	2200d7f06670f568
4dd218a9d02650f3	epilepsy	23780	ncbi_gene	ENSG00000128335	ensembl_gene	APOL2	gtr_epilepsy_gene_summary	GTR epilepsy gene summary	gtr_gene_summary	2.0	silver	APOL2	resolved	gtr_clinical_testing_utilization	2236	905f6d1231bd6969
4d12c51131f97a4d	epilepsy	80832	ncbi_gene	ENSG00000100336	ensembl_gene	APOL4	gtr_epilepsy_gene_summary	GTR epilepsy gene summary	gtr_gene_summary	2.0	silver	APOL4	resolved	gtr_clinical_testing_utilization	2237	78dc8aab08516103
13f192a89cc125de	epilepsy	351	ncbi_gene	ENSG00000142192	ensembl_gene	APP	gtr_epilepsy_gene_summary	GTR epilepsy gene summary	gtr_gene_summary	2.0	silver	APP	resolved	gtr_clinical_testing_utilization	1534	081c379836f2b5e3
ad34afdd7c760ddf	epilepsy	54840	ncbi_gene	ENSG00000137074	ensembl_gene	APTX	gtr_epilepsy_gene_summary	GTR epilepsy gene summary	gtr_gene_summary	2.0	silver	APTX	resolved	gtr_clinical_testing_utilization	884	4308efc137055ab6
2b4778d37bf8a6b6	epilepsy	358	ncbi_gene	ENSG00000240583	ensembl_gene	AQP1	gtr_epilepsy_gene_summary	GTR epilepsy gene summary	gtr_gene_summary	2.0	silver	AQP1	resolved	gtr_clinical_testing_utilization	2933	cf6f236de0d1510b
376e4c28215a8047	epilepsy	359	ncbi_gene	ENSG00000167580	ensembl_gene	AQP2	gtr_epilepsy_gene_summary	GTR epilepsy gene summary	gtr_gene_summary	2.0	silver	AQP2	resolved	gtr_clinical_testing_utilization	1597	27985bc2cf097339
8f6bd3c18d8fd9bd	epilepsy	369	ncbi_gene	ENSG00000078061	ensembl_gene	ARAF	gtr_epilepsy_gene_summary	GTR epilepsy gene summary	gtr_gene_summary	2.0	silver	ARAF	resolved	gtr_clinical_testing_utilization	2589	95a109f22ac95755
c6fcfd4ecdbef54e	epilepsy	372	ncbi_gene	ENSG00000095139	ensembl_gene	ARCN1	gtr_epilepsy_gene_summary	GTR epilepsy gene summary	gtr_gene_summary	2.0	silver	ARCN1	resolved	gtr_clinical_testing_utilization	1279	1c711fc48e1b981c
d93b847010a2f6b2	epilepsy	375	ncbi_gene	ENSG00000143761	ensembl_gene	ARF1	genes4epilepsy	Genes4Epilepsy	literature_derived	1.0	bronze	ARF1	resolved		66	4e57dd25f670f876
458d89485c557853	epilepsy	377	ncbi_gene	ENSG00000134287	ensembl_gene	ARF3	genes4epilepsy	Genes4Epilepsy	literature_derived	1.0	bronze	ARF3	resolved		67	f73a3a2f5c73f32a
18bcc5cb734fdb8c	epilepsy	84364	ncbi_gene	ENSG00000149182	ensembl_gene	ARFGAP2	gtr_epilepsy_gene_summary	GTR epilepsy gene summary	gtr_gene_summary	2.0	silver	ARFGAP2	resolved	gtr_clinical_testing_utilization	2416	b8a9200e01dcd132
e52a08c4252004bf	epilepsy	10565	ncbi_gene	ENSG00000066777	ensembl_gene	ARFGEF1	genes4epilepsy	Genes4Epilepsy	literature_derived	1.0	bronze	ARFGEF1	resolved		68	2a670c3bb7daa8c1
562ee926ac5ecce8	epilepsy	10564	ncbi_gene	ENSG00000124198	ensembl_gene	ARFGEF2	genes4epilepsy	Genes4Epilepsy	literature_derived	1.0	bronze	ARFGEF2	resolved		69	31c08c48aca53984
562ee926ac5ecce8	epilepsy	10564	ncbi_gene	ENSG00000124198	ensembl_gene	ARFGEF2	gtr_epilepsy_gene_summary	GTR epilepsy gene summary	gtr_gene_summary	2.0	silver	ARFGEF2	resolved	gtr_clinical_testing_utilization	290	718cfc238b3a20f7
3b963fe520b27296	epilepsy	383	ncbi_gene	ENSG00000118520	ensembl_gene	ARG1	genes4epilepsy	Genes4Epilepsy	literature_derived	1.0	bronze	ARG1	resolved		70	ad9876da2b6a2545
3b963fe520b27296	epilepsy	383	ncbi_gene	ENSG00000118520	ensembl_gene	ARG1	gtr_epilepsy_gene_summary	GTR epilepsy gene summary	gtr_gene_summary	2.0	silver	ARG1	resolved	gtr_clinical_testing_utilization	355	cdcf872eb2448fd4
b1f3b33bc4f9b8cb	epilepsy	83478	ncbi_gene	ENSG00000138639	ensembl_gene	ARHGAP24	gtr_epilepsy_gene_summary	GTR epilepsy gene summary	gtr_gene_summary	2.0	silver	ARHGAP24	resolved	gtr_clinical_testing_utilization	2632	a02c5663af4e9f55
8b119365ee5c40fb	epilepsy	57514	ncbi_gene	ENSG00000031081	ensembl_gene	ARHGAP31	gtr_epilepsy_gene_summary	GTR epilepsy gene summary	gtr_gene_summary	2.0	silver	ARHGAP31	resolved	gtr_clinical_testing_utilization	1198	4374d514e75378f0
4a4a0d4d19541ab7	epilepsy	393	ncbi_gene	ENSG00000089820	ensembl_gene	ARHGAP4	genes4epilepsy	Genes4Epilepsy	literature_derived	1.0	bronze	ARHGAP4	resolved		71	3124ffbc899f5a68
bd779cfc9159b54a	epilepsy	396	ncbi_gene	ENSG00000141522	ensembl_gene	ARHGDIA	gtr_epilepsy_gene_summary	GTR epilepsy gene summary	gtr_gene_summary	2.0	silver	ARHGDIA	resolved	gtr_clinical_testing_utilization	1553	604f8818720d1eaf
acca673d93b2f54e	epilepsy	23365	ncbi_gene	ENSG00000196914	ensembl_gene	ARHGEF12	gtr_epilepsy_gene_summary	GTR epilepsy gene summary	gtr_gene_summary	2.0	silver	ARHGEF12	resolved	gtr_clinical_testing_utilization	2417	8543a5c910f55ee6
7e4a4ee6b65b5be2	epilepsy	22899	ncbi_gene	ENSG00000198844	ensembl_gene	ARHGEF15	gtr_epilepsy_gene_summary	GTR epilepsy gene summary	gtr_gene_summary	2.0	silver	ARHGEF15	resolved	gtr_clinical_testing_utilization	1119	cd82b982d575f9fe
a2685d5c64fa38e6	epilepsy	9181	ncbi_gene	ENSG00000116584	ensembl_gene	ARHGEF2	gtr_epilepsy_gene_summary	GTR epilepsy gene summary	gtr_gene_summary	2.0	silver	ARHGEF2	resolved	gtr_clinical_testing_utilization	2934	d89ba3a234b7f4c0
f19a3bec9a2462b4	epilepsy	64283	ncbi_gene	ENSG00000214944	ensembl_gene	ARHGEF28	gtr_epilepsy_gene_summary	GTR epilepsy gene summary	gtr_gene_summary	2.0	silver	ARHGEF28	resolved	gtr_clinical_testing_utilization	2847	5b7d80f288a9fef8
6e828e179fb182d7	epilepsy	9459	ncbi_gene	ENSG00000129675	ensembl_gene	ARHGEF6	gtr_epilepsy_gene_summary	GTR epilepsy gene summary	gtr_gene_summary	2.0	silver	ARHGEF6	resolved	gtr_clinical_testing_utilization	661	9c68a0d60ef6c4ca
3a83ed0efac47634	epilepsy	23229	ncbi_gene	ENSG00000131089	ensembl_gene	ARHGEF9	genes4epilepsy	Genes4Epilepsy	literature_derived	1.0	bronze	ARHGEF9	resolved		72	3c1f677f7e0a82ee
3a83ed0efac47634	epilepsy	23229	ncbi_gene	ENSG00000131089	ensembl_gene	ARHGEF9	gtr_epilepsy_gene_summary	GTR epilepsy gene summary	gtr_gene_summary	2.0	silver	ARHGEF9	resolved	gtr_clinical_testing_utilization	21	3c981e036c7afcbc
b70a6b565d71ac42	epilepsy	8289	ncbi_gene	ENSG00000117713	ensembl_gene	ARID1A	genes4epilepsy	Genes4Epilepsy	literature_derived	1.0	bronze	ARID1A	resolved		73	edc0016ae1bb34cc
b70a6b565d71ac42	epilepsy	8289	ncbi_gene	ENSG00000117713	ensembl_gene	ARID1A	gtr_epilepsy_gene_summary	GTR epilepsy gene summary	gtr_gene_summary	2.0	silver	ARID1A	resolved	gtr_clinical_testing_utilization	916	f56bda4a2c814b0b
0785d2fedea6005a	epilepsy	57492	ncbi_gene	ENSG00000049618	ensembl_gene	ARID1B	genes4epilepsy	Genes4Epilepsy	literature_derived	1.0	bronze	ARID1B	resolved		74	028ab9066c201218
0785d2fedea6005a	epilepsy	57492	ncbi_gene	ENSG00000049618	ensembl_gene	ARID1B	gtr_epilepsy_gene_summary	GTR epilepsy gene summary	gtr_gene_summary	2.0	silver	ARID1B	resolved	gtr_clinical_testing_utilization	562	5fd2927d65c41f7b
756dfe8267f81188	epilepsy	196528	ncbi_gene	ENSG00000189079	ensembl_gene	ARID2	gtr_epilepsy_gene_summary	GTR epilepsy gene summary	gtr_gene_summary	2.0	silver	ARID2	resolved	gtr_clinical_testing_utilization	1966	0d957e79da67fe12
738cac8f6b4e0f5c	epilepsy	10865	ncbi_gene	ENSG00000196843	ensembl_gene	ARID5A	gtr_epilepsy_gene_summary	GTR epilepsy gene summary	gtr_gene_summary	2.0	silver	ARID5A	resolved	gtr_clinical_testing_utilization	2848	3f6b644acd089338
83096c557f0d3d50	epilepsy	25820	ncbi_gene	ENSG00000166233	ensembl_gene	ARIH1	gtr_epilepsy_gene_summary	GTR epilepsy gene summary	gtr_gene_summary	2.0	silver	ARIH1	resolved	gtr_clinical_testing_utilization	2935	24d0f6320f128e21
4e91f3a81298af3e	epilepsy	200894	ncbi_gene	ENSG00000169379	ensembl_gene	ARL13B	gtr_epilepsy_gene_summary	GTR epilepsy gene summary	gtr_gene_summary	2.0	silver	ARL13B	resolved	gtr_clinical_testing_utilization	1073	645fa2f5da4a0ace
4df396cca60de468	epilepsy	54622	ncbi_gene	ENSG00000185305	ensembl_gene	ARL15	gtr_epilepsy_gene_summary	GTR epilepsy gene summary	gtr_gene_summary	2.0	silver	ARL15	resolved	gtr_clinical_testing_utilization	2646	10d42284a4b0fb4e
2f947200932b4f07	epilepsy	84100	ncbi_gene	ENSG00000113966	ensembl_gene	ARL6	gtr_epilepsy_gene_summary	GTR epilepsy gene summary	gtr_gene_summary	2.0	silver	ARL6	resolved	gtr_clinical_testing_utilization	2069	bd6e88db4fb2cfd4
db8a1ce898317e99	epilepsy	23204	ncbi_gene	ENSG00000170540	ensembl_gene	ARL6IP1	gtr_epilepsy_gene_summary	GTR epilepsy gene summary	gtr_gene_summary	2.0	silver	ARL6IP1	resolved	gtr_clinical_testing_utilization	1831	f6b9cba5ef35086f
6a51186f182cce00	epilepsy	79798	ncbi_gene	ENSG00000140691	ensembl_gene	ARMC5	gtr_epilepsy_gene_summary	GTR epilepsy gene summary	gtr_gene_summary	2.0	silver	ARMC5	resolved	gtr_clinical_testing_utilization	2729	cda92218258128fa
1f3633685d3eabfd	epilepsy	80210	ncbi_gene	ENSG00000135931	ensembl_gene	ARMC9	gtr_epilepsy_gene_summary	GTR epilepsy gene summary	gtr_gene_summary	2.0	silver	ARMC9	resolved	gtr_clinical_testing_utilization	2936	f677289fa7b26df5
28fd4967af0261d0	epilepsy	9915	ncbi_gene	ENSG00000172379	ensembl_gene	ARNT2	gtr_epilepsy_gene_summary	GTR epilepsy gene summary	gtr_gene_summary	2.0	silver	ARNT2	resolved	gtr_clinical_testing_utilization	1292	87ff797e49ef2bf2
738ebdbec9f3b341	epilepsy	410	ncbi_gene	ENSG00000100299	ensembl_gene	ARSA	genes4epilepsy	Genes4Epilepsy	literature_derived	1.0	bronze	ARSA	resolved		75	1bc0dd9a1ac1ffd7
738ebdbec9f3b341	epilepsy	410	ncbi_gene	ENSG00000100299	ensembl_gene	ARSA	gtr_epilepsy_gene_summary	GTR epilepsy gene summary	gtr_gene_summary	2.0	silver	ARSA	resolved	gtr_clinical_testing_utilization	222	8d75c1423dcfb54e
fbfa6ea5d95b05f0	epilepsy	411	ncbi_gene	ENSG00000113273	ensembl_gene	ARSB	gtr_epilepsy_gene_summary	GTR epilepsy gene summary	gtr_gene_summary	2.0	silver	ARSB	resolved	gtr_clinical_testing_utilization	1433	221b1d99fc996e03
98984f37687e0aa8	epilepsy	340075	ncbi_gene	ENSG00000183876	ensembl_gene	ARSI	gtr_epilepsy_gene_summary	GTR epilepsy gene summary	gtr_gene_summary	2.0	silver	ARSI	resolved	gtr_clinical_testing_utilization	1319	c507d0e09618e750
38397f079409c2c3	epilepsy	64801	ncbi_gene	ENSG00000173409	ensembl_gene	ARV1	genes4epilepsy	Genes4Epilepsy	literature_derived	1.0	bronze	ARV1	resolved		76	4eedaf03021962c3
38397f079409c2c3	epilepsy	64801	ncbi_gene	ENSG00000173409	ensembl_gene	ARV1	gtr_epilepsy_gene_summary	GTR epilepsy gene summary	gtr_gene_summary	2.0	silver	ARV1	resolved	gtr_clinical_testing_utilization	151	e5400e5b80324ee5
f30404739fec252e	epilepsy	421	ncbi_gene	ENSG00000099889	ensembl_gene	ARVCF	gtr_epilepsy_gene_summary	GTR epilepsy gene summary	gtr_gene_summary	2.0	silver	ARVCF	resolved	gtr_clinical_testing_utilization	1985	727629ecf745551d
2fc1edf14f3b2605	epilepsy	170302	ncbi_gene	ENSG00000004848	ensembl_gene	ARX	genes4epilepsy	Genes4Epilepsy	literature_derived	1.0	bronze	ARX	resolved		77	7bf2e28747d613ab
2fc1edf14f3b2605	epilepsy	170302	ncbi_gene	ENSG00000004848	ensembl_gene	ARX	gtr_epilepsy_gene_summary	GTR epilepsy gene summary	gtr_gene_summary	2.0	silver	ARX	resolved	gtr_clinical_testing_utilization	2	01a82caf373309f0
8b6b53f7dec6c4b1	epilepsy	427	ncbi_gene	ENSG00000104763	ensembl_gene	ASAH1	genes4epilepsy	Genes4Epilepsy	literature_derived	1.0	bronze	ASAH1	resolved		78	b526a171dc681c93
8b6b53f7dec6c4b1	epilepsy	427	ncbi_gene	ENSG00000104763	ensembl_gene	ASAH1	gtr_epilepsy_gene_summary	GTR epilepsy gene summary	gtr_gene_summary	2.0	silver	ASAH1	resolved	gtr_clinical_testing_utilization	54	2aa01e901ed8bb8b
f4f4d4875b667807	epilepsy	101929066	ncbi_gene	101929066	unknown_namespace	ASAH1-AS1	gtr_epilepsy_gene_summary	GTR epilepsy gene summary	gtr_gene_summary	2.0	silver	ASAH1-AS1	symbol_only	gtr_clinical_testing_utilization	2937	17e8c1b07ec1d065
79369137787062dd	epilepsy	429	ncbi_gene	ENSG00000139352	ensembl_gene	ASCL1	gtr_epilepsy_gene_summary	GTR epilepsy gene summary	gtr_gene_summary	2.0	silver	ASCL1	resolved	gtr_clinical_testing_utilization	1986	2224ddd9c8afdcd2
27c3329bbe6384b8	epilepsy	55870	ncbi_gene	ENSG00000116539	ensembl_gene	ASH1L	genes4epilepsy	Genes4Epilepsy	literature_derived	1.0	bronze	ASH1L	resolved		79	8a59537ce1ff54f4
27c3329bbe6384b8	epilepsy	55870	ncbi_gene	ENSG00000116539	ensembl_gene	ASH1L	gtr_epilepsy_gene_summary	GTR epilepsy gene summary	gtr_gene_summary	2.0	silver	ASH1L	resolved	gtr_clinical_testing_utilization	2938	f289e10196a74d19
d68f019d1a956dcb	epilepsy	51802	ncbi_gene	ENSG00000262505	ensembl_gene	ASIC5	gtr_epilepsy_gene_summary	GTR epilepsy gene summary	gtr_gene_summary	2.0	silver	ASIC5	resolved	gtr_clinical_testing_utilization	1775	4e411d714aad3d0f
ab8b1fc2a92d7d6e	epilepsy	435	ncbi_gene	ENSG00000126522	ensembl_gene	ASL	gtr_epilepsy_gene_summary	GTR epilepsy gene summary	gtr_gene_summary	2.0	silver	ASL	resolved	gtr_clinical_testing_utilization	348	c2ec9b1c91cbec02
fbd92f6eda183e56	epilepsy	440	ncbi_gene	ENSG00000070669	ensembl_gene	ASNS	genes4epilepsy	Genes4Epilepsy	literature_derived	1.0	bronze	ASNS	resolved		80	b46b0fa03c053e54
fbd92f6eda183e56	epilepsy	440	ncbi_gene	ENSG00000070669	ensembl_gene	ASNS	gtr_epilepsy_gene_summary	GTR epilepsy gene summary	gtr_gene_summary	2.0	silver	ASNS	resolved	gtr_clinical_testing_utilization	281	4e10b817a02530cc
e120306753011766	epilepsy	443	ncbi_gene	ENSG00000108381	ensembl_gene	ASPA	genes4epilepsy	Genes4Epilepsy	literature_derived	1.0	bronze	ASPA	resolved		81	2372228cd8b57c2c
e120306753011766	epilepsy	443	ncbi_gene	ENSG00000108381	ensembl_gene	ASPA	gtr_epilepsy_gene_summary	GTR epilepsy gene summary	gtr_gene_summary	2.0	silver	ASPA	resolved	gtr_clinical_testing_utilization	250	6a13e0d2a9b2d477
a1a0d691f51dbf81	epilepsy	259266	ncbi_gene	ENSG00000066279	ensembl_gene	ASPM	genes4epilepsy	Genes4Epilepsy	literature_derived	1.0	bronze	ASPM	resolved		82	872bebef6a96c7dc
a1a0d691f51dbf81	epilepsy	259266	ncbi_gene	ENSG00000066279	ensembl_gene	ASPM	gtr_epilepsy_gene_summary	GTR epilepsy gene summary	gtr_gene_summary	2.0	silver	ASPM	resolved	gtr_clinical_testing_utilization	723	ea6e9a34a460430d
1b2dd17893d348c7	epilepsy	80150	ncbi_gene	ENSG00000162174	ensembl_gene	ASRGL1	gtr_epilepsy_gene_summary	GTR epilepsy gene summary	gtr_gene_summary	2.0	silver	ASRGL1	resolved	gtr_clinical_testing_utilization	2730	ee7674de90dbabf5
a307694ab046baae	epilepsy	445	ncbi_gene	ENSG00000130707	ensembl_gene	ASS1	gtr_epilepsy_gene_summary	GTR epilepsy gene summary	gtr_gene_summary	2.0	silver	ASS1	resolved	gtr_clinical_testing_utilization	442	6421eab4cef014e4
a66e83c74d9af107	epilepsy	460	ncbi_gene	ENSG00000152092	ensembl_gene	ASTN1	genes4epilepsy	Genes4Epilepsy	literature_derived	1.0	bronze	ASTN1	resolved		83	51a96ea27065143c
a66e83c74d9af107	epilepsy	460	ncbi_gene	ENSG00000152092	ensembl_gene	ASTN1	gtr_epilepsy_gene_summary	GTR epilepsy gene summary	gtr_gene_summary	2.0	silver	ASTN1	resolved	gtr_clinical_testing_utilization	2024	6642d6cf54f45239
0f828e3782f9a759	epilepsy	23245	ncbi_gene	ENSG00000148219	ensembl_gene	ASTN2	gtr_epilepsy_gene_summary	GTR epilepsy gene summary	gtr_gene_summary	2.0	silver	ASTN2	resolved	gtr_clinical_testing_utilization	2939	fe6d3ed76e6d13c6
a6e0b02b7405ed1d	epilepsy	171023	ncbi_gene	ENSG00000171456	ensembl_gene	ASXL1	gtr_epilepsy_gene_summary	GTR epilepsy gene summary	gtr_gene_summary	2.0	silver	ASXL1	resolved	gtr_clinical_testing_utilization	1195	004d5df402550fd8
21fef4f45102ec13	epilepsy	55252	ncbi_gene	ENSG00000143970	ensembl_gene	ASXL2	genes4epilepsy	Genes4Epilepsy	literature_derived	1.0	bronze	ASXL2	resolved		84	075bd56dd20f5ea2
21fef4f45102ec13	epilepsy	55252	ncbi_gene	ENSG00000143970	ensembl_gene	ASXL2	gtr_epilepsy_gene_summary	GTR epilepsy gene summary	gtr_gene_summary	2.0	silver	ASXL2	resolved	gtr_clinical_testing_utilization	1746	7cb1f8d6b6329629
d0ef6dd3dff97430	epilepsy	80816	ncbi_gene	ENSG00000141431	ensembl_gene	ASXL3	genes4epilepsy	Genes4Epilepsy	literature_derived	1.0	bronze	ASXL3	resolved		85	02d886d5b8becae4
d0ef6dd3dff97430	epilepsy	80816	ncbi_gene	ENSG00000141431	ensembl_gene	ASXL3	gtr_epilepsy_gene_summary	GTR epilepsy gene summary	gtr_gene_summary	2.0	silver	ASXL3	resolved	gtr_clinical_testing_utilization	993	ecb4c114e8f6dadc
c923bf78896643a1	epilepsy	84896	ncbi_gene	ENSG00000138138	ensembl_gene	ATAD1	genes4epilepsy	Genes4Epilepsy	literature_derived	1.0	bronze	ATAD1	resolved		86	835803a2ad4464d6
c923bf78896643a1	epilepsy	84896	ncbi_gene	ENSG00000138138	ensembl_gene	ATAD1	gtr_epilepsy_gene_summary	GTR epilepsy gene summary	gtr_gene_summary	2.0	silver	ATAD1	resolved	gtr_clinical_testing_utilization	2025	99171abf2f232a60
d202f484ef66a32b	epilepsy	55210	ncbi_gene	ENSG00000197785	ensembl_gene	ATAD3A	gtr_epilepsy_gene_summary	GTR epilepsy gene summary	gtr_gene_summary	2.0	silver	ATAD3A	resolved	gtr_clinical_testing_utilization	1987	1410fd839dfdb919
281b3cd98a2a1d6f	epilepsy	85300	ncbi_gene	ENSG00000167654	ensembl_gene	ATCAY	gtr_epilepsy_gene_summary	GTR epilepsy gene summary	gtr_gene_summary	2.0	silver	ATCAY	resolved	gtr_clinical_testing_utilization	2556	72b4e5789cba7ed5
7750b50ada73f28c	epilepsy	471	ncbi_gene	ENSG00000138363	ensembl_gene	ATIC	gtr_epilepsy_gene_summary	GTR epilepsy gene summary	gtr_gene_summary	2.0	silver	ATIC	resolved	gtr_clinical_testing_utilization	1747	bcb2915b2f946d69
98b3c601a5a913a7	epilepsy	51062	ncbi_gene	ENSG00000198513	ensembl_gene	ATL1	gtr_epilepsy_gene_summary	GTR epilepsy gene summary	gtr_gene_summary	2.0	silver	ATL1	resolved	gtr_clinical_testing_utilization	1832	4db0c8c9ab5f8b89
d990f61c73d17cc3	epilepsy	25923	ncbi_gene	ENSG00000184743	ensembl_gene	ATL3	gtr_epilepsy_gene_summary	GTR epilepsy gene summary	gtr_gene_summary	2.0	silver	ATL3	resolved	gtr_clinical_testing_utilization	2940	14691f422e14637f
cb408005b193f2f6	epilepsy	472	ncbi_gene	ENSG00000149311	ensembl_gene	ATM	gtr_epilepsy_gene_summary	GTR epilepsy gene summary	gtr_gene_summary	2.0	silver	ATM	resolved	gtr_clinical_testing_utilization	573	35a2995c5c3595ff
8f361502c4c0c4c7	epilepsy	1822	ncbi_gene	ENSG00000111676	ensembl_gene	ATN1	genes4epilepsy	Genes4Epilepsy	literature_derived	1.0	bronze	ATN1	resolved		87	438bed17ec143b5a
8f361502c4c0c4c7	epilepsy	1822	ncbi_gene	ENSG00000111676	ensembl_gene	ATN1	gtr_epilepsy_gene_summary	GTR epilepsy gene summary	gtr_gene_summary	2.0	silver	ATN1	resolved	gtr_clinical_testing_utilization	34	edb2747a90f2a21a
ce57287808500950	epilepsy	474	ncbi_gene	ENSG00000172238	ensembl_gene	ATOH1	gtr_epilepsy_gene_summary	GTR epilepsy gene summary	gtr_gene_summary	2.0	silver	ATOH1	resolved	gtr_clinical_testing_utilization	2557	407129899f1d4f60
dc19a5e94c5bdf91	epilepsy	23400	ncbi_gene	ENSG00000159363	ensembl_gene	ATP13A2	genes4epilepsy	Genes4Epilepsy	literature_derived	1.0	bronze	ATP13A2	resolved		88	104395977002f48a
dc19a5e94c5bdf91	epilepsy	23400	ncbi_gene	ENSG00000159363	ensembl_gene	ATP13A2	gtr_epilepsy_gene_summary	GTR epilepsy gene summary	gtr_gene_summary	2.0	silver	ATP13A2	resolved	gtr_clinical_testing_utilization	251	b023c2964d6d1df6
b289d847a311c1d4	epilepsy	476	ncbi_gene	ENSG00000163399	ensembl_gene	ATP1A1	genes4epilepsy	Genes4Epilepsy	literature_derived	1.0	bronze	ATP1A1	resolved		89	828605b8846f16ae
b289d847a311c1d4	epilepsy	476	ncbi_gene	ENSG00000163399	ensembl_gene	ATP1A1	gtr_epilepsy_gene_summary	GTR epilepsy gene summary	gtr_gene_summary	2.0	silver	ATP1A1	resolved	gtr_clinical_testing_utilization	675	bbca9c22bac3ea50
9a5535f2a679d32e	epilepsy	477	ncbi_gene	ENSG00000018625	ensembl_gene	ATP1A2	genes4epilepsy	Genes4Epilepsy	literature_derived	1.0	bronze	ATP1A2	resolved		90	b78f1cd018addd46
9a5535f2a679d32e	epilepsy	477	ncbi_gene	ENSG00000018625	ensembl_gene	ATP1A2	gtr_epilepsy_gene_summary	GTR epilepsy gene summary	gtr_gene_summary	2.0	silver	ATP1A2	resolved	gtr_clinical_testing_utilization	153	261bfe283ef17fe1
689ed66028563a99	epilepsy	478	ncbi_gene	ENSG00000105409	ensembl_gene	ATP1A3	genes4epilepsy	Genes4Epilepsy	literature_derived	1.0	bronze	ATP1A3	resolved		91	81c9899afd76df48
689ed66028563a99	epilepsy	478	ncbi_gene	ENSG00000105409	ensembl_gene	ATP1A3	gtr_epilepsy_gene_summary	GTR epilepsy gene summary	gtr_gene_summary	2.0	silver	ATP1A3	resolved	gtr_clinical_testing_utilization	112	dacc7be1b53fd1c7
24755ab24e64bf27	epilepsy	481	ncbi_gene	ENSG00000143153	ensembl_gene	ATP1B1	gtr_epilepsy_gene_summary	GTR epilepsy gene summary	gtr_gene_summary	2.0	silver	ATP1B1	resolved	gtr_clinical_testing_utilization	2292	6ddaa1dff8993d04
650f33007e403c62	epilepsy	488	ncbi_gene	ENSG00000174437	ensembl_gene	ATP2A2	gtr_epilepsy_gene_summary	GTR epilepsy gene summary	gtr_gene_summary	2.0	silver	ATP2A2	resolved	gtr_clinical_testing_utilization	1748	763ffe03b3206c3c
8bd2555ddd8646e0	epilepsy	490	ncbi_gene	ENSG00000070961	ensembl_gene	ATP2B1	genes4epilepsy	Genes4Epilepsy	literature_derived	1.0	bronze	ATP2B1	resolved		92	6d14f8224a6e8e5d
2b6f743f45b0452b	epilepsy	491	ncbi_gene	ENSG00000157087	ensembl_gene	ATP2B2	genes4epilepsy	Genes4Epilepsy	literature_derived	1.0	bronze	ATP2B2	resolved		93	d4c4a069daf01734
2b6f743f45b0452b	epilepsy	491	ncbi_gene	ENSG00000157087	ensembl_gene	ATP2B2	gtr_epilepsy_gene_summary	GTR epilepsy gene summary	gtr_gene_summary	2.0	silver	ATP2B2	resolved	gtr_clinical_testing_utilization	1887	89d263c708a045b0
fe4f72a0821dfb00	epilepsy	492	ncbi_gene	ENSG00000067842	ensembl_gene	ATP2B3	gtr_epilepsy_gene_summary	GTR epilepsy gene summary	gtr_gene_summary	2.0	silver	ATP2B3	resolved	gtr_clinical_testing_utilization	1862	2a0fb68ce5c5aada
8db6f60b8f8ceb8c	epilepsy	493	ncbi_gene	ENSG00000058668	ensembl_gene	ATP2B4	gtr_epilepsy_gene_summary	GTR epilepsy gene summary	gtr_gene_summary	2.0	silver	ATP2B4	resolved	gtr_clinical_testing_utilization	1320	6abc1330cb5b42b4
845cf6b133b0cff6	epilepsy	498	ncbi_gene	ENSG00000152234	ensembl_gene	ATP5F1A	genes4epilepsy	Genes4Epilepsy	literature_derived	1.0	bronze	ATP5F1A	resolved		94	0e24dd7e82461063
845cf6b133b0cff6	epilepsy	498	ncbi_gene	ENSG00000152234	ensembl_gene	ATP5F1A	gtr_epilepsy_gene_summary	GTR epilepsy gene summary	gtr_gene_summary	2.0	silver	ATP5F1A	resolved	gtr_clinical_testing_utilization	1130	c46deff6c5c3cde8
f67484f655bf0375	epilepsy	514	ncbi_gene	ENSG00000124172	ensembl_gene	ATP5F1E	genes4epilepsy	Genes4Epilepsy	literature_derived	1.0	bronze	ATP5F1E	resolved		95	06d6086e3d11e779
f67484f655bf0375	epilepsy	514	ncbi_gene	ENSG00000124172	ensembl_gene	ATP5F1E	gtr_epilepsy_gene_summary	GTR epilepsy gene summary	gtr_gene_summary	2.0	silver	ATP5F1E	resolved	gtr_clinical_testing_utilization	1174	bfa86f742bae9950
ae65be5c141a9403	epilepsy	518	ncbi_gene	ENSG00000154518	ensembl_gene	ATP5MC3	genes4epilepsy	Genes4Epilepsy	literature_derived	1.0	bronze	ATP5MC3	resolved		96	d731477095a9b32b
029a00e5499292f2	epilepsy	9551	ncbi_gene	ENSG00000241468	ensembl_gene	ATP5MF	gtr_epilepsy_gene_summary	GTR epilepsy gene summary	gtr_gene_summary	2.0	silver	ATP5MF	resolved	gtr_clinical_testing_utilization	2418	a426d084b4fd607a
c0805c37b9c6778c	epilepsy	10632	ncbi_gene	ENSG00000167283	ensembl_gene	ATP5MG	gtr_epilepsy_gene_summary	GTR epilepsy gene summary	gtr_gene_summary	2.0	silver	ATP5MG	resolved	gtr_clinical_testing_utilization	2419	bf1165a6a458cac5
0e404aeadb685aed	epilepsy	267020	ncbi_gene	ENSG00000249222	ensembl_gene	ATP5MGL	gtr_epilepsy_gene_summary	GTR epilepsy gene summary	gtr_gene_summary	2.0	silver	ATP5MGL	resolved	gtr_clinical_testing_utilization	2420	7345b7abcc353968
31683077aad83805	epilepsy	84833	ncbi_gene	ENSG00000173915	ensembl_gene	ATP5MK	gtr_epilepsy_gene_summary	GTR epilepsy gene summary	gtr_gene_summary	2.0	silver	ATP5MK	resolved	gtr_clinical_testing_utilization	2941	0e6005b91bcd7462
6d347f96acfa8daa	epilepsy	515	ncbi_gene	ENSG00000116459	ensembl_gene	ATP5PB	gtr_epilepsy_gene_summary	GTR epilepsy gene summary	gtr_gene_summary	2.0	silver	ATP5PB	resolved	gtr_clinical_testing_utilization	2421	7465d9a5beb4133d
3f1b3c78e52d0f6e	epilepsy	10476	ncbi_gene	ENSG00000167863	ensembl_gene	ATP5PD	gtr_epilepsy_gene_summary	GTR epilepsy gene summary	gtr_gene_summary	2.0	silver	ATP5PD	resolved	gtr_clinical_testing_utilization	2422	0b25f11f38380878
ae157ac1acc7e1a2	epilepsy	539	ncbi_gene	ENSG00000241837	ensembl_gene	ATP5PO	genes4epilepsy	Genes4Epilepsy	literature_derived	1.0	bronze	ATP5PO	resolved		97	2f17cb6be2f72ddd
6c48ca76437b3361	epilepsy	537	ncbi_gene	ENSG00000071553	ensembl_gene	ATP6AP1	gtr_epilepsy_gene_summary	GTR epilepsy gene summary	gtr_gene_summary	2.0	silver	ATP6AP1	resolved	gtr_clinical_testing_utilization	1598	a101d2e26659abe8
773729901aa519e0	epilepsy	10159	ncbi_gene	ENSG00000182220	ensembl_gene	ATP6AP2	genes4epilepsy	Genes4Epilepsy	literature_derived	1.0	bronze	ATP6AP2	resolved		98	6277e0c780029b21
773729901aa519e0	epilepsy	10159	ncbi_gene	ENSG00000182220	ensembl_gene	ATP6AP2	gtr_epilepsy_gene_summary	GTR epilepsy gene summary	gtr_gene_summary	2.0	silver	ATP6AP2	resolved	gtr_clinical_testing_utilization	338	35428b2aa0546923
e531941390707168	epilepsy	535	ncbi_gene	ENSG00000033627	ensembl_gene	ATP6V0A1	genes4epilepsy	Genes4Epilepsy	literature_derived	1.0	bronze	ATP6V0A1	resolved		99	8e30df64a455efde
c24f98ff40c3dcfb	epilepsy	23545	ncbi_gene	ENSG00000185344	ensembl_gene	ATP6V0A2	genes4epilepsy	Genes4Epilepsy	literature_derived	1.0	bronze	ATP6V0A2	resolved		100	3ae0fad53d1216ad
c24f98ff40c3dcfb	epilepsy	23545	ncbi_gene	ENSG00000185344	ensembl_gene	ATP6V0A2	gtr_epilepsy_gene_summary	GTR epilepsy gene summary	gtr_gene_summary	2.0	silver	ATP6V0A2	resolved	gtr_clinical_testing_utilization	487	b6849d2a234743c1
9f7d79d23ea2c5d5	epilepsy	50617	ncbi_gene	ENSG00000105929	ensembl_gene	ATP6V0A4	gtr_epilepsy_gene_summary	GTR epilepsy gene summary	gtr_gene_summary	2.0	silver	ATP6V0A4	resolved	gtr_clinical_testing_utilization	2125	40b2b5c078b4ad4d
a9d146300ef8d540	epilepsy	527	ncbi_gene	ENSG00000185883	ensembl_gene	ATP6V0C	genes4epilepsy	Genes4Epilepsy	literature_derived	1.0	bronze	ATP6V0C	resolved		101	18702aec8d709327
a9d146300ef8d540	epilepsy	527	ncbi_gene	ENSG00000185883	ensembl_gene	ATP6V0C	gtr_epilepsy_gene_summary	GTR epilepsy gene summary	gtr_gene_summary	2.0	silver	ATP6V0C	resolved	gtr_clinical_testing_utilization	2942	72514d74b2e4aee7
d186b2815c077b9a	epilepsy	523	ncbi_gene	ENSG00000114573	ensembl_gene	ATP6V1A	genes4epilepsy	Genes4Epilepsy	literature_derived	1.0	bronze	ATP6V1A	resolved		102	9245ef1fa57ee76c
d186b2815c077b9a	epilepsy	523	ncbi_gene	ENSG00000114573	ensembl_gene	ATP6V1A	gtr_epilepsy_gene_summary	GTR epilepsy gene summary	gtr_gene_summary	2.0	silver	ATP6V1A	resolved	gtr_clinical_testing_utilization	197	42a05b573c793bcb
b79ea0b7dcbdffbe	epilepsy	525	ncbi_gene	ENSG00000116039	ensembl_gene	ATP6V1B1	gtr_epilepsy_gene_summary	GTR epilepsy gene summary	gtr_gene_summary	2.0	silver	ATP6V1B1	resolved	gtr_clinical_testing_utilization	1107	757619d844078b53
8a6482008dbd0de7	epilepsy	526	ncbi_gene	ENSG00000147416	ensembl_gene	ATP6V1B2	genes4epilepsy	Genes4Epilepsy	literature_derived	1.0	bronze	ATP6V1B2	resolved		103	996305da8456795a
8a6482008dbd0de7	epilepsy	526	ncbi_gene	ENSG00000147416	ensembl_gene	ATP6V1B2	gtr_epilepsy_gene_summary	GTR epilepsy gene summary	gtr_gene_summary	2.0	silver	ATP6V1B2	resolved	gtr_clinical_testing_utilization	1382	1a7dd736902ecd20
f69a17c33400d35c	epilepsy	529	ncbi_gene	ENSG00000131100	ensembl_gene	ATP6V1E1	gtr_epilepsy_gene_summary	GTR epilepsy gene summary	gtr_gene_summary	2.0	silver	ATP6V1E1	resolved	gtr_clinical_testing_utilization	2126	5bfe9d8b7b8d49ab
07a657d888076dd6	epilepsy	538	ncbi_gene	ENSG00000165240	ensembl_gene	ATP7A	genes4epilepsy	Genes4Epilepsy	literature_derived	1.0	bronze	ATP7A	resolved		104	9330b1db0c7b97d6
07a657d888076dd6	epilepsy	538	ncbi_gene	ENSG00000165240	ensembl_gene	ATP7A	gtr_epilepsy_gene_summary	GTR epilepsy gene summary	gtr_gene_summary	2.0	silver	ATP7A	resolved	gtr_clinical_testing_utilization	167	3b70add8806171a1
039df3e5a29250da	epilepsy	540	ncbi_gene	ENSG00000123191	ensembl_gene	ATP7B	gtr_epilepsy_gene_summary	GTR epilepsy gene summary	gtr_gene_summary	2.0	silver	ATP7B	resolved	gtr_clinical_testing_utilization	434	528538e9a8656fac
059a6fccff33daf6	epilepsy	51761	ncbi_gene	ENSG00000132932	ensembl_gene	ATP8A2	gtr_epilepsy_gene_summary	GTR epilepsy gene summary	gtr_gene_summary	2.0	silver	ATP8A2	resolved	gtr_clinical_testing_utilization	987	860ba9292e0cf989
1e1b3d89b7228351	epilepsy	5205	ncbi_gene	ENSG00000081923	ensembl_gene	ATP8B1	gtr_epilepsy_gene_summary	GTR epilepsy gene summary	gtr_gene_summary	2.0	silver	ATP8B1	resolved	gtr_clinical_testing_utilization	1485	c5afba4265bc80f8
288b50ceb9f88a6b	epilepsy	10079	ncbi_gene	ENSG00000054793	ensembl_gene	ATP9A	gtr_epilepsy_gene_summary	GTR epilepsy gene summary	gtr_gene_summary	2.0	silver	ATP9A	resolved	gtr_clinical_testing_utilization	2943	68c7d3b957905dce
11a526d27b8acee9	epilepsy	64756	ncbi_gene	ENSG00000123472	ensembl_gene	ATPAF1	gtr_epilepsy_gene_summary	GTR epilepsy gene summary	gtr_gene_summary	2.0	silver	ATPAF1	resolved	gtr_clinical_testing_utilization	2423	f370d8d2b7c6ddfa
cc3788116a96644f	epilepsy	91647	ncbi_gene	ENSG00000171953	ensembl_gene	ATPAF2	gtr_epilepsy_gene_summary	GTR epilepsy gene summary	gtr_gene_summary	2.0	silver	ATPAF2	resolved	gtr_clinical_testing_utilization	1175	7fcb9f7115ce3bd7
1879ddd985dd79be	epilepsy	545	ncbi_gene	ENSG00000175054	ensembl_gene	ATR	gtr_epilepsy_gene_summary	GTR epilepsy gene summary	gtr_gene_summary	2.0	silver	ATR	resolved	gtr_clinical_testing_utilization	971	1bc59e61f013625d
9c812be724276f77	epilepsy	84126	ncbi_gene	ENSG00000164053	ensembl_gene	ATRIP	gtr_epilepsy_gene_summary	GTR epilepsy gene summary	gtr_gene_summary	2.0	silver	ATRIP	resolved	gtr_clinical_testing_utilization	1685	294da4a50b6cbbf9
e0cd650e92bdf237	epilepsy	8455	ncbi_gene	ENSG00000088812	ensembl_gene	ATRN	gtr_epilepsy_gene_summary	GTR epilepsy gene summary	gtr_gene_summary	2.0	silver	ATRN	resolved	gtr_clinical_testing_utilization	2383	3b1551372b73b25a
477bc55f21374b3c	epilepsy	546	ncbi_gene	ENSG00000085224	ensembl_gene	ATRX	genes4epilepsy	Genes4Epilepsy	literature_derived	1.0	bronze	ATRX	resolved		105	b420cef1786f3993
477bc55f21374b3c	epilepsy	546	ncbi_gene	ENSG00000085224	ensembl_gene	ATRX	gtr_epilepsy_gene_summary	GTR epilepsy gene summary	gtr_gene_summary	2.0	silver	ATRX	resolved	gtr_clinical_testing_utilization	163	13ca4b80a2d58ad4
1033678cf1f71e27	epilepsy	6310	ncbi_gene	ENSG00000124788	ensembl_gene	ATXN1	gtr_epilepsy_gene_summary	GTR epilepsy gene summary	gtr_gene_summary	2.0	silver	ATXN1	resolved	gtr_clinical_testing_utilization	1662	86be45c6de3bef93
89a1cfb82d4fa947	epilepsy	25814	ncbi_gene	ENSG00000130638	ensembl_gene	ATXN10	gtr_epilepsy_gene_summary	GTR epilepsy gene summary	gtr_gene_summary	2.0	silver	ATXN10	resolved	gtr_clinical_testing_utilization	1863	fe58eb35d5591ddd
eb19510d6896bf92	epilepsy	6311	ncbi_gene	ENSG00000204842	ensembl_gene	ATXN2	gtr_epilepsy_gene_summary	GTR epilepsy gene summary	gtr_gene_summary	2.0	silver	ATXN2	resolved	gtr_clinical_testing_utilization	1555	1862367841c5ead3
9a285093bd6e30a5	epilepsy	4287	ncbi_gene	ENSG00000066427	ensembl_gene	ATXN3	gtr_epilepsy_gene_summary	GTR epilepsy gene summary	gtr_gene_summary	2.0	silver	ATXN3	resolved	gtr_clinical_testing_utilization	2201	6a1302df3c2667b3
fc25b7c671af84b9	epilepsy	6314	ncbi_gene	ENSG00000163635	ensembl_gene	ATXN7	gtr_epilepsy_gene_summary	GTR epilepsy gene summary	gtr_gene_summary	2.0	silver	ATXN7	resolved	gtr_clinical_testing_utilization	1624	4de48c4a0cc0baa1
18e114acd7fbee44	epilepsy	549	ncbi_gene	ENSG00000148090	ensembl_gene	AUH	gtr_epilepsy_gene_summary	GTR epilepsy gene summary	gtr_gene_summary	2.0	silver	AUH	resolved	gtr_clinical_testing_utilization	648	0c49f89f39ba7a8b
a4291d61b89962ff	epilepsy	26053	ncbi_gene	ENSG00000158321	ensembl_gene	AUTS2	genes4epilepsy	Genes4Epilepsy	literature_derived	1.0	bronze	AUTS2	resolved		106	d4544fe2f8448c58
a4291d61b89962ff	epilepsy	26053	ncbi_gene	ENSG00000158321	ensembl_gene	AUTS2	gtr_epilepsy_gene_summary	GTR epilepsy gene summary	gtr_gene_summary	2.0	silver	AUTS2	resolved	gtr_clinical_testing_utilization	976	9fba6626d89c6dbe
35da31d728bec3c2	epilepsy	554	ncbi_gene	ENSG00000126895	ensembl_gene	AVPR2	gtr_epilepsy_gene_summary	GTR epilepsy gene summary	gtr_gene_summary	2.0	silver	AVPR2	resolved	gtr_clinical_testing_utilization	1066	24d9db6c2b65e29d
c263b3ceacee5ec4	epilepsy	148789	ncbi_gene	ENSG00000282880	ensembl_gene	B3GALNT2	genes4epilepsy	Genes4Epilepsy	literature_derived	1.0	bronze	B3GALNT2	resolved		107	ec6a13eb6717deed
c263b3ceacee5ec4	epilepsy	148789	ncbi_gene	ENSG00000282880	ensembl_gene	B3GALNT2	gtr_epilepsy_gene_summary	GTR epilepsy gene summary	gtr_gene_summary	2.0	silver	B3GALNT2	resolved	gtr_clinical_testing_utilization	964	c4d9bd5fa8f08717
44d2b8ed015dc4f3	epilepsy	26229	ncbi_gene	ENSG00000149541	ensembl_gene	B3GAT3	gtr_epilepsy_gene_summary	GTR epilepsy gene summary	gtr_gene_summary	2.0	silver	B3GAT3	resolved	gtr_clinical_testing_utilization	2272	8a5b1b5631816cf8
85e4e1af50c50aac	epilepsy	145173	ncbi_gene	ENSG00000187676	ensembl_gene	B3GLCT	gtr_epilepsy_gene_summary	GTR epilepsy gene summary	gtr_gene_summary	2.0	silver	B3GLCT	resolved	gtr_clinical_testing_utilization	1281	294c857219b899ba
ee4ce74d477bb31a	epilepsy	10678	ncbi_gene	ENSG00000170340	ensembl_gene	B3GNT2	gtr_epilepsy_gene_summary	GTR epilepsy gene summary	gtr_gene_summary	2.0	silver	B3GNT2	resolved	gtr_clinical_testing_utilization	2944	ef9005d28d479c91
a9ee9f7a550a4498	epilepsy	2583	ncbi_gene	ENSG00000135454	ensembl_gene	B4GALNT1	gtr_epilepsy_gene_summary	GTR epilepsy gene summary	gtr_gene_summary	2.0	silver	B4GALNT1	resolved	gtr_clinical_testing_utilization	1833	1cf0a686a19cf171
747830a9210e3a6c	epilepsy	2683	ncbi_gene	ENSG00000086062	ensembl_gene	B4GALT1	gtr_epilepsy_gene_summary	GTR epilepsy gene summary	gtr_gene_summary	2.0	silver	B4GALT1	resolved	gtr_clinical_testing_utilization	934	d395adc3fdca91b0
fd938df9b7c46c7a	epilepsy	11041	ncbi_gene	ENSG00000174684	ensembl_gene	B4GAT1	genes4epilepsy	Genes4Epilepsy	literature_derived	1.0	bronze	B4GAT1	resolved		108	a2ad53e88fa6fe90
fd938df9b7c46c7a	epilepsy	11041	ncbi_gene	ENSG00000174684	ensembl_gene	B4GAT1	gtr_epilepsy_gene_summary	GTR epilepsy gene summary	gtr_gene_summary	2.0	silver	B4GAT1	resolved	gtr_clinical_testing_utilization	481	e503fa832e5cc518
8b551405ac4d15e7	epilepsy	27077	ncbi_gene	ENSG00000108641	ensembl_gene	B9D1	gtr_epilepsy_gene_summary	GTR epilepsy gene summary	gtr_gene_summary	2.0	silver	B9D1	resolved	gtr_clinical_testing_utilization	1469	97a644039a99a510
fb801bda24df99e6	epilepsy	80776	ncbi_gene	ENSG00000123810	ensembl_gene	B9D2	gtr_epilepsy_gene_summary	GTR epilepsy gene summary	gtr_gene_summary	2.0	silver	B9D2	resolved	gtr_clinical_testing_utilization	2070	6be20a47249e256d
e86499c85beeffde	epilepsy	9531	ncbi_gene	ENSG00000151929	ensembl_gene	BAG3	gtr_epilepsy_gene_summary	GTR epilepsy gene summary	gtr_gene_summary	2.0	silver	BAG3	resolved	gtr_clinical_testing_utilization	1259	b4d67f0fddcfd202
b1ab0681f1c8ee28	epilepsy	10458	ncbi_gene	ENSG00000175866	ensembl_gene	BAIAP2	genes4epilepsy	Genes4Epilepsy	literature_derived	1.0	bronze	BAIAP2	resolved		109	474cf587138a1481
da1f36773e04e3be	epilepsy	8314	ncbi_gene	ENSG00000163930	ensembl_gene	BAP1	genes4epilepsy	Genes4Epilepsy	literature_derived	1.0	bronze	BAP1	resolved		110	03ebbc48f3c1437e
555a196928d24a3d	epilepsy	11177	ncbi_gene	ENSG00000198604	ensembl_gene	BAZ1A	gtr_epilepsy_gene_summary	GTR epilepsy gene summary	gtr_gene_summary	2.0	silver	BAZ1A	resolved	gtr_clinical_testing_utilization	2849	48d54bc2447240cb
9fc787461c990c4f	epilepsy	29994	ncbi_gene	ENSG00000123636	ensembl_gene	BAZ2B	genes4epilepsy	Genes4Epilepsy	literature_derived	1.0	bronze	BAZ2B	resolved		111	7e0119c98f1a5331
9fc787461c990c4f	epilepsy	29994	ncbi_gene	ENSG00000123636	ensembl_gene	BAZ2B	gtr_epilepsy_gene_summary	GTR epilepsy gene summary	gtr_gene_summary	2.0	silver	BAZ2B	resolved	gtr_clinical_testing_utilization	2395	254ca995540e5323
b2fb2ce56d175e22	epilepsy	92482	ncbi_gene	ENSG00000214413	ensembl_gene	BBIP1	gtr_epilepsy_gene_summary	GTR epilepsy gene summary	gtr_gene_summary	2.0	silver	BBIP1	resolved	gtr_clinical_testing_utilization	1967	d3ee36f5954ca2b6
c943578f4485fdb3	epilepsy	582	ncbi_gene	ENSG00000174483	ensembl_gene	BBS1	gtr_epilepsy_gene_summary	GTR epilepsy gene summary	gtr_gene_summary	2.0	silver	BBS1	resolved	gtr_clinical_testing_utilization	1425	44c9d3a3a87e0be9
b1bacf3a7607a154	epilepsy	79738	ncbi_gene	ENSG00000179941	ensembl_gene	BBS10	gtr_epilepsy_gene_summary	GTR epilepsy gene summary	gtr_gene_summary	2.0	silver	BBS10	resolved	gtr_clinical_testing_utilization	2051	acb8b51d3551cc2b
7333f7b1128c8fcf	epilepsy	166379	ncbi_gene	ENSG00000181004	ensembl_gene	BBS12	gtr_epilepsy_gene_summary	GTR epilepsy gene summary	gtr_gene_summary	2.0	silver	BBS12	resolved	gtr_clinical_testing_utilization	2071	217589ee165cc7a0
15d4b3ef715c38bc	epilepsy	583	ncbi_gene	ENSG00000125124	ensembl_gene	BBS2	gtr_epilepsy_gene_summary	GTR epilepsy gene summary	gtr_gene_summary	2.0	silver	BBS2	resolved	gtr_clinical_testing_utilization	1420	cba6c7a6f4a63791
55a835cb578de3c4	epilepsy	585	ncbi_gene	ENSG00000140463	ensembl_gene	BBS4	gtr_epilepsy_gene_summary	GTR epilepsy gene summary	gtr_gene_summary	2.0	silver	BBS4	resolved	gtr_clinical_testing_utilization	2072	2a75acbd97fcc7fa
30b111b084f0bea0	epilepsy	129880	ncbi_gene	ENSG00000163093	ensembl_gene	BBS5	gtr_epilepsy_gene_summary	GTR epilepsy gene summary	gtr_gene_summary	2.0	silver	BBS5	resolved	gtr_clinical_testing_utilization	2073	38e4565cdc07a48d
aaa6f6b69423ac69	epilepsy	55212	ncbi_gene	ENSG00000138686	ensembl_gene	BBS7	gtr_epilepsy_gene_summary	GTR epilepsy gene summary	gtr_gene_summary	2.0	silver	BBS7	resolved	gtr_clinical_testing_utilization	2074	1f1aaa5da25e2c2e
65ef0bdca86f18da	epilepsy	27241	ncbi_gene	ENSG00000122507	ensembl_gene	BBS9	gtr_epilepsy_gene_summary	GTR epilepsy gene summary	gtr_gene_summary	2.0	silver	BBS9	resolved	gtr_clinical_testing_utilization	2075	887e05c1c37fb7d0
7c8f97e579e98040	epilepsy	10134	ncbi_gene	ENSG00000185825	ensembl_gene	BCAP31	gtr_epilepsy_gene_summary	GTR epilepsy gene summary	gtr_gene_summary	2.0	silver	BCAP31	resolved	gtr_clinical_testing_utilization	1206	9af4b56026f49410
7e71207617afbde7	epilepsy	54828	ncbi_gene	ENSG00000141376	ensembl_gene	BCAS3	genes4epilepsy	Genes4Epilepsy	literature_derived	1.0	bronze	BCAS3	resolved		112	cac17f893160a4ed
347cc1fc008ab0f3	epilepsy	590	ncbi_gene	ENSG00000114200	ensembl_gene	BCHE	gtr_epilepsy_gene_summary	GTR epilepsy gene summary	gtr_gene_summary	2.0	silver	BCHE	resolved	gtr_clinical_testing_utilization	2127	5aa8aab98124946b
9ee880faa15f7498	epilepsy	593	ncbi_gene	ENSG00000248098	ensembl_gene	BCKDHA	genes4epilepsy	Genes4Epilepsy	literature_derived	1.0	bronze	BCKDHA	resolved		113	71fa789208a285ed
9ee880faa15f7498	epilepsy	593	ncbi_gene	ENSG00000248098	ensembl_gene	BCKDHA	gtr_epilepsy_gene_summary	GTR epilepsy gene summary	gtr_gene_summary	2.0	silver	BCKDHA	resolved	gtr_clinical_testing_utilization	358	8ee1dc01e920feff
04b1d5909b5e48c1	epilepsy	594	ncbi_gene	ENSG00000083123	ensembl_gene	BCKDHB	genes4epilepsy	Genes4Epilepsy	literature_derived	1.0	bronze	BCKDHB	resolved		114	adf35eb823ac59f1
04b1d5909b5e48c1	epilepsy	594	ncbi_gene	ENSG00000083123	ensembl_gene	BCKDHB	gtr_epilepsy_gene_summary	GTR epilepsy gene summary	gtr_gene_summary	2.0	silver	BCKDHB	resolved	gtr_clinical_testing_utilization	347	51ce3346d350de93
0614b992f65551e4	epilepsy	10295	ncbi_gene	ENSG00000103507	ensembl_gene	BCKDK	genes4epilepsy	Genes4Epilepsy	literature_derived	1.0	bronze	BCKDK	resolved		115	3ecc122ebf805ebe
0614b992f65551e4	epilepsy	10295	ncbi_gene	ENSG00000103507	ensembl_gene	BCKDK	gtr_epilepsy_gene_summary	GTR epilepsy gene summary	gtr_gene_summary	2.0	silver	BCKDK	resolved	gtr_clinical_testing_utilization	841	94a21074cc4a994d
07dfb31997691825	epilepsy	8915	ncbi_gene	ENSG00000142867	ensembl_gene	BCL10	gtr_epilepsy_gene_summary	GTR epilepsy gene summary	gtr_gene_summary	2.0	silver	BCL10	resolved	gtr_clinical_testing_utilization	2362	25b77acac3b22656
e33d1a5d1f531641	epilepsy	53335	ncbi_gene	ENSG00000119866	ensembl_gene	BCL11A	genes4epilepsy	Genes4Epilepsy	literature_derived	1.0	bronze	BCL11A	resolved		116	28f30ee6857006b9
e33d1a5d1f531641	epilepsy	53335	ncbi_gene	ENSG00000119866	ensembl_gene	BCL11A	gtr_epilepsy_gene_summary	GTR epilepsy gene summary	gtr_gene_summary	2.0	silver	BCL11A	resolved	gtr_clinical_testing_utilization	1663	330319c79416caf7
80d0484ede4cede0	epilepsy	64919	ncbi_gene	ENSG00000127152	ensembl_gene	BCL11B	gtr_epilepsy_gene_summary	GTR epilepsy gene summary	gtr_gene_summary	2.0	silver	BCL11B	resolved	gtr_clinical_testing_utilization	1599	7fe8769286675291
c5b67619530ce819	epilepsy	83875	ncbi_gene	ENSG00000197580	ensembl_gene	BCO2	gtr_epilepsy_gene_summary	GTR epilepsy gene summary	gtr_gene_summary	2.0	silver	BCO2	resolved	gtr_clinical_testing_utilization	2424	fb49db416244dacc
af4cf3f7ee4a72ec	epilepsy	54880	ncbi_gene	ENSG00000183337	ensembl_gene	BCOR	gtr_epilepsy_gene_summary	GTR epilepsy gene summary	gtr_gene_summary	2.0	silver	BCOR	resolved	gtr_clinical_testing_utilization	849	775c6c68f8c586b8
28c08938ca431ba5	epilepsy	613	ncbi_gene	ENSG00000186716	ensembl_gene	BCR	gtr_epilepsy_gene_summary	GTR epilepsy gene summary	gtr_gene_summary	2.0	silver	BCR	resolved	gtr_clinical_testing_utilization	2945	5c3e744abec9da90
5670c23198cd601e	epilepsy	617	ncbi_gene	ENSG00000074582	ensembl_gene	BCS1L	genes4epilepsy	Genes4Epilepsy	literature_derived	1.0	bronze	BCS1L	resolved		117	e60da1e671c2122e
5670c23198cd601e	epilepsy	617	ncbi_gene	ENSG00000074582	ensembl_gene	BCS1L	gtr_epilepsy_gene_summary	GTR epilepsy gene summary	gtr_gene_summary	2.0	silver	BCS1L	resolved	gtr_clinical_testing_utilization	335	e1c09538cf70d4cb
8514ec187c7ae6ec	epilepsy	627	ncbi_gene	ENSG00000176697	ensembl_gene	BDNF	gtr_epilepsy_gene_summary	GTR epilepsy gene summary	gtr_gene_summary	2.0	silver	BDNF	resolved	gtr_clinical_testing_utilization	1391	ab6f8e49cb64bff9
5d695273068e7613	epilepsy	55814	ncbi_gene	ENSG00000274803	ensembl_gene	BDP1	gtr_epilepsy_gene_summary	GTR epilepsy gene summary	gtr_gene_summary	2.0	silver	BDP1	resolved	gtr_clinical_testing_utilization	2731	d777f8e062a631d5
52c031c6bd598bf7	epilepsy	146227	ncbi_gene	ENSG00000166546	ensembl_gene	BEAN1	gtr_epilepsy_gene_summary	GTR epilepsy gene summary	gtr_gene_summary	2.0	silver	BEAN1	resolved	gtr_clinical_testing_utilization	2558	e68db4df55922d43
aafb4310267d966b	epilepsy	633	ncbi_gene	ENSG00000182492	ensembl_gene	BGN	gtr_epilepsy_gene_summary	GTR epilepsy gene summary	gtr_gene_summary	2.0	silver	BGN	resolved	gtr_clinical_testing_utilization	2293	d368a317b4d38e43
724481fc6420720c	epilepsy	635	ncbi_gene	ENSG00000145692	ensembl_gene	BHMT	gtr_epilepsy_gene_summary	GTR epilepsy gene summary	gtr_gene_summary	2.0	silver	BHMT	resolved	gtr_clinical_testing_utilization	2647	d8059eb68cbddc8a
fd8278f3db7f2996	epilepsy	636	ncbi_gene	ENSG00000151746	ensembl_gene	BICD1	gtr_epilepsy_gene_summary	GTR epilepsy gene summary	gtr_gene_summary	2.0	silver	BICD1	resolved	gtr_clinical_testing_utilization	2559	dadf107e30f86fc1
a2216fc3b712ab36	epilepsy	23299	ncbi_gene	ENSG00000185963	ensembl_gene	BICD2	genes4epilepsy	Genes4Epilepsy	literature_derived	1.0	bronze	BICD2	resolved		118	75761f607fa8e848
a2216fc3b712ab36	epilepsy	23299	ncbi_gene	ENSG00000185963	ensembl_gene	BICD2	gtr_epilepsy_gene_summary	GTR epilepsy gene summary	gtr_gene_summary	2.0	silver	BICD2	resolved	gtr_clinical_testing_utilization	736	a12f1bc80282de3b
1adfabb878a45eff	epilepsy	274	ncbi_gene	ENSG00000136717	ensembl_gene	BIN1	gtr_epilepsy_gene_summary	GTR epilepsy gene summary	gtr_gene_summary	2.0	silver	BIN1	resolved	gtr_clinical_testing_utilization	1988	a23a9c53cd721e6f
df007e7cbb4cd3a3	epilepsy	641	ncbi_gene	ENSG00000197299	ensembl_gene	BLM	gtr_epilepsy_gene_summary	GTR epilepsy gene summary	gtr_gene_summary	2.0	silver	BLM	resolved	gtr_clinical_testing_utilization	1424	f2597723b3aa6ce6
5fa2db20a3ddf395	epilepsy	388552	ncbi_gene	ENSG00000189114	ensembl_gene	BLOC1S3	gtr_epilepsy_gene_summary	GTR epilepsy gene summary	gtr_gene_summary	2.0	silver	BLOC1S3	resolved	gtr_clinical_testing_utilization	1506	d6e40d82791baf9a
4308d8dec4dd20e1	epilepsy	26258	ncbi_gene	ENSG00000104164	ensembl_gene	BLOC1S6	gtr_epilepsy_gene_summary	GTR epilepsy gene summary	gtr_gene_summary	2.0	silver	BLOC1S6	resolved	gtr_clinical_testing_utilization	2128	ce326695611b28c9
9a2d9ef0f0c42c89	epilepsy	84162	ncbi_gene	ENSG00000138688	ensembl_gene	BLTP1	genes4epilepsy	Genes4Epilepsy	literature_derived	1.0	bronze	BLTP1	resolved		119	1bf142eacc8f1e53
9a2d9ef0f0c42c89	epilepsy	84162	ncbi_gene	ENSG00000138688	ensembl_gene	BLTP1	gtr_epilepsy_gene_summary	GTR epilepsy gene summary	gtr_gene_summary	2.0	silver	BLTP1	resolved	gtr_clinical_testing_utilization	1895	35aa17a35ad6612a
031f5e2e39cc329c	epilepsy	406	ncbi_gene	ENSG00000133794	ensembl_gene	BMAL1	genes4epilepsy	Genes4Epilepsy	literature_derived	1.0	bronze	BMAL1	resolved		120	1c429f2b1bfba842
202a4bdef7196e2c	epilepsy	649	ncbi_gene	ENSG00000168487	ensembl_gene	BMP1	gtr_epilepsy_gene_summary	GTR epilepsy gene summary	gtr_gene_summary	2.0	silver	BMP1	resolved	gtr_clinical_testing_utilization	2129	a24f110d96f921b8
e0fe153d5804c830	epilepsy	650	ncbi_gene	ENSG00000125845	ensembl_gene	BMP2	gtr_epilepsy_gene_summary	GTR epilepsy gene summary	gtr_gene_summary	2.0	silver	BMP2	resolved	gtr_clinical_testing_utilization	1816	97ae1180cfa8ad4e
4bded4bf9075c95e	epilepsy	652	ncbi_gene	ENSG00000125378	ensembl_gene	BMP4	gtr_epilepsy_gene_summary	GTR epilepsy gene summary	gtr_gene_summary	2.0	silver	BMP4	resolved	gtr_clinical_testing_utilization	2946	008c8106111009f8
adefe7e3c1e2e732	epilepsy	655	ncbi_gene	ENSG00000101144	ensembl_gene	BMP7	gtr_epilepsy_gene_summary	GTR epilepsy gene summary	gtr_gene_summary	2.0	silver	BMP7	resolved	gtr_clinical_testing_utilization	2425	dfe2d6b6c767e4fc
46be3c46685e3bcd	epilepsy	168667	ncbi_gene	ENSG00000164619	ensembl_gene	BMPER	gtr_epilepsy_gene_summary	GTR epilepsy gene summary	gtr_gene_summary	2.0	silver	BMPER	resolved	gtr_clinical_testing_utilization	2732	ab4bf54a42a9ec46
68e7d7235a6c4adb	epilepsy	657	ncbi_gene	ENSG00000107779	ensembl_gene	BMPR1A	gtr_epilepsy_gene_summary	GTR epilepsy gene summary	gtr_gene_summary	2.0	silver	BMPR1A	resolved	gtr_clinical_testing_utilization	2181	d3f55bd61012426d
4f63cac6d1a6879d	epilepsy	658	ncbi_gene	ENSG00000138696	ensembl_gene	BMPR1B	gtr_epilepsy_gene_summary	GTR epilepsy gene summary	gtr_gene_summary	2.0	silver	BMPR1B	resolved	gtr_clinical_testing_utilization	2947	f4b08489b620ad64
c6f718f402c5e071	epilepsy	388962	ncbi_gene	ENSG00000163170	ensembl_gene	BOLA3	genes4epilepsy	Genes4Epilepsy	literature_derived	1.0	bronze	BOLA3	resolved		121	44c8a003acb8b645
c6f718f402c5e071	epilepsy	388962	ncbi_gene	ENSG00000163170	ensembl_gene	BOLA3	gtr_epilepsy_gene_summary	GTR epilepsy gene summary	gtr_gene_summary	2.0	silver	BOLA3	resolved	gtr_clinical_testing_utilization	522	cfc2758fa1052731
28f6496116ee4221	epilepsy	118426	ncbi_gene	ENSG00000280689	ensembl_gene	BORCS5	genes4epilepsy	Genes4Epilepsy	literature_derived	1.0	bronze	BORCS5	resolved		122	994b8cbd48b255ef
f7f8b9d468516315	epilepsy	54928	ncbi_gene	ENSG00000104331	ensembl_gene	BPNT2	gtr_epilepsy_gene_summary	GTR epilepsy gene summary	gtr_gene_summary	2.0	silver	BPNT2	resolved	gtr_clinical_testing_utilization	1920	8ecfeac1c88da06c
1ec3e51f78c92df1	epilepsy	2186	ncbi_gene	ENSG00000171634	ensembl_gene	BPTF	genes4epilepsy	Genes4Epilepsy	literature_derived	1.0	bronze	BPTF	resolved		123	17b82e7e21edf392
1ec3e51f78c92df1	epilepsy	2186	ncbi_gene	ENSG00000171634	ensembl_gene	BPTF	gtr_epilepsy_gene_summary	GTR epilepsy gene summary	gtr_gene_summary	2.0	silver	BPTF	resolved	gtr_clinical_testing_utilization	2948	aa1f0f79c19bc0ba
477cec770e325b54	epilepsy	673	ncbi_gene	ENSG00000157764	ensembl_gene	BRAF	genes4epilepsy	Genes4Epilepsy	literature_derived	1.0	bronze	BRAF	resolved		124	47e21c749881c7c7
477cec770e325b54	epilepsy	673	ncbi_gene	ENSG00000157764	ensembl_gene	BRAF	gtr_epilepsy_gene_summary	GTR epilepsy gene summary	gtr_gene_summary	2.0	silver	BRAF	resolved	gtr_clinical_testing_utilization	282	0530168d7122cc58
50d8109a8bb4b392	epilepsy	221927	ncbi_gene	ENSG00000106009	ensembl_gene	BRAT1	genes4epilepsy	Genes4Epilepsy	literature_derived	1.0	bronze	BRAT1	resolved		125	b06a7e64d6d50d88
50d8109a8bb4b392	epilepsy	221927	ncbi_gene	ENSG00000106009	ensembl_gene	BRAT1	gtr_epilepsy_gene_summary	GTR epilepsy gene summary	gtr_gene_summary	2.0	silver	BRAT1	resolved	gtr_clinical_testing_utilization	100	eddd3fc40f99e062
de6c09c368e63072	epilepsy	675	ncbi_gene	ENSG00000139618	ensembl_gene	BRCA2	gtr_epilepsy_gene_summary	GTR epilepsy gene summary	gtr_gene_summary	2.0	silver	BRCA2	resolved	gtr_clinical_testing_utilization	2733	6d3bc814386155fb
a2f4d13c8060ba15	epilepsy	79184	ncbi_gene	ENSG00000185515	ensembl_gene	BRCC3	gtr_epilepsy_gene_summary	GTR epilepsy gene summary	gtr_gene_summary	2.0	silver	BRCC3	resolved	gtr_clinical_testing_utilization	2949	85426fea5aaa481c
61d224b953e47b30	epilepsy	6046	ncbi_gene	ENSG00000215077	ensembl_gene	BRD2	gtr_epilepsy_gene_summary	GTR epilepsy gene summary	gtr_gene_summary	2.0	silver	BRD2	resolved	gtr_clinical_testing_utilization	2950	b67bbe92ffc47a2e
319bab3ce75c7e54	epilepsy	23476	ncbi_gene	ENSG00000141867	ensembl_gene	BRD4	gtr_epilepsy_gene_summary	GTR epilepsy gene summary	gtr_gene_summary	2.0	silver	BRD4	resolved	gtr_clinical_testing_utilization	915	a7db8834ec6390a5
37a095cccb16ccbd	epilepsy	2972	ncbi_gene	ENSG00000185024	ensembl_gene	BRF1	gtr_epilepsy_gene_summary	GTR epilepsy gene summary	gtr_gene_summary	2.0	silver	BRF1	resolved	gtr_clinical_testing_utilization	1989	942bf12ea890455f
89b0cf36da4f3c95	epilepsy	83990	ncbi_gene	ENSG00000136492	ensembl_gene	BRIP1	gtr_epilepsy_gene_summary	GTR epilepsy gene summary	gtr_gene_summary	2.0	silver	BRIP1	resolved	gtr_clinical_testing_utilization	2076	a960590f54677aae
15366cd5a0bce2ac	epilepsy	9024	ncbi_gene	ENSG00000291428	ensembl_gene	BRSK2	gtr_epilepsy_gene_summary	GTR epilepsy gene summary	gtr_gene_summary	2.0	silver	BRSK2	resolved	gtr_clinical_testing_utilization	2246	8c67187302caa702
e4679dae19c96a94	epilepsy	254065	ncbi_gene	ENSG00000165288	ensembl_gene	BRWD3	gtr_epilepsy_gene_summary	GTR epilepsy gene summary	gtr_gene_summary	2.0	silver	BRWD3	resolved	gtr_clinical_testing_utilization	850	7043c4b756b2f2a2
ac43b1e98611d2b4	epilepsy	26580	ncbi_gene	ENSG00000168000	ensembl_gene	BSCL2	genes4epilepsy	Genes4Epilepsy	literature_derived	1.0	bronze	BSCL2	resolved		126	f81fd1dd0f6fbe4e
ac43b1e98611d2b4	epilepsy	26580	ncbi_gene	ENSG00000168000	ensembl_gene	BSCL2	gtr_epilepsy_gene_summary	GTR epilepsy gene summary	gtr_gene_summary	2.0	silver	BSCL2	resolved	gtr_clinical_testing_utilization	406	ab8e2c6d54fab21b
589f484da77b9521	epilepsy	8927	ncbi_gene	ENSG00000164061	ensembl_gene	BSN	genes4epilepsy	Genes4Epilepsy	literature_derived	1.0	bronze	BSN	resolved		127	7dca8e9c6b37fc5b
589f484da77b9521	epilepsy	8927	ncbi_gene	ENSG00000164061	ensembl_gene	BSN	gtr_epilepsy_gene_summary	GTR epilepsy gene summary	gtr_gene_summary	2.0	silver	BSN	resolved	gtr_clinical_testing_utilization	2951	fc898178599244ab
7834139c871dab0e	epilepsy	7809	ncbi_gene	ENSG00000162399	ensembl_gene	BSND	gtr_epilepsy_gene_summary	GTR epilepsy gene summary	gtr_gene_summary	2.0	silver	BSND	resolved	gtr_clinical_testing_utilization	430	c7e8ba287d7ec369
85f8bd671f515bec	epilepsy	686	ncbi_gene	ENSG00000169814	ensembl_gene	BTD	genes4epilepsy	Genes4Epilepsy	literature_derived	1.0	bronze	BTD	resolved		128	3cfa77b8c085d963
85f8bd671f515bec	epilepsy	686	ncbi_gene	ENSG00000169814	ensembl_gene	BTD	gtr_epilepsy_gene_summary	GTR epilepsy gene summary	gtr_gene_summary	2.0	silver	BTD	resolved	gtr_clinical_testing_utilization	270	f70275419bbea913
deb5497a4b1aa5f6	epilepsy	695	ncbi_gene	ENSG00000010671	ensembl_gene	BTK	gtr_epilepsy_gene_summary	GTR epilepsy gene summary	gtr_gene_summary	2.0	silver	BTK	resolved	gtr_clinical_testing_utilization	1032	c50c6fdfd5a37c3c
4dd450f969180c60	epilepsy	8945	ncbi_gene	ENSG00000166167	ensembl_gene	BTRC	gtr_epilepsy_gene_summary	GTR epilepsy gene summary	gtr_gene_summary	2.0	silver	BTRC	resolved	gtr_clinical_testing_utilization	2734	75740fc8d9f2c409
fd19a6fee0a56dfd	epilepsy	699	ncbi_gene	ENSG00000169679	ensembl_gene	BUB1	gtr_epilepsy_gene_summary	GTR epilepsy gene summary	gtr_gene_summary	2.0	silver	BUB1	resolved	gtr_clinical_testing_utilization	1732	8913070d87a16c95
4e505ce8f4bfa020	epilepsy	701	ncbi_gene	ENSG00000156970	ensembl_gene	BUB1B	gtr_epilepsy_gene_summary	GTR epilepsy gene summary	gtr_gene_summary	2.0	silver	BUB1B	resolved	gtr_clinical_testing_utilization	1588	d88463abae1c2b12
79a60c99f77f9e0f	epilepsy	9184	ncbi_gene	ENSG00000154473	ensembl_gene	BUB3	gtr_epilepsy_gene_summary	GTR epilepsy gene summary	gtr_gene_summary	2.0	silver	BUB3	resolved	gtr_clinical_testing_utilization	2952	af59a52b38c384a0
52851830d4fef65b	epilepsy	113246	ncbi_gene	ENSG00000111678	ensembl_gene	C12orf57	genes4epilepsy	Genes4Epilepsy	literature_derived	1.0	bronze	C12orf57	resolved		129	1d3e5dc988df1e4f
52851830d4fef65b	epilepsy	113246	ncbi_gene	ENSG00000111678	ensembl_gene	C12orf57	gtr_epilepsy_gene_summary	GTR epilepsy gene summary	gtr_gene_summary	2.0	silver	C12orf57	resolved	gtr_clinical_testing_utilization	956	fbabfa8635070d1d
6d2b5c14aa9cb878	epilepsy	83636	ncbi_gene	ENSG00000131943	ensembl_gene	C19orf12	genes4epilepsy	Genes4Epilepsy	literature_derived	1.0	bronze	C19orf12	resolved		130	f7aa6bb0b1c3a263
6d2b5c14aa9cb878	epilepsy	83636	ncbi_gene	ENSG00000131943	ensembl_gene	C19orf12	gtr_epilepsy_gene_summary	GTR epilepsy gene summary	gtr_gene_summary	2.0	silver	C19orf12	resolved	gtr_clinical_testing_utilization	581	cecd0bc8586ea859
6d83da2136c565e9	epilepsy	708	ncbi_gene	ENSG00000108561	ensembl_gene	C1QBP	gtr_epilepsy_gene_summary	GTR epilepsy gene summary	gtr_gene_summary	2.0	silver	C1QBP	resolved	gtr_clinical_testing_utilization	2294	7acfaa6c098d32af
38f17a689d6b589d	epilepsy	717	ncbi_gene	ENSG00000231543	ensembl_gene	C2	gtr_epilepsy_gene_summary	GTR epilepsy gene summary	gtr_gene_summary	2.0	silver	C2	resolved	gtr_clinical_testing_utilization	2426	c8d03b6f9cea4ba1
9c94f952ba0133ed	epilepsy	26005	ncbi_gene	ENSG00000168014	ensembl_gene	C2CD3	gtr_epilepsy_gene_summary	GTR epilepsy gene summary	gtr_gene_summary	2.0	silver	C2CD3	resolved	gtr_clinical_testing_utilization	1589	1c13d8723e11b520
3f7810e00d3e7fce	epilepsy	205327	ncbi_gene	ENSG00000178074	ensembl_gene	C2orf69	genes4epilepsy	Genes4Epilepsy	literature_derived	1.0	bronze	C2orf69	resolved		131	0ab8ec4c3d91f901
c923f32f68a33afd	epilepsy	718	ncbi_gene	ENSG00000125730	ensembl_gene	C3	gtr_epilepsy_gene_summary	GTR epilepsy gene summary	gtr_gene_summary	2.0	silver	C3	resolved	gtr_clinical_testing_utilization	2427	b295b47da1c0fa8c
6be2146e3e8f00a9	epilepsy	735	ncbi_gene	ENSG00000113600	ensembl_gene	C9	gtr_epilepsy_gene_summary	GTR epilepsy gene summary	gtr_gene_summary	2.0	silver	C9	resolved	gtr_clinical_testing_utilization	2428	96b27f2aefe25bac
ad71a145fb92c12a	epilepsy	203228	ncbi_gene	ENSG00000147894	ensembl_gene	C9orf72	gtr_epilepsy_gene_summary	GTR epilepsy gene summary	gtr_gene_summary	2.0	silver	C9orf72	resolved	gtr_clinical_testing_utilization	2216	9f8062df238fa036
726350e82cbb3f3c	epilepsy	760	ncbi_gene	ENSG00000104267	ensembl_gene	CA2	gtr_epilepsy_gene_summary	GTR epilepsy gene summary	gtr_gene_summary	2.0	silver	CA2	resolved	gtr_clinical_testing_utilization	1921	ca6a686166fe6cc7
29f0d33d7dfbc5f9	epilepsy	763	ncbi_gene	ENSG00000174990	ensembl_gene	CA5A	gtr_epilepsy_gene_summary	GTR epilepsy gene summary	gtr_gene_summary	2.0	silver	CA5A	resolved	gtr_clinical_testing_utilization	2735	80fc0ad26618605b
7036a062d284fd42	epilepsy	767	ncbi_gene	ENSG00000178538	ensembl_gene	CA8	gtr_epilepsy_gene_summary	GTR epilepsy gene summary	gtr_gene_summary	2.0	silver	CA8	resolved	gtr_clinical_testing_utilization	983	18036d330a225a68
c7768ee52c04013f	epilepsy	51475	ncbi_gene	ENSG00000167791	ensembl_gene	CABP2	gtr_epilepsy_gene_summary	GTR epilepsy gene summary	gtr_gene_summary	2.0	silver	CABP2	resolved	gtr_clinical_testing_utilization	2736	5f00b1933c658e5a
e982880c6b8df868	epilepsy	773	ncbi_gene	ENSG00000141837	ensembl_gene	CACNA1A	genes4epilepsy	Genes4Epilepsy	literature_derived	1.0	bronze	CACNA1A	resolved		132	da6bd438599b3b11
e982880c6b8df868	epilepsy	773	ncbi_gene	ENSG00000141837	ensembl_gene	CACNA1A	gtr_epilepsy_gene_summary	GTR epilepsy gene summary	gtr_gene_summary	2.0	silver	CACNA1A	resolved	gtr_clinical_testing_utilization	50	9366b235319ba96b
abc62290013adb5d	epilepsy	774	ncbi_gene	ENSG00000148408	ensembl_gene	CACNA1B	genes4epilepsy	Genes4Epilepsy	literature_derived	1.0	bronze	CACNA1B	resolved		133	d0a717f861d425b0
abc62290013adb5d	epilepsy	774	ncbi_gene	ENSG00000148408	ensembl_gene	CACNA1B	gtr_epilepsy_gene_summary	GTR epilepsy gene summary	gtr_gene_summary	2.0	silver	CACNA1B	resolved	gtr_clinical_testing_utilization	737	f13943594a144c07
e5a7ddee9b94e945	epilepsy	775	ncbi_gene	ENSG00000151067	ensembl_gene	CACNA1C	genes4epilepsy	Genes4Epilepsy	literature_derived	1.0	bronze	CACNA1C	resolved		134	37a37b697cec97b0
e5a7ddee9b94e945	epilepsy	775	ncbi_gene	ENSG00000151067	ensembl_gene	CACNA1C	gtr_epilepsy_gene_summary	GTR epilepsy gene summary	gtr_gene_summary	2.0	silver	CACNA1C	resolved	gtr_clinical_testing_utilization	529	6b6912bb62d01223
ffc3f7a4d0a7b53e	epilepsy	776	ncbi_gene	ENSG00000157388	ensembl_gene	CACNA1D	genes4epilepsy	Genes4Epilepsy	literature_derived	1.0	bronze	CACNA1D	resolved		135	90334db7cac10e51
ffc3f7a4d0a7b53e	epilepsy	776	ncbi_gene	ENSG00000157388	ensembl_gene	CACNA1D	gtr_epilepsy_gene_summary	GTR epilepsy gene summary	gtr_gene_summary	2.0	silver	CACNA1D	resolved	gtr_clinical_testing_utilization	132	e47f7470356e52f1
8fd7577cb22c483b	epilepsy	777	ncbi_gene	ENSG00000198216	ensembl_gene	CACNA1E	genes4epilepsy	Genes4Epilepsy	literature_derived	1.0	bronze	CACNA1E	resolved		136	3e2b761faf01cfaa
8fd7577cb22c483b	epilepsy	777	ncbi_gene	ENSG00000198216	ensembl_gene	CACNA1E	gtr_epilepsy_gene_summary	GTR epilepsy gene summary	gtr_gene_summary	2.0	silver	CACNA1E	resolved	gtr_clinical_testing_utilization	149	2366ca839e804a0e
88dcdc5de2cfb1f5	epilepsy	8913	ncbi_gene	ENSG00000006283	ensembl_gene	CACNA1G	genes4epilepsy	Genes4Epilepsy	literature_derived	1.0	bronze	CACNA1G	resolved		137	df44e96d4df54fa6
88dcdc5de2cfb1f5	epilepsy	8913	ncbi_gene	ENSG00000006283	ensembl_gene	CACNA1G	gtr_epilepsy_gene_summary	GTR epilepsy gene summary	gtr_gene_summary	2.0	silver	CACNA1G	resolved	gtr_clinical_testing_utilization	721	e91656fb4a774c58
5d8915bb24918d5b	epilepsy	8912	ncbi_gene	ENSG00000196557	ensembl_gene	CACNA1H	gtr_epilepsy_gene_summary	GTR epilepsy gene summary	gtr_gene_summary	2.0	silver	CACNA1H	resolved	gtr_clinical_testing_utilization	120	fcdeaef78bd3c60f
defb6affcd1440f6	epilepsy	8911	ncbi_gene	ENSG00000100346	ensembl_gene	CACNA1I	genes4epilepsy	Genes4Epilepsy	literature_derived	1.0	bronze	CACNA1I	resolved		138	3ac9c9aa43337d6e
defb6affcd1440f6	epilepsy	8911	ncbi_gene	ENSG00000100346	ensembl_gene	CACNA1I	gtr_epilepsy_gene_summary	GTR epilepsy gene summary	gtr_gene_summary	2.0	silver	CACNA1I	resolved	gtr_clinical_testing_utilization	2534	bd0212e4e65e623a
98018ccb1b733b3b	epilepsy	781	ncbi_gene	ENSG00000153956	ensembl_gene	CACNA2D1	genes4epilepsy	Genes4Epilepsy	literature_derived	1.0	bronze	CACNA2D1	resolved		139	00194b19d2f8b152
98018ccb1b733b3b	epilepsy	781	ncbi_gene	ENSG00000153956	ensembl_gene	CACNA2D1	gtr_epilepsy_gene_summary	GTR epilepsy gene summary	gtr_gene_summary	2.0	silver	CACNA2D1	resolved	gtr_clinical_testing_utilization	615	5d7c62c8a141250d
6079cb5b2a94a1e6	epilepsy	9254	ncbi_gene	ENSG00000007402	ensembl_gene	CACNA2D2	genes4epilepsy	Genes4Epilepsy	literature_derived	1.0	bronze	CACNA2D2	resolved		140	f67b1911c3b994db
6079cb5b2a94a1e6	epilepsy	9254	ncbi_gene	ENSG00000007402	ensembl_gene	CACNA2D2	gtr_epilepsy_gene_summary	GTR epilepsy gene summary	gtr_gene_summary	2.0	silver	CACNA2D2	resolved	gtr_clinical_testing_utilization	204	e8b52b11bfe9777c
df913de01595a66d	epilepsy	55799	ncbi_gene	ENSG00000157445	ensembl_gene	CACNA2D3	gtr_epilepsy_gene_summary	GTR epilepsy gene summary	gtr_gene_summary	2.0	silver	CACNA2D3	resolved	gtr_clinical_testing_utilization	2396	499d1867161da55e
b8e51d724b013717	epilepsy	783	ncbi_gene	ENSG00000165995	ensembl_gene	CACNB2	gtr_epilepsy_gene_summary	GTR epilepsy gene summary	gtr_gene_summary	2.0	silver	CACNB2	resolved	gtr_clinical_testing_utilization	1559	186c7da3b1ab10db
4794e6a721761c22	epilepsy	785	ncbi_gene	ENSG00000182389	ensembl_gene	CACNB4	gtr_epilepsy_gene_summary	GTR epilepsy gene summary	gtr_gene_summary	2.0	silver	CACNB4	resolved	gtr_clinical_testing_utilization	76	84a1f4b0af91eadf
b8d015ecd44aa610	epilepsy	10369	ncbi_gene	ENSG00000166862	ensembl_gene	CACNG2	gtr_epilepsy_gene_summary	GTR epilepsy gene summary	gtr_gene_summary	2.0	silver	CACNG2	resolved	gtr_clinical_testing_utilization	942	eabd22e5a383f023
a52693aae40d86a3	epilepsy	790	ncbi_gene	ENSG00000084774	ensembl_gene	CAD	genes4epilepsy	Genes4Epilepsy	literature_derived	1.0	bronze	CAD	resolved		141	77bfbbe5e6a43ae8
a52693aae40d86a3	epilepsy	790	ncbi_gene	ENSG00000084774	ensembl_gene	CAD	gtr_epilepsy_gene_summary	GTR epilepsy gene summary	gtr_gene_summary	2.0	silver	CAD	resolved	gtr_clinical_testing_utilization	93	d7973f3a41a354cc
382c69b13c856913	epilepsy	801	ncbi_gene	ENSG00000198668	ensembl_gene	CALM1	gtr_epilepsy_gene_summary	GTR epilepsy gene summary	gtr_gene_summary	2.0	silver	CALM1	resolved	gtr_clinical_testing_utilization	694	4ce9229c92cab375
c41826dc9cf08554	epilepsy	805	ncbi_gene	ENSG00000143933	ensembl_gene	CALM2	gtr_epilepsy_gene_summary	GTR epilepsy gene summary	gtr_gene_summary	2.0	silver	CALM2	resolved	gtr_clinical_testing_utilization	950	4939ac6e07b1ead1
9825ef4d9f2d803c	epilepsy	808	ncbi_gene	ENSG00000160014	ensembl_gene	CALM3	gtr_epilepsy_gene_summary	GTR epilepsy gene summary	gtr_gene_summary	2.0	silver	CALM3	resolved	gtr_clinical_testing_utilization	1713	b3ea37cd4a089590
d0c856866a33e9c9	epilepsy	125972	ncbi_gene	ENSG00000269058	ensembl_gene	CALR3	gtr_epilepsy_gene_summary	GTR epilepsy gene summary	gtr_gene_summary	2.0	silver	CALR3	resolved	gtr_clinical_testing_utilization	2295	4512575bbc9319f3
2c348d6fed2d7812	epilepsy	815	ncbi_gene	ENSG00000070808	ensembl_gene	CAMK2A	genes4epilepsy	Genes4Epilepsy	literature_derived	1.0	bronze	CAMK2A	resolved		142	0568822a8b14d42a
2c348d6fed2d7812	epilepsy	815	ncbi_gene	ENSG00000070808	ensembl_gene	CAMK2A	gtr_epilepsy_gene_summary	GTR epilepsy gene summary	gtr_gene_summary	2.0	silver	CAMK2A	resolved	gtr_clinical_testing_utilization	909	63a61833f333cd33
7cb6a02f9a5d80fe	epilepsy	816	ncbi_gene	ENSG00000058404	ensembl_gene	CAMK2B	genes4epilepsy	Genes4Epilepsy	literature_derived	1.0	bronze	CAMK2B	resolved		143	a41cf2dc9540307b
7cb6a02f9a5d80fe	epilepsy	816	ncbi_gene	ENSG00000058404	ensembl_gene	CAMK2B	gtr_epilepsy_gene_summary	GTR epilepsy gene summary	gtr_gene_summary	2.0	silver	CAMK2B	resolved	gtr_clinical_testing_utilization	1209	7be5a41d223968d3
6571f92a907968e1	epilepsy	79823	ncbi_gene	ENSG00000143919	ensembl_gene	CAMKMT	gtr_epilepsy_gene_summary	GTR epilepsy gene summary	gtr_gene_summary	2.0	silver	CAMKMT	resolved	gtr_clinical_testing_utilization	2953	275e140185e5c761
f052dcc0a28f2c2c	epilepsy	157922	ncbi_gene	ENSG00000130559	ensembl_gene	CAMSAP1	genes4epilepsy	Genes4Epilepsy	literature_derived	1.0	bronze	CAMSAP1	resolved		144	20b75c05d9bfe16c
15efbcb0b88ac939	epilepsy	23261	ncbi_gene	ENSG00000171735	ensembl_gene	CAMTA1	genes4epilepsy	Genes4Epilepsy	literature_derived	1.0	bronze	CAMTA1	resolved		145	091ee9513b02cd21
15efbcb0b88ac939	epilepsy	23261	ncbi_gene	ENSG00000171735	ensembl_gene	CAMTA1	gtr_epilepsy_gene_summary	GTR epilepsy gene summary	gtr_gene_summary	2.0	silver	CAMTA1	resolved	gtr_clinical_testing_utilization	2026	16f0959d3be766d7
deec81d8f75b3f20	epilepsy	124583	ncbi_gene	ENSG00000171302	ensembl_gene	CANT1	gtr_epilepsy_gene_summary	GTR epilepsy gene summary	gtr_gene_summary	2.0	silver	CANT1	resolved	gtr_clinical_testing_utilization	2737	d12ada5cb4e9499a
219f31aa64ccae69	epilepsy	825	ncbi_gene	ENSG00000092529	ensembl_gene	CAPN3	gtr_epilepsy_gene_summary	GTR epilepsy gene summary	gtr_gene_summary	2.0	silver	CAPN3	resolved	gtr_clinical_testing_utilization	2077	9a3c918b6bc5dacc
9ce66e833600062b	epilepsy	4076	ncbi_gene	ENSG00000135387	ensembl_gene	CAPRIN1	genes4epilepsy	Genes4Epilepsy	literature_derived	1.0	bronze	CAPRIN1	resolved		146	8c3a13804db863e7
a4528e24f8e08fc3	epilepsy	830	ncbi_gene	ENSG00000198898	ensembl_gene	CAPZA2	genes4epilepsy	Genes4Epilepsy	literature_derived	1.0	bronze	CAPZA2	resolved		147	ab61bbd3e22bee4f
1675aee71358e3ff	epilepsy	64170	ncbi_gene	ENSG00000187796	ensembl_gene	CARD9	gtr_epilepsy_gene_summary	GTR epilepsy gene summary	gtr_gene_summary	2.0	silver	CARD9	resolved	gtr_clinical_testing_utilization	2954	080428c129c6f664
eef7f7f77bede064	epilepsy	833	ncbi_gene	ENSG00000278191	ensembl_gene	CARS1	gtr_epilepsy_gene_summary	GTR epilepsy gene summary	gtr_gene_summary	2.0	silver	CARS1	resolved	gtr_clinical_testing_utilization	2590	2a3aa4ead349cd3a
c9e6eda316256f75	epilepsy	79587	ncbi_gene	ENSG00000134905	ensembl_gene	CARS2	genes4epilepsy	Genes4Epilepsy	literature_derived	1.0	bronze	CARS2	resolved		148	0d9f5c58f3927c54
c9e6eda316256f75	epilepsy	79587	ncbi_gene	ENSG00000134905	ensembl_gene	CARS2	gtr_epilepsy_gene_summary	GTR epilepsy gene summary	gtr_gene_summary	2.0	silver	CARS2	resolved	gtr_clinical_testing_utilization	676	721bc785d36c26f6
e70832c855bdf1e6	epilepsy	8573	ncbi_gene	ENSG00000147044	ensembl_gene	CASK	genes4epilepsy	Genes4Epilepsy	literature_derived	1.0	bronze	CASK	resolved		149	01c6e58b1ca364ca
e70832c855bdf1e6	epilepsy	8573	ncbi_gene	ENSG00000147044	ensembl_gene	CASK	gtr_epilepsy_gene_summary	GTR epilepsy gene summary	gtr_gene_summary	2.0	silver	CASK	resolved	gtr_clinical_testing_utilization	146	d949136241187d17
479abecc65a3c85f	epilepsy	835	ncbi_gene	ENSG00000106144	ensembl_gene	CASP2	genes4epilepsy	Genes4Epilepsy	literature_derived	1.0	bronze	CASP2	resolved		150	8d0ed0dda2fdc1f7
748bbc1827ad3408	epilepsy	844	ncbi_gene	ENSG00000143318	ensembl_gene	CASQ1	gtr_epilepsy_gene_summary	GTR epilepsy gene summary	gtr_gene_summary	2.0	silver	CASQ1	resolved	gtr_clinical_testing_utilization	2955	003be37b02ca7ff1
5c0984f931db3ea1	epilepsy	845	ncbi_gene	ENSG00000118729	ensembl_gene	CASQ2	gtr_epilepsy_gene_summary	GTR epilepsy gene summary	gtr_gene_summary	2.0	silver	CASQ2	resolved	gtr_clinical_testing_utilization	880	82756d714ea4b32e
2133df80eba5fca5	epilepsy	846	ncbi_gene	ENSG00000036828	ensembl_gene	CASR	gtr_epilepsy_gene_summary	GTR epilepsy gene summary	gtr_gene_summary	2.0	silver	CASR	resolved	gtr_clinical_testing_utilization	53	36a7f0e25c774067
7ff2bac4193c543b	epilepsy	117155	ncbi_gene	ENSG00000166762	ensembl_gene	CATSPER2	gtr_epilepsy_gene_summary	GTR epilepsy gene summary	gtr_gene_summary	2.0	silver	CATSPER2	resolved	gtr_clinical_testing_utilization	2648	0a9798d4ccdf779f
9f2d4b6afcef644e	epilepsy	858	ncbi_gene	ENSG00000105971	ensembl_gene	CAV2	gtr_epilepsy_gene_summary	GTR epilepsy gene summary	gtr_gene_summary	2.0	silver	CAV2	resolved	gtr_clinical_testing_utilization	2429	aa3243202879ad72
0caaebcb64f97df8	epilepsy	859	ncbi_gene	ENSG00000182533	ensembl_gene	CAV3	gtr_epilepsy_gene_summary	GTR epilepsy gene summary	gtr_gene_summary	2.0	silver	CAV3	resolved	gtr_clinical_testing_utilization	895	35e390523671026b
b69750b1cbf2ee49	epilepsy	284119	ncbi_gene	ENSG00000177469	ensembl_gene	CAVIN1	gtr_epilepsy_gene_summary	GTR epilepsy gene summary	gtr_gene_summary	2.0	silver	CAVIN1	resolved	gtr_clinical_testing_utilization	2130	f98633662b96e603
e299646742bf444f	epilepsy	865	ncbi_gene	ENSG00000067955	ensembl_gene	CBFB	gtr_epilepsy_gene_summary	GTR epilepsy gene summary	gtr_gene_summary	2.0	silver	CBFB	resolved	gtr_clinical_testing_utilization	2182	4db1a61c04d42b90
216603404dd7e78d	epilepsy	867	ncbi_gene	ENSG00000110395	ensembl_gene	CBL	gtr_epilepsy_gene_summary	GTR epilepsy gene summary	gtr_gene_summary	2.0	silver	CBL	resolved	gtr_clinical_testing_utilization	1141	03284c20ec544870
bc7b2e56daa3654c	epilepsy	875	ncbi_gene	ENSG00000160200	ensembl_gene	CBS	gtr_epilepsy_gene_summary	GTR epilepsy gene summary	gtr_gene_summary	2.0	silver	CBS	resolved	gtr_clinical_testing_utilization	342	f2cfbf17e51963f6
d66c034467192bf2	epilepsy	54862	ncbi_gene	ENSG00000288293	ensembl_gene	CC2D1A	gtr_epilepsy_gene_summary	GTR epilepsy gene summary	gtr_gene_summary	2.0	silver	CC2D1A	resolved	gtr_clinical_testing_utilization	564	92a35cd9d46e431f
38dbe1b0ccd38e2c	epilepsy	57545	ncbi_gene	ENSG00000048342	ensembl_gene	CC2D2A	genes4epilepsy	Genes4Epilepsy	literature_derived	1.0	bronze	CC2D2A	resolved		151	d523c784ea0365f7
38dbe1b0ccd38e2c	epilepsy	57545	ncbi_gene	ENSG00000048342	ensembl_gene	CC2D2A	gtr_epilepsy_gene_summary	GTR epilepsy gene summary	gtr_gene_summary	2.0	silver	CC2D2A	resolved	gtr_clinical_testing_utilization	780	3ac3e94c8c6d1e8e
3e968ad0ac06cb17	epilepsy	147372	ncbi_gene	ENSG00000183287	ensembl_gene	CCBE1	gtr_epilepsy_gene_summary	GTR epilepsy gene summary	gtr_gene_summary	2.0	silver	CCBE1	resolved	gtr_clinical_testing_utilization	1590	6ee2793f3179ffd9
d3ae2f7bdc2820da	epilepsy	51244	ncbi_gene	ENSG00000154781	ensembl_gene	CCDC174	gtr_epilepsy_gene_summary	GTR epilepsy gene summary	gtr_gene_summary	2.0	silver	CCDC174	resolved	gtr_clinical_testing_utilization	2738	06ac6c649e63264d
f2ee1f2768107df9	epilepsy	55088	ncbi_gene	ENSG00000165813	ensembl_gene	CCDC186	genes4epilepsy	Genes4Epilepsy	literature_derived	1.0	bronze	CCDC186	resolved		152	f131a9005aba1611
fdb7e7ac8cb53970	epilepsy	28952	ncbi_gene	ENSG00000101997	ensembl_gene	CCDC22	genes4epilepsy	Genes4Epilepsy	literature_derived	1.0	bronze	CCDC22	resolved		153	ddf143dabc2766ac
fdb7e7ac8cb53970	epilepsy	28952	ncbi_gene	ENSG00000101997	ensembl_gene	CCDC22	gtr_epilepsy_gene_summary	GTR epilepsy gene summary	gtr_gene_summary	2.0	silver	CCDC22	resolved	gtr_clinical_testing_utilization	1162	605aa2c4c97af847
d78fa50e21bf39a2	epilepsy	152137	ncbi_gene	ENSG00000152492	ensembl_gene	CCDC50	gtr_epilepsy_gene_summary	GTR epilepsy gene summary	gtr_gene_summary	2.0	silver	CCDC50	resolved	gtr_clinical_testing_utilization	1337	9eff905be25de008
07a8e11503f3a2f0	epilepsy	124093	ncbi_gene	ENSG00000162004	ensembl_gene	CCDC78	gtr_epilepsy_gene_summary	GTR epilepsy gene summary	gtr_gene_summary	2.0	silver	CCDC78	resolved	gtr_clinical_testing_utilization	2956	2db77b4cb15056f3
6adf3903be17cdc8	epilepsy	83987	ncbi_gene	ENSG00000169515	ensembl_gene	CCDC8	gtr_epilepsy_gene_summary	GTR epilepsy gene summary	gtr_gene_summary	2.0	silver	CCDC8	resolved	gtr_clinical_testing_utilization	1454	fb7a342fb24997f0
1649baa2bfc7c65b	epilepsy	55704	ncbi_gene	ENSG00000115355	ensembl_gene	CCDC88A	genes4epilepsy	Genes4Epilepsy	literature_derived	1.0	bronze	CCDC88A	resolved		154	00aeca21c20ae73b
1649baa2bfc7c65b	epilepsy	55704	ncbi_gene	ENSG00000115355	ensembl_gene	CCDC88A	gtr_epilepsy_gene_summary	GTR epilepsy gene summary	gtr_gene_summary	2.0	silver	CCDC88A	resolved	gtr_clinical_testing_utilization	969	94d5efeb2bd6b3d3
0d4b0c9478eb2cac	epilepsy	440193	ncbi_gene	ENSG00000015133	ensembl_gene	CCDC88C	genes4epilepsy	Genes4Epilepsy	literature_derived	1.0	bronze	CCDC88C	resolved		155	118c979b92ca6765
0d4b0c9478eb2cac	epilepsy	440193	ncbi_gene	ENSG00000015133	ensembl_gene	CCDC88C	gtr_epilepsy_gene_summary	GTR epilepsy gene summary	gtr_gene_summary	2.0	silver	CCDC88C	resolved	gtr_clinical_testing_utilization	756	99e306518cc71939
65c3911419a50056	epilepsy	196477	ncbi_gene	ENSG00000197651	ensembl_gene	CCER1	gtr_epilepsy_gene_summary	GTR epilepsy gene summary	gtr_gene_summary	2.0	silver	CCER1	resolved	gtr_clinical_testing_utilization	2430	a818df2e23259f84
23bfce1650c19959	epilepsy	83605	ncbi_gene	ENSG00000136280	ensembl_gene	CCM2	genes4epilepsy	Genes4Epilepsy	literature_derived	1.0	bronze	CCM2	resolved		156	251d3ae780d61f35
23bfce1650c19959	epilepsy	83605	ncbi_gene	ENSG00000136280	ensembl_gene	CCM2	gtr_epilepsy_gene_summary	GTR epilepsy gene summary	gtr_gene_summary	2.0	silver	CCM2	resolved	gtr_clinical_testing_utilization	972	15d3cb9fa8bb9dc1
72fb2fb3e46781e8	epilepsy	8838	ncbi_gene	ENSG00000112761	ensembl_gene	CCN6	gtr_epilepsy_gene_summary	GTR epilepsy gene summary	gtr_gene_summary	2.0	silver	CCN6	resolved	gtr_clinical_testing_utilization	2131	44b9a5bd4a9ae716
62bf5e428dbc8bc9	epilepsy	595	ncbi_gene	ENSG00000110092	ensembl_gene	CCND1	gtr_epilepsy_gene_summary	GTR epilepsy gene summary	gtr_gene_summary	2.0	silver	CCND1	resolved	gtr_clinical_testing_utilization	2649	105b0388c96dbcc3
592327620b63350d	epilepsy	894	ncbi_gene	ENSG00000118971	ensembl_gene	CCND2	genes4epilepsy	Genes4Epilepsy	literature_derived	1.0	bronze	CCND2	resolved		157	d0794d354140375d
592327620b63350d	epilepsy	894	ncbi_gene	ENSG00000118971	ensembl_gene	CCND2	gtr_epilepsy_gene_summary	GTR epilepsy gene summary	gtr_gene_summary	2.0	silver	CCND2	resolved	gtr_clinical_testing_utilization	629	4e2f38e23561cdc0
85baebf43bd4cd46	epilepsy	79935	ncbi_gene	ENSG00000105219	ensembl_gene	CCNP	gtr_epilepsy_gene_summary	GTR epilepsy gene summary	gtr_gene_summary	2.0	silver	CCNP	resolved	gtr_clinical_testing_utilization	2431	2d654e0754ed3da8
24b26c00add8b8d3	epilepsy	92002	ncbi_gene	ENSG00000262919	ensembl_gene	CCNQ	gtr_epilepsy_gene_summary	GTR epilepsy gene summary	gtr_gene_summary	2.0	silver	CCNQ	resolved	gtr_clinical_testing_utilization	1664	7d67813d6d6d1809
961752f578d376fa	epilepsy	1230	ncbi_gene	ENSG00000163823	ensembl_gene	CCR1	gtr_epilepsy_gene_summary	GTR epilepsy gene summary	gtr_gene_summary	2.0	silver	CCR1	resolved	gtr_clinical_testing_utilization	2957	222499cb71409cb9
c60210064ea129c5	epilepsy	10576	ncbi_gene	ENSG00000166226	ensembl_gene	CCT2	gtr_epilepsy_gene_summary	GTR epilepsy gene summary	gtr_gene_summary	2.0	silver	CCT2	resolved	gtr_clinical_testing_utilization	2739	55bda3a513f1eed0
2ce68db81f34044a	epilepsy	7203	ncbi_gene	ENSG00000163468	ensembl_gene	CCT3	genes4epilepsy	Genes4Epilepsy	literature_derived	1.0	bronze	CCT3	resolved		158	0978e4e23b721bd3
f912c67119e6a2d1	epilepsy	22948	ncbi_gene	ENSG00000150753	ensembl_gene	CCT5	gtr_epilepsy_gene_summary	GTR epilepsy gene summary	gtr_gene_summary	2.0	silver	CCT5	resolved	gtr_clinical_testing_utilization	1834	02a435c60810539f
4efbba982433bb19	epilepsy	908	ncbi_gene	ENSG00000146731	ensembl_gene	CCT6A	genes4epilepsy	Genes4Epilepsy	literature_derived	1.0	bronze	CCT6A	resolved		159	6222adaa2d390afe
d8226c9cf66d80af	epilepsy	10694	ncbi_gene	ENSG00000156261	ensembl_gene	CCT8	genes4epilepsy	Genes4Epilepsy	literature_derived	1.0	bronze	CCT8	resolved		160	5ae8c2119998916b
d1afe8f44cba51e4	epilepsy	8763	ncbi_gene	ENSG00000135535	ensembl_gene	CD164	gtr_epilepsy_gene_summary	GTR epilepsy gene summary	gtr_gene_summary	2.0	silver	CD164	resolved	gtr_clinical_testing_utilization	1896	d386d801ca0103d1
1168fba6e0f0600e	epilepsy	919	ncbi_gene	ENSG00000198821	ensembl_gene	CD247	gtr_epilepsy_gene_summary	GTR epilepsy gene summary	gtr_gene_summary	2.0	silver	CD247	resolved	gtr_clinical_testing_utilization	2078	a6b1accfecb7812f
91313d81461faa2a	epilepsy	51293	ncbi_gene	ENSG00000167775	ensembl_gene	CD320	gtr_epilepsy_gene_summary	GTR epilepsy gene summary	gtr_gene_summary	2.0	silver	CD320	resolved	gtr_clinical_testing_utilization	2535	f2fecb6854c3a4f0
bd17e6b7a3bb7fe7	epilepsy	948	ncbi_gene	ENSG00000135218	ensembl_gene	CD36	gtr_epilepsy_gene_summary	GTR epilepsy gene summary	gtr_gene_summary	2.0	silver	CD36	resolved	gtr_clinical_testing_utilization	1777	4c18ad8d1ce64343
d1e769ee158cac59	epilepsy	915	ncbi_gene	ENSG00000167286	ensembl_gene	CD3D	gtr_epilepsy_gene_summary	GTR epilepsy gene summary	gtr_gene_summary	2.0	silver	CD3D	resolved	gtr_clinical_testing_utilization	2079	93441081fd1c3c86
b697dd0b7949d01c	epilepsy	916	ncbi_gene	ENSG00000198851	ensembl_gene	CD3E	gtr_epilepsy_gene_summary	GTR epilepsy gene summary	gtr_gene_summary	2.0	silver	CD3E	resolved	gtr_clinical_testing_utilization	2080	649ccf3e77723037
716c2299395d5c2d	epilepsy	917	ncbi_gene	ENSG00000160654	ensembl_gene	CD3G	gtr_epilepsy_gene_summary	GTR epilepsy gene summary	gtr_gene_summary	2.0	silver	CD3G	resolved	gtr_clinical_testing_utilization	2081	d289ed7b443be16d
455f2d74334dea04	epilepsy	958	ncbi_gene	ENSG00000101017	ensembl_gene	CD40	gtr_epilepsy_gene_summary	GTR epilepsy gene summary	gtr_gene_summary	2.0	silver	CD40	resolved	gtr_clinical_testing_utilization	2132	5ad158e2202ccf0f
08bfd000b8a0d104	epilepsy	959	ncbi_gene	ENSG00000102245	ensembl_gene	CD40LG	gtr_epilepsy_gene_summary	GTR epilepsy gene summary	gtr_gene_summary	2.0	silver	CD40LG	resolved	gtr_clinical_testing_utilization	2133	84513f4835a5f85d
c552e8840dfdded9	epilepsy	925	ncbi_gene	ENSG00000153563	ensembl_gene	CD8A	gtr_epilepsy_gene_summary	GTR epilepsy gene summary	gtr_gene_summary	2.0	silver	CD8A	resolved	gtr_clinical_testing_utilization	2082	6a0d7292788235f6
b3bd02b999324985	epilepsy	10225	ncbi_gene	ENSG00000153283	ensembl_gene	CD96	gtr_epilepsy_gene_summary	GTR epilepsy gene summary	gtr_gene_summary	2.0	silver	CD96	resolved	gtr_clinical_testing_utilization	1273	5bb5ce791f762049
1a07d84eb3ebf89d	epilepsy	146059	ncbi_gene	ENSG00000140326	ensembl_gene	CDAN1	gtr_epilepsy_gene_summary	GTR epilepsy gene summary	gtr_gene_summary	2.0	silver	CDAN1	resolved	gtr_clinical_testing_utilization	2215	0b074069497ae517
ccdb15fcf90fa133	epilepsy	8556	ncbi_gene	ENSG00000079335	ensembl_gene	CDC14A	gtr_epilepsy_gene_summary	GTR epilepsy gene summary	gtr_gene_summary	2.0	silver	CDC14A	resolved	gtr_clinical_testing_utilization	2740	e65df6152984e6ef
7b5c217dc1f8188d	epilepsy	998	ncbi_gene	ENSG00000070831	ensembl_gene	CDC42	gtr_epilepsy_gene_summary	GTR epilepsy gene summary	gtr_gene_summary	2.0	silver	CDC42	resolved	gtr_clinical_testing_utilization	2958	9a258cbdde3384e4
b8be6d0e04018074	epilepsy	9578	ncbi_gene	ENSG00000198752	ensembl_gene	CDC42BPB	genes4epilepsy	Genes4Epilepsy	literature_derived	1.0	bronze	CDC42BPB	resolved		161	8bc5ea22a9c02b40
b8be6d0e04018074	epilepsy	9578	ncbi_gene	ENSG00000198752	ensembl_gene	CDC42BPB	gtr_epilepsy_gene_summary	GTR epilepsy gene summary	gtr_gene_summary	2.0	silver	CDC42BPB	resolved	gtr_clinical_testing_utilization	2397	541f6d029194d610
b694c9ca914be4ed	epilepsy	8318	ncbi_gene	ENSG00000093009	ensembl_gene	CDC45	gtr_epilepsy_gene_summary	GTR epilepsy gene summary	gtr_gene_summary	2.0	silver	CDC45	resolved	gtr_clinical_testing_utilization	2741	756c5651f72f055c
738dc7c00b09ab11	epilepsy	990	ncbi_gene	ENSG00000094804	ensembl_gene	CDC6	gtr_epilepsy_gene_summary	GTR epilepsy gene summary	gtr_gene_summary	2.0	silver	CDC6	resolved	gtr_clinical_testing_utilization	2650	ed59a3fc6f47b1a4
b38f73df63c64a4a	epilepsy	83879	ncbi_gene	ENSG00000144354	ensembl_gene	CDCA7	gtr_epilepsy_gene_summary	GTR epilepsy gene summary	gtr_gene_summary	2.0	silver	CDCA7	resolved	gtr_clinical_testing_utilization	2134	1bee2aa8a7ad8dce
98230821edfcb38a	epilepsy	1009	ncbi_gene	ENSG00000140937	ensembl_gene	CDH11	gtr_epilepsy_gene_summary	GTR epilepsy gene summary	gtr_gene_summary	2.0	silver	CDH11	resolved	gtr_clinical_testing_utilization	2959	18c6bd7507364513
2f6a21d21b907c83	epilepsy	1013	ncbi_gene	ENSG00000129910	ensembl_gene	CDH15	gtr_epilepsy_gene_summary	GTR epilepsy gene summary	gtr_gene_summary	2.0	silver	CDH15	resolved	gtr_clinical_testing_utilization	943	33cf3927b5a61298
766f0586d88153a9	epilepsy	1016	ncbi_gene	ENSG00000145526	ensembl_gene	CDH18	gtr_epilepsy_gene_summary	GTR epilepsy gene summary	gtr_gene_summary	2.0	silver	CDH18	resolved	gtr_clinical_testing_utilization	2651	dada0e3c1a738b14
681183866049ca32	epilepsy	64072	ncbi_gene	ENSG00000107736	ensembl_gene	CDH23	gtr_epilepsy_gene_summary	GTR epilepsy gene summary	gtr_gene_summary	2.0	silver	CDH23	resolved	gtr_clinical_testing_utilization	804	d4b0bbb93994fd73
857cd25b7984be42	epilepsy	8558	ncbi_gene	ENSG00000185324	ensembl_gene	CDK10	gtr_epilepsy_gene_summary	GTR epilepsy gene summary	gtr_gene_summary	2.0	silver	CDK10	resolved	gtr_clinical_testing_utilization	2960	a8a5ad12f0e23d8f
15ad6a8d262d08ad	epilepsy	8621	ncbi_gene	ENSG00000065883	ensembl_gene	CDK13	genes4epilepsy	Genes4Epilepsy	literature_derived	1.0	bronze	CDK13	resolved		162	bc849651fadbd389
15ad6a8d262d08ad	epilepsy	8621	ncbi_gene	ENSG00000065883	ensembl_gene	CDK13	gtr_epilepsy_gene_summary	GTR epilepsy gene summary	gtr_gene_summary	2.0	silver	CDK13	resolved	gtr_clinical_testing_utilization	1932	7fce8677cc5f42db
a1683cee875f1ad4	epilepsy	23097	ncbi_gene	ENSG00000155111	ensembl_gene	CDK19	genes4epilepsy	Genes4Epilepsy	literature_derived	1.0	bronze	CDK19	resolved		163	2d20af1d218c6ec1
a1683cee875f1ad4	epilepsy	23097	ncbi_gene	ENSG00000155111	ensembl_gene	CDK19	gtr_epilepsy_gene_summary	GTR epilepsy gene summary	gtr_gene_summary	2.0	silver	CDK19	resolved	gtr_clinical_testing_utilization	1618	769c192b8019ced2
7babdea0aebdb648	epilepsy	23552	ncbi_gene	ENSG00000156345	ensembl_gene	CDK20	gtr_epilepsy_gene_summary	GTR epilepsy gene summary	gtr_gene_summary	2.0	silver	CDK20	resolved	gtr_clinical_testing_utilization	2850	2d0a7af1a38cfdf0
19459bb592073910	epilepsy	1020	ncbi_gene	ENSG00000164885	ensembl_gene	CDK5	genes4epilepsy	Genes4Epilepsy	literature_derived	1.0	bronze	CDK5	resolved		164	00a24d944d441145
19459bb592073910	epilepsy	1020	ncbi_gene	ENSG00000164885	ensembl_gene	CDK5	gtr_epilepsy_gene_summary	GTR epilepsy gene summary	gtr_gene_summary	2.0	silver	CDK5	resolved	gtr_clinical_testing_utilization	908	25fafbf36ba93e57
c3a02b5f643bad45	epilepsy	55755	ncbi_gene	ENSG00000136861	ensembl_gene	CDK5RAP2	genes4epilepsy	Genes4Epilepsy	literature_derived	1.0	bronze	CDK5RAP2	resolved		165	c6ced0347745a4d0
c3a02b5f643bad45	epilepsy	55755	ncbi_gene	ENSG00000136861	ensembl_gene	CDK5RAP2	gtr_epilepsy_gene_summary	GTR epilepsy gene summary	gtr_gene_summary	2.0	silver	CDK5RAP2	resolved	gtr_clinical_testing_utilization	996	d7e412bca15af871
e9446191f34ab40d	epilepsy	1021	ncbi_gene	ENSG00000105810	ensembl_gene	CDK6	gtr_epilepsy_gene_summary	GTR epilepsy gene summary	gtr_gene_summary	2.0	silver	CDK6	resolved	gtr_clinical_testing_utilization	1392	435c9bcd3d323d2a
de59a4b9c145dfc8	epilepsy	1025	ncbi_gene	ENSG00000136807	ensembl_gene	CDK9	gtr_epilepsy_gene_summary	GTR epilepsy gene summary	gtr_gene_summary	2.0	silver	CDK9	resolved	gtr_clinical_testing_utilization	2652	2e7223b4483127fc
c692fd158a009931	epilepsy	8999	ncbi_gene	ENSG00000138769	ensembl_gene	CDKL2	genes4epilepsy	Genes4Epilepsy	literature_derived	1.0	bronze	CDKL2	resolved		166	1bce90804c8e1ae7
5d2eb4525d64ac58	epilepsy	6792	ncbi_gene	ENSG00000008086	ensembl_gene	CDKL5	genes4epilepsy	Genes4Epilepsy	literature_derived	1.0	bronze	CDKL5	resolved		167	c97077b84272aa87
5d2eb4525d64ac58	epilepsy	6792	ncbi_gene	ENSG00000008086	ensembl_gene	CDKL5	gtr_epilepsy_gene_summary	GTR epilepsy gene summary	gtr_gene_summary	2.0	silver	CDKL5	resolved	gtr_clinical_testing_utilization	3	b32fcef73a6bd696
f937be95386e24cf	epilepsy	1028	ncbi_gene	ENSG00000273707	ensembl_gene	CDKN1C	gtr_epilepsy_gene_summary	GTR epilepsy gene summary	gtr_gene_summary	2.0	silver	CDKN1C	resolved	gtr_clinical_testing_utilization	1239	0429a34ea70582ef
51cba306cf5c7b80	epilepsy	1029	ncbi_gene	ENSG00000147889	ensembl_gene	CDKN2A	gtr_epilepsy_gene_summary	GTR epilepsy gene summary	gtr_gene_summary	2.0	silver	CDKN2A	resolved	gtr_clinical_testing_utilization	2432	a208473689623304
7e4999ab005747ee	epilepsy	100048912	ncbi_gene	ENSG00000240498	ensembl_gene	CDKN2B-AS1	gtr_epilepsy_gene_summary	GTR epilepsy gene summary	gtr_gene_summary	2.0	silver	CDKN2B-AS1	resolved	gtr_clinical_testing_utilization	2433	815c11185d7b3663
31f1d51e4d694881	epilepsy	50937	ncbi_gene	ENSG00000064309	ensembl_gene	CDON	gtr_epilepsy_gene_summary	GTR epilepsy gene summary	gtr_gene_summary	2.0	silver	CDON	resolved	gtr_clinical_testing_utilization	2961	dfb9231f41aa647e
a0d4714664d87f08	epilepsy	81620	ncbi_gene	ENSG00000167513	ensembl_gene	CDT1	gtr_epilepsy_gene_summary	GTR epilepsy gene summary	gtr_gene_summary	2.0	silver	CDT1	resolved	gtr_clinical_testing_utilization	2653	0f5dd8cb4e7d8a3b
8b4519fe25599550	epilepsy	1044	ncbi_gene	ENSG00000113722	ensembl_gene	CDX1	gtr_epilepsy_gene_summary	GTR epilepsy gene summary	gtr_gene_summary	2.0	silver	CDX1	resolved	gtr_clinical_testing_utilization	2654	894a7fea5ff06a7b
456b9318283d5d1c	epilepsy	388551	ncbi_gene	ENSG00000213892	ensembl_gene	CEACAM16	gtr_epilepsy_gene_summary	GTR epilepsy gene summary	gtr_gene_summary	2.0	silver	CEACAM16	resolved	gtr_clinical_testing_utilization	1338	76ba56df295c9309
38b284c7ddb406dc	epilepsy	1053	ncbi_gene	ENSG00000092067	ensembl_gene	CEBPE	gtr_epilepsy_gene_summary	GTR epilepsy gene summary	gtr_gene_summary	2.0	silver	CEBPE	resolved	gtr_clinical_testing_utilization	2962	a6ca61b831b0b2d2
a7acc1e8b0af8ab6	epilepsy	10659	ncbi_gene	ENSG00000048740	ensembl_gene	CELF2	genes4epilepsy	Genes4Epilepsy	literature_derived	1.0	bronze	CELF2	resolved		168	1b1317c536a6c0c9
a7acc1e8b0af8ab6	epilepsy	10659	ncbi_gene	ENSG00000048740	ensembl_gene	CELF2	gtr_epilepsy_gene_summary	GTR epilepsy gene summary	gtr_gene_summary	2.0	silver	CELF2	resolved	gtr_clinical_testing_utilization	2963	b93b7ac7ae07209e
630cb453d5f8953f	epilepsy	56853	ncbi_gene	ENSG00000101489	ensembl_gene	CELF4	genes4epilepsy	Genes4Epilepsy	literature_derived	1.0	bronze	CELF4	resolved		169	82f38143b5aa4075
630cb453d5f8953f	epilepsy	56853	ncbi_gene	ENSG00000101489	ensembl_gene	CELF4	gtr_epilepsy_gene_summary	GTR epilepsy gene summary	gtr_gene_summary	2.0	silver	CELF4	resolved	gtr_clinical_testing_utilization	2964	64a59d087392cdf7
f00dc12f8245c4f3	epilepsy	9620	ncbi_gene	ENSG00000075275	ensembl_gene	CELSR1	genes4epilepsy	Genes4Epilepsy	literature_derived	1.0	bronze	CELSR1	resolved		170	33f7b471d577e939
f00dc12f8245c4f3	epilepsy	9620	ncbi_gene	ENSG00000075275	ensembl_gene	CELSR1	gtr_epilepsy_gene_summary	GTR epilepsy gene summary	gtr_gene_summary	2.0	silver	CELSR1	resolved	gtr_clinical_testing_utilization	2851	d493d495df8151f4
1722186323ea8b1d	epilepsy	1062	ncbi_gene	ENSG00000138778	ensembl_gene	CENPE	gtr_epilepsy_gene_summary	GTR epilepsy gene summary	gtr_gene_summary	2.0	silver	CENPE	resolved	gtr_clinical_testing_utilization	1600	4f4ce3df7d502a86
b074cfb317078044	epilepsy	1063	ncbi_gene	ENSG00000117724	ensembl_gene	CENPF	genes4epilepsy	Genes4Epilepsy	literature_derived	1.0	bronze	CENPF	resolved		171	d69ec21a218925be
b074cfb317078044	epilepsy	1063	ncbi_gene	ENSG00000117724	ensembl_gene	CENPF	gtr_epilepsy_gene_summary	GTR epilepsy gene summary	gtr_gene_summary	2.0	silver	CENPF	resolved	gtr_clinical_testing_utilization	2206	f5f8f2cdad58e59c
9be37e851410ba12	epilepsy	9731	ncbi_gene	ENSG00000116198	ensembl_gene	CEP104	gtr_epilepsy_gene_summary	GTR epilepsy gene summary	gtr_gene_summary	2.0	silver	CEP104	resolved	gtr_clinical_testing_utilization	1470	7cac2f10dfcdda42
afa0da83c0db124e	epilepsy	153241	ncbi_gene	ENSG00000168944	ensembl_gene	CEP120	gtr_epilepsy_gene_summary	GTR epilepsy gene summary	gtr_gene_summary	2.0	silver	CEP120	resolved	gtr_clinical_testing_utilization	1933	6efc2d0b9c675af1
11392532dba81761	epilepsy	9662	ncbi_gene	ENSG00000174799	ensembl_gene	CEP135	gtr_epilepsy_gene_summary	GTR epilepsy gene summary	gtr_gene_summary	2.0	silver	CEP135	resolved	gtr_clinical_testing_utilization	1922	329312c154625f54
07949e9dc6011c10	epilepsy	22995	ncbi_gene	ENSG00000103995	ensembl_gene	CEP152	gtr_epilepsy_gene_summary	GTR epilepsy gene summary	gtr_gene_summary	2.0	silver	CEP152	resolved	gtr_clinical_testing_utilization	1389	7b4e2e4fd1178f8d
3729564ce64f0bcd	epilepsy	22897	ncbi_gene	ENSG00000110274	ensembl_gene	CEP164	gtr_epilepsy_gene_summary	GTR epilepsy gene summary	gtr_gene_summary	2.0	silver	CEP164	resolved	gtr_clinical_testing_utilization	844	baced08084861857
c799a931f2b86d77	epilepsy	84984	ncbi_gene	ENSG00000174007	ensembl_gene	CEP19	gtr_epilepsy_gene_summary	GTR epilepsy gene summary	gtr_gene_summary	2.0	silver	CEP19	resolved	gtr_clinical_testing_utilization	1923	bf4b84cc6208e344
cf2c197c5faf5106	epilepsy	80184	ncbi_gene	ENSG00000198707	ensembl_gene	CEP290	gtr_epilepsy_gene_summary	GTR epilepsy gene summary	gtr_gene_summary	2.0	silver	CEP290	resolved	gtr_clinical_testing_utilization	572	fc51f6d78ed828bb
8558b6580cfc4086	epilepsy	95681	ncbi_gene	ENSG00000106477	ensembl_gene	CEP41	gtr_epilepsy_gene_summary	GTR epilepsy gene summary	gtr_gene_summary	2.0	silver	CEP41	resolved	gtr_clinical_testing_utilization	1378	a3776e6d209be0b9
ef4f1b0bbf6b059e	epilepsy	55165	ncbi_gene	ENSG00000138180	ensembl_gene	CEP55	gtr_epilepsy_gene_summary	GTR epilepsy gene summary	gtr_gene_summary	2.0	silver	CEP55	resolved	gtr_clinical_testing_utilization	2742	3e135223ae3ee777
006780c87c79b476	epilepsy	9702	ncbi_gene	ENSG00000166037	ensembl_gene	CEP57	gtr_epilepsy_gene_summary	GTR epilepsy gene summary	gtr_gene_summary	2.0	silver	CEP57	resolved	gtr_clinical_testing_utilization	2965	b868fb79e5bf4663
917d31e6b3775331	epilepsy	80254	ncbi_gene	ENSG00000182923	ensembl_gene	CEP63	gtr_epilepsy_gene_summary	GTR epilepsy gene summary	gtr_gene_summary	2.0	silver	CEP63	resolved	gtr_clinical_testing_utilization	1924	321381fcb5a4e558
41e16433d98dd857	epilepsy	84131	ncbi_gene	ENSG00000148019	ensembl_gene	CEP78	gtr_epilepsy_gene_summary	GTR epilepsy gene summary	gtr_gene_summary	2.0	silver	CEP78	resolved	gtr_clinical_testing_utilization	2655	9cfaae116d521ff3
bcb84f991736877e	epilepsy	51134	ncbi_gene	ENSG00000173588	ensembl_gene	CEP83	gtr_epilepsy_gene_summary	GTR epilepsy gene summary	gtr_gene_summary	2.0	silver	CEP83	resolved	gtr_clinical_testing_utilization	2743	06a883535c4e8fd7
26cd47c1133e7aee	epilepsy	387119	ncbi_gene	ENSG00000111860	ensembl_gene	CEP85L	genes4epilepsy	Genes4Epilepsy	literature_derived	1.0	bronze	CEP85L	resolved		172	7bd2383162554a54
26cd47c1133e7aee	epilepsy	387119	ncbi_gene	ENSG00000111860	ensembl_gene	CEP85L	gtr_epilepsy_gene_summary	GTR epilepsy gene summary	gtr_gene_summary	2.0	silver	CEP85L	resolved	gtr_clinical_testing_utilization	2966	1c55d1ea052bfb59
fe13c3fb703d1763	epilepsy	84902	ncbi_gene	ENSG00000121289	ensembl_gene	CEP89	gtr_epilepsy_gene_summary	GTR epilepsy gene summary	gtr_gene_summary	2.0	silver	CEP89	resolved	gtr_clinical_testing_utilization	2251	67569ac67b1a6f67
cb110abc9026066a	epilepsy	79598	ncbi_gene	ENSG00000182504	ensembl_gene	CEP97	gtr_epilepsy_gene_summary	GTR epilepsy gene summary	gtr_gene_summary	2.0	silver	CEP97	resolved	gtr_clinical_testing_utilization	2281	234c2d91a946e1c9
c9b3d6fc8e3377ce	epilepsy	375298	ncbi_gene	ENSG00000188452	ensembl_gene	CERKL	gtr_epilepsy_gene_summary	GTR epilepsy gene summary	gtr_gene_summary	2.0	silver	CERKL	resolved	gtr_clinical_testing_utilization	2083	814c1bbdd84939a5
782560cc11c92ba9	epilepsy	10715	ncbi_gene	ENSG00000223802	ensembl_gene	CERS1	genes4epilepsy	Genes4Epilepsy	literature_derived	1.0	bronze	CERS1	resolved		173	c1ab44204292f989
782560cc11c92ba9	epilepsy	10715	ncbi_gene	ENSG00000223802	ensembl_gene	CERS1	gtr_epilepsy_gene_summary	GTR epilepsy gene summary	gtr_gene_summary	2.0	silver	CERS1	resolved	gtr_clinical_testing_utilization	188	e37b316b96dd68dd
e41c12a05d7a1b49	epilepsy	29956	ncbi_gene	ENSG00000143418	ensembl_gene	CERS2	gtr_epilepsy_gene_summary	GTR epilepsy gene summary	gtr_gene_summary	2.0	silver	CERS2	resolved	gtr_clinical_testing_utilization	2220	2786bf456c1a291a
286efc7ecdb24130	epilepsy	204219	ncbi_gene	ENSG00000154227	ensembl_gene	CERS3	gtr_epilepsy_gene_summary	GTR epilepsy gene summary	gtr_gene_summary	2.0	silver	CERS3	resolved	gtr_clinical_testing_utilization	2135	06d3754ca452bf07
a15b4f1f75f2757f	epilepsy	10087	ncbi_gene	ENSG00000113163	ensembl_gene	CERT1	genes4epilepsy	Genes4Epilepsy	literature_derived	1.0	bronze	CERT1	resolved		174	7cc0e5cde3cd121f
a15b4f1f75f2757f	epilepsy	10087	ncbi_gene	ENSG00000113163	ensembl_gene	CERT1	gtr_epilepsy_gene_summary	GTR epilepsy gene summary	gtr_gene_summary	2.0	silver	CERT1	resolved	gtr_clinical_testing_utilization	709	261e455d31d67549
3b7f53a778c4dfd5	epilepsy	157657	ncbi_gene	ENSG00000156172	ensembl_gene	CFAP418	gtr_epilepsy_gene_summary	GTR epilepsy gene summary	gtr_gene_summary	2.0	silver	CFAP418	resolved	gtr_clinical_testing_utilization	2852	95bae31951dd3816
683e6edcbe61703f	epilepsy	3075	ncbi_gene	ENSG00000000971	ensembl_gene	CFH	gtr_epilepsy_gene_summary	GTR epilepsy gene summary	gtr_gene_summary	2.0	silver	CFH	resolved	gtr_clinical_testing_utilization	2363	e3d705b583fb6249
862d0fe2f7853a10	epilepsy	3078	ncbi_gene	ENSG00000244414	ensembl_gene	CFHR1	gtr_epilepsy_gene_summary	GTR epilepsy gene summary	gtr_gene_summary	2.0	silver	CFHR1	resolved	gtr_clinical_testing_utilization	2364	26b07feb57a66438
64838bf582c653b7	epilepsy	3080	ncbi_gene	ENSG00000080910	ensembl_gene	CFHR2	gtr_epilepsy_gene_summary	GTR epilepsy gene summary	gtr_gene_summary	2.0	silver	CFHR2	resolved	gtr_clinical_testing_utilization	2434	2622cbe4908137cc
25683833318ae936	epilepsy	10878	ncbi_gene	ENSG00000116785	ensembl_gene	CFHR3	gtr_epilepsy_gene_summary	GTR epilepsy gene summary	gtr_gene_summary	2.0	silver	CFHR3	resolved	gtr_clinical_testing_utilization	1741	f6015a3cfa311bcc
3f9e3847c3a2050c	epilepsy	3426	ncbi_gene	ENSG00000205403	ensembl_gene	CFI	gtr_epilepsy_gene_summary	GTR epilepsy gene summary	gtr_gene_summary	2.0	silver	CFI	resolved	gtr_clinical_testing_utilization	1781	f4154eac2d2c0628
55145d5d2c6a5f7b	epilepsy	1073	ncbi_gene	ENSG00000165410	ensembl_gene	CFL2	gtr_epilepsy_gene_summary	GTR epilepsy gene summary	gtr_gene_summary	2.0	silver	CFL2	resolved	gtr_clinical_testing_utilization	2967	b26f3a35274fd9b7
d5320aefd7aa091e	epilepsy	1080	ncbi_gene	ENSG00000001626	ensembl_gene	CFTR	gtr_epilepsy_gene_summary	GTR epilepsy gene summary	gtr_gene_summary	2.0	silver	CFTR	resolved	gtr_clinical_testing_utilization	1430	08038d96f9773790
9eb0f0045fc70941	epilepsy	283489	ncbi_gene	ENSG00000198824	ensembl_gene	CHAMP1	gtr_epilepsy_gene_summary	GTR epilepsy gene summary	gtr_gene_summary	2.0	silver	CHAMP1	resolved	gtr_clinical_testing_utilization	1934	a13ff0f5340cdd05
4c699a4b0048ecec	epilepsy	1103	ncbi_gene	ENSG00000070748	ensembl_gene	CHAT	gtr_epilepsy_gene_summary	GTR epilepsy gene summary	gtr_gene_summary	2.0	silver	CHAT	resolved	gtr_clinical_testing_utilization	1056	ba2ce891e5e54ef6
aafbd48305f2c0fe	epilepsy	400916	ncbi_gene	ENSG00000273607	ensembl_gene	CHCHD10	gtr_epilepsy_gene_summary	GTR epilepsy gene summary	gtr_gene_summary	2.0	silver	CHCHD10	resolved	gtr_clinical_testing_utilization	1635	4267cbf9253136f1
4ff04a7cadc3c0bd	epilepsy	51142	ncbi_gene	ENSG00000106153	ensembl_gene	CHCHD2	gtr_epilepsy_gene_summary	GTR epilepsy gene summary	gtr_gene_summary	2.0	silver	CHCHD2	resolved	gtr_clinical_testing_utilization	2853	105c52e5ef148013
bac85903c11e9243	epilepsy	1105	ncbi_gene	ENSG00000153922	ensembl_gene	CHD1	genes4epilepsy	Genes4Epilepsy	literature_derived	1.0	bronze	CHD1	resolved		175	d5e2604cef961e52
bac85903c11e9243	epilepsy	1105	ncbi_gene	ENSG00000153922	ensembl_gene	CHD1	gtr_epilepsy_gene_summary	GTR epilepsy gene summary	gtr_gene_summary	2.0	silver	CHD1	resolved	gtr_clinical_testing_utilization	1568	c92b92b525023e01
006e5634f0e36e31	epilepsy	1106	ncbi_gene	ENSG00000173575	ensembl_gene	CHD2	genes4epilepsy	Genes4Epilepsy	literature_derived	1.0	bronze	CHD2	resolved		176	4c31a3eb1f4627d3
006e5634f0e36e31	epilepsy	1106	ncbi_gene	ENSG00000173575	ensembl_gene	CHD2	gtr_epilepsy_gene_summary	GTR epilepsy gene summary	gtr_gene_summary	2.0	silver	CHD2	resolved	gtr_clinical_testing_utilization	45	245e7c5a6b5f08e9
42def04d00738dc3	epilepsy	1107	ncbi_gene	ENSG00000170004	ensembl_gene	CHD3	genes4epilepsy	Genes4Epilepsy	literature_derived	1.0	bronze	CHD3	resolved		177	b5cb6f3f9beeb7a5
902babfb165ddb02	epilepsy	1108	ncbi_gene	ENSG00000111642	ensembl_gene	CHD4	genes4epilepsy	Genes4Epilepsy	literature_derived	1.0	bronze	CHD4	resolved		178	142c7fe3622d39da
902babfb165ddb02	epilepsy	1108	ncbi_gene	ENSG00000111642	ensembl_gene	CHD4	gtr_epilepsy_gene_summary	GTR epilepsy gene summary	gtr_gene_summary	2.0	silver	CHD4	resolved	gtr_clinical_testing_utilization	1897	239cb6dd149d4e97
2d0ac4c5fa0a8ba5	epilepsy	26038	ncbi_gene	ENSG00000116254	ensembl_gene	CHD5	genes4epilepsy	Genes4Epilepsy	literature_derived	1.0	bronze	CHD5	resolved		179	2f9a98f267f31946
bcc9f7aa3df805c5	epilepsy	55636	ncbi_gene	ENSG00000171316	ensembl_gene	CHD7	gtr_epilepsy_gene_summary	GTR epilepsy gene summary	gtr_gene_summary	2.0	silver	CHD7	resolved	gtr_clinical_testing_utilization	603	ac18b5f391cbeb8f
968b62c49296e7dd	epilepsy	57680	ncbi_gene	ENSG00000100888	ensembl_gene	CHD8	gtr_epilepsy_gene_summary	GTR epilepsy gene summary	gtr_gene_summary	2.0	silver	CHD8	resolved	gtr_clinical_testing_utilization	1145	340e0489f6ee2286
bca84945506e820d	epilepsy	10523	ncbi_gene	ENSG00000085872	ensembl_gene	CHERP	gtr_epilepsy_gene_summary	GTR epilepsy gene summary	gtr_gene_summary	2.0	silver	CHERP	resolved	gtr_clinical_testing_utilization	2435	98329d4446a64281
05d4f3083387132b	epilepsy	1116	ncbi_gene	ENSG00000133048	ensembl_gene	CHI3L1	gtr_epilepsy_gene_summary	GTR epilepsy gene summary	gtr_gene_summary	2.0	silver	CHI3L1	resolved	gtr_clinical_testing_utilization	2744	4af9e451f10d17b0
071ed3a20dd56a79	epilepsy	1119	ncbi_gene	ENSG00000110721	ensembl_gene	CHKA	genes4epilepsy	Genes4Epilepsy	literature_derived	1.0	bronze	CHKA	resolved		180	9269fe0444a9c190
84b9aa150d51afe8	epilepsy	1120	ncbi_gene	ENSG00000100288	ensembl_gene	CHKB	gtr_epilepsy_gene_summary	GTR epilepsy gene summary	gtr_gene_summary	2.0	silver	CHKB	resolved	gtr_clinical_testing_utilization	1665	d25cdff2ecdc4e55
be38ad7515d6ea84	epilepsy	10752	ncbi_gene	ENSG00000134121	ensembl_gene	CHL1	gtr_epilepsy_gene_summary	GTR epilepsy gene summary	gtr_gene_summary	2.0	silver	CHL1	resolved	gtr_clinical_testing_utilization	2968	8dc12554d9655693
f0e7c93dc24f1d26	epilepsy	5119	ncbi_gene	ENSG00000131165	ensembl_gene	CHMP1A	gtr_epilepsy_gene_summary	GTR epilepsy gene summary	gtr_gene_summary	2.0	silver	CHMP1A	resolved	gtr_clinical_testing_utilization	811	0a5bd9f9cfc3d95e
2816dae7b45547a3	epilepsy	25978	ncbi_gene	ENSG00000083937	ensembl_gene	CHMP2B	gtr_epilepsy_gene_summary	GTR epilepsy gene summary	gtr_gene_summary	2.0	silver	CHMP2B	resolved	gtr_clinical_testing_utilization	1835	b3d5d13f0c89ddb8
34543c14981dc0ec	epilepsy	1134	ncbi_gene	ENSG00000138435	ensembl_gene	CHRNA1	gtr_epilepsy_gene_summary	GTR epilepsy gene summary	gtr_gene_summary	2.0	silver	CHRNA1	resolved	gtr_clinical_testing_utilization	1666	c931ae9a900c79cb
f2df0ccf5d26bde9	epilepsy	1135	ncbi_gene	ENSG00000120903	ensembl_gene	CHRNA2	genes4epilepsy	Genes4Epilepsy	literature_derived	1.0	bronze	CHRNA2	resolved		181	d35c2980212385ed
f2df0ccf5d26bde9	epilepsy	1135	ncbi_gene	ENSG00000120903	ensembl_gene	CHRNA2	gtr_epilepsy_gene_summary	GTR epilepsy gene summary	gtr_gene_summary	2.0	silver	CHRNA2	resolved	gtr_clinical_testing_utilization	52	266cc2131dd5a78e
9c81bfb605697eca	epilepsy	1137	ncbi_gene	ENSG00000101204	ensembl_gene	CHRNA4	genes4epilepsy	Genes4Epilepsy	literature_derived	1.0	bronze	CHRNA4	resolved		182	9599f602603b95a0
9c81bfb605697eca	epilepsy	1137	ncbi_gene	ENSG00000101204	ensembl_gene	CHRNA4	gtr_epilepsy_gene_summary	GTR epilepsy gene summary	gtr_gene_summary	2.0	silver	CHRNA4	resolved	gtr_clinical_testing_utilization	47	54f8888c85fce16a
23ec4115b3371837	epilepsy	1139	ncbi_gene	ENSG00000175344	ensembl_gene	CHRNA7	gtr_epilepsy_gene_summary	GTR epilepsy gene summary	gtr_gene_summary	2.0	silver	CHRNA7	resolved	gtr_clinical_testing_utilization	646	fca160eafa2fefb8
988ef8c715f9a198	epilepsy	1140	ncbi_gene	ENSG00000283946	ensembl_gene	CHRNB1	gtr_epilepsy_gene_summary	GTR epilepsy gene summary	gtr_gene_summary	2.0	silver	CHRNB1	resolved	gtr_clinical_testing_utilization	1667	49e216aad510daae
9f4e691a52c7d341	epilepsy	1141	ncbi_gene	ENSG00000160716	ensembl_gene	CHRNB2	genes4epilepsy	Genes4Epilepsy	literature_derived	1.0	bronze	CHRNB2	resolved		183	291c60b8464e19b6
9f4e691a52c7d341	epilepsy	1141	ncbi_gene	ENSG00000160716	ensembl_gene	CHRNB2	gtr_epilepsy_gene_summary	GTR epilepsy gene summary	gtr_gene_summary	2.0	silver	CHRNB2	resolved	gtr_clinical_testing_utilization	42	910d23d0575f8bbf
ba95188c6f47bc0a	epilepsy	1144	ncbi_gene	ENSG00000135902	ensembl_gene	CHRND	gtr_epilepsy_gene_summary	GTR epilepsy gene summary	gtr_gene_summary	2.0	silver	CHRND	resolved	gtr_clinical_testing_utilization	1668	cf8c7fca5149fb47
388250b9372b186e	epilepsy	1145	ncbi_gene	ENSG00000108556	ensembl_gene	CHRNE	gtr_epilepsy_gene_summary	GTR epilepsy gene summary	gtr_gene_summary	2.0	silver	CHRNE	resolved	gtr_clinical_testing_utilization	1042	26d4d2af4bb214ad
80b9832adc9aa0a0	epilepsy	1146	ncbi_gene	ENSG00000196811	ensembl_gene	CHRNG	gtr_epilepsy_gene_summary	GTR epilepsy gene summary	gtr_gene_summary	2.0	silver	CHRNG	resolved	gtr_clinical_testing_utilization	1507	76b35dda2b5377b5
c449f9758243e39c	epilepsy	113189	ncbi_gene	ENSG00000169105	ensembl_gene	CHST14	gtr_epilepsy_gene_summary	GTR epilepsy gene summary	gtr_gene_summary	2.0	silver	CHST14	resolved	gtr_clinical_testing_utilization	2969	c8aede2f25593d90
2edabd1347872e09	epilepsy	4166	ncbi_gene	ENSG00000183196	ensembl_gene	CHST6	gtr_epilepsy_gene_summary	GTR epilepsy gene summary	gtr_gene_summary	2.0	silver	CHST6	resolved	gtr_clinical_testing_utilization	2136	4c5e6cfbb945c19c
9b1695bd5fbc0189	epilepsy	10518	ncbi_gene	ENSG00000136425	ensembl_gene	CIB2	gtr_epilepsy_gene_summary	GTR epilepsy gene summary	gtr_gene_summary	2.0	silver	CIB2	resolved	gtr_clinical_testing_utilization	805	eb749f156b7bce01
4e8966a7145bd5aa	epilepsy	23152	ncbi_gene	ENSG00000079432	ensembl_gene	CIC	genes4epilepsy	Genes4Epilepsy	literature_derived	1.0	bronze	CIC	resolved		184	e753928e5e8d15c8
4e8966a7145bd5aa	epilepsy	23152	ncbi_gene	ENSG00000079432	ensembl_gene	CIC	gtr_epilepsy_gene_summary	GTR epilepsy gene summary	gtr_gene_summary	2.0	silver	CIC	resolved	gtr_clinical_testing_utilization	1210	297fccec44f7089a
012d3e4502fdd088	epilepsy	4261	ncbi_gene	ENSG00000179583	ensembl_gene	CIITA	gtr_epilepsy_gene_summary	GTR epilepsy gene summary	gtr_gene_summary	2.0	silver	CIITA	resolved	gtr_clinical_testing_utilization	2137	7aa8fdf9e002b6b9
1ac40d1a29d04cff	epilepsy	22858	ncbi_gene	ENSG00000112144	ensembl_gene	CILK1	gtr_epilepsy_gene_summary	GTR epilepsy gene summary	gtr_gene_summary	2.0	silver	CILK1	resolved	gtr_clinical_testing_utilization	462	15b275d524cfd356
bef79d6ab94d7e12	epilepsy	493856	ncbi_gene	ENSG00000145354	ensembl_gene	CISD2	gtr_epilepsy_gene_summary	GTR epilepsy gene summary	gtr_gene_summary	2.0	silver	CISD2	resolved	gtr_clinical_testing_utilization	1383	e0b5ceaf8c757d8e
143f5fb9bb0da4ce	epilepsy	11113	ncbi_gene	ENSG00000122966	ensembl_gene	CIT	gtr_epilepsy_gene_summary	GTR epilepsy gene summary	gtr_gene_summary	2.0	silver	CIT	resolved	gtr_clinical_testing_utilization	1282	cc5e1ca89d8ad56e
528de2cd18cad733	epilepsy	25792	ncbi_gene	ENSG00000148337	ensembl_gene	CIZ1	gtr_epilepsy_gene_summary	GTR epilepsy gene summary	gtr_gene_summary	2.0	silver	CIZ1	resolved	gtr_clinical_testing_utilization	1226	9c2ec0c786f3250f
3b0fcccf6c2ce1ad	epilepsy	150468	ncbi_gene	ENSG00000169607	ensembl_gene	CKAP2L	gtr_epilepsy_gene_summary	GTR epilepsy gene summary	gtr_gene_summary	2.0	silver	CKAP2L	resolved	gtr_clinical_testing_utilization	876	633f35a9d53b2024
9f6f4e94ce32d23b	epilepsy	23529	ncbi_gene	ENSG00000175505	ensembl_gene	CLCF1	gtr_epilepsy_gene_summary	GTR epilepsy gene summary	gtr_gene_summary	2.0	silver	CLCF1	resolved	gtr_clinical_testing_utilization	1508	bac55533cd4063c3
76f652d5792e6bce	epilepsy	1180	ncbi_gene	ENSG00000188037	ensembl_gene	CLCN1	gtr_epilepsy_gene_summary	GTR epilepsy gene summary	gtr_gene_summary	2.0	silver	CLCN1	resolved	gtr_clinical_testing_utilization	1441	eaa81419a8ff8b5b
893fbf38922799f8	epilepsy	1181	ncbi_gene	ENSG00000114859	ensembl_gene	CLCN2	gtr_epilepsy_gene_summary	GTR epilepsy gene summary	gtr_gene_summary	2.0	silver	CLCN2	resolved	gtr_clinical_testing_utilization	103	29f850eb7b99ccf8
1f76a0e54009615e	epilepsy	1182	ncbi_gene	ENSG00000109572	ensembl_gene	CLCN3	genes4epilepsy	Genes4Epilepsy	literature_derived	1.0	bronze	CLCN3	resolved		185	3e9e94a9e3b8429b
1a9509cbfb4691d5	epilepsy	1183	ncbi_gene	ENSG00000073464	ensembl_gene	CLCN4	genes4epilepsy	Genes4Epilepsy	literature_derived	1.0	bronze	CLCN4	resolved		186	df298d16538db5e3
1a9509cbfb4691d5	epilepsy	1183	ncbi_gene	ENSG00000073464	ensembl_gene	CLCN4	gtr_epilepsy_gene_summary	GTR epilepsy gene summary	gtr_gene_summary	2.0	silver	CLCN4	resolved	gtr_clinical_testing_utilization	223	8ddb39f922661522
4b22d6811348b388	epilepsy	1184	ncbi_gene	ENSG00000171365	ensembl_gene	CLCN5	gtr_epilepsy_gene_summary	GTR epilepsy gene summary	gtr_gene_summary	2.0	silver	CLCN5	resolved	gtr_clinical_testing_utilization	1486	68fcbcc4fd85d72d
f8ef63c89cd4aaa1	epilepsy	1185	ncbi_gene	ENSG00000011021	ensembl_gene	CLCN6	genes4epilepsy	Genes4Epilepsy	literature_derived	1.0	bronze	CLCN6	resolved		187	6b6fef6e5e951c4c
2c3a147160536f9f	epilepsy	1187	ncbi_gene	ENSG00000186510	ensembl_gene	CLCNKA	gtr_epilepsy_gene_summary	GTR epilepsy gene summary	gtr_gene_summary	2.0	silver	CLCNKA	resolved	gtr_clinical_testing_utilization	1117	f3366f174605a26e
191ba3603f5defc1	epilepsy	1188	ncbi_gene	ENSG00000184908	ensembl_gene	CLCNKB	gtr_epilepsy_gene_summary	GTR epilepsy gene summary	gtr_gene_summary	2.0	silver	CLCNKB	resolved	gtr_clinical_testing_utilization	831	7dcf142350a98c81
78ce4b8146e17a64	epilepsy	23562	ncbi_gene	ENSG00000159261	ensembl_gene	CLDN14	gtr_epilepsy_gene_summary	GTR epilepsy gene summary	gtr_gene_summary	2.0	silver	CLDN14	resolved	gtr_clinical_testing_utilization	1339	7120df87e27b9a5f
445e0bb2c5fda109	epilepsy	10686	ncbi_gene	ENSG00000113946	ensembl_gene	CLDN16	gtr_epilepsy_gene_summary	GTR epilepsy gene summary	gtr_gene_summary	2.0	silver	CLDN16	resolved	gtr_clinical_testing_utilization	724	58495eeb99fd74e6
6d5917ef0e0784b4	epilepsy	149461	ncbi_gene	ENSG00000164007	ensembl_gene	CLDN19	gtr_epilepsy_gene_summary	GTR epilepsy gene summary	gtr_gene_summary	2.0	silver	CLDN19	resolved	gtr_clinical_testing_utilization	1407	fc769c0403048773
3376d9dd6cb70122	epilepsy	7122	ncbi_gene	ENSG00000184113	ensembl_gene	CLDN5	genes4epilepsy	Genes4Epilepsy	literature_derived	1.0	bronze	CLDN5	resolved		188	7313342f96e326ed
3376d9dd6cb70122	epilepsy	7122	ncbi_gene	ENSG00000184113	ensembl_gene	CLDN5	gtr_epilepsy_gene_summary	GTR epilepsy gene summary	gtr_gene_summary	2.0	silver	CLDN5	resolved	gtr_clinical_testing_utilization	2970	b21cd19be7aa3a3a
da5fb1201ead1a78	epilepsy	9080	ncbi_gene	ENSG00000213937	ensembl_gene	CLDN9	gtr_epilepsy_gene_summary	GTR epilepsy gene summary	gtr_gene_summary	2.0	silver	CLDN9	resolved	gtr_clinical_testing_utilization	2560	3892ed7f1d1b428e
4c8d5203b8821a52	epilepsy	64581	ncbi_gene	ENSG00000172243	ensembl_gene	CLEC7A	gtr_epilepsy_gene_summary	GTR epilepsy gene summary	gtr_gene_summary	2.0	silver	CLEC7A	resolved	gtr_clinical_testing_utilization	2971	e9db59c5a0d14123
e8f079d7ca8e75e6	epilepsy	1193	ncbi_gene	ENSG00000155962	ensembl_gene	CLIC2	gtr_epilepsy_gene_summary	GTR epilepsy gene summary	gtr_gene_summary	2.0	silver	CLIC2	resolved	gtr_clinical_testing_utilization	534	099d54de3b3e28e8
a1058493fdded615	epilepsy	53405	ncbi_gene	ENSG00000112782	ensembl_gene	CLIC5	gtr_epilepsy_gene_summary	GTR epilepsy gene summary	gtr_gene_summary	2.0	silver	CLIC5	resolved	gtr_clinical_testing_utilization	1898	e0a7253e3383ea84
89718df83e2c5437	epilepsy	6249	ncbi_gene	ENSG00000130779	ensembl_gene	CLIP1	gtr_epilepsy_gene_summary	GTR epilepsy gene summary	gtr_gene_summary	2.0	silver	CLIP1	resolved	gtr_clinical_testing_utilization	2027	0d1734bdbde075e4
22c7c20f85eb454b	epilepsy	79827	ncbi_gene	ENSG00000166250	ensembl_gene	CLMP	gtr_epilepsy_gene_summary	GTR epilepsy gene summary	gtr_gene_summary	2.0	silver	CLMP	resolved	gtr_clinical_testing_utilization	2972	4f6646df54ea07b1
73697fdd9625ca16	epilepsy	1201	ncbi_gene	ENSG00000188603	ensembl_gene	CLN3	genes4epilepsy	Genes4Epilepsy	literature_derived	1.0	bronze	CLN3	resolved		189	a9ad00fa7aa1a50b
73697fdd9625ca16	epilepsy	1201	ncbi_gene	ENSG00000188603	ensembl_gene	CLN3	gtr_epilepsy_gene_summary	GTR epilepsy gene summary	gtr_gene_summary	2.0	silver	CLN3	resolved	gtr_clinical_testing_utilization	117	8d76deb53054c977
138a9211a08e6d64	epilepsy	1203	ncbi_gene	ENSG00000102805	ensembl_gene	CLN5	genes4epilepsy	Genes4Epilepsy	literature_derived	1.0	bronze	CLN5	resolved		190	d875e3ee9a660898
138a9211a08e6d64	epilepsy	1203	ncbi_gene	ENSG00000102805	ensembl_gene	CLN5	gtr_epilepsy_gene_summary	GTR epilepsy gene summary	gtr_gene_summary	2.0	silver	CLN5	resolved	gtr_clinical_testing_utilization	116	3a86d9ccca912031
d7c1d9a1b573b529	epilepsy	54982	ncbi_gene	ENSG00000128973	ensembl_gene	CLN6	genes4epilepsy	Genes4Epilepsy	literature_derived	1.0	bronze	CLN6	resolved		191	a1c45ec4f7e43e62
d7c1d9a1b573b529	epilepsy	54982	ncbi_gene	ENSG00000128973	ensembl_gene	CLN6	gtr_epilepsy_gene_summary	GTR epilepsy gene summary	gtr_gene_summary	2.0	silver	CLN6	resolved	gtr_clinical_testing_utilization	105	ae125c41a79d702a
ef91b01576c741e7	epilepsy	2055	ncbi_gene	ENSG00000278220	ensembl_gene	CLN8	genes4epilepsy	Genes4Epilepsy	literature_derived	1.0	bronze	CLN8	resolved		192	55051d9a7ea24bc3
ef91b01576c741e7	epilepsy	2055	ncbi_gene	ENSG00000278220	ensembl_gene	CLN8	gtr_epilepsy_gene_summary	GTR epilepsy gene summary	gtr_gene_summary	2.0	silver	CLN8	resolved	gtr_clinical_testing_utilization	26	904a861b79743454
7f95f1b39e828722	epilepsy	10978	ncbi_gene	ENSG00000172409	ensembl_gene	CLP1	gtr_epilepsy_gene_summary	GTR epilepsy gene summary	gtr_gene_summary	2.0	silver	CLP1	resolved	gtr_clinical_testing_utilization	585	97901993df81dcf4
1078fb90f2dd4e0a	epilepsy	81570	ncbi_gene	ENSG00000162129	ensembl_gene	CLPB	genes4epilepsy	Genes4Epilepsy	literature_derived	1.0	bronze	CLPB	resolved		193	87f1893a94f98eac
1078fb90f2dd4e0a	epilepsy	81570	ncbi_gene	ENSG00000162129	ensembl_gene	CLPB	gtr_epilepsy_gene_summary	GTR epilepsy gene summary	gtr_gene_summary	2.0	silver	CLPB	resolved	gtr_clinical_testing_utilization	792	63be5549bf9c8754
9c026bb637723718	epilepsy	8192	ncbi_gene	ENSG00000125656	ensembl_gene	CLPP	gtr_epilepsy_gene_summary	GTR epilepsy gene summary	gtr_gene_summary	2.0	silver	CLPP	resolved	gtr_clinical_testing_utilization	1164	77ad300878faf1f1
bfcfc0b2e925530f	epilepsy	7401	ncbi_gene	ENSG00000163646	ensembl_gene	CLRN1	gtr_epilepsy_gene_summary	GTR epilepsy gene summary	gtr_gene_summary	2.0	silver	CLRN1	resolved	gtr_clinical_testing_utilization	589	9f38e7b6e2ffb17b
2e7e9aeeb8597b33	epilepsy	1211	ncbi_gene	ENSG00000122705	ensembl_gene	CLTA	gtr_epilepsy_gene_summary	GTR epilepsy gene summary	gtr_gene_summary	2.0	silver	CLTA	resolved	gtr_clinical_testing_utilization	2436	8b45b1cb4bb2a7d4
4140b731446979bb	epilepsy	1213	ncbi_gene	ENSG00000141367	ensembl_gene	CLTC	genes4epilepsy	Genes4Epilepsy	literature_derived	1.0	bronze	CLTC	resolved		194	9334a7e6ddba3e7d
4140b731446979bb	epilepsy	1213	ncbi_gene	ENSG00000141367	ensembl_gene	CLTC	gtr_epilepsy_gene_summary	GTR epilepsy gene summary	gtr_gene_summary	2.0	silver	CLTC	resolved	gtr_clinical_testing_utilization	1414	8724b4a6e6ca0d37
70d33e42cd981b3b	epilepsy	23059	ncbi_gene	23059	unknown_namespace	CLUAP1	gtr_epilepsy_gene_summary	GTR epilepsy gene summary	gtr_gene_summary	2.0	silver	CLUAP1	unresolved	gtr_clinical_testing_utilization	2745	4ca13ea67d2711ca
a4e38d9d9e3c6e7a	epilepsy	1259	ncbi_gene	ENSG00000198515	ensembl_gene	CNGA1	gtr_epilepsy_gene_summary	GTR epilepsy gene summary	gtr_gene_summary	2.0	silver	CNGA1	resolved	gtr_clinical_testing_utilization	2084	df03e544d155b2a6
2c704438e0fb9923	epilepsy	1258	ncbi_gene	ENSG00000070729	ensembl_gene	CNGB1	gtr_epilepsy_gene_summary	GTR epilepsy gene summary	gtr_gene_summary	2.0	silver	CNGB1	resolved	gtr_clinical_testing_utilization	2085	ea613ad8775c4482
e3ddb46563ac4c5c	epilepsy	54714	ncbi_gene	ENSG00000170289	ensembl_gene	CNGB3	gtr_epilepsy_gene_summary	GTR epilepsy gene summary	gtr_gene_summary	2.0	silver	CNGB3	resolved	gtr_clinical_testing_utilization	2052	d4146189e0674584
062b5bd3a1bb5d7f	epilepsy	10256	ncbi_gene	ENSG00000142675	ensembl_gene	CNKSR1	gtr_epilepsy_gene_summary	GTR epilepsy gene summary	gtr_gene_summary	2.0	silver	CNKSR1	resolved	gtr_clinical_testing_utilization	2973	0554ef06ada6ee8a
947fd1de3b7514f6	epilepsy	22866	ncbi_gene	ENSG00000149970	ensembl_gene	CNKSR2	genes4epilepsy	Genes4Epilepsy	literature_derived	1.0	bronze	CNKSR2	resolved		195	d22090439f7f3274
947fd1de3b7514f6	epilepsy	22866	ncbi_gene	ENSG00000149970	ensembl_gene	CNKSR2	gtr_epilepsy_gene_summary	GTR epilepsy gene summary	gtr_gene_summary	2.0	silver	CNKSR2	resolved	gtr_clinical_testing_utilization	684	c7859cefaa854f04
b21744566a84a3cf	epilepsy	54805	ncbi_gene	ENSG00000148842	ensembl_gene	CNNM2	genes4epilepsy	Genes4Epilepsy	literature_derived	1.0	bronze	CNNM2	resolved		196	a2da12b77517fe5d
b21744566a84a3cf	epilepsy	54805	ncbi_gene	ENSG00000148842	ensembl_gene	CNNM2	gtr_epilepsy_gene_summary	GTR epilepsy gene summary	gtr_gene_summary	2.0	silver	CNNM2	resolved	gtr_clinical_testing_utilization	170	1e9bccc58cbcb9bc
20811ee933b7d691	epilepsy	26504	ncbi_gene	ENSG00000158158	ensembl_gene	CNNM4	gtr_epilepsy_gene_summary	GTR epilepsy gene summary	gtr_gene_summary	2.0	silver	CNNM4	resolved	gtr_clinical_testing_utilization	2974	b6d45fb529db2c7b
b7b3a5f4a30262d2	epilepsy	4849	ncbi_gene	ENSG00000277600	ensembl_gene	CNOT3	genes4epilepsy	Genes4Epilepsy	literature_derived	1.0	bronze	CNOT3	resolved		197	a122b7227c713dee
b7b3a5f4a30262d2	epilepsy	4849	ncbi_gene	ENSG00000277600	ensembl_gene	CNOT3	gtr_epilepsy_gene_summary	GTR epilepsy gene summary	gtr_gene_summary	2.0	silver	CNOT3	resolved	gtr_clinical_testing_utilization	2975	eeb10378906a035c
8917d7d5ae560b0b	epilepsy	9125	ncbi_gene	ENSG00000144580	ensembl_gene	CNOT9	genes4epilepsy	Genes4Epilepsy	literature_derived	1.0	bronze	CNOT9	resolved		198	59425de6b9b972d1
575a35bb4fe565b1	epilepsy	10695	ncbi_gene	ENSG00000137161	ensembl_gene	CNPY3	genes4epilepsy	Genes4Epilepsy	literature_derived	1.0	bronze	CNPY3	resolved		199	64ff0d12806ab5b1
575a35bb4fe565b1	epilepsy	10695	ncbi_gene	ENSG00000137161	ensembl_gene	CNPY3	gtr_epilepsy_gene_summary	GTR epilepsy gene summary	gtr_gene_summary	2.0	silver	CNPY3	resolved	gtr_clinical_testing_utilization	647	791f14c4db50e8e7
4906be93b632f445	epilepsy	1272	ncbi_gene	ENSG00000018236	ensembl_gene	CNTN1	gtr_epilepsy_gene_summary	GTR epilepsy gene summary	gtr_gene_summary	2.0	silver	CNTN1	resolved	gtr_clinical_testing_utilization	1990	808466cd93dda7fe
805c346358c7c570	epilepsy	6900	ncbi_gene	ENSG00000184144	ensembl_gene	CNTN2	gtr_epilepsy_gene_summary	GTR epilepsy gene summary	gtr_gene_summary	2.0	silver	CNTN2	resolved	gtr_clinical_testing_utilization	199	44a775e949967983
464caf3134de8eca	epilepsy	152330	ncbi_gene	ENSG00000144619	ensembl_gene	CNTN4	gtr_epilepsy_gene_summary	GTR epilepsy gene summary	gtr_gene_summary	2.0	silver	CNTN4	resolved	gtr_clinical_testing_utilization	2976	06bee70c84ee4770
2b6c2ad3dc403074	epilepsy	27255	ncbi_gene	ENSG00000134115	ensembl_gene	CNTN6	gtr_epilepsy_gene_summary	GTR epilepsy gene summary	gtr_gene_summary	2.0	silver	CNTN6	resolved	gtr_clinical_testing_utilization	2398	3874d47e8b89b879
26e0e3f99382ae35	epilepsy	8506	ncbi_gene	ENSG00000108797	ensembl_gene	CNTNAP1	genes4epilepsy	Genes4Epilepsy	literature_derived	1.0	bronze	CNTNAP1	resolved		200	dadde15eeecee021
26e0e3f99382ae35	epilepsy	8506	ncbi_gene	ENSG00000108797	ensembl_gene	CNTNAP1	gtr_epilepsy_gene_summary	GTR epilepsy gene summary	gtr_gene_summary	2.0	silver	CNTNAP1	resolved	gtr_clinical_testing_utilization	2977	9e61e7c7719abe52
68d06901b5c30701	epilepsy	26047	ncbi_gene	ENSG00000174469	ensembl_gene	CNTNAP2	genes4epilepsy	Genes4Epilepsy	literature_derived	1.0	bronze	CNTNAP2	resolved		201	8321f95e1d6f3bfc
68d06901b5c30701	epilepsy	26047	ncbi_gene	ENSG00000174469	ensembl_gene	CNTNAP2	gtr_epilepsy_gene_summary	GTR epilepsy gene summary	gtr_gene_summary	2.0	silver	CNTNAP2	resolved	gtr_clinical_testing_utilization	11	6097ed2b4c9b9802
a6a88d0f865f4804	epilepsy	28958	ncbi_gene	ENSG00000183978	ensembl_gene	COA3	gtr_epilepsy_gene_summary	GTR epilepsy gene summary	gtr_gene_summary	2.0	silver	COA3	resolved	gtr_clinical_testing_utilization	2978	2088721c51af11d5
9a374fe6f4e9e6b6	epilepsy	51287	ncbi_gene	ENSG00000181924	ensembl_gene	COA4	gtr_epilepsy_gene_summary	GTR epilepsy gene summary	gtr_gene_summary	2.0	silver	COA4	resolved	gtr_clinical_testing_utilization	2437	f04a70f70ca74dca
ef9b72b7d9db7e5f	epilepsy	493753	ncbi_gene	ENSG00000183513	ensembl_gene	COA5	gtr_epilepsy_gene_summary	GTR epilepsy gene summary	gtr_gene_summary	2.0	silver	COA5	resolved	gtr_clinical_testing_utilization	1991	764b8ee188a25727
3ffe7adeb53b1034	epilepsy	65260	ncbi_gene	ENSG00000162377	ensembl_gene	COA7	gtr_epilepsy_gene_summary	GTR epilepsy gene summary	gtr_gene_summary	2.0	silver	COA7	resolved	gtr_clinical_testing_utilization	1772	da6334c24148ca18
4a4bcbf1adf63f01	epilepsy	84334	ncbi_gene	ENSG00000256053	ensembl_gene	COA8	gtr_epilepsy_gene_summary	GTR epilepsy gene summary	gtr_gene_summary	2.0	silver	COA8	resolved	gtr_clinical_testing_utilization	410	d92190a6501caffa
2359a07c52bc25e4	epilepsy	80347	ncbi_gene	ENSG00000068120	ensembl_gene	COASY	gtr_epilepsy_gene_summary	GTR epilepsy gene summary	gtr_gene_summary	2.0	silver	COASY	resolved	gtr_clinical_testing_utilization	476	6e5e1edd8704f0eb
f66e785e5b32f14b	epilepsy	1690	ncbi_gene	ENSG00000100473	ensembl_gene	COCH	gtr_epilepsy_gene_summary	GTR epilepsy gene summary	gtr_gene_summary	2.0	silver	COCH	resolved	gtr_clinical_testing_utilization	1340	326217b6be98f401
9a8cc0d631f5656c	epilepsy	9382	ncbi_gene	ENSG00000166685	ensembl_gene	COG1	gtr_epilepsy_gene_summary	GTR epilepsy gene summary	gtr_gene_summary	2.0	silver	COG1	resolved	gtr_clinical_testing_utilization	935	872f87b44ae60348
db116c57f308d9fd	epilepsy	22796	ncbi_gene	ENSG00000135775	ensembl_gene	COG2	gtr_epilepsy_gene_summary	GTR epilepsy gene summary	gtr_gene_summary	2.0	silver	COG2	resolved	gtr_clinical_testing_utilization	1601	7d3afca88aa46846
5eefb006c04085df	epilepsy	25839	ncbi_gene	ENSG00000103051	ensembl_gene	COG4	genes4epilepsy	Genes4Epilepsy	literature_derived	1.0	bronze	COG4	resolved		202	84c14bd63c7224e2
5eefb006c04085df	epilepsy	25839	ncbi_gene	ENSG00000103051	ensembl_gene	COG4	gtr_epilepsy_gene_summary	GTR epilepsy gene summary	gtr_gene_summary	2.0	silver	COG4	resolved	gtr_clinical_testing_utilization	936	c7cd83ce0f0b8a3e
9a939d07b0ea1190	epilepsy	10466	ncbi_gene	ENSG00000164597	ensembl_gene	COG5	gtr_epilepsy_gene_summary	GTR epilepsy gene summary	gtr_gene_summary	2.0	silver	COG5	resolved	gtr_clinical_testing_utilization	717	313918f9b4c7d10a
a955b0dcbbb22714	epilepsy	57511	ncbi_gene	ENSG00000133103	ensembl_gene	COG6	genes4epilepsy	Genes4Epilepsy	literature_derived	1.0	bronze	COG6	resolved		203	1e98f6564dfdf8d4
a955b0dcbbb22714	epilepsy	57511	ncbi_gene	ENSG00000133103	ensembl_gene	COG6	gtr_epilepsy_gene_summary	GTR epilepsy gene summary	gtr_gene_summary	2.0	silver	COG6	resolved	gtr_clinical_testing_utilization	700	cce3c5488fd6f133
4499b02786051d67	epilepsy	91949	ncbi_gene	ENSG00000168434	ensembl_gene	COG7	genes4epilepsy	Genes4Epilepsy	literature_derived	1.0	bronze	COG7	resolved		204	0b146fe2bed4e6cc
4499b02786051d67	epilepsy	91949	ncbi_gene	ENSG00000168434	ensembl_gene	COG7	gtr_epilepsy_gene_summary	GTR epilepsy gene summary	gtr_gene_summary	2.0	silver	COG7	resolved	gtr_clinical_testing_utilization	558	8020f5c250125781
82111537790ad33b	epilepsy	84342	ncbi_gene	ENSG00000213380	ensembl_gene	COG8	genes4epilepsy	Genes4Epilepsy	literature_derived	1.0	bronze	COG8	resolved		205	cb9e495b00d73ed1
82111537790ad33b	epilepsy	84342	ncbi_gene	ENSG00000213380	ensembl_gene	COG8	gtr_epilepsy_gene_summary	GTR epilepsy gene summary	gtr_gene_summary	2.0	silver	COG8	resolved	gtr_clinical_testing_utilization	559	af1b0d514cc3b954
38705e8c4b3c5b70	epilepsy	1301	ncbi_gene	ENSG00000060718	ensembl_gene	COL11A1	gtr_epilepsy_gene_summary	GTR epilepsy gene summary	gtr_gene_summary	2.0	silver	COL11A1	resolved	gtr_clinical_testing_utilization	1899	6723f441a00f26ac
4ee256efd0e75893	epilepsy	1302	ncbi_gene	ENSG00000230930	ensembl_gene	COL11A2	gtr_epilepsy_gene_summary	GTR epilepsy gene summary	gtr_gene_summary	2.0	silver	COL11A2	resolved	gtr_clinical_testing_utilization	1341	41f88a257eb603f9
5e50c54feb582174	epilepsy	1303	ncbi_gene	ENSG00000111799	ensembl_gene	COL12A1	gtr_epilepsy_gene_summary	GTR epilepsy gene summary	gtr_gene_summary	2.0	silver	COL12A1	resolved	gtr_clinical_testing_utilization	2979	3e412a76f1f0a125
4e2f4e529824bf8b	epilepsy	1305	ncbi_gene	ENSG00000197467	ensembl_gene	COL13A1	gtr_epilepsy_gene_summary	GTR epilepsy gene summary	gtr_gene_summary	2.0	silver	COL13A1	resolved	gtr_clinical_testing_utilization	2980	89285785edece4bf
7052aecfffcb7946	epilepsy	1308	ncbi_gene	ENSG00000065618	ensembl_gene	COL17A1	gtr_epilepsy_gene_summary	GTR epilepsy gene summary	gtr_gene_summary	2.0	silver	COL17A1	resolved	gtr_clinical_testing_utilization	2981	693e015447c5320b
ff73fcf101b2d0e3	epilepsy	80781	ncbi_gene	ENSG00000292234	ensembl_gene	COL18A1	genes4epilepsy	Genes4Epilepsy	literature_derived	1.0	bronze	COL18A1	resolved		206	554b0ab26c3f8c27
ff73fcf101b2d0e3	epilepsy	80781	ncbi_gene	ENSG00000292234	ensembl_gene	COL18A1	gtr_epilepsy_gene_summary	GTR epilepsy gene summary	gtr_gene_summary	2.0	silver	COL18A1	resolved	gtr_clinical_testing_utilization	977	f8873c7722d193a4
d819fdcc233c17c0	epilepsy	1277	ncbi_gene	ENSG00000108821	ensembl_gene	COL1A1	gtr_epilepsy_gene_summary	GTR epilepsy gene summary	gtr_gene_summary	2.0	silver	COL1A1	resolved	gtr_clinical_testing_utilization	2982	71a1fa111588215c
8ae437484d1e0ff3	epilepsy	1278	ncbi_gene	ENSG00000164692	ensembl_gene	COL1A2	gtr_epilepsy_gene_summary	GTR epilepsy gene summary	gtr_gene_summary	2.0	silver	COL1A2	resolved	gtr_clinical_testing_utilization	2983	20c430bd332024ed
1faa3ec48deaeb92	epilepsy	84570	ncbi_gene	ENSG00000188517	ensembl_gene	COL25A1	gtr_epilepsy_gene_summary	GTR epilepsy gene summary	gtr_gene_summary	2.0	silver	COL25A1	resolved	gtr_clinical_testing_utilization	2984	0cdfb95eaf00d9e4
5db0b2cfb805c7b8	epilepsy	136227	ncbi_gene	ENSG00000160963	ensembl_gene	COL26A1	gtr_epilepsy_gene_summary	GTR epilepsy gene summary	gtr_gene_summary	2.0	silver	COL26A1	resolved	gtr_clinical_testing_utilization	2438	df008e56c8779abb
228aee85e6132763	epilepsy	1280	ncbi_gene	ENSG00000139219	ensembl_gene	COL2A1	gtr_epilepsy_gene_summary	GTR epilepsy gene summary	gtr_gene_summary	2.0	silver	COL2A1	resolved	gtr_clinical_testing_utilization	1123	00a2f25186fd809a
2fc2135b3204f986	epilepsy	1281	ncbi_gene	ENSG00000291748	ensembl_gene	COL3A1	genes4epilepsy	Genes4Epilepsy	literature_derived	1.0	bronze	COL3A1	resolved		207	a0a2777fb4a36f67
2fc2135b3204f986	epilepsy	1281	ncbi_gene	ENSG00000291748	ensembl_gene	COL3A1	gtr_epilepsy_gene_summary	GTR epilepsy gene summary	gtr_gene_summary	2.0	silver	COL3A1	resolved	gtr_clinical_testing_utilization	1714	22f3f10b76e7f542
f9d081f8d90c5e73	epilepsy	1282	ncbi_gene	ENSG00000187498	ensembl_gene	COL4A1	genes4epilepsy	Genes4Epilepsy	literature_derived	1.0	bronze	COL4A1	resolved		208	f4195330b8381e14
f9d081f8d90c5e73	epilepsy	1282	ncbi_gene	ENSG00000187498	ensembl_gene	COL4A1	gtr_epilepsy_gene_summary	GTR epilepsy gene summary	gtr_gene_summary	2.0	silver	COL4A1	resolved	gtr_clinical_testing_utilization	243	0ea8663fb6c85718
024d46204f4e9e7d	epilepsy	1284	ncbi_gene	ENSG00000134871	ensembl_gene	COL4A2	genes4epilepsy	Genes4Epilepsy	literature_derived	1.0	bronze	COL4A2	resolved		209	454bcae8876a9a4a
024d46204f4e9e7d	epilepsy	1284	ncbi_gene	ENSG00000134871	ensembl_gene	COL4A2	gtr_epilepsy_gene_summary	GTR epilepsy gene summary	gtr_gene_summary	2.0	silver	COL4A2	resolved	gtr_clinical_testing_utilization	905	67a77fc45556e88e
658188d7580ec431	epilepsy	1285	ncbi_gene	ENSG00000169031	ensembl_gene	COL4A3	gtr_epilepsy_gene_summary	GTR epilepsy gene summary	gtr_gene_summary	2.0	silver	COL4A3	resolved	gtr_clinical_testing_utilization	1062	1388e36d72735d2a
8ed521ece80f5a5e	epilepsy	1286	ncbi_gene	ENSG00000081052	ensembl_gene	COL4A4	gtr_epilepsy_gene_summary	GTR epilepsy gene summary	gtr_gene_summary	2.0	silver	COL4A4	resolved	gtr_clinical_testing_utilization	1087	288b79519200b085
72c5045e40fc5c23	epilepsy	1287	ncbi_gene	ENSG00000188153	ensembl_gene	COL4A5	gtr_epilepsy_gene_summary	GTR epilepsy gene summary	gtr_gene_summary	2.0	silver	COL4A5	resolved	gtr_clinical_testing_utilization	755	a7bcca115a99dea8
251cbbafbf12b5d9	epilepsy	1288	ncbi_gene	ENSG00000197565	ensembl_gene	COL4A6	gtr_epilepsy_gene_summary	GTR epilepsy gene summary	gtr_gene_summary	2.0	silver	COL4A6	resolved	gtr_clinical_testing_utilization	1900	6e225760ae4886be
5400a430c686b1f9	epilepsy	1289	ncbi_gene	ENSG00000130635	ensembl_gene	COL5A1	gtr_epilepsy_gene_summary	GTR epilepsy gene summary	gtr_gene_summary	2.0	silver	COL5A1	resolved	gtr_clinical_testing_utilization	2296	ef3d955f5634cf38
ed6a149e9cf65a67	epilepsy	1290	ncbi_gene	ENSG00000204262	ensembl_gene	COL5A2	gtr_epilepsy_gene_summary	GTR epilepsy gene summary	gtr_gene_summary	2.0	silver	COL5A2	resolved	gtr_clinical_testing_utilization	2297	caeebabc92088906
505b8360c1434c9b	epilepsy	1291	ncbi_gene	ENSG00000142156	ensembl_gene	COL6A1	gtr_epilepsy_gene_summary	GTR epilepsy gene summary	gtr_gene_summary	2.0	silver	COL6A1	resolved	gtr_clinical_testing_utilization	1992	94e2dbe2d6fbce57
93393603fb6312dc	epilepsy	1292	ncbi_gene	ENSG00000142173	ensembl_gene	COL6A2	gtr_epilepsy_gene_summary	GTR epilepsy gene summary	gtr_gene_summary	2.0	silver	COL6A2	resolved	gtr_clinical_testing_utilization	656	853e711bd75b441d
439917c9e79c5e95	epilepsy	1293	ncbi_gene	ENSG00000163359	ensembl_gene	COL6A3	gtr_epilepsy_gene_summary	GTR epilepsy gene summary	gtr_gene_summary	2.0	silver	COL6A3	resolved	gtr_clinical_testing_utilization	928	91b2e9c2f6764b3a
4b827e262b41ab92	epilepsy	1294	ncbi_gene	ENSG00000114270	ensembl_gene	COL7A1	gtr_epilepsy_gene_summary	GTR epilepsy gene summary	gtr_gene_summary	2.0	silver	COL7A1	resolved	gtr_clinical_testing_utilization	2053	eeafb2279b59b4ad
a0219e82517fd3a8	epilepsy	1297	ncbi_gene	ENSG00000112280	ensembl_gene	COL9A1	gtr_epilepsy_gene_summary	GTR epilepsy gene summary	gtr_gene_summary	2.0	silver	COL9A1	resolved	gtr_clinical_testing_utilization	2656	371e1e3cadd1ba6d
4849f72dea1ca62b	epilepsy	1298	ncbi_gene	ENSG00000049089	ensembl_gene	COL9A2	gtr_epilepsy_gene_summary	GTR epilepsy gene summary	gtr_gene_summary	2.0	silver	COL9A2	resolved	gtr_clinical_testing_utilization	2657	fc5a7aac2ab82687
d77ee08dc81a152b	epilepsy	10584	ncbi_gene	ENSG00000184374	ensembl_gene	COLEC10	gtr_epilepsy_gene_summary	GTR epilepsy gene summary	gtr_gene_summary	2.0	silver	COLEC10	resolved	gtr_clinical_testing_utilization	2854	f5a33d726ba92d88
22bcc8f4cf58313a	epilepsy	78989	ncbi_gene	ENSG00000118004	ensembl_gene	COLEC11	gtr_epilepsy_gene_summary	GTR epilepsy gene summary	gtr_gene_summary	2.0	silver	COLEC11	resolved	gtr_clinical_testing_utilization	2658	f81e287128a12b89
035a1c3c378a6306	epilepsy	79709	ncbi_gene	ENSG00000130309	ensembl_gene	COLGALT1	gtr_epilepsy_gene_summary	GTR epilepsy gene summary	gtr_gene_summary	2.0	silver	COLGALT1	resolved	gtr_clinical_testing_utilization	2985	b6a483142439dfdb
29c19727da5ac79b	epilepsy	8292	ncbi_gene	ENSG00000206561	ensembl_gene	COLQ	gtr_epilepsy_gene_summary	GTR epilepsy gene summary	gtr_gene_summary	2.0	silver	COLQ	resolved	gtr_clinical_testing_utilization	1074	198fb6b55ae2bf66
d7ab47b8d1588aa3	epilepsy	1312	ncbi_gene	ENSG00000093010	ensembl_gene	COMT	gtr_epilepsy_gene_summary	GTR epilepsy gene summary	gtr_gene_summary	2.0	silver	COMT	resolved	gtr_clinical_testing_utilization	1729	fcc66c662a63911b
e8cb05cb62696cf2	epilepsy	9276	ncbi_gene	ENSG00000184432	ensembl_gene	COPB2	gtr_epilepsy_gene_summary	GTR epilepsy gene summary	gtr_gene_summary	2.0	silver	COPB2	resolved	gtr_clinical_testing_utilization	2986	6de4d757f2121bae
c108003694683524	epilepsy	27235	ncbi_gene	ENSG00000173085	ensembl_gene	COQ2	genes4epilepsy	Genes4Epilepsy	literature_derived	1.0	bronze	COQ2	resolved		210	c94253f0f97f0564
c108003694683524	epilepsy	27235	ncbi_gene	ENSG00000173085	ensembl_gene	COQ2	gtr_epilepsy_gene_summary	GTR epilepsy gene summary	gtr_gene_summary	2.0	silver	COQ2	resolved	gtr_clinical_testing_utilization	299	eea74a8b839e4b42
76193a2179e81eba	epilepsy	51117	ncbi_gene	ENSG00000167113	ensembl_gene	COQ4	genes4epilepsy	Genes4Epilepsy	literature_derived	1.0	bronze	COQ4	resolved		211	86180823bd77814a
76193a2179e81eba	epilepsy	51117	ncbi_gene	ENSG00000167113	ensembl_gene	COQ4	gtr_epilepsy_gene_summary	GTR epilepsy gene summary	gtr_gene_summary	2.0	silver	COQ4	resolved	gtr_clinical_testing_utilization	501	5b31f8958de0097b
ed4dd33ee96e6d40	epilepsy	84274	ncbi_gene	ENSG00000110871	ensembl_gene	COQ5	gtr_epilepsy_gene_summary	GTR epilepsy gene summary	gtr_gene_summary	2.0	silver	COQ5	resolved	gtr_clinical_testing_utilization	2591	e10961f6baea11af
59d3ef25614c4792	epilepsy	51004	ncbi_gene	ENSG00000119723	ensembl_gene	COQ6	genes4epilepsy	Genes4Epilepsy	literature_derived	1.0	bronze	COQ6	resolved		212	5e2275cbf2a9cf3c
59d3ef25614c4792	epilepsy	51004	ncbi_gene	ENSG00000119723	ensembl_gene	COQ6	gtr_epilepsy_gene_summary	GTR epilepsy gene summary	gtr_gene_summary	2.0	silver	COQ6	resolved	gtr_clinical_testing_utilization	1146	f855eb03b1f427ec
94fba67050977903	epilepsy	10229	ncbi_gene	ENSG00000167186	ensembl_gene	COQ7	gtr_epilepsy_gene_summary	GTR epilepsy gene summary	gtr_gene_summary	2.0	silver	COQ7	resolved	gtr_clinical_testing_utilization	2561	fb2f98d7d6984172
c760b74bb5e1afab	epilepsy	56997	ncbi_gene	ENSG00000163050	ensembl_gene	COQ8A	genes4epilepsy	Genes4Epilepsy	literature_derived	1.0	bronze	COQ8A	resolved		213	1b13efffafc3f27c
c760b74bb5e1afab	epilepsy	56997	ncbi_gene	ENSG00000163050	ensembl_gene	COQ8A	gtr_epilepsy_gene_summary	GTR epilepsy gene summary	gtr_gene_summary	2.0	silver	COQ8A	resolved	gtr_clinical_testing_utilization	398	9d264e6fbaffca2c
5988c190aea81c68	epilepsy	79934	ncbi_gene	ENSG00000123815	ensembl_gene	COQ8B	gtr_epilepsy_gene_summary	GTR epilepsy gene summary	gtr_gene_summary	2.0	silver	COQ8B	resolved	gtr_clinical_testing_utilization	1864	e2bcf1e20522e3ad
c098cce5c816a4d6	epilepsy	57017	ncbi_gene	ENSG00000088682	ensembl_gene	COQ9	genes4epilepsy	Genes4Epilepsy	literature_derived	1.0	bronze	COQ9	resolved		214	006c9a11ce61f875
c098cce5c816a4d6	epilepsy	57017	ncbi_gene	ENSG00000088682	ensembl_gene	COQ9	gtr_epilepsy_gene_summary	GTR epilepsy gene summary	gtr_gene_summary	2.0	silver	COQ9	resolved	gtr_clinical_testing_utilization	285	318ffced8cf1478c
705b78320da81f25	epilepsy	11151	ncbi_gene	ENSG00000102879	ensembl_gene	CORO1A	gtr_epilepsy_gene_summary	GTR epilepsy gene summary	gtr_gene_summary	2.0	silver	CORO1A	resolved	gtr_clinical_testing_utilization	1461	343a9e2fba61afe1
119f626dfe43b4ac	epilepsy	1352	ncbi_gene	ENSG00000006695	ensembl_gene	COX10	genes4epilepsy	Genes4Epilepsy	literature_derived	1.0	bronze	COX10	resolved		215	e4efabcdf1ea75f9
119f626dfe43b4ac	epilepsy	1352	ncbi_gene	ENSG00000006695	ensembl_gene	COX10	gtr_epilepsy_gene_summary	GTR epilepsy gene summary	gtr_gene_summary	2.0	silver	COX10	resolved	gtr_clinical_testing_utilization	521	84eae1d142cd19a7
22bde211353fe3fe	epilepsy	84987	ncbi_gene	ENSG00000178449	ensembl_gene	COX14	gtr_epilepsy_gene_summary	GTR epilepsy gene summary	gtr_gene_summary	2.0	silver	COX14	resolved	gtr_clinical_testing_utilization	472	7b68188bce2d1f25
e33e6242691838b4	epilepsy	1355	ncbi_gene	ENSG00000014919	ensembl_gene	COX15	genes4epilepsy	Genes4Epilepsy	literature_derived	1.0	bronze	COX15	resolved		216	2a0d3e9d0b496b4c
e33e6242691838b4	epilepsy	1355	ncbi_gene	ENSG00000014919	ensembl_gene	COX15	gtr_epilepsy_gene_summary	GTR epilepsy gene summary	gtr_gene_summary	2.0	silver	COX15	resolved	gtr_clinical_testing_utilization	405	b90ea3dcccd02398
42623c22df9ed7c3	epilepsy	10063	ncbi_gene	ENSG00000138495	ensembl_gene	COX17	gtr_epilepsy_gene_summary	GTR epilepsy gene summary	gtr_gene_summary	2.0	silver	COX17	resolved	gtr_clinical_testing_utilization	2439	f9d0a4dcddda1bb0
7a03e0f573cfa62d	epilepsy	90639	ncbi_gene	ENSG00000240230	ensembl_gene	COX19	gtr_epilepsy_gene_summary	GTR epilepsy gene summary	gtr_gene_summary	2.0	silver	COX19	resolved	gtr_clinical_testing_utilization	2440	55e17330eaf75a8e
dd22a975e6e15798	epilepsy	116228	ncbi_gene	ENSG00000203667	ensembl_gene	COX20	gtr_epilepsy_gene_summary	GTR epilepsy gene summary	gtr_gene_summary	2.0	silver	COX20	resolved	gtr_clinical_testing_utilization	1199	c24e63d319a8444b
cb9f3c1b44416f49	epilepsy	1327	ncbi_gene	ENSG00000131143	ensembl_gene	COX4I1	gtr_epilepsy_gene_summary	GTR epilepsy gene summary	gtr_gene_summary	2.0	silver	COX4I1	resolved	gtr_clinical_testing_utilization	1888	f44b11725b0e8d77
54cb064d6d8b58d6	epilepsy	84701	ncbi_gene	ENSG00000131055	ensembl_gene	COX4I2	gtr_epilepsy_gene_summary	GTR epilepsy gene summary	gtr_gene_summary	2.0	silver	COX4I2	resolved	gtr_clinical_testing_utilization	1580	a713b214f10561b4
6b648ba38d3ad365	epilepsy	9377	ncbi_gene	ENSG00000178741	ensembl_gene	COX5A	gtr_epilepsy_gene_summary	GTR epilepsy gene summary	gtr_gene_summary	2.0	silver	COX5A	resolved	gtr_clinical_testing_utilization	2592	0910b4166221db65
562499e55ae97ae4	epilepsy	1340	ncbi_gene	ENSG00000126267	ensembl_gene	COX6B1	gtr_epilepsy_gene_summary	GTR epilepsy gene summary	gtr_gene_summary	2.0	silver	COX6B1	resolved	gtr_clinical_testing_utilization	516	6bb5d9214320f7cc
67ee7889329325ef	epilepsy	125965	ncbi_gene	ENSG00000160471	ensembl_gene	COX6B2	gtr_epilepsy_gene_summary	GTR epilepsy gene summary	gtr_gene_summary	2.0	silver	COX6B2	resolved	gtr_clinical_testing_utilization	2441	79b341eceea07119
7ff4a7cae9e2a4c7	epilepsy	1346	ncbi_gene	ENSG00000161281	ensembl_gene	COX7A1	gtr_epilepsy_gene_summary	GTR epilepsy gene summary	gtr_gene_summary	2.0	silver	COX7A1	resolved	gtr_clinical_testing_utilization	1790	9e1d7b3c2d42bebe
2b2e8e906b79a5bb	epilepsy	1349	ncbi_gene	ENSG00000131174	ensembl_gene	COX7B	gtr_epilepsy_gene_summary	GTR epilepsy gene summary	gtr_gene_summary	2.0	silver	COX7B	resolved	gtr_clinical_testing_utilization	1530	cb18260dcce329bb
247d48a7c543dc3a	epilepsy	1351	ncbi_gene	ENSG00000176340	ensembl_gene	COX8A	gtr_epilepsy_gene_summary	GTR epilepsy gene summary	gtr_gene_summary	2.0	silver	COX8A	resolved	gtr_clinical_testing_utilization	1274	5f904d7937091086
3c31432c890d37ba	epilepsy	4697	ncbi_gene	ENSG00000189043	ensembl_gene	COXFA4	gtr_epilepsy_gene_summary	GTR epilepsy gene summary	gtr_gene_summary	2.0	silver	COXFA4	resolved	gtr_clinical_testing_utilization	981	7597f7e667eea05e
2eeb2c20e3894f6f	epilepsy	1356	ncbi_gene	ENSG00000047457	ensembl_gene	CP	genes4epilepsy	Genes4Epilepsy	literature_derived	1.0	bronze	CP	resolved		217	f47168811c5e44dc
2eeb2c20e3894f6f	epilepsy	1356	ncbi_gene	ENSG00000047457	ensembl_gene	CP	gtr_epilepsy_gene_summary	GTR epilepsy gene summary	gtr_gene_summary	2.0	silver	CP	resolved	gtr_clinical_testing_utilization	768	497483e52554b173
525a8344c880f450	epilepsy	57094	ncbi_gene	ENSG00000165078	ensembl_gene	CPA6	gtr_epilepsy_gene_summary	GTR epilepsy gene summary	gtr_gene_summary	2.0	silver	CPA6	resolved	gtr_clinical_testing_utilization	108	2b34ffadd7f5b0c4
e793c2370d1fcf44	epilepsy	55835	ncbi_gene	ENSG00000151849	ensembl_gene	CPAP	gtr_epilepsy_gene_summary	GTR epilepsy gene summary	gtr_gene_summary	2.0	silver	CPAP	resolved	gtr_clinical_testing_utilization	973	a6ebd96d4d554af6
1ff5797ff8c2a85e	epilepsy	1363	ncbi_gene	ENSG00000109472	ensembl_gene	CPE	gtr_epilepsy_gene_summary	GTR epilepsy gene summary	gtr_gene_summary	2.0	silver	CPE	resolved	gtr_clinical_testing_utilization	1968	a1537e971afa5acb
838edde78ca49330	epilepsy	65250	ncbi_gene	ENSG00000197603	ensembl_gene	CPLANE1	gtr_epilepsy_gene_summary	GTR epilepsy gene summary	gtr_gene_summary	2.0	silver	CPLANE1	resolved	gtr_clinical_testing_utilization	781	75c878f91340ee9d
9ceca5d604d6009d	epilepsy	10815	ncbi_gene	ENSG00000168993	ensembl_gene	CPLX1	genes4epilepsy	Genes4Epilepsy	literature_derived	1.0	bronze	CPLX1	resolved		218	b975d6b02c99f9cf
9ceca5d604d6009d	epilepsy	10815	ncbi_gene	ENSG00000168993	ensembl_gene	CPLX1	gtr_epilepsy_gene_summary	GTR epilepsy gene summary	gtr_gene_summary	2.0	silver	CPLX1	resolved	gtr_clinical_testing_utilization	507	5548e4387245cef1
c8517a6b46e7fda9	epilepsy	1371	ncbi_gene	ENSG00000080819	ensembl_gene	CPOX	gtr_epilepsy_gene_summary	GTR epilepsy gene summary	gtr_gene_summary	2.0	silver	CPOX	resolved	gtr_clinical_testing_utilization	2987	690adf4d59a427c5
faa8d4e71664016c	epilepsy	1373	ncbi_gene	ENSG00000021826	ensembl_gene	CPS1	gtr_epilepsy_gene_summary	GTR epilepsy gene summary	gtr_gene_summary	2.0	silver	CPS1	resolved	gtr_clinical_testing_utilization	349	c0478ee3b55ea440
3b8597eb1fac759a	epilepsy	51692	ncbi_gene	ENSG00000119203	ensembl_gene	CPSF3	genes4epilepsy	Genes4Epilepsy	literature_derived	1.0	bronze	CPSF3	resolved		219	28fa2224230ebc9c
580341c8cc4faf69	epilepsy	1374	ncbi_gene	ENSG00000110090	ensembl_gene	CPT1A	gtr_epilepsy_gene_summary	GTR epilepsy gene summary	gtr_gene_summary	2.0	silver	CPT1A	resolved	gtr_clinical_testing_utilization	456	ab32d8948aab78b7
a3f1e9e6de98b96f	epilepsy	1375	ncbi_gene	ENSG00000205560	ensembl_gene	CPT1B	gtr_epilepsy_gene_summary	GTR epilepsy gene summary	gtr_gene_summary	2.0	silver	CPT1B	resolved	gtr_clinical_testing_utilization	2659	016cc25bca80be27
5cd6ef8ac0b07137	epilepsy	126129	ncbi_gene	ENSG00000169169	ensembl_gene	CPT1C	gtr_epilepsy_gene_summary	GTR epilepsy gene summary	gtr_gene_summary	2.0	silver	CPT1C	resolved	gtr_clinical_testing_utilization	1303	df5f251d36975e30
3fd2333ba634d478	epilepsy	1376	ncbi_gene	ENSG00000157184	ensembl_gene	CPT2	genes4epilepsy	Genes4Epilepsy	literature_derived	1.0	bronze	CPT2	resolved		220	5a01c486c6202eb7
3fd2333ba634d478	epilepsy	1376	ncbi_gene	ENSG00000157184	ensembl_gene	CPT2	gtr_epilepsy_gene_summary	GTR epilepsy gene summary	gtr_gene_summary	2.0	silver	CPT2	resolved	gtr_clinical_testing_utilization	219	7f4827a9d79d05e0
c2bfe0a16b623ee0	epilepsy	8738	ncbi_gene	ENSG00000169372	ensembl_gene	CRADD	genes4epilepsy	Genes4Epilepsy	literature_derived	1.0	bronze	CRADD	resolved		221	a2a7df11a949d2d5
c2bfe0a16b623ee0	epilepsy	8738	ncbi_gene	ENSG00000169372	ensembl_gene	CRADD	gtr_epilepsy_gene_summary	GTR epilepsy gene summary	gtr_gene_summary	2.0	silver	CRADD	resolved	gtr_clinical_testing_utilization	1027	264a708878da31fe
ada10efba758624e	epilepsy	286204	ncbi_gene	ENSG00000148204	ensembl_gene	CRB2	gtr_epilepsy_gene_summary	GTR epilepsy gene summary	gtr_gene_summary	2.0	silver	CRB2	resolved	gtr_clinical_testing_utilization	1211	111e5ddce96b22b9
da684f9c6fa5ee01	epilepsy	51185	ncbi_gene	ENSG00000113851	ensembl_gene	CRBN	gtr_epilepsy_gene_summary	GTR epilepsy gene summary	gtr_gene_summary	2.0	silver	CRBN	resolved	gtr_clinical_testing_utilization	944	f99472b4874230f5
5c08f9f162060d43	epilepsy	90993	ncbi_gene	ENSG00000157613	ensembl_gene	CREB3L1	gtr_epilepsy_gene_summary	GTR epilepsy gene summary	gtr_gene_summary	2.0	silver	CREB3L1	resolved	gtr_clinical_testing_utilization	2988	68b0f8d82a2e028c
b2e5520eadbe58f1	epilepsy	1387	ncbi_gene	ENSG00000005339	ensembl_gene	CREBBP	genes4epilepsy	Genes4Epilepsy	literature_derived	1.0	bronze	CREBBP	resolved		222	64fc459522987460
b2e5520eadbe58f1	epilepsy	1387	ncbi_gene	ENSG00000005339	ensembl_gene	CREBBP	gtr_epilepsy_gene_summary	GTR epilepsy gene summary	gtr_gene_summary	2.0	silver	CREBBP	resolved	gtr_clinical_testing_utilization	517	2432e7eeebca964c
8a7aac890ba5c7f0	epilepsy	78987	ncbi_gene	ENSG00000163703	ensembl_gene	CRELD1	genes4epilepsy	Genes4Epilepsy	literature_derived	1.0	bronze	CRELD1	resolved		223	544139861f928176
739999fe93ed9ed5	epilepsy	1392	ncbi_gene	ENSG00000147571	ensembl_gene	CRH	gtr_epilepsy_gene_summary	GTR epilepsy gene summary	gtr_gene_summary	2.0	silver	CRH	resolved	gtr_clinical_testing_utilization	632	7a8b07bdf348546e
046b5eea026f4c3d	epilepsy	1394	ncbi_gene	ENSG00000276191	ensembl_gene	CRHR1	gtr_epilepsy_gene_summary	GTR epilepsy gene summary	gtr_gene_summary	2.0	silver	CRHR1	resolved	gtr_clinical_testing_utilization	2989	d8b3db56f44c7cb5
babe2a9c3c699b49	epilepsy	9419	ncbi_gene	ENSG00000119878	ensembl_gene	CRIPT	gtr_epilepsy_gene_summary	GTR epilepsy gene summary	gtr_gene_summary	2.0	silver	CRIPT	resolved	gtr_clinical_testing_utilization	2238	b03d084cb9387347
a3cdaa8a1a89e577	epilepsy	6997	ncbi_gene	ENSG00000241186	ensembl_gene	CRIPTO	gtr_epilepsy_gene_summary	GTR epilepsy gene summary	gtr_gene_summary	2.0	silver	CRIPTO	resolved	gtr_clinical_testing_utilization	2990	1dc00d852ed89904
c499a3c567ae723e	epilepsy	1399	ncbi_gene	ENSG00000099942	ensembl_gene	CRKL	gtr_epilepsy_gene_summary	GTR epilepsy gene summary	gtr_gene_summary	2.0	silver	CRKL	resolved	gtr_clinical_testing_utilization	2991	49027cdd15f2da72
da21970ffea550e3	epilepsy	9244	ncbi_gene	ENSG00000006016	ensembl_gene	CRLF1	gtr_epilepsy_gene_summary	GTR epilepsy gene summary	gtr_gene_summary	2.0	silver	CRLF1	resolved	gtr_clinical_testing_utilization	1094	f31194211f6733b8
b395ffaa737cfbc6	epilepsy	51340	ncbi_gene	ENSG00000101343	ensembl_gene	CRNKL1	genes4epilepsy	Genes4Epilepsy	literature_derived	1.0	bronze	CRNKL1	resolved		224	fdf6f05343c962a5
8139e178f33aa88c	epilepsy	729920	ncbi_gene	ENSG00000214960	ensembl_gene	CRPPA	genes4epilepsy	Genes4Epilepsy	literature_derived	1.0	bronze	CRPPA	resolved		225	88dcfa60c701355d
8139e178f33aa88c	epilepsy	729920	ncbi_gene	ENSG00000214960	ensembl_gene	CRPPA	gtr_epilepsy_gene_summary	GTR epilepsy gene summary	gtr_gene_summary	2.0	silver	CRPPA	resolved	gtr_clinical_testing_utilization	957	93c22f48630243a3
b884edb85c30773a	epilepsy	10491	ncbi_gene	ENSG00000170275	ensembl_gene	CRTAP	gtr_epilepsy_gene_summary	GTR epilepsy gene summary	gtr_gene_summary	2.0	silver	CRTAP	resolved	gtr_clinical_testing_utilization	2138	8da2d343721d6c75
53ffad4807ac105f	epilepsy	1410	ncbi_gene	ENSG00000109846	ensembl_gene	CRYAB	gtr_epilepsy_gene_summary	GTR epilepsy gene summary	gtr_gene_summary	2.0	silver	CRYAB	resolved	gtr_clinical_testing_utilization	1260	e46d0a1cba926ad4
790dfffca368d557	epilepsy	1418	ncbi_gene	ENSG00000168582	ensembl_gene	CRYGA	gtr_epilepsy_gene_summary	GTR epilepsy gene summary	gtr_gene_summary	2.0	silver	CRYGA	resolved	gtr_clinical_testing_utilization	2442	f43e3f35146d96c4
1505f595a16b95c8	epilepsy	1428	ncbi_gene	ENSG00000103316	ensembl_gene	CRYM	gtr_epilepsy_gene_summary	GTR epilepsy gene summary	gtr_gene_summary	2.0	silver	CRYM	resolved	gtr_clinical_testing_utilization	1342	260811eb79599845
8efaa0c809cd4368	epilepsy	7812	ncbi_gene	ENSG00000009307	ensembl_gene	CSDE1	gtr_epilepsy_gene_summary	GTR epilepsy gene summary	gtr_gene_summary	2.0	silver	CSDE1	resolved	gtr_clinical_testing_utilization	2399	66f8ca0adfb83297
783ca15e0d3fa9d6	epilepsy	1436	ncbi_gene	ENSG00000182578	ensembl_gene	CSF1R	genes4epilepsy	Genes4Epilepsy	literature_derived	1.0	bronze	CSF1R	resolved		226	669117ef4f2ac73d
783ca15e0d3fa9d6	epilepsy	1436	ncbi_gene	ENSG00000182578	ensembl_gene	CSF1R	gtr_epilepsy_gene_summary	GTR epilepsy gene summary	gtr_gene_summary	2.0	silver	CSF1R	resolved	gtr_clinical_testing_utilization	733	502e23ddc76e6137
65d654bc449a0bac	epilepsy	1438	ncbi_gene	ENSG00000292357	ensembl_gene	CSF2RA	gtr_epilepsy_gene_summary	GTR epilepsy gene summary	gtr_gene_summary	2.0	silver	CSF2RA	resolved	gtr_clinical_testing_utilization	2992	91c6328974ffd04a
2dd956ecc5e329cc	epilepsy	1441	ncbi_gene	ENSG00000119535	ensembl_gene	CSF3R	gtr_epilepsy_gene_summary	GTR epilepsy gene summary	gtr_gene_summary	2.0	silver	CSF3R	resolved	gtr_clinical_testing_utilization	2993	b25065163ef814f1
6caec4d122ade99f	epilepsy	64478	ncbi_gene	ENSG00000183117	ensembl_gene	CSMD1	gtr_epilepsy_gene_summary	GTR epilepsy gene summary	gtr_gene_summary	2.0	silver	CSMD1	resolved	gtr_clinical_testing_utilization	1782	6aa37031e189ae01
ac8cc9f0ec22ddbb	epilepsy	114784	ncbi_gene	ENSG00000121904	ensembl_gene	CSMD2	gtr_epilepsy_gene_summary	GTR epilepsy gene summary	gtr_gene_summary	2.0	silver	CSMD2	resolved	gtr_clinical_testing_utilization	2443	074f79f6962e0557
899fe8cd9d800441	epilepsy	1454	ncbi_gene	ENSG00000213923	ensembl_gene	CSNK1E	genes4epilepsy	Genes4Epilepsy	literature_derived	1.0	bronze	CSNK1E	resolved		227	1242e311c7563007
e2771151e37ca970	epilepsy	1457	ncbi_gene	ENSG00000101266	ensembl_gene	CSNK2A1	genes4epilepsy	Genes4Epilepsy	literature_derived	1.0	bronze	CSNK2A1	resolved		228	f52ff81ec87bead0
e2771151e37ca970	epilepsy	1457	ncbi_gene	ENSG00000101266	ensembl_gene	CSNK2A1	gtr_epilepsy_gene_summary	GTR epilepsy gene summary	gtr_gene_summary	2.0	silver	CSNK2A1	resolved	gtr_clinical_testing_utilization	1749	2756a135d19353f1
0cb1e883af6ebe51	epilepsy	1460	ncbi_gene	ENSG00000230700	ensembl_gene	CSNK2B	genes4epilepsy	Genes4Epilepsy	literature_derived	1.0	bronze	CSNK2B	resolved		229	8e5449df5d7d92c4
0cb1e883af6ebe51	epilepsy	1460	ncbi_gene	ENSG00000230700	ensembl_gene	CSNK2B	gtr_epilepsy_gene_summary	GTR epilepsy gene summary	gtr_gene_summary	2.0	silver	CSNK2B	resolved	gtr_clinical_testing_utilization	2028	8783a68cada2ac82
6c137f22f7411c0c	epilepsy	79848	ncbi_gene	ENSG00000104218	ensembl_gene	CSPP1	gtr_epilepsy_gene_summary	GTR epilepsy gene summary	gtr_gene_summary	2.0	silver	CSPP1	resolved	gtr_clinical_testing_utilization	2994	67acc85c035dd254
800fdf6abc9d4e7a	epilepsy	8048	ncbi_gene	ENSG00000129170	ensembl_gene	CSRP3	gtr_epilepsy_gene_summary	GTR epilepsy gene summary	gtr_gene_summary	2.0	silver	CSRP3	resolved	gtr_clinical_testing_utilization	1686	18d68442f72d53c9
a4951deeb2acfbe8	epilepsy	1475	ncbi_gene	ENSG00000121552	ensembl_gene	CSTA	genes4epilepsy	Genes4Epilepsy	literature_derived	1.0	bronze	CSTA	resolved		230	3937132358a61192
9d420af7c9eaa61e	epilepsy	1476	ncbi_gene	ENSG00000160213	ensembl_gene	CSTB	genes4epilepsy	Genes4Epilepsy	literature_derived	1.0	bronze	CSTB	resolved		231	7d87133cfbe1825b
9d420af7c9eaa61e	epilepsy	1476	ncbi_gene	ENSG00000160213	ensembl_gene	CSTB	gtr_epilepsy_gene_summary	GTR epilepsy gene summary	gtr_gene_summary	2.0	silver	CSTB	resolved	gtr_clinical_testing_utilization	24	cd4a0b5b155d4954
f0fd0ce03189ea19	epilepsy	1487	ncbi_gene	ENSG00000159692	ensembl_gene	CTBP1	gtr_epilepsy_gene_summary	GTR epilepsy gene summary	gtr_gene_summary	2.0	silver	CTBP1	resolved	gtr_clinical_testing_utilization	2995	941a9aac39329396
1800629e3190eb52	epilepsy	80169	ncbi_gene	ENSG00000178971	ensembl_gene	CTC1	gtr_epilepsy_gene_summary	GTR epilepsy gene summary	gtr_gene_summary	2.0	silver	CTC1	resolved	gtr_clinical_testing_utilization	467	3b68bb0f38e18c42
c67bb7337cad20e1	epilepsy	10664	ncbi_gene	ENSG00000102974	ensembl_gene	CTCF	gtr_epilepsy_gene_summary	GTR epilepsy gene summary	gtr_gene_summary	2.0	silver	CTCF	resolved	gtr_clinical_testing_utilization	1657	baf3f5fdb25bb647
e5747351357d0a89	epilepsy	9150	ncbi_gene	ENSG00000060069	ensembl_gene	CTDP1	gtr_epilepsy_gene_summary	GTR epilepsy gene summary	gtr_gene_summary	2.0	silver	CTDP1	resolved	gtr_clinical_testing_utilization	2996	5d9b8a8e65cb9fd4
cb25f0c5a711ea83	epilepsy	1489	ncbi_gene	ENSG00000150281	ensembl_gene	CTF1	gtr_epilepsy_gene_summary	GTR epilepsy gene summary	gtr_gene_summary	2.0	silver	CTF1	resolved	gtr_clinical_testing_utilization	2298	8dcedf6b1ac19328
8ebbcb430d632e1c	epilepsy	1491	ncbi_gene	ENSG00000116761	ensembl_gene	CTH	gtr_epilepsy_gene_summary	GTR epilepsy gene summary	gtr_gene_summary	2.0	silver	CTH	resolved	gtr_clinical_testing_utilization	2746	361336b8d0bea4ee
7499b683b31b652d	epilepsy	1493	ncbi_gene	ENSG00000163599	ensembl_gene	CTLA4	gtr_epilepsy_gene_summary	GTR epilepsy gene summary	gtr_gene_summary	2.0	silver	CTLA4	resolved	gtr_clinical_testing_utilization	1750	413d2243fa4011e5
92727aa71278096f	epilepsy	1496	ncbi_gene	ENSG00000066032	ensembl_gene	CTNNA2	genes4epilepsy	Genes4Epilepsy	literature_derived	1.0	bronze	CTNNA2	resolved		232	bb41002bf96c4176
ee989d8f76bb279e	epilepsy	29119	ncbi_gene	ENSG00000183230	ensembl_gene	CTNNA3	gtr_epilepsy_gene_summary	GTR epilepsy gene summary	gtr_gene_summary	2.0	silver	CTNNA3	resolved	gtr_clinical_testing_utilization	2299	3859fb0405f3ed3b
b8d20bbfa28d137b	epilepsy	1499	ncbi_gene	ENSG00000168036	ensembl_gene	CTNNB1	gtr_epilepsy_gene_summary	GTR epilepsy gene summary	gtr_gene_summary	2.0	silver	CTNNB1	resolved	gtr_clinical_testing_utilization	862	c57261275fbd5608
f01f6512f4936bdb	epilepsy	1501	ncbi_gene	ENSG00000169862	ensembl_gene	CTNND2	gtr_epilepsy_gene_summary	GTR epilepsy gene summary	gtr_gene_summary	2.0	silver	CTNND2	resolved	gtr_clinical_testing_utilization	1227	f636c6709c208c64
eca5b79c8034f892	epilepsy	1497	ncbi_gene	ENSG00000040531	ensembl_gene	CTNS	gtr_epilepsy_gene_summary	GTR epilepsy gene summary	gtr_gene_summary	2.0	silver	CTNS	resolved	gtr_clinical_testing_utilization	2054	aab9122b76a5ac80
cedd1b957a508f8e	epilepsy	9646	ncbi_gene	ENSG00000198730	ensembl_gene	CTR9	gtr_epilepsy_gene_summary	GTR epilepsy gene summary	gtr_gene_summary	2.0	silver	CTR9	resolved	gtr_clinical_testing_utilization	1993	cafcc5af2e549eb2
7d00917609ec18b5	epilepsy	5476	ncbi_gene	ENSG00000064601	ensembl_gene	CTSA	gtr_epilepsy_gene_summary	GTR epilepsy gene summary	gtr_gene_summary	2.0	silver	CTSA	resolved	gtr_clinical_testing_utilization	1048	ec358732dfa17e4f
b2ec655b6eb42d54	epilepsy	1508	ncbi_gene	ENSG00000164733	ensembl_gene	CTSB	gtr_epilepsy_gene_summary	GTR epilepsy gene summary	gtr_gene_summary	2.0	silver	CTSB	resolved	gtr_clinical_testing_utilization	2997	27720f07ec067144
f98ba253bd1a1cf6	epilepsy	1075	ncbi_gene	ENSG00000109861	ensembl_gene	CTSC	gtr_epilepsy_gene_summary	GTR epilepsy gene summary	gtr_gene_summary	2.0	silver	CTSC	resolved	gtr_clinical_testing_utilization	2998	3f79ce4f68911673
76560b11208d7461	epilepsy	1509	ncbi_gene	ENSG00000117984	ensembl_gene	CTSD	genes4epilepsy	Genes4Epilepsy	literature_derived	1.0	bronze	CTSD	resolved		233	90308236777fcd67
76560b11208d7461	epilepsy	1509	ncbi_gene	ENSG00000117984	ensembl_gene	CTSD	gtr_epilepsy_gene_summary	GTR epilepsy gene summary	gtr_gene_summary	2.0	silver	CTSD	resolved	gtr_clinical_testing_utilization	144	8190d4af18014151
deb671a806be91f3	epilepsy	8722	ncbi_gene	ENSG00000174080	ensembl_gene	CTSF	genes4epilepsy	Genes4Epilepsy	literature_derived	1.0	bronze	CTSF	resolved		234	b57cc621164c9c4d
deb671a806be91f3	epilepsy	8722	ncbi_gene	ENSG00000174080	ensembl_gene	CTSF	gtr_epilepsy_gene_summary	GTR epilepsy gene summary	gtr_gene_summary	2.0	silver	CTSF	resolved	gtr_clinical_testing_utilization	179	8063be5f17c7d465
1995765be1dc7af1	epilepsy	1512	ncbi_gene	ENSG00000103811	ensembl_gene	CTSH	gtr_epilepsy_gene_summary	GTR epilepsy gene summary	gtr_gene_summary	2.0	silver	CTSH	resolved	gtr_clinical_testing_utilization	2660	e99892e9b242320c
c6610a630029327f	epilepsy	1513	ncbi_gene	ENSG00000143387	ensembl_gene	CTSK	gtr_epilepsy_gene_summary	GTR epilepsy gene summary	gtr_gene_summary	2.0	silver	CTSK	resolved	gtr_clinical_testing_utilization	1509	bcfaab791dc01150
b89cad05878cd588	epilepsy	83992	ncbi_gene	ENSG00000077063	ensembl_gene	CTTNBP2	gtr_epilepsy_gene_summary	GTR epilepsy gene summary	gtr_gene_summary	2.0	silver	CTTNBP2	resolved	gtr_clinical_testing_utilization	2400	cb3065a7bea9058a
f2d4a496d10fa185	epilepsy	348180	ncbi_gene	ENSG00000174177	ensembl_gene	CTU2	genes4epilepsy	Genes4Epilepsy	literature_derived	1.0	bronze	CTU2	resolved		235	4414b30417950b85
6a45c896a56bbd9c	epilepsy	8452	ncbi_gene	ENSG00000036257	ensembl_gene	CUL3	genes4epilepsy	Genes4Epilepsy	literature_derived	1.0	bronze	CUL3	resolved		236	d9e73230cba6bc84
6a45c896a56bbd9c	epilepsy	8452	ncbi_gene	ENSG00000036257	ensembl_gene	CUL3	gtr_epilepsy_gene_summary	GTR epilepsy gene summary	gtr_gene_summary	2.0	silver	CUL3	resolved	gtr_clinical_testing_utilization	2183	ff47a00114abe469
51d98f19eb8ec1b7	epilepsy	8450	ncbi_gene	ENSG00000158290	ensembl_gene	CUL4B	genes4epilepsy	Genes4Epilepsy	literature_derived	1.0	bronze	CUL4B	resolved		237	8b67919c0959e49a
51d98f19eb8ec1b7	epilepsy	8450	ncbi_gene	ENSG00000158290	ensembl_gene	CUL4B	gtr_epilepsy_gene_summary	GTR epilepsy gene summary	gtr_gene_summary	2.0	silver	CUL4B	resolved	gtr_clinical_testing_utilization	207	125350cb3d85c2ba
6c1e534ab315623f	epilepsy	9820	ncbi_gene	ENSG00000044090	ensembl_gene	CUL7	gtr_epilepsy_gene_summary	GTR epilepsy gene summary	gtr_gene_summary	2.0	silver	CUL7	resolved	gtr_clinical_testing_utilization	1455	5b17c0c3525b6621
512f5a523678dc0b	epilepsy	1523	ncbi_gene	ENSG00000257923	ensembl_gene	CUX1	gtr_epilepsy_gene_summary	GTR epilepsy gene summary	gtr_gene_summary	2.0	silver	CUX1	resolved	gtr_clinical_testing_utilization	2999	99e1341dcabe2734
079a2ca512242889	epilepsy	23316	ncbi_gene	ENSG00000111249	ensembl_gene	CUX2	genes4epilepsy	Genes4Epilepsy	literature_derived	1.0	bronze	CUX2	resolved		238	09008bd9879f90a8
079a2ca512242889	epilepsy	23316	ncbi_gene	ENSG00000111249	ensembl_gene	CUX2	gtr_epilepsy_gene_summary	GTR epilepsy gene summary	gtr_gene_summary	2.0	silver	CUX2	resolved	gtr_clinical_testing_utilization	489	72143572b9b816db
e7baa814bcd00ad3	epilepsy	10283	ncbi_gene	ENSG00000153015	ensembl_gene	CWC27	gtr_epilepsy_gene_summary	GTR epilepsy gene summary	gtr_gene_summary	2.0	silver	CWC27	resolved	gtr_clinical_testing_utilization	2086	f0c18b83a5c6e462
122268be766627b2	epilepsy	55280	ncbi_gene	ENSG00000095485	ensembl_gene	CWF19L1	genes4epilepsy	Genes4Epilepsy	literature_derived	1.0	bronze	CWF19L1	resolved		239	19815df4ee2485d0
122268be766627b2	epilepsy	55280	ncbi_gene	ENSG00000095485	ensembl_gene	CWF19L1	gtr_epilepsy_gene_summary	GTR epilepsy gene summary	gtr_gene_summary	2.0	silver	CWF19L1	resolved	gtr_clinical_testing_utilization	1817	b206059b22a619e5
5cdbdaea283987b3	epilepsy	3579	ncbi_gene	ENSG00000180871	ensembl_gene	CXCR2	gtr_epilepsy_gene_summary	GTR epilepsy gene summary	gtr_gene_summary	2.0	silver	CXCR2	resolved	gtr_clinical_testing_utilization	2221	dac830b765c6f10c
1096d28697a1bec1	epilepsy	7852	ncbi_gene	ENSG00000121966	ensembl_gene	CXCR4	gtr_epilepsy_gene_summary	GTR epilepsy gene summary	gtr_gene_summary	2.0	silver	CXCR4	resolved	gtr_clinical_testing_utilization	1994	96091242bd38c827
20c7583e3189a87e	epilepsy	1727	ncbi_gene	ENSG00000100243	ensembl_gene	CYB5R3	gtr_epilepsy_gene_summary	GTR epilepsy gene summary	gtr_gene_summary	2.0	silver	CYB5R3	resolved	gtr_clinical_testing_utilization	2747	f5ea54c2ab9a6090
c0cb58aec9679648	epilepsy	1535	ncbi_gene	ENSG00000051523	ensembl_gene	CYBA	gtr_epilepsy_gene_summary	GTR epilepsy gene summary	gtr_gene_summary	2.0	silver	CYBA	resolved	gtr_clinical_testing_utilization	1510	9ccaf3df535e43dd
ab3bc1a727a6a8dd	epilepsy	1536	ncbi_gene	ENSG00000165168	ensembl_gene	CYBB	gtr_epilepsy_gene_summary	GTR epilepsy gene summary	gtr_gene_summary	2.0	silver	CYBB	resolved	gtr_clinical_testing_utilization	1511	4556982244983fd0
4ede80e9c74c3be5	epilepsy	1537	ncbi_gene	ENSG00000179091	ensembl_gene	CYC1	gtr_epilepsy_gene_summary	GTR epilepsy gene summary	gtr_gene_summary	2.0	silver	CYC1	resolved	gtr_clinical_testing_utilization	3000	d2073b8b3dfdfc9d
a1ff89e607a99e0b	epilepsy	26999	ncbi_gene	ENSG00000055163	ensembl_gene	CYFIP2	genes4epilepsy	Genes4Epilepsy	literature_derived	1.0	bronze	CYFIP2	resolved		240	5efa03d18582e697
a1ff89e607a99e0b	epilepsy	26999	ncbi_gene	ENSG00000055163	ensembl_gene	CYFIP2	gtr_epilepsy_gene_summary	GTR epilepsy gene summary	gtr_gene_summary	2.0	silver	CYFIP2	resolved	gtr_clinical_testing_utilization	383	1760fdd3402855cd
aba5dbea59fd7ba1	epilepsy	1583	ncbi_gene	ENSG00000140459	ensembl_gene	CYP11A1	gtr_epilepsy_gene_summary	GTR epilepsy gene summary	gtr_gene_summary	2.0	silver	CYP11A1	resolved	gtr_clinical_testing_utilization	1434	93f057722a2ec3f1
08ad85b9ab2e0a71	epilepsy	1584	ncbi_gene	ENSG00000160882	ensembl_gene	CYP11B1	gtr_epilepsy_gene_summary	GTR epilepsy gene summary	gtr_gene_summary	2.0	silver	CYP11B1	resolved	gtr_clinical_testing_utilization	1449	e4a31a57e31e945b
865d2c0ee547b663	epilepsy	1586	ncbi_gene	ENSG00000148795	ensembl_gene	CYP17A1	gtr_epilepsy_gene_summary	GTR epilepsy gene summary	gtr_gene_summary	2.0	silver	CYP17A1	resolved	gtr_clinical_testing_utilization	1450	aed171375d4b7c7d
6ec20b9aa28f37c2	epilepsy	1545	ncbi_gene	ENSG00000138061	ensembl_gene	CYP1B1	gtr_epilepsy_gene_summary	GTR epilepsy gene summary	gtr_gene_summary	2.0	silver	CYP1B1	resolved	gtr_clinical_testing_utilization	2139	eb3cc096bb205474
6f675464e5253580	epilepsy	1589	ncbi_gene	ENSG00000235134	ensembl_gene	CYP21A2	gtr_epilepsy_gene_summary	GTR epilepsy gene summary	gtr_gene_summary	2.0	silver	CYP21A2	resolved	gtr_clinical_testing_utilization	1435	6f05b129ceb7a75e
f14467f72a10de15	epilepsy	1591	ncbi_gene	ENSG00000019186	ensembl_gene	CYP24A1	gtr_epilepsy_gene_summary	GTR epilepsy gene summary	gtr_gene_summary	2.0	silver	CYP24A1	resolved	gtr_clinical_testing_utilization	2365	acaea7a4cc074c88
031654943b61ef4a	epilepsy	1593	ncbi_gene	ENSG00000135929	ensembl_gene	CYP27A1	genes4epilepsy	Genes4Epilepsy	literature_derived	1.0	bronze	CYP27A1	resolved		241	6994209fa32cf7a1
031654943b61ef4a	epilepsy	1593	ncbi_gene	ENSG00000135929	ensembl_gene	CYP27A1	gtr_epilepsy_gene_summary	GTR epilepsy gene summary	gtr_gene_summary	2.0	silver	CYP27A1	resolved	gtr_clinical_testing_utilization	258	87bc05feb3fe7509
1ec7f0f9c5e87fea	epilepsy	1594	ncbi_gene	ENSG00000111012	ensembl_gene	CYP27B1	gtr_epilepsy_gene_summary	GTR epilepsy gene summary	gtr_gene_summary	2.0	silver	CYP27B1	resolved	gtr_clinical_testing_utilization	1037	b2d59bdfb1c79a28
0f2641b5a9926119	epilepsy	1559	ncbi_gene	ENSG00000138109	ensembl_gene	CYP2C9	gtr_epilepsy_gene_summary	GTR epilepsy gene summary	gtr_gene_summary	2.0	silver	CYP2C9	resolved	gtr_clinical_testing_utilization	3001	b2a4c15b3c2037fc
0bbc7cf455fd8b7a	epilepsy	120227	ncbi_gene	ENSG00000186104	ensembl_gene	CYP2R1	gtr_epilepsy_gene_summary	GTR epilepsy gene summary	gtr_gene_summary	2.0	silver	CYP2R1	resolved	gtr_clinical_testing_utilization	3002	b56a609b491ff383
d52afbc366d4e414	epilepsy	113612	ncbi_gene	ENSG00000155016	ensembl_gene	CYP2U1	gtr_epilepsy_gene_summary	GTR epilepsy gene summary	gtr_gene_summary	2.0	silver	CYP2U1	resolved	gtr_clinical_testing_utilization	729	4d39a70fd63a0ea9
d57fc9fef7a734fd	epilepsy	126410	ncbi_gene	ENSG00000171954	ensembl_gene	CYP4F22	gtr_epilepsy_gene_summary	GTR epilepsy gene summary	gtr_gene_summary	2.0	silver	CYP4F22	resolved	gtr_clinical_testing_utilization	2140	a2a7ff4309c25690
42b33247f080de31	epilepsy	1595	ncbi_gene	ENSG00000001630	ensembl_gene	CYP51A1	gtr_epilepsy_gene_summary	GTR epilepsy gene summary	gtr_gene_summary	2.0	silver	CYP51A1	resolved	gtr_clinical_testing_utilization	2444	fa3738d3a7e9c917
91d0208132987892	epilepsy	1581	ncbi_gene	ENSG00000167910	ensembl_gene	CYP7A1	gtr_epilepsy_gene_summary	GTR epilepsy gene summary	gtr_gene_summary	2.0	silver	CYP7A1	resolved	gtr_clinical_testing_utilization	3003	43ef10dae9864954
c168aba3787f7ee0	epilepsy	9420	ncbi_gene	ENSG00000172817	ensembl_gene	CYP7B1	gtr_epilepsy_gene_summary	GTR epilepsy gene summary	gtr_gene_summary	2.0	silver	CYP7B1	resolved	gtr_clinical_testing_utilization	1098	c92006e1955ca7a0
d8e9042047901d32	epilepsy	728294	ncbi_gene	ENSG00000180902	ensembl_gene	D2HGDH	genes4epilepsy	Genes4Epilepsy	literature_derived	1.0	bronze	D2HGDH	resolved		242	91d16c0cd2193b48
d8e9042047901d32	epilepsy	728294	ncbi_gene	ENSG00000180902	ensembl_gene	D2HGDH	gtr_epilepsy_gene_summary	GTR epilepsy gene summary	gtr_gene_summary	2.0	silver	D2HGDH	resolved	gtr_clinical_testing_utilization	540	b948cdd06e56bdb3
c434218237485299	epilepsy	23500	ncbi_gene	ENSG00000146122	ensembl_gene	DAAM2	gtr_epilepsy_gene_summary	GTR epilepsy gene summary	gtr_gene_summary	2.0	silver	DAAM2	resolved	gtr_clinical_testing_utilization	2855	8e7df38ff2bcb260
6a853518343bd03f	epilepsy	1605	ncbi_gene	ENSG00000173402	ensembl_gene	DAG1	genes4epilepsy	Genes4Epilepsy	literature_derived	1.0	bronze	DAG1	resolved		243	358257d166b9381a
6a853518343bd03f	epilepsy	1605	ncbi_gene	ENSG00000173402	ensembl_gene	DAG1	gtr_epilepsy_gene_summary	GTR epilepsy gene summary	gtr_gene_summary	2.0	silver	DAG1	resolved	gtr_clinical_testing_utilization	1212	c8a127c7effae69f
2108db8b84dfbe71	epilepsy	55152	ncbi_gene	ENSG00000178149	ensembl_gene	DALRD3	gtr_epilepsy_gene_summary	GTR epilepsy gene summary	gtr_gene_summary	2.0	silver	DALRD3	resolved	gtr_clinical_testing_utilization	2247	42debe0b9740b79a
000554f8a74451ba	epilepsy	1610	ncbi_gene	ENSG00000110887	ensembl_gene	DAO	gtr_epilepsy_gene_summary	GTR epilepsy gene summary	gtr_gene_summary	2.0	silver	DAO	resolved	gtr_clinical_testing_utilization	2748	06dd022eff79c498
4ef629918a182ca3	epilepsy	267012	ncbi_gene	ENSG00000182346	ensembl_gene	DAOA	gtr_epilepsy_gene_summary	GTR epilepsy gene summary	gtr_gene_summary	2.0	silver	DAOA	resolved	gtr_clinical_testing_utilization	2749	0016a94b30a1c5f7
c2f940973d3228f3	epilepsy	1615	ncbi_gene	ENSG00000115866	ensembl_gene	DARS1	gtr_epilepsy_gene_summary	GTR epilepsy gene summary	gtr_gene_summary	2.0	silver	DARS1	resolved	gtr_clinical_testing_utilization	1889	2de3d888799cebc1
8d6e4db9b8a697f3	epilepsy	55157	ncbi_gene	ENSG00000117593	ensembl_gene	DARS2	gtr_epilepsy_gene_summary	GTR epilepsy gene summary	gtr_gene_summary	2.0	silver	DARS2	resolved	gtr_clinical_testing_utilization	672	f0832bc298071eb8
2d4a27c3390c57f8	epilepsy	1621	ncbi_gene	ENSG00000123454	ensembl_gene	DBH	gtr_epilepsy_gene_summary	GTR epilepsy gene summary	gtr_gene_summary	2.0	silver	DBH	resolved	gtr_clinical_testing_utilization	3004	a62757e130c60ba1
fa6530a21912546c	epilepsy	51163	ncbi_gene	ENSG00000138231	ensembl_gene	DBR1	gtr_epilepsy_gene_summary	GTR epilepsy gene summary	gtr_gene_summary	2.0	silver	DBR1	resolved	gtr_clinical_testing_utilization	2325	90d8d8acb90bc958
7bf8fe976512c35a	epilepsy	1629	ncbi_gene	ENSG00000137992	ensembl_gene	DBT	genes4epilepsy	Genes4Epilepsy	literature_derived	1.0	bronze	DBT	resolved		244	1d2b9ee1a7d22266
7bf8fe976512c35a	epilepsy	1629	ncbi_gene	ENSG00000137992	ensembl_gene	DBT	gtr_epilepsy_gene_summary	GTR epilepsy gene summary	gtr_gene_summary	2.0	silver	DBT	resolved	gtr_clinical_testing_utilization	357	5af035555666c8be
2fbec35b227272ff	epilepsy	80067	ncbi_gene	ENSG00000115827	ensembl_gene	DCAF17	gtr_epilepsy_gene_summary	GTR epilepsy gene summary	gtr_gene_summary	2.0	silver	DCAF17	resolved	gtr_clinical_testing_utilization	1039	051b7ea9b5596a04
de7905090bc9c523	epilepsy	1630	ncbi_gene	ENSG00000187323	ensembl_gene	DCC	gtr_epilepsy_gene_summary	GTR epilepsy gene summary	gtr_gene_summary	2.0	silver	DCC	resolved	gtr_clinical_testing_utilization	1935	56ac51b3da1f24e2
a756cb5d9fdec1f3	epilepsy	341019	ncbi_gene	ENSG00000170959	ensembl_gene	DCDC1	gtr_epilepsy_gene_summary	GTR epilepsy gene summary	gtr_gene_summary	2.0	silver	DCDC1	resolved	gtr_clinical_testing_utilization	2445	c836d9cbbcb8fff6
838f8a4d748fda3d	epilepsy	51473	ncbi_gene	ENSG00000146038	ensembl_gene	DCDC2	gtr_epilepsy_gene_summary	GTR epilepsy gene summary	gtr_gene_summary	2.0	silver	DCDC2	resolved	gtr_clinical_testing_utilization	1901	097a87fbc9baeaf5
09f3d5133f46a94b	epilepsy	8642	ncbi_gene	ENSG00000166341	ensembl_gene	DCHS1	genes4epilepsy	Genes4Epilepsy	literature_derived	1.0	bronze	DCHS1	resolved		245	4c49d7070254fb65
09f3d5133f46a94b	epilepsy	8642	ncbi_gene	ENSG00000166341	ensembl_gene	DCHS1	gtr_epilepsy_gene_summary	GTR epilepsy gene summary	gtr_gene_summary	2.0	silver	DCHS1	resolved	gtr_clinical_testing_utilization	389	27857626ffeca352
1eabfc614d4ff7d2	epilepsy	64421	ncbi_gene	ENSG00000152457	ensembl_gene	DCLRE1C	gtr_epilepsy_gene_summary	GTR epilepsy gene summary	gtr_gene_summary	2.0	silver	DCLRE1C	resolved	gtr_clinical_testing_utilization	2087	1f8baddceca1c405
6b419fe20148d370	epilepsy	1639	ncbi_gene	ENSG00000204843	ensembl_gene	DCTN1	gtr_epilepsy_gene_summary	GTR epilepsy gene summary	gtr_gene_summary	2.0	silver	DCTN1	resolved	gtr_clinical_testing_utilization	2204	08239c59d919ca49
b7f5ad0fce706137	epilepsy	1641	ncbi_gene	ENSG00000077279	ensembl_gene	DCX	genes4epilepsy	Genes4Epilepsy	literature_derived	1.0	bronze	DCX	resolved		246	286f8fb544c296c0
b7f5ad0fce706137	epilepsy	1641	ncbi_gene	ENSG00000077279	ensembl_gene	DCX	gtr_epilepsy_gene_summary	GTR epilepsy gene summary	gtr_gene_summary	2.0	silver	DCX	resolved	gtr_clinical_testing_utilization	107	df4c65c5447b6694
c2ce71771394bdb9	epilepsy	1643	ncbi_gene	ENSG00000134574	ensembl_gene	DDB2	gtr_epilepsy_gene_summary	GTR epilepsy gene summary	gtr_gene_summary	2.0	silver	DDB2	resolved	gtr_clinical_testing_utilization	2088	3ef221bdd6260bd3
27c8157465f02cb3	epilepsy	1644	ncbi_gene	ENSG00000132437	ensembl_gene	DDC	genes4epilepsy	Genes4Epilepsy	literature_derived	1.0	bronze	DDC	resolved		247	b240d481c8a8d895
27c8157465f02cb3	epilepsy	1644	ncbi_gene	ENSG00000132437	ensembl_gene	DDC	gtr_epilepsy_gene_summary	GTR epilepsy gene summary	gtr_gene_summary	2.0	silver	DDC	resolved	gtr_clinical_testing_utilization	368	cd5a4e3d8ef727ef
fab2200a0c7e9cf4	epilepsy	80821	ncbi_gene	ENSG00000100523	ensembl_gene	DDHD1	gtr_epilepsy_gene_summary	GTR epilepsy gene summary	gtr_gene_summary	2.0	silver	DDHD1	resolved	gtr_clinical_testing_utilization	1836	329963a782894768
f92b675c8731bc7a	epilepsy	23259	ncbi_gene	ENSG00000085788	ensembl_gene	DDHD2	gtr_epilepsy_gene_summary	GTR epilepsy gene summary	gtr_gene_summary	2.0	silver	DDHD2	resolved	gtr_clinical_testing_utilization	1321	0bf043363208a4aa
881716e6063997d2	epilepsy	1650	ncbi_gene	ENSG00000244038	ensembl_gene	DDOST	gtr_epilepsy_gene_summary	GTR epilepsy gene summary	gtr_gene_summary	2.0	silver	DDOST	resolved	gtr_clinical_testing_utilization	937	b8089c7a68c5e3ce
10a807d26c801876	epilepsy	4921	ncbi_gene	ENSG00000162733	ensembl_gene	DDR2	gtr_epilepsy_gene_summary	GTR epilepsy gene summary	gtr_gene_summary	2.0	silver	DDR2	resolved	gtr_clinical_testing_utilization	2750	771a0e7953179a92
c8ccd2947ee93210	epilepsy	1663	ncbi_gene	ENSG00000013573	ensembl_gene	DDX11	gtr_epilepsy_gene_summary	GTR epilepsy gene summary	gtr_gene_summary	2.0	silver	DDX11	resolved	gtr_clinical_testing_utilization	2593	93912ad10ed51a22
2d118e2d12fafd6a	epilepsy	7919	ncbi_gene	ENSG00000235439	ensembl_gene	DDX39B	genes4epilepsy	Genes4Epilepsy	literature_derived	1.0	bronze	DDX39B	resolved		248	2aa0bb54304af7d5
9866f36cf53b4d0f	epilepsy	1654	ncbi_gene	ENSG00000215301	ensembl_gene	DDX3X	genes4epilepsy	Genes4Epilepsy	literature_derived	1.0	bronze	DDX3X	resolved		249	26d3ac515530f422
9866f36cf53b4d0f	epilepsy	1654	ncbi_gene	ENSG00000215301	ensembl_gene	DDX3X	gtr_epilepsy_gene_summary	GTR epilepsy gene summary	gtr_gene_summary	2.0	silver	DDX3X	resolved	gtr_clinical_testing_utilization	232	e1d20bce75db63e7
56e073676f33bedc	epilepsy	168400	ncbi_gene	ENSG00000184735	ensembl_gene	DDX53	genes4epilepsy	Genes4Epilepsy	literature_derived	1.0	bronze	DDX53	resolved		250	9516d6d539979fa0
5aa4e218f104debe	epilepsy	10522	ncbi_gene	ENSG00000177030	ensembl_gene	DEAF1	genes4epilepsy	Genes4Epilepsy	literature_derived	1.0	bronze	DEAF1	resolved		251	0c14648dd61fe20e
5aa4e218f104debe	epilepsy	10522	ncbi_gene	ENSG00000177030	ensembl_gene	DEAF1	gtr_epilepsy_gene_summary	GTR epilepsy gene summary	gtr_gene_summary	2.0	silver	DEAF1	resolved	gtr_clinical_testing_utilization	184	0493b566e0cc85d1
a2799c0d988c4080	epilepsy	50619	ncbi_gene	ENSG00000023892	ensembl_gene	DEF6	gtr_epilepsy_gene_summary	GTR epilepsy gene summary	gtr_gene_summary	2.0	silver	DEF6	resolved	gtr_clinical_testing_utilization	2222	5ed6d4f4097768e9
d95f186004a9d03a	epilepsy	8560	ncbi_gene	ENSG00000143753	ensembl_gene	DEGS1	genes4epilepsy	Genes4Epilepsy	literature_derived	1.0	bronze	DEGS1	resolved		252	caf3a6905ccff68a
a4f2359b0f5be46c	epilepsy	6764	ncbi_gene	ENSG00000166444	ensembl_gene	DENND2B	genes4epilepsy	Genes4Epilepsy	literature_derived	1.0	bronze	DENND2B	resolved		253	478cfe1e5dbbdd9f
a4f2359b0f5be46c	epilepsy	6764	ncbi_gene	ENSG00000166444	ensembl_gene	DENND2B	gtr_epilepsy_gene_summary	GTR epilepsy gene summary	gtr_gene_summary	2.0	silver	DENND2B	resolved	gtr_clinical_testing_utilization	3005	1f4a456352270cc5
af69db84685f1f91	epilepsy	23258	ncbi_gene	ENSG00000184014	ensembl_gene	DENND5A	genes4epilepsy	Genes4Epilepsy	literature_derived	1.0	bronze	DENND5A	resolved		254	7adc251de8547038
af69db84685f1f91	epilepsy	23258	ncbi_gene	ENSG00000184014	ensembl_gene	DENND5A	gtr_epilepsy_gene_summary	GTR epilepsy gene summary	gtr_gene_summary	2.0	silver	DENND5A	resolved	gtr_clinical_testing_utilization	155	644efc1f50da01ed
e736a1403da68043	epilepsy	160518	ncbi_gene	ENSG00000170456	ensembl_gene	DENND5B	genes4epilepsy	Genes4Epilepsy	literature_derived	1.0	bronze	DENND5B	resolved		255	a58d6d04b3b0dd1c
50fb3c1d77008c01	epilepsy		ensembl_gene	ENSG00000100150	ensembl_gene	DEPDC5	epi25_2024_epi_high_confidence	Epi25 2024 EPI high-confidence genes	consortium_wes_burden	3.0	gold	DEPDC5	resolved		1	d14f72c8210c2b81
50fb3c1d77008c01	epilepsy	9681	ncbi_gene	ENSG00000100150	ensembl_gene	DEPDC5	genes4epilepsy	Genes4Epilepsy	literature_derived	1.0	bronze	DEPDC5	resolved		256	c2a22933f6125413
50fb3c1d77008c01	epilepsy	9681	ncbi_gene	ENSG00000100150	ensembl_gene	DEPDC5	gtr_epilepsy_gene_summary	GTR epilepsy gene summary	gtr_gene_summary	2.0	silver	DEPDC5	resolved	gtr_clinical_testing_utilization	51	10d3afe2707a39c1
deb72b379dbfd8c4	epilepsy	1674	ncbi_gene	ENSG00000175084	ensembl_gene	DES	gtr_epilepsy_gene_summary	GTR epilepsy gene summary	gtr_gene_summary	2.0	silver	DES	resolved	gtr_clinical_testing_utilization	958	b601a0a9eadd601f
e55b08558bd3bf55	epilepsy	84649	ncbi_gene	ENSG00000062282	ensembl_gene	DGAT2	gtr_epilepsy_gene_summary	GTR epilepsy gene summary	gtr_gene_summary	2.0	silver	DGAT2	resolved	gtr_clinical_testing_utilization	2562	e63e45f0e49046d1
10e96e6b2710a4c0	epilepsy	8527	ncbi_gene	ENSG00000077044	ensembl_gene	DGKD	gtr_epilepsy_gene_summary	GTR epilepsy gene summary	gtr_gene_summary	2.0	silver	DGKD	resolved	gtr_clinical_testing_utilization	3006	dc96d7ab3761f87f
5fa37394c8319361	epilepsy	8525	ncbi_gene	ENSG00000149091	ensembl_gene	DGKZ	gtr_epilepsy_gene_summary	GTR epilepsy gene summary	gtr_gene_summary	2.0	silver	DGKZ	resolved	gtr_clinical_testing_utilization	2388	c119919d46af8488
ef5149f56991542d	epilepsy	1716	ncbi_gene	ENSG00000114956	ensembl_gene	DGUOK	gtr_epilepsy_gene_summary	GTR epilepsy gene summary	gtr_gene_summary	2.0	silver	DGUOK	resolved	gtr_clinical_testing_utilization	483	fde858df9f2fe5cd
e2daa7dd88b457ab	epilepsy	1718	ncbi_gene	ENSG00000116133	ensembl_gene	DHCR24	genes4epilepsy	Genes4Epilepsy	literature_derived	1.0	bronze	DHCR24	resolved		257	936a4c2614cfafa6
e2daa7dd88b457ab	epilepsy	1718	ncbi_gene	ENSG00000116133	ensembl_gene	DHCR24	gtr_epilepsy_gene_summary	GTR epilepsy gene summary	gtr_gene_summary	2.0	silver	DHCR24	resolved	gtr_clinical_testing_utilization	906	f518082349054916
658cc36212a84115	epilepsy	1717	ncbi_gene	ENSG00000172893	ensembl_gene	DHCR7	gtr_epilepsy_gene_summary	GTR epilepsy gene summary	gtr_gene_summary	2.0	silver	DHCR7	resolved	gtr_clinical_testing_utilization	214	e05589cd81b86dc3
1cad2019e22aeced	epilepsy	79947	ncbi_gene	ENSG00000117682	ensembl_gene	DHDDS	genes4epilepsy	Genes4Epilepsy	literature_derived	1.0	bronze	DHDDS	resolved		258	d23174143385ddb6
1cad2019e22aeced	epilepsy	79947	ncbi_gene	ENSG00000117682	ensembl_gene	DHDDS	gtr_epilepsy_gene_summary	GTR epilepsy gene summary	gtr_gene_summary	2.0	silver	DHDDS	resolved	gtr_clinical_testing_utilization	142	d6f294128f45f89a
a819a4af97352a03	epilepsy	1719	ncbi_gene	ENSG00000228716	ensembl_gene	DHFR	genes4epilepsy	Genes4Epilepsy	literature_derived	1.0	bronze	DHFR	resolved		259	92f7353b92727468
a819a4af97352a03	epilepsy	1719	ncbi_gene	ENSG00000228716	ensembl_gene	DHFR	gtr_epilepsy_gene_summary	GTR epilepsy gene summary	gtr_gene_summary	2.0	silver	DHFR	resolved	gtr_clinical_testing_utilization	1157	4b6de19fe9843cd5
4a4010d6b6567b65	epilepsy	200895	ncbi_gene	ENSG00000178700	ensembl_gene	DHFR2	gtr_epilepsy_gene_summary	GTR epilepsy gene summary	gtr_gene_summary	2.0	silver	DHFR2	resolved	gtr_clinical_testing_utilization	3007	c115449fe852bfb0
8263062e319be7b9	epilepsy	1723	ncbi_gene	ENSG00000102967	ensembl_gene	DHODH	gtr_epilepsy_gene_summary	GTR epilepsy gene summary	gtr_gene_summary	2.0	silver	DHODH	resolved	gtr_clinical_testing_utilization	1646	82d75bd83e03e153
d4997334e49ba2b5	epilepsy	1725	ncbi_gene	ENSG00000095059	ensembl_gene	DHPS	genes4epilepsy	Genes4Epilepsy	literature_derived	1.0	bronze	DHPS	resolved		260	6351037e14ccbd5e
d4997334e49ba2b5	epilepsy	1725	ncbi_gene	ENSG00000095059	ensembl_gene	DHPS	gtr_epilepsy_gene_summary	GTR epilepsy gene summary	gtr_gene_summary	2.0	silver	DHPS	resolved	gtr_clinical_testing_utilization	2231	916bd5df990cbb76
60293ba27cff9b9d	epilepsy	8449	ncbi_gene	ENSG00000233049	ensembl_gene	DHX16	genes4epilepsy	Genes4Epilepsy	literature_derived	1.0	bronze	DHX16	resolved		261	eae22f8bcbbf55ac
8cc8c15d9499c764	epilepsy	22907	ncbi_gene	ENSG00000132153	ensembl_gene	DHX30	genes4epilepsy	Genes4Epilepsy	literature_derived	1.0	bronze	DHX30	resolved		262	cdc8b4e41d3ff78c
8cc8c15d9499c764	epilepsy	22907	ncbi_gene	ENSG00000132153	ensembl_gene	DHX30	gtr_epilepsy_gene_summary	GTR epilepsy gene summary	gtr_gene_summary	2.0	silver	DHX30	resolved	gtr_clinical_testing_utilization	3008	915fe8a86f596d01
9557aa9f2ae5ee4e	epilepsy	55760	ncbi_gene	ENSG00000089876	ensembl_gene	DHX32	gtr_epilepsy_gene_summary	GTR epilepsy gene summary	gtr_gene_summary	2.0	silver	DHX32	resolved	gtr_clinical_testing_utilization	2446	40b26f565c0afe14
aefd9f777bf293ea	epilepsy	1660	ncbi_gene	ENSG00000135829	ensembl_gene	DHX9	genes4epilepsy	Genes4Epilepsy	literature_derived	1.0	bronze	DHX9	resolved		263	134149b0b9861097
6b87af107c17631c	epilepsy	56616	ncbi_gene	ENSG00000184047	ensembl_gene	DIABLO	gtr_epilepsy_gene_summary	GTR epilepsy gene summary	gtr_gene_summary	2.0	silver	DIABLO	resolved	gtr_clinical_testing_utilization	1343	580a798869d4f977
d7d735798599bbd6	epilepsy	1729	ncbi_gene	ENSG00000131504	ensembl_gene	DIAPH1	genes4epilepsy	Genes4Epilepsy	literature_derived	1.0	bronze	DIAPH1	resolved		264	ca46360da53808f4
d7d735798599bbd6	epilepsy	1729	ncbi_gene	ENSG00000131504	ensembl_gene	DIAPH1	gtr_epilepsy_gene_summary	GTR epilepsy gene summary	gtr_gene_summary	2.0	silver	DIAPH1	resolved	gtr_clinical_testing_utilization	168	e1df23ae2d8c670c
32d848a89f8ef306	epilepsy	81624	ncbi_gene	ENSG00000139734	ensembl_gene	DIAPH3	gtr_epilepsy_gene_summary	GTR epilepsy gene summary	gtr_gene_summary	2.0	silver	DIAPH3	resolved	gtr_clinical_testing_utilization	1344	62e728ffa87f9c0f
7c4d65e0990882b1	epilepsy	57609	ncbi_gene	ENSG00000066084	ensembl_gene	DIP2B	gtr_epilepsy_gene_summary	GTR epilepsy gene summary	gtr_gene_summary	2.0	silver	DIP2B	resolved	gtr_clinical_testing_utilization	1213	6fba6a8286847826
001a9da21ccdb1cd	epilepsy	22982	ncbi_gene	ENSG00000151240	ensembl_gene	DIP2C	genes4epilepsy	Genes4Epilepsy	literature_derived	1.0	bronze	DIP2C	resolved		265	05ca67bde2b49fa8
001a9da21ccdb1cd	epilepsy	22982	ncbi_gene	ENSG00000151240	ensembl_gene	DIP2C	gtr_epilepsy_gene_summary	GTR epilepsy gene summary	gtr_gene_summary	2.0	silver	DIP2C	resolved	gtr_clinical_testing_utilization	2618	756c3b26fe2d2138
b001c1d31e4520b9	epilepsy	129563	ncbi_gene	ENSG00000144535	ensembl_gene	DIS3L2	gtr_epilepsy_gene_summary	GTR epilepsy gene summary	gtr_gene_summary	2.0	silver	DIS3L2	resolved	gtr_clinical_testing_utilization	1248	e114cc4c3e5b673c
24d26172f14aba71	epilepsy	84976	ncbi_gene	ENSG00000154309	ensembl_gene	DISP1	gtr_epilepsy_gene_summary	GTR epilepsy gene summary	gtr_gene_summary	2.0	silver	DISP1	resolved	gtr_clinical_testing_utilization	818	63006b315f641821
bc5e7c94e960be8a	epilepsy	1736	ncbi_gene	ENSG00000130826	ensembl_gene	DKC1	gtr_epilepsy_gene_summary	GTR epilepsy gene summary	gtr_gene_summary	2.0	silver	DKC1	resolved	gtr_clinical_testing_utilization	1133	2d0552c2b23771a1
75bc0005e368c522	epilepsy	1737	ncbi_gene	ENSG00000150768	ensembl_gene	DLAT	gtr_epilepsy_gene_summary	GTR epilepsy gene summary	gtr_gene_summary	2.0	silver	DLAT	resolved	gtr_clinical_testing_utilization	304	c3016326b08cd690
0596f61f3040acef	epilepsy	1738	ncbi_gene	ENSG00000091140	ensembl_gene	DLD	gtr_epilepsy_gene_summary	GTR epilepsy gene summary	gtr_gene_summary	2.0	silver	DLD	resolved	gtr_clinical_testing_utilization	254	6a7a6a1a171034c8
a210aa0aac58e57f	epilepsy	1739	ncbi_gene	ENSG00000075711	ensembl_gene	DLG1	gtr_epilepsy_gene_summary	GTR epilepsy gene summary	gtr_gene_summary	2.0	silver	DLG1	resolved	gtr_clinical_testing_utilization	3009	4fdc18bdb6687fc2
2f02bc4bc218e51a	epilepsy	1740	ncbi_gene	ENSG00000150672	ensembl_gene	DLG2	gtr_epilepsy_gene_summary	GTR epilepsy gene summary	gtr_gene_summary	2.0	silver	DLG2	resolved	gtr_clinical_testing_utilization	2029	239d306a93ddcc94
02965797d6ba3d7a	epilepsy	1741	ncbi_gene	ENSG00000082458	ensembl_gene	DLG3	gtr_epilepsy_gene_summary	GTR epilepsy gene summary	gtr_gene_summary	2.0	silver	DLG3	resolved	gtr_clinical_testing_utilization	662	5654a3caf3491041
fdb679ce3b98baff	epilepsy	1742	ncbi_gene	ENSG00000132535	ensembl_gene	DLG4	genes4epilepsy	Genes4Epilepsy	literature_derived	1.0	bronze	DLG4	resolved		266	8bb24b2f14ecc304
fdb679ce3b98baff	epilepsy	1742	ncbi_gene	ENSG00000132535	ensembl_gene	DLG4	gtr_epilepsy_gene_summary	GTR epilepsy gene summary	gtr_gene_summary	2.0	silver	DLG4	resolved	gtr_clinical_testing_utilization	3010	c8388603d4a8193a
19155c9a02d2c8cc	epilepsy	9228	ncbi_gene	ENSG00000198010	ensembl_gene	DLGAP2	gtr_epilepsy_gene_summary	GTR epilepsy gene summary	gtr_gene_summary	2.0	silver	DLGAP2	resolved	gtr_clinical_testing_utilization	3011	d3007c8ff595e185
3f48b9656f4330b8	epilepsy	28514	ncbi_gene	ENSG00000275555	ensembl_gene	DLL1	genes4epilepsy	Genes4Epilepsy	literature_derived	1.0	bronze	DLL1	resolved		267	1f7538f48ba9be31
3f48b9656f4330b8	epilepsy	28514	ncbi_gene	ENSG00000275555	ensembl_gene	DLL1	gtr_epilepsy_gene_summary	GTR epilepsy gene summary	gtr_gene_summary	2.0	silver	DLL1	resolved	gtr_clinical_testing_utilization	1582	01b7868e4afeec10
da8d16c8aa5ad366	epilepsy	54567	ncbi_gene	ENSG00000128917	ensembl_gene	DLL4	gtr_epilepsy_gene_summary	GTR epilepsy gene summary	gtr_gene_summary	2.0	silver	DLL4	resolved	gtr_clinical_testing_utilization	1169	1d70d11324113f58
c019a550fe686a90	epilepsy	1747	ncbi_gene	ENSG00000064195	ensembl_gene	DLX3	gtr_epilepsy_gene_summary	GTR epilepsy gene summary	gtr_gene_summary	2.0	silver	DLX3	resolved	gtr_clinical_testing_utilization	2619	223c856327082155
d61cac1662a45032	epilepsy	1749	ncbi_gene	ENSG00000105880	ensembl_gene	DLX5	gtr_epilepsy_gene_summary	GTR epilepsy gene summary	gtr_gene_summary	2.0	silver	DLX5	resolved	gtr_clinical_testing_utilization	2661	53873b6de01287a5
ab6bd90673245921	epilepsy	1750	ncbi_gene	ENSG00000006377	ensembl_gene	DLX6	gtr_epilepsy_gene_summary	GTR epilepsy gene summary	gtr_gene_summary	2.0	silver	DLX6	resolved	gtr_clinical_testing_utilization	2751	2e89a352377bd160
39bf52c0a4fc9532	epilepsy	127343	ncbi_gene	ENSG00000197587	ensembl_gene	DMBX1	gtr_epilepsy_gene_summary	GTR epilepsy gene summary	gtr_gene_summary	2.0	silver	DMBX1	resolved	gtr_clinical_testing_utilization	1995	9998de9e76c103fe
dda35ec3eabbed0d	epilepsy	1756	ncbi_gene	ENSG00000198947	ensembl_gene	DMD	gtr_epilepsy_gene_summary	GTR epilepsy gene summary	gtr_gene_summary	2.0	silver	DMD	resolved	gtr_clinical_testing_utilization	577	3cb5911bf9259f21
84ef50e448ff17e9	epilepsy	1758	ncbi_gene	ENSG00000152592	ensembl_gene	DMP1	gtr_epilepsy_gene_summary	GTR epilepsy gene summary	gtr_gene_summary	2.0	silver	DMP1	resolved	gtr_clinical_testing_utilization	2536	cecb351b994fd08f
9797127c3902564e	epilepsy	1761	ncbi_gene	ENSG00000137090	ensembl_gene	DMRT1	gtr_epilepsy_gene_summary	GTR epilepsy gene summary	gtr_gene_summary	2.0	silver	DMRT1	resolved	gtr_clinical_testing_utilization	2633	e11e20fd604c11b0
533bebed409d9a35	epilepsy	10655	ncbi_gene	ENSG00000173253	ensembl_gene	DMRT2	gtr_epilepsy_gene_summary	GTR epilepsy gene summary	gtr_gene_summary	2.0	silver	DMRT2	resolved	gtr_clinical_testing_utilization	2282	b9c8dc3bfd1608f8
8c443699b379b29e	epilepsy	63950	ncbi_gene	ENSG00000142700	ensembl_gene	DMRTA2	genes4epilepsy	Genes4Epilepsy	literature_derived	1.0	bronze	DMRTA2	resolved		268	360b8fe3170b94e1
8c443699b379b29e	epilepsy	63950	ncbi_gene	ENSG00000142700	ensembl_gene	DMRTA2	gtr_epilepsy_gene_summary	GTR epilepsy gene summary	gtr_gene_summary	2.0	silver	DMRTA2	resolved	gtr_clinical_testing_utilization	3012	0f03310eaf27902c
442bbf1f006ec8cb	epilepsy	23312	ncbi_gene	ENSG00000104093	ensembl_gene	DMXL2	genes4epilepsy	Genes4Epilepsy	literature_derived	1.0	bronze	DMXL2	resolved		269	2ee5a6cf277e934d
442bbf1f006ec8cb	epilepsy	23312	ncbi_gene	ENSG00000104093	ensembl_gene	DMXL2	gtr_epilepsy_gene_summary	GTR epilepsy gene summary	gtr_gene_summary	2.0	silver	DMXL2	resolved	gtr_clinical_testing_utilization	195	fd108cd64b64cbe6
5b17e9f181470c7d	epilepsy	1763	ncbi_gene	ENSG00000138346	ensembl_gene	DNA2	gtr_epilepsy_gene_summary	GTR epilepsy gene summary	gtr_gene_summary	2.0	silver	DNA2	resolved	gtr_clinical_testing_utilization	1252	0260c64a341092b3
67fc9bd86a4d8531	epilepsy	352909	ncbi_gene	ENSG00000167646	ensembl_gene	DNAAF3	gtr_epilepsy_gene_summary	GTR epilepsy gene summary	gtr_gene_summary	2.0	silver	DNAAF3	resolved	gtr_clinical_testing_utilization	2662	83f76dae4abff3d6
0fea6db02f6b9814	epilepsy	161582	ncbi_gene	ENSG00000256061	ensembl_gene	DNAAF4	gtr_epilepsy_gene_summary	GTR epilepsy gene summary	gtr_gene_summary	2.0	silver	DNAAF4	resolved	gtr_clinical_testing_utilization	2752	d434ee95df9ae313
657795989226734a	epilepsy	127602	ncbi_gene	ENSG00000185842	ensembl_gene	DNAH14	genes4epilepsy	Genes4Epilepsy	literature_derived	1.0	bronze	DNAH14	resolved		270	d83371b17d7cad24
23c401271ed53840	epilepsy	1769	ncbi_gene	ENSG00000124721	ensembl_gene	DNAH8	gtr_epilepsy_gene_summary	GTR epilepsy gene summary	gtr_gene_summary	2.0	silver	DNAH8	resolved	gtr_clinical_testing_utilization	3013	b6c8838f9877ff2b
9ad440bfbc6fefd3	epilepsy	3300	ncbi_gene	ENSG00000135924	ensembl_gene	DNAJB2	gtr_epilepsy_gene_summary	GTR epilepsy gene summary	gtr_gene_summary	2.0	silver	DNAJB2	resolved	gtr_clinical_testing_utilization	2620	f721ff34f1b31cd5
f04d76c354fac866	epilepsy	56521	ncbi_gene	ENSG00000108176	ensembl_gene	DNAJC12	gtr_epilepsy_gene_summary	GTR epilepsy gene summary	gtr_gene_summary	2.0	silver	DNAJC12	resolved	gtr_clinical_testing_utilization	2753	b8d4df56295d2674
c129825ca6686263	epilepsy	23317	ncbi_gene	ENSG00000138246	ensembl_gene	DNAJC13	gtr_epilepsy_gene_summary	GTR epilepsy gene summary	gtr_gene_summary	2.0	silver	DNAJC13	resolved	gtr_clinical_testing_utilization	2856	2e5e3dc83f56c918
0543973873ffafc3	epilepsy	55192	ncbi_gene	ENSG00000104129	ensembl_gene	DNAJC17	gtr_epilepsy_gene_summary	GTR epilepsy gene summary	gtr_gene_summary	2.0	silver	DNAJC17	resolved	gtr_clinical_testing_utilization	2447	6bf0fbb14a24872d
63e042feeadd5a94	epilepsy	131118	ncbi_gene	ENSG00000205981	ensembl_gene	DNAJC19	gtr_epilepsy_gene_summary	GTR epilepsy gene summary	gtr_gene_summary	2.0	silver	DNAJC19	resolved	gtr_clinical_testing_utilization	671	fdd70c316fff8068
bfee4ed47b2ad59f	epilepsy	5611	ncbi_gene	ENSG00000102580	ensembl_gene	DNAJC3	gtr_epilepsy_gene_summary	GTR epilepsy gene summary	gtr_gene_summary	2.0	silver	DNAJC3	resolved	gtr_clinical_testing_utilization	1802	102a0a101d578a55
48e2430a9ae6b0c2	epilepsy	80331	ncbi_gene	ENSG00000101152	ensembl_gene	DNAJC5	genes4epilepsy	Genes4Epilepsy	literature_derived	1.0	bronze	DNAJC5	resolved		271	8f9e01e73cdbe526
48e2430a9ae6b0c2	epilepsy	80331	ncbi_gene	ENSG00000101152	ensembl_gene	DNAJC5	gtr_epilepsy_gene_summary	GTR epilepsy gene summary	gtr_gene_summary	2.0	silver	DNAJC5	resolved	gtr_clinical_testing_utilization	162	c1bf569aca2ccf94
47028faaa3a058bb	epilepsy	9829	ncbi_gene	ENSG00000116675	ensembl_gene	DNAJC6	genes4epilepsy	Genes4Epilepsy	literature_derived	1.0	bronze	DNAJC6	resolved		272	9150971133c77e99
47028faaa3a058bb	epilepsy	9829	ncbi_gene	ENSG00000116675	ensembl_gene	DNAJC6	gtr_epilepsy_gene_summary	GTR epilepsy gene summary	gtr_gene_summary	2.0	silver	DNAJC6	resolved	gtr_clinical_testing_utilization	1177	be743d4461e87a42
67cb90220065c2aa	epilepsy	1773	ncbi_gene	ENSG00000213918	ensembl_gene	DNASE1	gtr_epilepsy_gene_summary	GTR epilepsy gene summary	gtr_gene_summary	2.0	silver	DNASE1	resolved	gtr_clinical_testing_utilization	2366	6adfd4bb459f43c2
12b739216c5da5e0	epilepsy	1776	ncbi_gene	ENSG00000163687	ensembl_gene	DNASE1L3	gtr_epilepsy_gene_summary	GTR epilepsy gene summary	gtr_gene_summary	2.0	silver	DNASE1L3	resolved	gtr_clinical_testing_utilization	3014	d7acc7b1c101f188
a7a7e20a79939932	epilepsy	1777	ncbi_gene	ENSG00000105612	ensembl_gene	DNASE2	gtr_epilepsy_gene_summary	GTR epilepsy gene summary	gtr_gene_summary	2.0	silver	DNASE2	resolved	gtr_clinical_testing_utilization	2223	2c062fa5361bf08d
36e8e8ea89e326ea	epilepsy	1759	ncbi_gene	ENSG00000106976	ensembl_gene	DNM1	genes4epilepsy	Genes4Epilepsy	literature_derived	1.0	bronze	DNM1	resolved		273	e2ff7fbcced58de8
36e8e8ea89e326ea	epilepsy	1759	ncbi_gene	ENSG00000106976	ensembl_gene	DNM1	gtr_epilepsy_gene_summary	GTR epilepsy gene summary	gtr_gene_summary	2.0	silver	DNM1	resolved	gtr_clinical_testing_utilization	60	5a58b17f7cd51dd7
e35144217fec6ad1	epilepsy	10059	ncbi_gene	ENSG00000087470	ensembl_gene	DNM1L	genes4epilepsy	Genes4Epilepsy	literature_derived	1.0	bronze	DNM1L	resolved		274	05a55ee2dce02cf7
e35144217fec6ad1	epilepsy	10059	ncbi_gene	ENSG00000087470	ensembl_gene	DNM1L	gtr_epilepsy_gene_summary	GTR epilepsy gene summary	gtr_gene_summary	2.0	silver	DNM1L	resolved	gtr_clinical_testing_utilization	541	c25a9f8b85a3ade7
23861896de7b4755	epilepsy	1785	ncbi_gene	ENSG00000079805	ensembl_gene	DNM2	gtr_epilepsy_gene_summary	GTR epilepsy gene summary	gtr_gene_summary	2.0	silver	DNM2	resolved	gtr_clinical_testing_utilization	861	9fe1ddf69557e21e
338d093504169c32	epilepsy	26052	ncbi_gene	ENSG00000197959	ensembl_gene	DNM3	gtr_epilepsy_gene_summary	GTR epilepsy gene summary	gtr_gene_summary	2.0	silver	DNM3	resolved	gtr_clinical_testing_utilization	3015	0bf246f18dd44294
5372febfff2274a3	epilepsy	1786	ncbi_gene	ENSG00000130816	ensembl_gene	DNMT1	gtr_epilepsy_gene_summary	GTR epilepsy gene summary	gtr_gene_summary	2.0	silver	DNMT1	resolved	gtr_clinical_testing_utilization	1305	44966eef667cbb72
7990a49ca698deaf	epilepsy	1788	ncbi_gene	ENSG00000119772	ensembl_gene	DNMT3A	genes4epilepsy	Genes4Epilepsy	literature_derived	1.0	bronze	DNMT3A	resolved		275	60f3639cf6e95242
7990a49ca698deaf	epilepsy	1788	ncbi_gene	ENSG00000119772	ensembl_gene	DNMT3A	gtr_epilepsy_gene_summary	GTR epilepsy gene summary	gtr_gene_summary	2.0	silver	DNMT3A	resolved	gtr_clinical_testing_utilization	1255	e227dbd4c03da32d
fa3a2170f5719082	epilepsy	1789	ncbi_gene	ENSG00000088305	ensembl_gene	DNMT3B	gtr_epilepsy_gene_summary	GTR epilepsy gene summary	gtr_gene_summary	2.0	silver	DNMT3B	resolved	gtr_clinical_testing_utilization	2141	b1f97a4b53036522
239a785a8210ad5d	epilepsy	1795	ncbi_gene	ENSG00000088538	ensembl_gene	DOCK3	gtr_epilepsy_gene_summary	GTR epilepsy gene summary	gtr_gene_summary	2.0	silver	DOCK3	resolved	gtr_clinical_testing_utilization	2344	c0f9a2154349a202
6214890534d4a0a5	epilepsy	57572	ncbi_gene	ENSG00000130158	ensembl_gene	DOCK6	gtr_epilepsy_gene_summary	GTR epilepsy gene summary	gtr_gene_summary	2.0	silver	DOCK6	resolved	gtr_clinical_testing_utilization	1200	455197dce8a841e7
2021913a33d51501	epilepsy	85440	ncbi_gene	ENSG00000116641	ensembl_gene	DOCK7	genes4epilepsy	Genes4Epilepsy	literature_derived	1.0	bronze	DOCK7	resolved		276	18607a6272e4cde8
2021913a33d51501	epilepsy	85440	ncbi_gene	ENSG00000116641	ensembl_gene	DOCK7	gtr_epilepsy_gene_summary	GTR epilepsy gene summary	gtr_gene_summary	2.0	silver	DOCK7	resolved	gtr_clinical_testing_utilization	75	ed36b35528381de9
f86a568e7f41d76c	epilepsy	81704	ncbi_gene	ENSG00000107099	ensembl_gene	DOCK8	gtr_epilepsy_gene_summary	GTR epilepsy gene summary	gtr_gene_summary	2.0	silver	DOCK8	resolved	gtr_clinical_testing_utilization	1471	8b2978c3a736a283
6bd72297ee14f877	epilepsy	83475	ncbi_gene	ENSG00000129932	ensembl_gene	DOHH	genes4epilepsy	Genes4Epilepsy	literature_derived	1.0	bronze	DOHH	resolved		277	dd0df4da80a39763
727b45ca48382cec	epilepsy	285489	ncbi_gene	ENSG00000175920	ensembl_gene	DOK7	gtr_epilepsy_gene_summary	GTR epilepsy gene summary	gtr_gene_summary	2.0	silver	DOK7	resolved	gtr_clinical_testing_utilization	1075	f5764435ded472e2
522400502312f43c	epilepsy	22845	ncbi_gene	ENSG00000175283	ensembl_gene	DOLK	genes4epilepsy	Genes4Epilepsy	literature_derived	1.0	bronze	DOLK	resolved		278	fd3fabfa95a678b1
522400502312f43c	epilepsy	22845	ncbi_gene	ENSG00000175283	ensembl_gene	DOLK	gtr_epilepsy_gene_summary	GTR epilepsy gene summary	gtr_gene_summary	2.0	silver	DOLK	resolved	gtr_clinical_testing_utilization	690	4089e7f22beb2184
6f7e59427c63c43c	epilepsy	29980	ncbi_gene	ENSG00000159147	ensembl_gene	DONSON	gtr_epilepsy_gene_summary	GTR epilepsy gene summary	gtr_gene_summary	2.0	silver	DONSON	resolved	gtr_clinical_testing_utilization	1152	cfd9300c900927d2
11be7fd5a4b5d441	epilepsy	1798	ncbi_gene	ENSG00000172269	ensembl_gene	DPAGT1	genes4epilepsy	Genes4Epilepsy	literature_derived	1.0	bronze	DPAGT1	resolved		279	8b05334e321c74ba
11be7fd5a4b5d441	epilepsy	1798	ncbi_gene	ENSG00000172269	ensembl_gene	DPAGT1	gtr_epilepsy_gene_summary	GTR epilepsy gene summary	gtr_gene_summary	2.0	silver	DPAGT1	resolved	gtr_clinical_testing_utilization	276	36e49f304fedbb9d
3befb5ef53974102	epilepsy	5977	ncbi_gene	ENSG00000133884	ensembl_gene	DPF2	gtr_epilepsy_gene_summary	GTR epilepsy gene summary	gtr_gene_summary	2.0	silver	DPF2	resolved	gtr_clinical_testing_utilization	2857	4f39ce9ab3a36d95
2b7f893eae99db8e	epilepsy	1801	ncbi_gene	ENSG00000108963	ensembl_gene	DPH1	gtr_epilepsy_gene_summary	GTR epilepsy gene summary	gtr_gene_summary	2.0	silver	DPH1	resolved	gtr_clinical_testing_utilization	2754	e7bd7cae2de2c9da
9c3804e1c3baafb2	epilepsy	8813	ncbi_gene	ENSG00000000419	ensembl_gene	DPM1	genes4epilepsy	Genes4Epilepsy	literature_derived	1.0	bronze	DPM1	resolved		280	3ef820de4c9eb61e
9c3804e1c3baafb2	epilepsy	8813	ncbi_gene	ENSG00000000419	ensembl_gene	DPM1	gtr_epilepsy_gene_summary	GTR epilepsy gene summary	gtr_gene_summary	2.0	silver	DPM1	resolved	gtr_clinical_testing_utilization	411	ffef0b458ccc84cf
8ca64487c6073d3c	epilepsy	8818	ncbi_gene	ENSG00000136908	ensembl_gene	DPM2	genes4epilepsy	Genes4Epilepsy	literature_derived	1.0	bronze	DPM2	resolved		281	ee786485bfd60af0
8ca64487c6073d3c	epilepsy	8818	ncbi_gene	ENSG00000136908	ensembl_gene	DPM2	gtr_epilepsy_gene_summary	GTR epilepsy gene summary	gtr_gene_summary	2.0	silver	DPM2	resolved	gtr_clinical_testing_utilization	99	9b5f3187a1b4a272
f5b374a024f05d16	epilepsy	54344	ncbi_gene	ENSG00000179085	ensembl_gene	DPM3	genes4epilepsy	Genes4Epilepsy	literature_derived	1.0	bronze	DPM3	resolved		282	e116b86358380569
f5b374a024f05d16	epilepsy	54344	ncbi_gene	ENSG00000179085	ensembl_gene	DPM3	gtr_epilepsy_gene_summary	GTR epilepsy gene summary	gtr_gene_summary	2.0	silver	DPM3	resolved	gtr_clinical_testing_utilization	938	2fc1b6a304a3f394
1494088d6dff3acf	epilepsy	1804	ncbi_gene	ENSG00000130226	ensembl_gene	DPP6	gtr_epilepsy_gene_summary	GTR epilepsy gene summary	gtr_gene_summary	2.0	silver	DPP6	resolved	gtr_clinical_testing_utilization	2594	8c7c7cda07cb6ced
d21c24cf92b39816	epilepsy	1806	ncbi_gene	ENSG00000188641	ensembl_gene	DPYD	genes4epilepsy	Genes4Epilepsy	literature_derived	1.0	bronze	DPYD	resolved		283	ed6eb0f2b66980c0
d21c24cf92b39816	epilepsy	1806	ncbi_gene	ENSG00000188641	ensembl_gene	DPYD	gtr_epilepsy_gene_summary	GTR epilepsy gene summary	gtr_gene_summary	2.0	silver	DPYD	resolved	gtr_clinical_testing_utilization	586	a188f147d3b3dd38
0579131834acfd0b	epilepsy	1807	ncbi_gene	ENSG00000147647	ensembl_gene	DPYS	gtr_epilepsy_gene_summary	GTR epilepsy gene summary	gtr_gene_summary	2.0	silver	DPYS	resolved	gtr_clinical_testing_utilization	654	d75f3376bdf70aba
bc09196eb2a70395	epilepsy	56896	ncbi_gene	ENSG00000157851	ensembl_gene	DPYSL5	gtr_epilepsy_gene_summary	GTR epilepsy gene summary	gtr_gene_summary	2.0	silver	DPYSL5	resolved	gtr_clinical_testing_utilization	3016	e8f16316b42bf418
e1f7cc7cd9faf647	epilepsy	2622	ncbi_gene	ENSG00000141013	ensembl_gene	DRC4	gtr_epilepsy_gene_summary	GTR epilepsy gene summary	gtr_gene_summary	2.0	silver	DRC4	resolved	gtr_clinical_testing_utilization	2663	a095c89f942aceab
0fdec7b2684894c5	epilepsy	29102	ncbi_gene	ENSG00000113360	ensembl_gene	DROSHA	genes4epilepsy	Genes4Epilepsy	literature_derived	1.0	bronze	DROSHA	resolved		284	3837fb5114d4fdb3
b84c513b9508973d	epilepsy	1821	ncbi_gene	ENSG00000102385	ensembl_gene	DRP2	gtr_epilepsy_gene_summary	GTR epilepsy gene summary	gtr_gene_summary	2.0	silver	DRP2	resolved	gtr_clinical_testing_utilization	1687	4bb340e10d5f3c7c
a43e3e65f750a9d6	epilepsy	1824	ncbi_gene	ENSG00000134755	ensembl_gene	DSC2	gtr_epilepsy_gene_summary	GTR epilepsy gene summary	gtr_gene_summary	2.0	silver	DSC2	resolved	gtr_clinical_testing_utilization	1178	d69d00a924c59d81
54eba05dbabb9fbc	epilepsy	1826	ncbi_gene	ENSG00000171587	ensembl_gene	DSCAM	gtr_epilepsy_gene_summary	GTR epilepsy gene summary	gtr_gene_summary	2.0	silver	DSCAM	resolved	gtr_clinical_testing_utilization	1773	c1c9e0ced4d43388
331fc49bae63695d	epilepsy	57453	ncbi_gene	ENSG00000177103	ensembl_gene	DSCAML1	gtr_epilepsy_gene_summary	GTR epilepsy gene summary	gtr_gene_summary	2.0	silver	DSCAML1	resolved	gtr_clinical_testing_utilization	2448	939dd655df1bfdae
38442ac7b16b85be	epilepsy	1829	ncbi_gene	ENSG00000046604	ensembl_gene	DSG2	gtr_epilepsy_gene_summary	GTR epilepsy gene summary	gtr_gene_summary	2.0	silver	DSG2	resolved	gtr_clinical_testing_utilization	1179	bb7e09f5f6ff21a2
805e0557456b95ce	epilepsy	1832	ncbi_gene	ENSG00000096696	ensembl_gene	DSP	gtr_epilepsy_gene_summary	GTR epilepsy gene summary	gtr_gene_summary	2.0	silver	DSP	resolved	gtr_clinical_testing_utilization	1180	2ee97d667997bcaa
d5c3fafa504ba4be	epilepsy	1834	ncbi_gene	ENSG00000152591	ensembl_gene	DSPP	gtr_epilepsy_gene_summary	GTR epilepsy gene summary	gtr_gene_summary	2.0	silver	DSPP	resolved	gtr_clinical_testing_utilization	1345	7b3ae5c6c017b990
3cd5bf0688eb920c	epilepsy	401124	ncbi_gene	ENSG00000197057	ensembl_gene	DTHD1	gtr_epilepsy_gene_summary	GTR epilepsy gene summary	gtr_gene_summary	2.0	silver	DTHD1	resolved	gtr_clinical_testing_utilization	1783	be37c474cfe595d9
c692169d1f4675db	epilepsy	1837	ncbi_gene	ENSG00000134769	ensembl_gene	DTNA	gtr_epilepsy_gene_summary	GTR epilepsy gene summary	gtr_gene_summary	2.0	silver	DTNA	resolved	gtr_clinical_testing_utilization	1688	1c135a940e1d40d0
de1105d1d2aea6bf	epilepsy	84062	ncbi_gene	ENSG00000047579	ensembl_gene	DTNBP1	gtr_epilepsy_gene_summary	GTR epilepsy gene summary	gtr_gene_summary	2.0	silver	DTNBP1	resolved	gtr_clinical_testing_utilization	1512	6b2c22dcb8723b84
e2035c3b5a018233	epilepsy	405753	ncbi_gene	ENSG00000140274	ensembl_gene	DUOXA2	gtr_epilepsy_gene_summary	GTR epilepsy gene summary	gtr_gene_summary	2.0	silver	DUOXA2	resolved	gtr_clinical_testing_utilization	2755	f0e3033b517c0c13
acf92b66a12350db	epilepsy	1848	ncbi_gene	ENSG00000139318	ensembl_gene	DUSP6	gtr_epilepsy_gene_summary	GTR epilepsy gene summary	gtr_gene_summary	2.0	silver	DUSP6	resolved	gtr_clinical_testing_utilization	1384	bad2f308ec77a0d4
ac7fa6ca30429728	epilepsy	1855	ncbi_gene	ENSG00000107404	ensembl_gene	DVL1	gtr_epilepsy_gene_summary	GTR epilepsy gene summary	gtr_gene_summary	2.0	silver	DVL1	resolved	gtr_clinical_testing_utilization	1647	9a072524ed91acfd
7fa32c7174762a6f	epilepsy	1857	ncbi_gene	ENSG00000161202	ensembl_gene	DVL3	gtr_epilepsy_gene_summary	GTR epilepsy gene summary	gtr_gene_summary	2.0	silver	DVL3	resolved	gtr_clinical_testing_utilization	2664	26daada4f9cd0aec
c1a7dc0d637fe49a	epilepsy	1778	ncbi_gene	ENSG00000197102	ensembl_gene	DYNC1H1	genes4epilepsy	Genes4Epilepsy	literature_derived	1.0	bronze	DYNC1H1	resolved		285	96a32e60b4b8ebc9
c1a7dc0d637fe49a	epilepsy	1778	ncbi_gene	ENSG00000197102	ensembl_gene	DYNC1H1	gtr_epilepsy_gene_summary	GTR epilepsy gene summary	gtr_gene_summary	2.0	silver	DYNC1H1	resolved	gtr_clinical_testing_utilization	154	2273fec6047c8a5d
387c527532cf89a8	epilepsy	1780	ncbi_gene	ENSG00000158560	ensembl_gene	DYNC1I1	gtr_epilepsy_gene_summary	GTR epilepsy gene summary	gtr_gene_summary	2.0	silver	DYNC1I1	resolved	gtr_clinical_testing_utilization	1969	a74627e5b3da3986
3ac5c5a17c8ad5b8	epilepsy	1781	ncbi_gene	ENSG00000292102	ensembl_gene	DYNC1I2	gtr_epilepsy_gene_summary	GTR epilepsy gene summary	gtr_gene_summary	2.0	silver	DYNC1I2	resolved	gtr_clinical_testing_utilization	2595	67360ab7ad16cd97
3d3c42fd5c08b21d	epilepsy	79659	ncbi_gene	ENSG00000187240	ensembl_gene	DYNC2H1	genes4epilepsy	Genes4Epilepsy	literature_derived	1.0	bronze	DYNC2H1	resolved		286	065125f17ee84702
3d3c42fd5c08b21d	epilepsy	79659	ncbi_gene	ENSG00000187240	ensembl_gene	DYNC2H1	gtr_epilepsy_gene_summary	GTR epilepsy gene summary	gtr_gene_summary	2.0	silver	DYNC2H1	resolved	gtr_clinical_testing_utilization	1432	4edad237c858f089
4497d4bc1e4e3e5a	epilepsy	89891	ncbi_gene	ENSG00000119333	ensembl_gene	DYNC2I2	gtr_epilepsy_gene_summary	GTR epilepsy gene summary	gtr_gene_summary	2.0	silver	DYNC2I2	resolved	gtr_clinical_testing_utilization	2356	ee0c070f73f7d11d
22debfeca01ac499	epilepsy	1859	ncbi_gene	ENSG00000157540	ensembl_gene	DYRK1A	genes4epilepsy	Genes4Epilepsy	literature_derived	1.0	bronze	DYRK1A	resolved		287	fa680f18a4f04eb9
22debfeca01ac499	epilepsy	1859	ncbi_gene	ENSG00000157540	ensembl_gene	DYRK1A	gtr_epilepsy_gene_summary	GTR epilepsy gene summary	gtr_gene_summary	2.0	silver	DYRK1A	resolved	gtr_clinical_testing_utilization	186	c614bb5c130166ac
9fd7e137021a4243	epilepsy	8291	ncbi_gene	ENSG00000135636	ensembl_gene	DYSF	gtr_epilepsy_gene_summary	GTR epilepsy gene summary	gtr_gene_summary	2.0	silver	DYSF	resolved	gtr_clinical_testing_utilization	1472	0c268bf18ef35b43
4cde74f155aeba52	epilepsy	124454	ncbi_gene	ENSG00000103356	ensembl_gene	EARS2	genes4epilepsy	Genes4Epilepsy	literature_derived	1.0	bronze	EARS2	resolved		288	0eed9d1959149c48
4cde74f155aeba52	epilepsy	124454	ncbi_gene	ENSG00000103356	ensembl_gene	EARS2	gtr_epilepsy_gene_summary	GTR epilepsy gene summary	gtr_gene_summary	2.0	silver	EARS2	resolved	gtr_clinical_testing_utilization	484	77a37c0ba8ef3218
73656191cb5c3fdf	epilepsy	10682	ncbi_gene	ENSG00000147155	ensembl_gene	EBP	gtr_epilepsy_gene_summary	GTR epilepsy gene summary	gtr_gene_summary	2.0	silver	EBP	resolved	gtr_clinical_testing_utilization	1751	a3fd08b477d9ade9
f08ea0ffc4c9a073	epilepsy	1889	ncbi_gene	ENSG00000117298	ensembl_gene	ECE1	gtr_epilepsy_gene_summary	GTR epilepsy gene summary	gtr_gene_summary	2.0	silver	ECE1	resolved	gtr_clinical_testing_utilization	1602	9c8d382ac8da1a2d
3c05cdef967cd720	epilepsy	9427	ncbi_gene	ENSG00000171551	ensembl_gene	ECEL1	gtr_epilepsy_gene_summary	GTR epilepsy gene summary	gtr_gene_summary	2.0	silver	ECEL1	resolved	gtr_clinical_testing_utilization	3017	6a800003de39a6bc
3bc5caa468da9d83	epilepsy	1892	ncbi_gene	ENSG00000127884	ensembl_gene	ECHS1	genes4epilepsy	Genes4Epilepsy	literature_derived	1.0	bronze	ECHS1	resolved		289	df2c209b4d4f13f7
3bc5caa468da9d83	epilepsy	1892	ncbi_gene	ENSG00000127884	ensembl_gene	ECHS1	gtr_epilepsy_gene_summary	GTR epilepsy gene summary	gtr_gene_summary	2.0	silver	ECHS1	resolved	gtr_clinical_testing_utilization	1240	43e58e639de3e552
cf31c7b87707754a	epilepsy	1893	ncbi_gene	ENSG00000143369	ensembl_gene	ECM1	genes4epilepsy	Genes4Epilepsy	literature_derived	1.0	bronze	ECM1	resolved		290	79ba31587c6a1b35
cf31c7b87707754a	epilepsy	1893	ncbi_gene	ENSG00000143369	ensembl_gene	ECM1	gtr_epilepsy_gene_summary	GTR epilepsy gene summary	gtr_gene_summary	2.0	silver	ECM1	resolved	gtr_clinical_testing_utilization	1201	72d5b9fef48391d7
6b4566ddd40dadf7	epilepsy	1896	ncbi_gene	ENSG00000158813	ensembl_gene	EDA	gtr_epilepsy_gene_summary	GTR epilepsy gene summary	gtr_gene_summary	2.0	silver	EDA	resolved	gtr_clinical_testing_utilization	2142	685cc513454283d0
b0c1133c54ed211c	epilepsy	80153	ncbi_gene	ENSG00000179151	ensembl_gene	EDC3	gtr_epilepsy_gene_summary	GTR epilepsy gene summary	gtr_gene_summary	2.0	silver	EDC3	resolved	gtr_clinical_testing_utilization	1936	dec79e3221361db7
e8568af6583a59af	epilepsy	1906	ncbi_gene	ENSG00000078401	ensembl_gene	EDN1	gtr_epilepsy_gene_summary	GTR epilepsy gene summary	gtr_gene_summary	2.0	silver	EDN1	resolved	gtr_clinical_testing_utilization	1818	5aa2e238b3c85e77
8f0d3ee9a170bf4b	epilepsy	1908	ncbi_gene	ENSG00000124205	ensembl_gene	EDN3	gtr_epilepsy_gene_summary	GTR epilepsy gene summary	gtr_gene_summary	2.0	silver	EDN3	resolved	gtr_clinical_testing_utilization	920	ac8cbcee816b7733
e7289dd737a01d62	epilepsy	1909	ncbi_gene	ENSG00000151617	ensembl_gene	EDNRA	gtr_epilepsy_gene_summary	GTR epilepsy gene summary	gtr_gene_summary	2.0	silver	EDNRA	resolved	gtr_clinical_testing_utilization	1648	fb383db71d488f3a
82688db0f91bd73f	epilepsy	1910	ncbi_gene	ENSG00000136160	ensembl_gene	EDNRB	gtr_epilepsy_gene_summary	GTR epilepsy gene summary	gtr_gene_summary	2.0	silver	EDNRB	resolved	gtr_clinical_testing_utilization	921	a6e851b11cef5de2
b1a14d75eff16079	epilepsy	8726	ncbi_gene	ENSG00000074266	ensembl_gene	EED	genes4epilepsy	Genes4Epilepsy	literature_derived	1.0	bronze	EED	resolved		291	2f4a84acdc1cf0ba
9bdad15954363b04	epilepsy	1917	ncbi_gene	ENSG00000101210	ensembl_gene	EEF1A2	genes4epilepsy	Genes4Epilepsy	literature_derived	1.0	bronze	EEF1A2	resolved		292	59d5c9ea7bf3a1ff
9bdad15954363b04	epilepsy	1917	ncbi_gene	ENSG00000101210	ensembl_gene	EEF1A2	gtr_epilepsy_gene_summary	GTR epilepsy gene summary	gtr_gene_summary	2.0	silver	EEF1A2	resolved	gtr_clinical_testing_utilization	64	3fd8ab57121292e6
b2fd65c3f5e99a1d	epilepsy	1933	ncbi_gene	ENSG00000114942	ensembl_gene	EEF1B2	genes4epilepsy	Genes4Epilepsy	literature_derived	1.0	bronze	EEF1B2	resolved		293	2bef37d48eed649c
1507ce23eb04f59d	epilepsy	1938	ncbi_gene	ENSG00000167658	ensembl_gene	EEF2	gtr_epilepsy_gene_summary	GTR epilepsy gene summary	gtr_gene_summary	2.0	silver	EEF2	resolved	gtr_clinical_testing_utilization	1803	5fcdaf93eb83bf4a
4c8dcd73b5fe8536	epilepsy	30008	ncbi_gene	ENSG00000172638	ensembl_gene	EFEMP2	gtr_epilepsy_gene_summary	GTR epilepsy gene summary	gtr_gene_summary	2.0	silver	EFEMP2	resolved	gtr_clinical_testing_utilization	1513	94034fc82e26e91d
3b12639793df3ff5	epilepsy	114327	ncbi_gene	ENSG00000096093	ensembl_gene	EFHC1	gtr_epilepsy_gene_summary	GTR epilepsy gene summary	gtr_gene_summary	2.0	silver	EFHC1	resolved	gtr_clinical_testing_utilization	89	8204774c35cd490c
9665a539bb1ba8c0	epilepsy	80258	ncbi_gene	ENSG00000183690	ensembl_gene	EFHC2	gtr_epilepsy_gene_summary	GTR epilepsy gene summary	gtr_gene_summary	2.0	silver	EFHC2	resolved	gtr_clinical_testing_utilization	3018	b3a94672753619b4
228a4a6a6137f93a	epilepsy	1947	ncbi_gene	ENSG00000090776	ensembl_gene	EFNB1	gtr_epilepsy_gene_summary	GTR epilepsy gene summary	gtr_gene_summary	2.0	silver	EFNB1	resolved	gtr_clinical_testing_utilization	1658	fe6fc5344aa64c6f
a19e0ce5b05aa570	epilepsy	1948	ncbi_gene	ENSG00000125266	ensembl_gene	EFNB2	gtr_epilepsy_gene_summary	GTR epilepsy gene summary	gtr_gene_summary	2.0	silver	EFNB2	resolved	gtr_clinical_testing_utilization	2665	9632e06eb9e15cfb
53b8a45903ad25ad	epilepsy	23167	ncbi_gene	ENSG00000132294	ensembl_gene	EFR3A	gtr_epilepsy_gene_summary	GTR epilepsy gene summary	gtr_gene_summary	2.0	silver	EFR3A	resolved	gtr_clinical_testing_utilization	2401	019309656030382a
35fac17086163f53	epilepsy	9343	ncbi_gene	ENSG00000108883	ensembl_gene	EFTUD2	genes4epilepsy	Genes4Epilepsy	literature_derived	1.0	bronze	EFTUD2	resolved		294	a512735b7da7908c
35fac17086163f53	epilepsy	9343	ncbi_gene	ENSG00000108883	ensembl_gene	EFTUD2	gtr_epilepsy_gene_summary	GTR epilepsy gene summary	gtr_gene_summary	2.0	silver	EFTUD2	resolved	gtr_clinical_testing_utilization	843	1e387f33528690c6
550d9bf1835f2ad1	epilepsy	1950	ncbi_gene	ENSG00000138798	ensembl_gene	EGF	gtr_epilepsy_gene_summary	GTR epilepsy gene summary	gtr_gene_summary	2.0	silver	EGF	resolved	gtr_clinical_testing_utilization	1409	baba1bdf4a0fc937
c4f31b6f0f9cff15	epilepsy	1959	ncbi_gene	ENSG00000122877	ensembl_gene	EGR2	gtr_epilepsy_gene_summary	GTR epilepsy gene summary	gtr_gene_summary	2.0	silver	EGR2	resolved	gtr_clinical_testing_utilization	1996	f124cd1ed04d8073
dc53beda1dbaf0b6	epilepsy	1962	ncbi_gene	ENSG00000113790	ensembl_gene	EHHADH	gtr_epilepsy_gene_summary	GTR epilepsy gene summary	gtr_gene_summary	2.0	silver	EHHADH	resolved	gtr_clinical_testing_utilization	1819	9869ef1138a3dd08
036882c744e18dba	epilepsy	79813	ncbi_gene	ENSG00000181090	ensembl_gene	EHMT1	genes4epilepsy	Genes4Epilepsy	literature_derived	1.0	bronze	EHMT1	resolved		295	a0492ef1027333e0
036882c744e18dba	epilepsy	79813	ncbi_gene	ENSG00000181090	ensembl_gene	EHMT1	gtr_epilepsy_gene_summary	GTR epilepsy gene summary	gtr_gene_summary	2.0	silver	EHMT1	resolved	gtr_clinical_testing_utilization	187	4783ca921b324820
5710233c58ce7a8e	epilepsy	5610	ncbi_gene	ENSG00000055332	ensembl_gene	EIF2AK2	genes4epilepsy	Genes4Epilepsy	literature_derived	1.0	bronze	EIF2AK2	resolved		296	8310fdb854901455
5710233c58ce7a8e	epilepsy	5610	ncbi_gene	ENSG00000055332	ensembl_gene	EIF2AK2	gtr_epilepsy_gene_summary	GTR epilepsy gene summary	gtr_gene_summary	2.0	silver	EIF2AK2	resolved	gtr_clinical_testing_utilization	3019	dd538ed53258c283
0c39305461e5cab9	epilepsy	9451	ncbi_gene	ENSG00000172071	ensembl_gene	EIF2AK3	gtr_epilepsy_gene_summary	GTR epilepsy gene summary	gtr_gene_summary	2.0	silver	EIF2AK3	resolved	gtr_clinical_testing_utilization	1535	e0653ef93755a1e9
be65a1655845f115	epilepsy	1967	ncbi_gene	ENSG00000111361	ensembl_gene	EIF2B1	genes4epilepsy	Genes4Epilepsy	literature_derived	1.0	bronze	EIF2B1	resolved		297	70b8f45b9848a583
be65a1655845f115	epilepsy	1967	ncbi_gene	ENSG00000111361	ensembl_gene	EIF2B1	gtr_epilepsy_gene_summary	GTR epilepsy gene summary	gtr_gene_summary	2.0	silver	EIF2B1	resolved	gtr_clinical_testing_utilization	376	a9990747632b4821
4df3fde093f8acbc	epilepsy	8892	ncbi_gene	ENSG00000119718	ensembl_gene	EIF2B2	genes4epilepsy	Genes4Epilepsy	literature_derived	1.0	bronze	EIF2B2	resolved		298	1fbadc62cf109170
4df3fde093f8acbc	epilepsy	8892	ncbi_gene	ENSG00000119718	ensembl_gene	EIF2B2	gtr_epilepsy_gene_summary	GTR epilepsy gene summary	gtr_gene_summary	2.0	silver	EIF2B2	resolved	gtr_clinical_testing_utilization	286	f6258de993ee15ca
9a1ccc0adcd69436	epilepsy	8891	ncbi_gene	ENSG00000070785	ensembl_gene	EIF2B3	genes4epilepsy	Genes4Epilepsy	literature_derived	1.0	bronze	EIF2B3	resolved		299	2d6f0a8849e1c326
9a1ccc0adcd69436	epilepsy	8891	ncbi_gene	ENSG00000070785	ensembl_gene	EIF2B3	gtr_epilepsy_gene_summary	GTR epilepsy gene summary	gtr_gene_summary	2.0	silver	EIF2B3	resolved	gtr_clinical_testing_utilization	275	595d03a7032b8eab
ea3a8cfeaf092d4a	epilepsy	8890	ncbi_gene	ENSG00000115211	ensembl_gene	EIF2B4	genes4epilepsy	Genes4Epilepsy	literature_derived	1.0	bronze	EIF2B4	resolved		300	9f586ca0c41253ed
ea3a8cfeaf092d4a	epilepsy	8890	ncbi_gene	ENSG00000115211	ensembl_gene	EIF2B4	gtr_epilepsy_gene_summary	GTR epilepsy gene summary	gtr_gene_summary	2.0	silver	EIF2B4	resolved	gtr_clinical_testing_utilization	287	9b6ea183d56bc809
1cf221b808fa429c	epilepsy	8893	ncbi_gene	ENSG00000145191	ensembl_gene	EIF2B5	genes4epilepsy	Genes4Epilepsy	literature_derived	1.0	bronze	EIF2B5	resolved		301	2b7fbfc129d9e03d
1cf221b808fa429c	epilepsy	8893	ncbi_gene	ENSG00000145191	ensembl_gene	EIF2B5	gtr_epilepsy_gene_summary	GTR epilepsy gene summary	gtr_gene_summary	2.0	silver	EIF2B5	resolved	gtr_clinical_testing_utilization	228	d8948cc9af1859fa
43a669633c6635dc	epilepsy	1968	ncbi_gene	ENSG00000130741	ensembl_gene	EIF2S3	genes4epilepsy	Genes4Epilepsy	literature_derived	1.0	bronze	EIF2S3	resolved		302	fb5f113784ebfaaf
43a669633c6635dc	epilepsy	1968	ncbi_gene	ENSG00000130741	ensembl_gene	EIF2S3	gtr_epilepsy_gene_summary	GTR epilepsy gene summary	gtr_gene_summary	2.0	silver	EIF2S3	resolved	gtr_clinical_testing_utilization	692	eb5454511715d141
25e4bd241e2c5c3f	epilepsy	8665	ncbi_gene	ENSG00000175390	ensembl_gene	EIF3F	genes4epilepsy	Genes4Epilepsy	literature_derived	1.0	bronze	EIF3F	resolved		303	168f06b44cf50aef
3b8c865fd65188f4	epilepsy	1974	ncbi_gene	ENSG00000156976	ensembl_gene	EIF4A2	genes4epilepsy	Genes4Epilepsy	literature_derived	1.0	bronze	EIF4A2	resolved		304	974cf50b029f2655
716a3b13c8be1206	epilepsy	9775	ncbi_gene	ENSG00000141543	ensembl_gene	EIF4A3	gtr_epilepsy_gene_summary	GTR epilepsy gene summary	gtr_gene_summary	2.0	silver	EIF4A3	resolved	gtr_clinical_testing_utilization	2756	83913d496e156375
dd01d34da2013594	epilepsy	1977	ncbi_gene	ENSG00000151247	ensembl_gene	EIF4E	gtr_epilepsy_gene_summary	GTR epilepsy gene summary	gtr_gene_summary	2.0	silver	EIF4E	resolved	gtr_clinical_testing_utilization	3020	35f58cccea221d8e
356da92783309b7b	epilepsy	1981	ncbi_gene	ENSG00000114867	ensembl_gene	EIF4G1	gtr_epilepsy_gene_summary	GTR epilepsy gene summary	gtr_gene_summary	2.0	silver	EIF4G1	resolved	gtr_clinical_testing_utilization	2858	e1415e13f7f1b635
e7e048199b471706	epilepsy	60528	ncbi_gene	ENSG00000006744	ensembl_gene	ELAC2	gtr_epilepsy_gene_summary	GTR epilepsy gene summary	gtr_gene_summary	2.0	silver	ELAC2	resolved	gtr_clinical_testing_utilization	2757	d1b865f6a7c3f6ee
797b2f08325dac44	epilepsy	1991	ncbi_gene	ENSG00000277571	ensembl_gene	ELANE	gtr_epilepsy_gene_summary	GTR epilepsy gene summary	gtr_gene_summary	2.0	silver	ELANE	resolved	gtr_clinical_testing_utilization	3021	8c228b1e0a506e39
50ed5f5a1ac1280a	epilepsy	2000	ncbi_gene	ENSG00000102034	ensembl_gene	ELF4	gtr_epilepsy_gene_summary	GTR epilepsy gene summary	gtr_gene_summary	2.0	silver	ELF4	resolved	gtr_clinical_testing_utilization	2758	c11a316feae8cade
f88e1617587b62b4	epilepsy	63916	ncbi_gene	ENSG00000062598	ensembl_gene	ELMO2	gtr_epilepsy_gene_summary	GTR epilepsy gene summary	gtr_gene_summary	2.0	silver	ELMO2	resolved	gtr_clinical_testing_utilization	3022	173131ff504e847e
91e17e733bc2df54	epilepsy	255520	ncbi_gene	ENSG00000179387	ensembl_gene	ELMOD2	gtr_epilepsy_gene_summary	GTR epilepsy gene summary	gtr_gene_summary	2.0	silver	ELMOD2	resolved	gtr_clinical_testing_utilization	3023	4150f33fac5de539
3bf752915b222bf9	epilepsy	84173	ncbi_gene	ENSG00000115459	ensembl_gene	ELMOD3	gtr_epilepsy_gene_summary	GTR epilepsy gene summary	gtr_gene_summary	2.0	silver	ELMOD3	resolved	gtr_clinical_testing_utilization	1902	250e744ae293399e
ea0de43697f631fa	epilepsy	2006	ncbi_gene	ENSG00000049540	ensembl_gene	ELN	gtr_epilepsy_gene_summary	GTR epilepsy gene summary	gtr_gene_summary	2.0	silver	ELN	resolved	gtr_clinical_testing_utilization	1514	cecf2e512b959569
28b90c3cdc0a452f	epilepsy	6785	ncbi_gene	ENSG00000118402	ensembl_gene	ELOVL4	genes4epilepsy	Genes4Epilepsy	literature_derived	1.0	bronze	ELOVL4	resolved		305	3a01a5e767e9bd41
28b90c3cdc0a452f	epilepsy	6785	ncbi_gene	ENSG00000118402	ensembl_gene	ELOVL4	gtr_epilepsy_gene_summary	GTR epilepsy gene summary	gtr_gene_summary	2.0	silver	ELOVL4	resolved	gtr_clinical_testing_utilization	870	ad9857079657e1b0
54697ec2fff11afa	epilepsy	60481	ncbi_gene	ENSG00000012660	ensembl_gene	ELOVL5	gtr_epilepsy_gene_summary	GTR epilepsy gene summary	gtr_gene_summary	2.0	silver	ELOVL5	resolved	gtr_clinical_testing_utilization	2563	3c7abc127540674f
87772cc269047f86	epilepsy	8518	ncbi_gene	ENSG00000070061	ensembl_gene	ELP1	gtr_epilepsy_gene_summary	GTR epilepsy gene summary	gtr_gene_summary	2.0	silver	ELP1	resolved	gtr_clinical_testing_utilization	2045	cee23e4a15521673
fe2d0af45b2d4d67	epilepsy	55250	ncbi_gene	ENSG00000134759	ensembl_gene	ELP2	gtr_epilepsy_gene_summary	GTR epilepsy gene summary	gtr_gene_summary	2.0	silver	ELP2	resolved	gtr_clinical_testing_utilization	1937	486f157092b2c991
7063709bc3b00664	epilepsy	26610	ncbi_gene	ENSG00000109911	ensembl_gene	ELP4	gtr_epilepsy_gene_summary	GTR epilepsy gene summary	gtr_gene_summary	2.0	silver	ELP4	resolved	gtr_clinical_testing_utilization	1410	204384b0f1f641bd
a940acd82cfd70cd	epilepsy	23065	ncbi_gene	ENSG00000127463	ensembl_gene	EMC1	genes4epilepsy	Genes4Epilepsy	literature_derived	1.0	bronze	EMC1	resolved		306	59ae37055f53d3af
a940acd82cfd70cd	epilepsy	23065	ncbi_gene	ENSG00000127463	ensembl_gene	EMC1	gtr_epilepsy_gene_summary	GTR epilepsy gene summary	gtr_gene_summary	2.0	silver	EMC1	resolved	gtr_clinical_testing_utilization	1938	dc23143c1e716575
6099b71eefb96c10	epilepsy	284361	ncbi_gene	ENSG00000161671	ensembl_gene	EMC10	genes4epilepsy	Genes4Epilepsy	literature_derived	1.0	bronze	EMC10	resolved		307	adadd78fd51bbdc3
6099b71eefb96c10	epilepsy	284361	ncbi_gene	ENSG00000161671	ensembl_gene	EMC10	gtr_epilepsy_gene_summary	GTR epilepsy gene summary	gtr_gene_summary	2.0	silver	EMC10	resolved	gtr_clinical_testing_utilization	2207	c7df4df18852bec9
4f5d457a119e086b	epilepsy	2010	ncbi_gene	ENSG00000102119	ensembl_gene	EMD	gtr_epilepsy_gene_summary	GTR epilepsy gene summary	gtr_gene_summary	2.0	silver	EMD	resolved	gtr_clinical_testing_utilization	1054	60b47a50a62c9d25
44f29648ecb62113	epilepsy	10436	ncbi_gene	ENSG00000126749	ensembl_gene	EMG1	gtr_epilepsy_gene_summary	GTR epilepsy gene summary	gtr_gene_summary	2.0	silver	EMG1	resolved	gtr_clinical_testing_utilization	3024	1de09662c1714889
897f22bae9bd0745	epilepsy	2009	ncbi_gene	ENSG00000066629	ensembl_gene	EML1	genes4epilepsy	Genes4Epilepsy	literature_derived	1.0	bronze	EML1	resolved		308	be20737f623be11e
897f22bae9bd0745	epilepsy	2009	ncbi_gene	ENSG00000066629	ensembl_gene	EML1	gtr_epilepsy_gene_summary	GTR epilepsy gene summary	gtr_gene_summary	2.0	silver	EML1	resolved	gtr_clinical_testing_utilization	1214	034d37cd9c2cdf74
0c36ccd908676cc4	epilepsy	2018	ncbi_gene	ENSG00000170370	ensembl_gene	EMX2	gtr_epilepsy_gene_summary	GTR epilepsy gene summary	gtr_gene_summary	2.0	silver	EMX2	resolved	gtr_clinical_testing_utilization	828	9ab56521105027e0
a479a92da0874cb8	epilepsy	2020	ncbi_gene	ENSG00000164778	ensembl_gene	EN2	gtr_epilepsy_gene_summary	GTR epilepsy gene summary	gtr_gene_summary	2.0	silver	EN2	resolved	gtr_clinical_testing_utilization	3025	3591d4eb7e9f497f
9edc1695caf83816	epilepsy	2022	ncbi_gene	ENSG00000106991	ensembl_gene	ENG	gtr_epilepsy_gene_summary	GTR epilepsy gene summary	gtr_gene_summary	2.0	silver	ENG	resolved	gtr_clinical_testing_utilization	1752	80a97b25d585251c
f97623db5b23d113	epilepsy	2027	ncbi_gene	ENSG00000108515	ensembl_gene	ENO3	gtr_epilepsy_gene_summary	GTR epilepsy gene summary	gtr_gene_summary	2.0	silver	ENO3	resolved	gtr_clinical_testing_utilization	1837	2118d41df8e63080
b2a2bfabdaedcd0d	epilepsy	5167	ncbi_gene	ENSG00000197594	ensembl_gene	ENPP1	gtr_epilepsy_gene_summary	GTR epilepsy gene summary	gtr_gene_summary	2.0	silver	ENPP1	resolved	gtr_clinical_testing_utilization	2537	3b50c4f0f006c191
909c12238056979b	epilepsy	2029	ncbi_gene	ENSG00000143420	ensembl_gene	ENSA	gtr_epilepsy_gene_summary	GTR epilepsy gene summary	gtr_gene_summary	2.0	silver	ENSA	resolved	gtr_clinical_testing_utilization	2449	89e22f3ec5ddf28f
c77b758e15a45b55	epilepsy	953	ncbi_gene	ENSG00000138185	ensembl_gene	ENTPD1	gtr_epilepsy_gene_summary	GTR epilepsy gene summary	gtr_gene_summary	2.0	silver	ENTPD1	resolved	gtr_clinical_testing_utilization	1313	24adc86af034585a
0bc937fe33156eb3	epilepsy	285203	ncbi_gene	ENSG00000163378	ensembl_gene	EOGT	gtr_epilepsy_gene_summary	GTR epilepsy gene summary	gtr_gene_summary	2.0	silver	EOGT	resolved	gtr_clinical_testing_utilization	1170	106d03d86eb6c783
bd858c250d0f504a	epilepsy	8320	ncbi_gene	ENSG00000163508	ensembl_gene	EOMES	genes4epilepsy	Genes4Epilepsy	literature_derived	1.0	bronze	EOMES	resolved		309	dd3b1c3f9882a058
bd858c250d0f504a	epilepsy	8320	ncbi_gene	ENSG00000163508	ensembl_gene	EOMES	gtr_epilepsy_gene_summary	GTR epilepsy gene summary	gtr_gene_summary	2.0	silver	EOMES	resolved	gtr_clinical_testing_utilization	2345	bf0842d2fea76d91
f834efd7baa34c1c	epilepsy	2033	ncbi_gene	ENSG00000100393	ensembl_gene	EP300	gtr_epilepsy_gene_summary	GTR epilepsy gene summary	gtr_gene_summary	2.0	silver	EP300	resolved	gtr_clinical_testing_utilization	602	c80a88f60e694782
89770c2097d50d87	epilepsy	57634	ncbi_gene	ENSG00000183495	ensembl_gene	EP400	genes4epilepsy	Genes4Epilepsy	literature_derived	1.0	bronze	EP400	resolved		310	75a50a4aa1caefec
daf1ce2975c5238b	epilepsy	2036	ncbi_gene	ENSG00000088367	ensembl_gene	EPB41L1	gtr_epilepsy_gene_summary	GTR epilepsy gene summary	gtr_gene_summary	2.0	silver	EPB41L1	resolved	gtr_clinical_testing_utilization	945	67601948cb665811
b0802cf13d870c4c	epilepsy	23136	ncbi_gene	ENSG00000082397	ensembl_gene	EPB41L3	genes4epilepsy	Genes4Epilepsy	literature_derived	1.0	bronze	EPB41L3	resolved		311	ea146d4a7b6ca1e1
71be8d978a9b081d	epilepsy	57724	ncbi_gene	ENSG00000152223	ensembl_gene	EPG5	genes4epilepsy	Genes4Epilepsy	literature_derived	1.0	bronze	EPG5	resolved		312	aecff8fa7e73e720
71be8d978a9b081d	epilepsy	57724	ncbi_gene	ENSG00000152223	ensembl_gene	EPG5	gtr_epilepsy_gene_summary	GTR epilepsy gene summary	gtr_gene_summary	2.0	silver	EPG5	resolved	gtr_clinical_testing_utilization	622	8d0c252458e5683a
0b6e5398e26ef2e1	epilepsy	2043	ncbi_gene	ENSG00000116106	ensembl_gene	EPHA4	gtr_epilepsy_gene_summary	GTR epilepsy gene summary	gtr_gene_summary	2.0	silver	EPHA4	resolved	gtr_clinical_testing_utilization	2389	c6984d16af3efe14
03443e83aad70204	epilepsy	2050	ncbi_gene	ENSG00000196411	ensembl_gene	EPHB4	gtr_epilepsy_gene_summary	GTR epilepsy gene summary	gtr_gene_summary	2.0	silver	EPHB4	resolved	gtr_clinical_testing_utilization	2596	29ec49e426b79e44
8f2a28c73a6ff3f5	epilepsy	2053	ncbi_gene	ENSG00000120915	ensembl_gene	EPHX2	gtr_epilepsy_gene_summary	GTR epilepsy gene summary	gtr_gene_summary	2.0	silver	EPHX2	resolved	gtr_clinical_testing_utilization	2538	2f98cde566b542e5
781e00bfa8b5f75c	epilepsy	7957	ncbi_gene	ENSG00000112425	ensembl_gene	EPM2A	genes4epilepsy	Genes4Epilepsy	literature_derived	1.0	bronze	EPM2A	resolved		313	9817736903b99f57
781e00bfa8b5f75c	epilepsy	7957	ncbi_gene	ENSG00000112425	ensembl_gene	EPM2A	gtr_epilepsy_gene_summary	GTR epilepsy gene summary	gtr_gene_summary	2.0	silver	EPM2A	resolved	gtr_clinical_testing_utilization	86	cbb15e0b74ed4d88
fb1cabdfa3de5981	epilepsy	2059	ncbi_gene	ENSG00000151491	ensembl_gene	EPS8	gtr_epilepsy_gene_summary	GTR epilepsy gene summary	gtr_gene_summary	2.0	silver	EPS8	resolved	gtr_clinical_testing_utilization	2759	0a0c080e7f87fd76
bf141e21958fd6c4	epilepsy	64787	ncbi_gene	ENSG00000177106	ensembl_gene	EPS8L2	gtr_epilepsy_gene_summary	GTR epilepsy gene summary	gtr_gene_summary	2.0	silver	EPS8L2	resolved	gtr_clinical_testing_utilization	2666	53c20ecf380bef63
f3feb79ae7fc5beb	epilepsy	2065	ncbi_gene	ENSG00000065361	ensembl_gene	ERBB3	gtr_epilepsy_gene_summary	GTR epilepsy gene summary	gtr_gene_summary	2.0	silver	ERBB3	resolved	gtr_clinical_testing_utilization	3026	cbde45f6cd4c1bd5
bfe5e3316d7f2258	epilepsy	2066	ncbi_gene	ENSG00000178568	ensembl_gene	ERBB4	gtr_epilepsy_gene_summary	GTR epilepsy gene summary	gtr_gene_summary	2.0	silver	ERBB4	resolved	gtr_clinical_testing_utilization	3027	907ee0750187ab9e
0de3d7ff65cae062	epilepsy	55914	ncbi_gene	ENSG00000112851	ensembl_gene	ERBIN	gtr_epilepsy_gene_summary	GTR epilepsy gene summary	gtr_gene_summary	2.0	silver	ERBIN	resolved	gtr_clinical_testing_utilization	1730	e666e34fb5caad8e
a04930b025b1f22b	epilepsy	2067	ncbi_gene	ENSG00000012061	ensembl_gene	ERCC1	gtr_epilepsy_gene_summary	GTR epilepsy gene summary	gtr_gene_summary	2.0	silver	ERCC1	resolved	gtr_clinical_testing_utilization	2346	5e2bc2939ea4dd6f
5d1d6fa0364ea3d0	epilepsy	2068	ncbi_gene	ENSG00000104884	ensembl_gene	ERCC2	gtr_epilepsy_gene_summary	GTR epilepsy gene summary	gtr_gene_summary	2.0	silver	ERCC2	resolved	gtr_clinical_testing_utilization	1059	7a3fbf81ef4c4c18
b48c7f2758a32732	epilepsy	2071	ncbi_gene	ENSG00000163161	ensembl_gene	ERCC3	gtr_epilepsy_gene_summary	GTR epilepsy gene summary	gtr_gene_summary	2.0	silver	ERCC3	resolved	gtr_clinical_testing_utilization	1076	62a4745215e943ec
cb3a1e2c1cbc799e	epilepsy	2072	ncbi_gene	ENSG00000175595	ensembl_gene	ERCC4	gtr_epilepsy_gene_summary	GTR epilepsy gene summary	gtr_gene_summary	2.0	silver	ERCC4	resolved	gtr_clinical_testing_utilization	1077	24afc153f8e42927
5976f63b01e126b3	epilepsy	2073	ncbi_gene	ENSG00000134899	ensembl_gene	ERCC5	gtr_epilepsy_gene_summary	GTR epilepsy gene summary	gtr_gene_summary	2.0	silver	ERCC5	resolved	gtr_clinical_testing_utilization	1040	8003c726da12749d
9718b06e66c283ad	epilepsy	2074	ncbi_gene	ENSG00000225830	ensembl_gene	ERCC6	gtr_epilepsy_gene_summary	GTR epilepsy gene summary	gtr_gene_summary	2.0	silver	ERCC6	resolved	gtr_clinical_testing_utilization	440	50472a492710102f
188e2c7ad54c3b2d	epilepsy	1161	ncbi_gene	ENSG00000049167	ensembl_gene	ERCC8	gtr_epilepsy_gene_summary	GTR epilepsy gene summary	gtr_gene_summary	2.0	silver	ERCC8	resolved	gtr_clinical_testing_utilization	465	63a522c93334f4f4
90d62108d42f20d7	epilepsy	2077	ncbi_gene	ENSG00000105722	ensembl_gene	ERF	gtr_epilepsy_gene_summary	GTR epilepsy gene summary	gtr_gene_summary	2.0	silver	ERF	resolved	gtr_clinical_testing_utilization	1346	2261f6804057a2b0
a573230f987da061	epilepsy	10613	ncbi_gene	ENSG00000107566	ensembl_gene	ERLIN1	gtr_epilepsy_gene_summary	GTR epilepsy gene summary	gtr_gene_summary	2.0	silver	ERLIN1	resolved	gtr_clinical_testing_utilization	1838	fa5811fb439e542d
39d0355dc9ee1aa5	epilepsy	11160	ncbi_gene	ENSG00000147475	ensembl_gene	ERLIN2	gtr_epilepsy_gene_summary	GTR epilepsy gene summary	gtr_gene_summary	2.0	silver	ERLIN2	resolved	gtr_clinical_testing_utilization	992	22ce6ddbefbff223
4af85013a303c36d	epilepsy	55780	ncbi_gene	ENSG00000130023	ensembl_gene	ERMARD	genes4epilepsy	Genes4Epilepsy	literature_derived	1.0	bronze	ERMARD	resolved		314	1d44b98b4ab3b951
4af85013a303c36d	epilepsy	55780	ncbi_gene	ENSG00000130023	ensembl_gene	ERMARD	gtr_epilepsy_gene_summary	GTR epilepsy gene summary	gtr_gene_summary	2.0	silver	ERMARD	resolved	gtr_clinical_testing_utilization	864	99a546a64f439bf5
8c59757d21605368	epilepsy	90952	ncbi_gene	ENSG00000149564	ensembl_gene	ESAM	genes4epilepsy	Genes4Epilepsy	literature_derived	1.0	bronze	ESAM	resolved		315	3b76396f0b5573e3
4a7f3c55c1d9048b	epilepsy	157570	ncbi_gene	ENSG00000171320	ensembl_gene	ESCO2	gtr_epilepsy_gene_summary	GTR epilepsy gene summary	gtr_gene_summary	2.0	silver	ESCO2	resolved	gtr_clinical_testing_utilization	747	170a51d7ff055620
310c522cc85b6fe2	epilepsy	9700	ncbi_gene	ENSG00000135476	ensembl_gene	ESPL1	gtr_epilepsy_gene_summary	GTR epilepsy gene summary	gtr_gene_summary	2.0	silver	ESPL1	resolved	gtr_clinical_testing_utilization	3028	00ca818758889b1f
eed5b24f2fb45741	epilepsy	83715	ncbi_gene	ENSG00000187017	ensembl_gene	ESPN	gtr_epilepsy_gene_summary	GTR epilepsy gene summary	gtr_gene_summary	2.0	silver	ESPN	resolved	gtr_clinical_testing_utilization	1347	cc664d097e6fdfa4
7524e903ac91cc30	epilepsy	2103	ncbi_gene	ENSG00000119715	ensembl_gene	ESRRB	gtr_epilepsy_gene_summary	GTR epilepsy gene summary	gtr_gene_summary	2.0	silver	ESRRB	resolved	gtr_clinical_testing_utilization	1348	32c5983e7db701b3
7a4769e30da1d025	epilepsy	2108	ncbi_gene	ENSG00000140374	ensembl_gene	ETFA	gtr_epilepsy_gene_summary	GTR epilepsy gene summary	gtr_gene_summary	2.0	silver	ETFA	resolved	gtr_clinical_testing_utilization	427	3ee7c81f9ef90267
ca4eb1e7721341f6	epilepsy	2109	ncbi_gene	ENSG00000105379	ensembl_gene	ETFB	gtr_epilepsy_gene_summary	GTR epilepsy gene summary	gtr_gene_summary	2.0	silver	ETFB	resolved	gtr_clinical_testing_utilization	428	b37017364409c393
9800bcb6367e7929	epilepsy	2110	ncbi_gene	ENSG00000171503	ensembl_gene	ETFDH	gtr_epilepsy_gene_summary	GTR epilepsy gene summary	gtr_gene_summary	2.0	silver	ETFDH	resolved	gtr_clinical_testing_utilization	429	1b90837df431bd7e
9772f259e1948548	epilepsy	23474	ncbi_gene	ENSG00000105755	ensembl_gene	ETHE1	genes4epilepsy	Genes4Epilepsy	literature_derived	1.0	bronze	ETHE1	resolved		316	cab68787071cde45
9772f259e1948548	epilepsy	23474	ncbi_gene	ENSG00000105755	ensembl_gene	ETHE1	gtr_epilepsy_gene_summary	GTR epilepsy gene summary	gtr_gene_summary	2.0	silver	ETHE1	resolved	gtr_clinical_testing_utilization	245	e862b3c7d8aea4f0
2d4633bb4e03846c	epilepsy	440695	ncbi_gene	ENSG00000253831	ensembl_gene	ETV3L	gtr_epilepsy_gene_summary	GTR epilepsy gene summary	gtr_gene_summary	2.0	silver	ETV3L	resolved	gtr_clinical_testing_utilization	2859	7a61279793104d71
8e74722df66866a3	epilepsy	84141	ncbi_gene	ENSG00000115363	ensembl_gene	EVA1A	gtr_epilepsy_gene_summary	GTR epilepsy gene summary	gtr_gene_summary	2.0	silver	EVA1A	resolved	gtr_clinical_testing_utilization	2450	6c8c62db1d66c3bb
f23e7744ab272f95	epilepsy	132884	ncbi_gene	ENSG00000173040	ensembl_gene	EVC2	gtr_epilepsy_gene_summary	GTR epilepsy gene summary	gtr_gene_summary	2.0	silver	EVC2	resolved	gtr_clinical_testing_utilization	2055	9909003580c4fa00
29117e7b0f81ca4d	epilepsy	64789	ncbi_gene	ENSG00000164002	ensembl_gene	EXO5	gtr_epilepsy_gene_summary	GTR epilepsy gene summary	gtr_gene_summary	2.0	silver	EXO5	resolved	gtr_clinical_testing_utilization	2451	5299ec556cae4e2a
9f14407f1b417d1a	epilepsy	23233	ncbi_gene	ENSG00000144036	ensembl_gene	EXOC6B	gtr_epilepsy_gene_summary	GTR epilepsy gene summary	gtr_gene_summary	2.0	silver	EXOC6B	resolved	gtr_clinical_testing_utilization	3029	69610f39a347729f
13017e1e104b6b59	epilepsy	23265	ncbi_gene	ENSG00000182473	ensembl_gene	EXOC7	genes4epilepsy	Genes4Epilepsy	literature_derived	1.0	bronze	EXOC7	resolved		317	04de385e18ffc61f
ea31427734d4d793	epilepsy	149371	ncbi_gene	ENSG00000116903	ensembl_gene	EXOC8	gtr_epilepsy_gene_summary	GTR epilepsy gene summary	gtr_gene_summary	2.0	silver	EXOC8	resolved	gtr_clinical_testing_utilization	3030	204350ca565d801c
ab93e262b3baa3bd	epilepsy	51010	ncbi_gene	ENSG00000107371	ensembl_gene	EXOSC3	genes4epilepsy	Genes4Epilepsy	literature_derived	1.0	bronze	EXOSC3	resolved		318	bca7b0000716d857
ab93e262b3baa3bd	epilepsy	51010	ncbi_gene	ENSG00000107371	ensembl_gene	EXOSC3	gtr_epilepsy_gene_summary	GTR epilepsy gene summary	gtr_gene_summary	2.0	silver	EXOSC3	resolved	gtr_clinical_testing_utilization	370	4bcffbae5595a5b5
30e42e750a4c2ce5	epilepsy	11340	ncbi_gene	ENSG00000120699	ensembl_gene	EXOSC8	gtr_epilepsy_gene_summary	GTR epilepsy gene summary	gtr_gene_summary	2.0	silver	EXOSC8	resolved	gtr_clinical_testing_utilization	892	32812d1341fcb145
a9aa4395ee2c0568	epilepsy	5393	ncbi_gene	ENSG00000123737	ensembl_gene	EXOSC9	gtr_epilepsy_gene_summary	GTR epilepsy gene summary	gtr_gene_summary	2.0	silver	EXOSC9	resolved	gtr_clinical_testing_utilization	3031	c8aa2db2ffda1061
83ccabf355d3cb4d	epilepsy	2132	ncbi_gene	ENSG00000151348	ensembl_gene	EXT2	genes4epilepsy	Genes4Epilepsy	literature_derived	1.0	bronze	EXT2	resolved		319	13af6c7a3a314a7f
83ccabf355d3cb4d	epilepsy	2132	ncbi_gene	ENSG00000151348	ensembl_gene	EXT2	gtr_epilepsy_gene_summary	GTR epilepsy gene summary	gtr_gene_summary	2.0	silver	EXT2	resolved	gtr_clinical_testing_utilization	329	92dabc1f87364a15
316657853a47f92e	epilepsy	2137	ncbi_gene	ENSG00000012232	ensembl_gene	EXTL3	gtr_epilepsy_gene_summary	GTR epilepsy gene summary	gtr_gene_summary	2.0	silver	EXTL3	resolved	gtr_clinical_testing_utilization	3032	b53fbd87f3bc8fdf
4305bc36f143bdbe	epilepsy	2138	ncbi_gene	ENSG00000104313	ensembl_gene	EYA1	gtr_epilepsy_gene_summary	GTR epilepsy gene summary	gtr_gene_summary	2.0	silver	EYA1	resolved	gtr_clinical_testing_utilization	825	afd24da028e30a8e
7f6d0264f8cf6c90	epilepsy	2070	ncbi_gene	ENSG00000112319	ensembl_gene	EYA4	gtr_epilepsy_gene_summary	GTR epilepsy gene summary	gtr_gene_summary	2.0	silver	EYA4	resolved	gtr_clinical_testing_utilization	886	cd98b8a70b557223
47385ca6af0db68d	epilepsy	346007	ncbi_gene	ENSG00000188107	ensembl_gene	EYS	gtr_epilepsy_gene_summary	GTR epilepsy gene summary	gtr_gene_summary	2.0	silver	EYS	resolved	gtr_clinical_testing_utilization	2089	37cd6a85e443c33c
69065adccdc41390	epilepsy	2146	ncbi_gene	ENSG00000106462	ensembl_gene	EZH2	gtr_epilepsy_gene_summary	GTR epilepsy gene summary	gtr_gene_summary	2.0	silver	EZH2	resolved	gtr_clinical_testing_utilization	1669	0050c0762c269b6d
8535d8fbb4ba1e9d	epilepsy	7430	ncbi_gene	ENSG00000092820	ensembl_gene	EZR	gtr_epilepsy_gene_summary	GTR epilepsy gene summary	gtr_gene_summary	2.0	silver	EZR	resolved	gtr_clinical_testing_utilization	3033	0ea24c836befee0e
cc0ea76b204c637f	epilepsy	2147	ncbi_gene	ENSG00000180210	ensembl_gene	F2	gtr_epilepsy_gene_summary	GTR epilepsy gene summary	gtr_gene_summary	2.0	silver	F2	resolved	gtr_clinical_testing_utilization	2760	8f214444a69ae986
0928f65f6db8c3fb	epilepsy	2153	ncbi_gene	ENSG00000198734	ensembl_gene	F5	gtr_epilepsy_gene_summary	GTR epilepsy gene summary	gtr_gene_summary	2.0	silver	F5	resolved	gtr_clinical_testing_utilization	2761	48047c52e65c4c69
a8d8b7a20b85d6e1	epilepsy	2158	ncbi_gene	ENSG00000101981	ensembl_gene	F9	gtr_epilepsy_gene_summary	GTR epilepsy gene summary	gtr_gene_summary	2.0	silver	F9	resolved	gtr_clinical_testing_utilization	2056	fbb9caa8cc4d79a9
6159b8110fd1fbee	epilepsy	79152	ncbi_gene	ENSG00000103089	ensembl_gene	FA2H	genes4epilepsy	Genes4Epilepsy	literature_derived	1.0	bronze	FA2H	resolved		320	dcd6673f6eaf5acd
6159b8110fd1fbee	epilepsy	79152	ncbi_gene	ENSG00000103089	ensembl_gene	FA2H	gtr_epilepsy_gene_summary	GTR epilepsy gene summary	gtr_gene_summary	2.0	silver	FA2H	resolved	gtr_clinical_testing_utilization	339	5caac099b7c8049b
040b330e62c9cae6	epilepsy	8772	ncbi_gene	ENSG00000168040	ensembl_gene	FADD	gtr_epilepsy_gene_summary	GTR epilepsy gene summary	gtr_gene_summary	2.0	silver	FADD	resolved	gtr_clinical_testing_utilization	1753	499c924c95cdeb04
377300ff0f1a4e56	epilepsy	2184	ncbi_gene	ENSG00000103876	ensembl_gene	FAH	gtr_epilepsy_gene_summary	GTR epilepsy gene summary	gtr_gene_summary	2.0	silver	FAH	resolved	gtr_clinical_testing_utilization	1423	2f4ce5f65a98171c
8406632cb353b9aa	epilepsy	63901	ncbi_gene	ENSG00000166801	ensembl_gene	FAM111A	gtr_epilepsy_gene_summary	GTR epilepsy gene summary	gtr_gene_summary	2.0	silver	FAM111A	resolved	gtr_clinical_testing_utilization	883	852b180a8e2c894a
ac9124afb5b00394	epilepsy	131408	ncbi_gene	ENSG00000175182	ensembl_gene	FAM131A	gtr_epilepsy_gene_summary	GTR epilepsy gene summary	gtr_gene_summary	2.0	silver	FAM131A	resolved	gtr_clinical_testing_utilization	2452	e00d32f3e8de46d8
334a82ce1e572d06	epilepsy	84140	ncbi_gene	ENSG00000170264	ensembl_gene	FAM161A	gtr_epilepsy_gene_summary	GTR epilepsy gene summary	gtr_gene_summary	2.0	silver	FAM161A	resolved	gtr_clinical_testing_utilization	2090	7e09008157db42fd
a8c062b47efaf45b	epilepsy	283635	ncbi_gene	ENSG00000151327	ensembl_gene	FAM177A1	genes4epilepsy	Genes4Epilepsy	literature_derived	1.0	bronze	FAM177A1	resolved		321	d9713593653c2c53
f3485388f3f29d1c	epilepsy	56975	ncbi_gene	ENSG00000281429	ensembl_gene	FAM20C	gtr_epilepsy_gene_summary	GTR epilepsy gene summary	gtr_gene_summary	2.0	silver	FAM20C	resolved	gtr_clinical_testing_utilization	3034	69a425e9e7495081
0021b1d256143dd3	epilepsy	2175	ncbi_gene	ENSG00000187741	ensembl_gene	FANCA	gtr_epilepsy_gene_summary	GTR epilepsy gene summary	gtr_gene_summary	2.0	silver	FANCA	resolved	gtr_clinical_testing_utilization	2091	2cdaef3991f0f744
79df4ab1b4126161	epilepsy	2187	ncbi_gene	ENSG00000181544	ensembl_gene	FANCB	gtr_epilepsy_gene_summary	GTR epilepsy gene summary	gtr_gene_summary	2.0	silver	FANCB	resolved	gtr_clinical_testing_utilization	1034	6a59ce90cfa09716
dc132e46c7c36531	epilepsy	2176	ncbi_gene	ENSG00000158169	ensembl_gene	FANCC	gtr_epilepsy_gene_summary	GTR epilepsy gene summary	gtr_gene_summary	2.0	silver	FANCC	resolved	gtr_clinical_testing_utilization	1427	7261c48d0bee22b8
3406ba024b143be6	epilepsy	2177	ncbi_gene	ENSG00000144554	ensembl_gene	FANCD2	gtr_epilepsy_gene_summary	GTR epilepsy gene summary	gtr_gene_summary	2.0	silver	FANCD2	resolved	gtr_clinical_testing_utilization	1462	c5bdc96e1abc2a8f
b9f058f68673eebe	epilepsy	2178	ncbi_gene	ENSG00000112039	ensembl_gene	FANCE	gtr_epilepsy_gene_summary	GTR epilepsy gene summary	gtr_gene_summary	2.0	silver	FANCE	resolved	gtr_clinical_testing_utilization	1463	e4719c817947a310
0fe32b20bf0f7ecd	epilepsy	2188	ncbi_gene	ENSG00000183161	ensembl_gene	FANCF	gtr_epilepsy_gene_summary	GTR epilepsy gene summary	gtr_gene_summary	2.0	silver	FANCF	resolved	gtr_clinical_testing_utilization	2092	9308b893090feb77
ce7d04d47667ffb6	epilepsy	2189	ncbi_gene	ENSG00000221829	ensembl_gene	FANCG	gtr_epilepsy_gene_summary	GTR epilepsy gene summary	gtr_gene_summary	2.0	silver	FANCG	resolved	gtr_clinical_testing_utilization	2093	ba0c722bc41ab43e
24fc4dc7b5608bfe	epilepsy	55215	ncbi_gene	ENSG00000140525	ensembl_gene	FANCI	gtr_epilepsy_gene_summary	GTR epilepsy gene summary	gtr_gene_summary	2.0	silver	FANCI	resolved	gtr_clinical_testing_utilization	1439	aa0dd7d5d42b2437
2cd06d762718e312	epilepsy	55120	ncbi_gene	ENSG00000115392	ensembl_gene	FANCL	gtr_epilepsy_gene_summary	GTR epilepsy gene summary	gtr_gene_summary	2.0	silver	FANCL	resolved	gtr_clinical_testing_utilization	1464	5524d2f18831ddef
892aa5cd9b1f4877	epilepsy	84188	ncbi_gene	ENSG00000197601	ensembl_gene	FAR1	genes4epilepsy	Genes4Epilepsy	literature_derived	1.0	bronze	FAR1	resolved		322	0359c574da1dc147
892aa5cd9b1f4877	epilepsy	84188	ncbi_gene	ENSG00000197601	ensembl_gene	FAR1	gtr_epilepsy_gene_summary	GTR epilepsy gene summary	gtr_gene_summary	2.0	silver	FAR1	resolved	gtr_clinical_testing_utilization	874	98d53a17f6add043
cb2cccac950ac086	epilepsy	10667	ncbi_gene	ENSG00000145982	ensembl_gene	FARS2	genes4epilepsy	Genes4Epilepsy	literature_derived	1.0	bronze	FARS2	resolved		323	a1cfe6c204ab3755
cb2cccac950ac086	epilepsy	10667	ncbi_gene	ENSG00000145982	ensembl_gene	FARS2	gtr_epilepsy_gene_summary	GTR epilepsy gene summary	gtr_gene_summary	2.0	silver	FARS2	resolved	gtr_clinical_testing_utilization	183	d6b5bc2b989903b3
699f14d7889cbcd3	epilepsy	355	ncbi_gene	ENSG00000026103	ensembl_gene	FAS	gtr_epilepsy_gene_summary	GTR epilepsy gene summary	gtr_gene_summary	2.0	silver	FAS	resolved	gtr_clinical_testing_utilization	3035	e6f578208895a710
5d87a6425eb93cb9	epilepsy	2194	ncbi_gene	ENSG00000169710	ensembl_gene	FASN	gtr_epilepsy_gene_summary	GTR epilepsy gene summary	gtr_gene_summary	2.0	silver	FASN	resolved	gtr_clinical_testing_utilization	2030	31275202a5916664
7ddbdf1f6ec491b3	epilepsy	22868	ncbi_gene	ENSG00000118246	ensembl_gene	FASTKD2	genes4epilepsy	Genes4Epilepsy	literature_derived	1.0	bronze	FASTKD2	resolved		324	8361309ce24beb80
7ddbdf1f6ec491b3	epilepsy	22868	ncbi_gene	ENSG00000118246	ensembl_gene	FASTKD2	gtr_epilepsy_gene_summary	GTR epilepsy gene summary	gtr_gene_summary	2.0	silver	FASTKD2	resolved	gtr_clinical_testing_utilization	378	e9ee3fbb0a5d3e74
d643726950e23923	epilepsy	2195	ncbi_gene	ENSG00000083857	ensembl_gene	FAT1	gtr_epilepsy_gene_summary	GTR epilepsy gene summary	gtr_gene_summary	2.0	silver	FAT1	resolved	gtr_clinical_testing_utilization	2256	704c7fc2a3bef5e2
33c88ab8a2626b09	epilepsy	79633	ncbi_gene	ENSG00000196159	ensembl_gene	FAT4	gtr_epilepsy_gene_summary	GTR epilepsy gene summary	gtr_gene_summary	2.0	silver	FAT4	resolved	gtr_clinical_testing_utilization	469	577723d1eb383c30
cdf95d3037ab4a3a	epilepsy	10516	ncbi_gene	ENSG00000140092	ensembl_gene	FBLN5	gtr_epilepsy_gene_summary	GTR epilepsy gene summary	gtr_gene_summary	2.0	silver	FBLN5	resolved	gtr_clinical_testing_utilization	2634	b46a2cefa5049abe
dfc391acadb520f1	epilepsy	2200	ncbi_gene	ENSG00000166147	ensembl_gene	FBN1	gtr_epilepsy_gene_summary	GTR epilepsy gene summary	gtr_gene_summary	2.0	silver	FBN1	resolved	gtr_clinical_testing_utilization	1111	f9f091d39b3ba1ba
8d71adebbacb332e	epilepsy	2201	ncbi_gene	ENSG00000138829	ensembl_gene	FBN2	gtr_epilepsy_gene_summary	GTR epilepsy gene summary	gtr_gene_summary	2.0	silver	FBN2	resolved	gtr_clinical_testing_utilization	1715	ddffcba13d282f29
5fefcc78c39b5795	epilepsy	84467	ncbi_gene	ENSG00000142449	ensembl_gene	FBN3	gtr_epilepsy_gene_summary	GTR epilepsy gene summary	gtr_gene_summary	2.0	silver	FBN3	resolved	gtr_clinical_testing_utilization	2762	554c570b238fa540
7440fa2d0c95f83c	epilepsy	2203	ncbi_gene	ENSG00000165140	ensembl_gene	FBP1	gtr_epilepsy_gene_summary	GTR epilepsy gene summary	gtr_gene_summary	2.0	silver	FBP1	resolved	gtr_clinical_testing_utilization	1215	24a52a453f8c7c45
c09c3a9aa7d4089c	epilepsy	26224	ncbi_gene	ENSG00000005812	ensembl_gene	FBXL3	gtr_epilepsy_gene_summary	GTR epilepsy gene summary	gtr_gene_summary	2.0	silver	FBXL3	resolved	gtr_clinical_testing_utilization	3036	fec578e2fbdb9e4d
bd6917759add55fd	epilepsy	26235	ncbi_gene	ENSG00000112234	ensembl_gene	FBXL4	genes4epilepsy	Genes4Epilepsy	literature_derived	1.0	bronze	FBXL4	resolved		325	33296eb9cf859036
bd6917759add55fd	epilepsy	26235	ncbi_gene	ENSG00000112234	ensembl_gene	FBXL4	gtr_epilepsy_gene_summary	GTR epilepsy gene summary	gtr_gene_summary	2.0	silver	FBXL4	resolved	gtr_clinical_testing_utilization	317	3e2f32332f19214a
758d5938865a4046	epilepsy	80204	ncbi_gene	ENSG00000138081	ensembl_gene	FBXO11	genes4epilepsy	Genes4Epilepsy	literature_derived	1.0	bronze	FBXO11	resolved		326	57d826b564294018
e1b4184bb06e4e09	epilepsy	23219	ncbi_gene	ENSG00000143756	ensembl_gene	FBXO28	genes4epilepsy	Genes4Epilepsy	literature_derived	1.0	bronze	FBXO28	resolved		327	23ea6b7b0378dfab
e1b4184bb06e4e09	epilepsy	23219	ncbi_gene	ENSG00000143756	ensembl_gene	FBXO28	gtr_epilepsy_gene_summary	GTR epilepsy gene summary	gtr_gene_summary	2.0	silver	FBXO28	resolved	gtr_clinical_testing_utilization	3037	40a03c04537ea1a2
62a871b77516df96	epilepsy	79791	ncbi_gene	ENSG00000103264	ensembl_gene	FBXO31	gtr_epilepsy_gene_summary	GTR epilepsy gene summary	gtr_gene_summary	2.0	silver	FBXO31	resolved	gtr_clinical_testing_utilization	1393	4621bbb138b6f98c
616de6c5f71f8042	epilepsy	25793	ncbi_gene	ENSG00000100225	ensembl_gene	FBXO7	gtr_epilepsy_gene_summary	GTR epilepsy gene summary	gtr_gene_summary	2.0	silver	FBXO7	resolved	gtr_clinical_testing_utilization	1249	2bf556f4720aabd7
6299e1f13962e300	epilepsy	23291	ncbi_gene	ENSG00000072803	ensembl_gene	FBXW11	gtr_epilepsy_gene_summary	GTR epilepsy gene summary	gtr_gene_summary	2.0	silver	FBXW11	resolved	gtr_clinical_testing_utilization	2184	bd3bc68e150c5410
af0ea67f80d008ee	epilepsy	6468	ncbi_gene	ENSG00000107829	ensembl_gene	FBXW4	gtr_epilepsy_gene_summary	GTR epilepsy gene summary	gtr_gene_summary	2.0	silver	FBXW4	resolved	gtr_clinical_testing_utilization	2763	abe97f01f0365da2
7b1eeac5ea5a3da3	epilepsy	55294	ncbi_gene	ENSG00000109670	ensembl_gene	FBXW7	genes4epilepsy	Genes4Epilepsy	literature_derived	1.0	bronze	FBXW7	resolved		328	3b09f98b628871c4
983f30d7cbf55da9	epilepsy	2212	ncbi_gene	ENSG00000143226	ensembl_gene	FCGR2A	gtr_epilepsy_gene_summary	GTR epilepsy gene summary	gtr_gene_summary	2.0	silver	FCGR2A	resolved	gtr_clinical_testing_utilization	2367	3c9abed743cbde29
f941250448fcba56	epilepsy	2213	ncbi_gene	ENSG00000072694	ensembl_gene	FCGR2B	gtr_epilepsy_gene_summary	GTR epilepsy gene summary	gtr_gene_summary	2.0	silver	FCGR2B	resolved	gtr_clinical_testing_utilization	2368	4bae0277cf8f29ef
f957754d7ff3b3b7	epilepsy	2215	ncbi_gene	ENSG00000162747	ensembl_gene	FCGR3B	gtr_epilepsy_gene_summary	GTR epilepsy gene summary	gtr_gene_summary	2.0	silver	FCGR3B	resolved	gtr_clinical_testing_utilization	3038	2b1cb24bd6fe6a65
5209af7e2c7dbf38	epilepsy	2219	ncbi_gene	ENSG00000085265	ensembl_gene	FCN1	gtr_epilepsy_gene_summary	GTR epilepsy gene summary	gtr_gene_summary	2.0	silver	FCN1	resolved	gtr_clinical_testing_utilization	2453	612be03d9490e5f1
129439024df9a6ed	epilepsy	197258	ncbi_gene	ENSG00000157353	ensembl_gene	FCSK	genes4epilepsy	Genes4Epilepsy	literature_derived	1.0	bronze	FCSK	resolved		329	504fb1b8d7195646
1daa42e79f797fbe	epilepsy	2222	ncbi_gene	ENSG00000079459	ensembl_gene	FDFT1	genes4epilepsy	Genes4Epilepsy	literature_derived	1.0	bronze	FDFT1	resolved		330	40c4a4b692598407
7cb98b222894d6b7	epilepsy	112812	ncbi_gene	ENSG00000267673	ensembl_gene	FDX2	gtr_epilepsy_gene_summary	GTR epilepsy gene summary	gtr_gene_summary	2.0	silver	FDX2	resolved	gtr_clinical_testing_utilization	1131	16648f7ad0a28af4
b668abc98e52c087	epilepsy	2232	ncbi_gene	ENSG00000161513	ensembl_gene	FDXR	gtr_epilepsy_gene_summary	GTR epilepsy gene summary	gtr_gene_summary	2.0	silver	FDXR	resolved	gtr_clinical_testing_utilization	1925	10fbccc73443f6d8
641f08d16610a1d5	epilepsy	83706	ncbi_gene	ENSG00000149781	ensembl_gene	FERMT3	gtr_epilepsy_gene_summary	GTR epilepsy gene summary	gtr_gene_summary	2.0	silver	FERMT3	resolved	gtr_clinical_testing_utilization	3039	8149e2be1848c2fd
e81b304dca881366	epilepsy	389549	ncbi_gene	ENSG00000128610	ensembl_gene	FEZF1	gtr_epilepsy_gene_summary	GTR epilepsy gene summary	gtr_gene_summary	2.0	silver	FEZF1	resolved	gtr_clinical_testing_utilization	3040	55838a5f5136dd1c
4ff6021a52ed96eb	epilepsy	2245	ncbi_gene	ENSG00000102302	ensembl_gene	FGD1	gtr_epilepsy_gene_summary	GTR epilepsy gene summary	gtr_gene_summary	2.0	silver	FGD1	resolved	gtr_clinical_testing_utilization	520	245b6a4b5437c797
5babad149e5742e0	epilepsy	121512	ncbi_gene	ENSG00000139132	ensembl_gene	FGD4	gtr_epilepsy_gene_summary	GTR epilepsy gene summary	gtr_gene_summary	2.0	silver	FGD4	resolved	gtr_clinical_testing_utilization	3041	60f18056db88d24d
6f929dd40d23eece	epilepsy	2255	ncbi_gene	ENSG00000070193	ensembl_gene	FGF10	gtr_epilepsy_gene_summary	GTR epilepsy gene summary	gtr_gene_summary	2.0	silver	FGF10	resolved	gtr_clinical_testing_utilization	2667	7111158d2985a290
054c0f4fdede3004	epilepsy	2257	ncbi_gene	ENSG00000114279	ensembl_gene	FGF12	genes4epilepsy	Genes4Epilepsy	literature_derived	1.0	bronze	FGF12	resolved		331	6b3d4deb1c5c784e
054c0f4fdede3004	epilepsy	2257	ncbi_gene	ENSG00000114279	ensembl_gene	FGF12	gtr_epilepsy_gene_summary	GTR epilepsy gene summary	gtr_gene_summary	2.0	silver	FGF12	resolved	gtr_clinical_testing_utilization	110	80ac52613374a122
c163c4e90fdde4cf	epilepsy	2258	ncbi_gene	ENSG00000129682	ensembl_gene	FGF13	genes4epilepsy	Genes4Epilepsy	literature_derived	1.0	bronze	FGF13	resolved		332	69e8865d5da1e533
c163c4e90fdde4cf	epilepsy	2258	ncbi_gene	ENSG00000129682	ensembl_gene	FGF13	gtr_epilepsy_gene_summary	GTR epilepsy gene summary	gtr_gene_summary	2.0	silver	FGF13	resolved	gtr_clinical_testing_utilization	1997	30c8daa37004d246
61600c877ecfd224	epilepsy	2259	ncbi_gene	ENSG00000102466	ensembl_gene	FGF14	gtr_epilepsy_gene_summary	GTR epilepsy gene summary	gtr_gene_summary	2.0	silver	FGF14	resolved	gtr_clinical_testing_utilization	1306	849fe751dee05122
b7392997ce667cc9	epilepsy	8822	ncbi_gene	ENSG00000158815	ensembl_gene	FGF17	gtr_epilepsy_gene_summary	GTR epilepsy gene summary	gtr_gene_summary	2.0	silver	FGF17	resolved	gtr_clinical_testing_utilization	1998	872dede9ce16cb45
96d2487ad3868738	epilepsy	26291	ncbi_gene	ENSG00000105550	ensembl_gene	FGF21	gtr_epilepsy_gene_summary	GTR epilepsy gene summary	gtr_gene_summary	2.0	silver	FGF21	resolved	gtr_clinical_testing_utilization	2454	1e2711221c730dfe
c18b1e6b0859b2ea	epilepsy	8074	ncbi_gene	ENSG00000118972	ensembl_gene	FGF23	gtr_epilepsy_gene_summary	GTR epilepsy gene summary	gtr_gene_summary	2.0	silver	FGF23	resolved	gtr_clinical_testing_utilization	3042	a9bc3ab070a88e96
ed216f607caaac90	epilepsy	2248	ncbi_gene	ENSG00000186895	ensembl_gene	FGF3	gtr_epilepsy_gene_summary	GTR epilepsy gene summary	gtr_gene_summary	2.0	silver	FGF3	resolved	gtr_clinical_testing_utilization	1591	718e22077a4bab18
bac76be8b5483998	epilepsy	2253	ncbi_gene	ENSG00000107831	ensembl_gene	FGF8	gtr_epilepsy_gene_summary	GTR epilepsy gene summary	gtr_gene_summary	2.0	silver	FGF8	resolved	gtr_clinical_testing_utilization	3043	91693b5a72610b9f
4dd87f710653ee6d	epilepsy	2260	ncbi_gene	ENSG00000077782	ensembl_gene	FGFR1	gtr_epilepsy_gene_summary	GTR epilepsy gene summary	gtr_gene_summary	2.0	silver	FGFR1	resolved	gtr_clinical_testing_utilization	829	0721636b11a6584d
b94d8a3cb4b51714	epilepsy	2263	ncbi_gene	ENSG00000066468	ensembl_gene	FGFR2	gtr_epilepsy_gene_summary	GTR epilepsy gene summary	gtr_gene_summary	2.0	silver	FGFR2	resolved	gtr_clinical_testing_utilization	830	4f81fb98973a0b43
351490aafac50fde	epilepsy	2261	ncbi_gene	ENSG00000068078	ensembl_gene	FGFR3	genes4epilepsy	Genes4Epilepsy	literature_derived	1.0	bronze	FGFR3	resolved		333	4fc19bf37ed833e5
351490aafac50fde	epilepsy	2261	ncbi_gene	ENSG00000068078	ensembl_gene	FGFR3	gtr_epilepsy_gene_summary	GTR epilepsy gene summary	gtr_gene_summary	2.0	silver	FGFR3	resolved	gtr_clinical_testing_utilization	1093	90866c25221031b5
8eecf0cd3ed975b3	epilepsy	53834	ncbi_gene	ENSG00000127418	ensembl_gene	FGFRL1	gtr_epilepsy_gene_summary	GTR epilepsy gene summary	gtr_gene_summary	2.0	silver	FGFRL1	resolved	gtr_clinical_testing_utilization	3044	2161fe5006320993
857ad6f13867584f	epilepsy	2271	ncbi_gene	ENSG00000091483	ensembl_gene	FH	genes4epilepsy	Genes4Epilepsy	literature_derived	1.0	bronze	FH	resolved		334	7268ea30744d6ebe
857ad6f13867584f	epilepsy	2271	ncbi_gene	ENSG00000091483	ensembl_gene	FH	gtr_epilepsy_gene_summary	GTR epilepsy gene summary	gtr_gene_summary	2.0	silver	FH	resolved	gtr_clinical_testing_utilization	535	e22f91c56bd63bf7
547ade086061a508	epilepsy	2273	ncbi_gene	ENSG00000022267	ensembl_gene	FHL1	gtr_epilepsy_gene_summary	GTR epilepsy gene summary	gtr_gene_summary	2.0	silver	FHL1	resolved	gtr_clinical_testing_utilization	784	db39d1b7279f8e59
b4b7707cebd9d607	epilepsy	80206	ncbi_gene	ENSG00000134775	ensembl_gene	FHOD3	gtr_epilepsy_gene_summary	GTR epilepsy gene summary	gtr_gene_summary	2.0	silver	FHOD3	resolved	gtr_clinical_testing_utilization	2668	288d30df18bc60a9
972b9595b2dd102f	epilepsy	9158	ncbi_gene	ENSG00000172500	ensembl_gene	FIBP	gtr_epilepsy_gene_summary	GTR epilepsy gene summary	gtr_gene_summary	2.0	silver	FIBP	resolved	gtr_clinical_testing_utilization	2669	83da90a0677ac943
3014f3f96a608ca4	epilepsy	9896	ncbi_gene	ENSG00000112367	ensembl_gene	FIG4	genes4epilepsy	Genes4Epilepsy	literature_derived	1.0	bronze	FIG4	resolved		335	382fdaec66982944
3014f3f96a608ca4	epilepsy	9896	ncbi_gene	ENSG00000112367	ensembl_gene	FIG4	gtr_epilepsy_gene_summary	GTR epilepsy gene summary	gtr_gene_summary	2.0	silver	FIG4	resolved	gtr_clinical_testing_utilization	1028	d3422da3a388ed97
7dc2e17b8e8ff723	epilepsy	60681	ncbi_gene	ENSG00000141756	ensembl_gene	FKBP10	gtr_epilepsy_gene_summary	GTR epilepsy gene summary	gtr_gene_summary	2.0	silver	FKBP10	resolved	gtr_clinical_testing_utilization	1515	55499719f3be2dfb
38a8737aba7b0f9d	epilepsy	55033	ncbi_gene	ENSG00000106080	ensembl_gene	FKBP14	gtr_epilepsy_gene_summary	GTR epilepsy gene summary	gtr_gene_summary	2.0	silver	FKBP14	resolved	gtr_clinical_testing_utilization	3045	520ff990546f2eba
0e5063fd95fe2538	epilepsy	79147	ncbi_gene	ENSG00000181027	ensembl_gene	FKRP	genes4epilepsy	Genes4Epilepsy	literature_derived	1.0	bronze	FKRP	resolved		336	1f4148c237c4cfd4
0e5063fd95fe2538	epilepsy	79147	ncbi_gene	ENSG00000181027	ensembl_gene	FKRP	gtr_epilepsy_gene_summary	GTR epilepsy gene summary	gtr_gene_summary	2.0	silver	FKRP	resolved	gtr_clinical_testing_utilization	267	715362d0a6b8594d
9fc84a0dc509aa5a	epilepsy	2218	ncbi_gene	ENSG00000106692	ensembl_gene	FKTN	genes4epilepsy	Genes4Epilepsy	literature_derived	1.0	bronze	FKTN	resolved		337	f45269cf3f4d7bf4
9fc84a0dc509aa5a	epilepsy	2218	ncbi_gene	ENSG00000106692	ensembl_gene	FKTN	gtr_epilepsy_gene_summary	GTR epilepsy gene summary	gtr_gene_summary	2.0	silver	FKTN	resolved	gtr_clinical_testing_utilization	255	28ec568689737472
86f196f649931fd4	epilepsy	80308	ncbi_gene	ENSG00000160688	ensembl_gene	FLAD1	gtr_epilepsy_gene_summary	GTR epilepsy gene summary	gtr_gene_summary	2.0	silver	FLAD1	resolved	gtr_clinical_testing_utilization	1533	65829b1d6cee4b0d
eb53a87fdee1b123	epilepsy	2313	ncbi_gene	ENSG00000151702	ensembl_gene	FLI1	gtr_epilepsy_gene_summary	GTR epilepsy gene summary	gtr_gene_summary	2.0	silver	FLI1	resolved	gtr_clinical_testing_utilization	3046	4e086a66e9725bbb
6ecd88e58804a070	epilepsy	2314	ncbi_gene	ENSG00000177731	ensembl_gene	FLII	gtr_epilepsy_gene_summary	GTR epilepsy gene summary	gtr_gene_summary	2.0	silver	FLII	resolved	gtr_clinical_testing_utilization	3047	303a67abba17f290
d223fe0abe670998	epilepsy	2316	ncbi_gene	ENSG00000196924	ensembl_gene	FLNA	genes4epilepsy	Genes4Epilepsy	literature_derived	1.0	bronze	FLNA	resolved		338	62b8e0f33b68d9f6
d223fe0abe670998	epilepsy	2316	ncbi_gene	ENSG00000196924	ensembl_gene	FLNA	gtr_epilepsy_gene_summary	GTR epilepsy gene summary	gtr_gene_summary	2.0	silver	FLNA	resolved	gtr_clinical_testing_utilization	147	68b3dc2e216b1787
eb4851b3fab35c02	epilepsy	2317	ncbi_gene	ENSG00000136068	ensembl_gene	FLNB	gtr_epilepsy_gene_summary	GTR epilepsy gene summary	gtr_gene_summary	2.0	silver	FLNB	resolved	gtr_clinical_testing_utilization	1649	6a695e4b57242f2d
e2f7b77ab352e5ef	epilepsy	2318	ncbi_gene	ENSG00000128591	ensembl_gene	FLNC	gtr_epilepsy_gene_summary	GTR epilepsy gene summary	gtr_gene_summary	2.0	silver	FLNC	resolved	gtr_clinical_testing_utilization	1716	9a37a72e16e5fd61
db1fb411344e8149	epilepsy	23769	ncbi_gene	ENSG00000126500	ensembl_gene	FLRT1	gtr_epilepsy_gene_summary	GTR epilepsy gene summary	gtr_gene_summary	2.0	silver	FLRT1	resolved	gtr_clinical_testing_utilization	1322	9a7b779e2cbc26c9
7945e9eaf04d5c85	epilepsy	23767	ncbi_gene	ENSG00000125848	ensembl_gene	FLRT3	gtr_epilepsy_gene_summary	GTR epilepsy gene summary	gtr_gene_summary	2.0	silver	FLRT3	resolved	gtr_clinical_testing_utilization	1385	ebfa9ee39f798367
3a1867008773ef66	epilepsy	2324	ncbi_gene	ENSG00000037280	ensembl_gene	FLT4	gtr_epilepsy_gene_summary	GTR epilepsy gene summary	gtr_gene_summary	2.0	silver	FLT4	resolved	gtr_clinical_testing_utilization	2597	2b20193ec7d3d5c9
9078ce95145a85c8	epilepsy	28982	ncbi_gene	ENSG00000162769	ensembl_gene	FLVCR1	genes4epilepsy	Genes4Epilepsy	literature_derived	1.0	bronze	FLVCR1	resolved		339	23ec5c39a0565900
9078ce95145a85c8	epilepsy	28982	ncbi_gene	ENSG00000162769	ensembl_gene	FLVCR1	gtr_epilepsy_gene_summary	GTR epilepsy gene summary	gtr_gene_summary	2.0	silver	FLVCR1	resolved	gtr_clinical_testing_utilization	1865	8963d634729dab4f
ade0db0608716e80	epilepsy	55640	ncbi_gene	ENSG00000119686	ensembl_gene	FLVCR2	gtr_epilepsy_gene_summary	GTR epilepsy gene summary	gtr_gene_summary	2.0	silver	FLVCR2	resolved	gtr_clinical_testing_utilization	2347	29b53144b01aaf09
a89f6f9a7cf76d97	epilepsy	342184	ncbi_gene	ENSG00000248905	ensembl_gene	FMN1	gtr_epilepsy_gene_summary	GTR epilepsy gene summary	gtr_gene_summary	2.0	silver	FMN1	resolved	gtr_clinical_testing_utilization	2764	6fd81084bfe8b42f
1543eb871cf5dbd2	epilepsy	56776	ncbi_gene	ENSG00000155816	ensembl_gene	FMN2	gtr_epilepsy_gene_summary	GTR epilepsy gene summary	gtr_gene_summary	2.0	silver	FMN2	resolved	gtr_clinical_testing_utilization	881	d90a9af43ade8fde
253d64ff48bdc08b	epilepsy	2328	ncbi_gene	ENSG00000007933	ensembl_gene	FMO3	gtr_epilepsy_gene_summary	GTR epilepsy gene summary	gtr_gene_summary	2.0	silver	FMO3	resolved	gtr_clinical_testing_utilization	1442	958185772a79c4ce
32cec34d4f5b7167	epilepsy	2332	ncbi_gene	ENSG00000102081	ensembl_gene	FMR1	gtr_epilepsy_gene_summary	GTR epilepsy gene summary	gtr_gene_summary	2.0	silver	FMR1	resolved	gtr_clinical_testing_utilization	319	c0fda466e1582a88
f51ffd54ef7b4659	epilepsy	96459	ncbi_gene	ENSG00000217128	ensembl_gene	FNIP1	gtr_epilepsy_gene_summary	GTR epilepsy gene summary	gtr_gene_summary	2.0	silver	FNIP1	resolved	gtr_clinical_testing_utilization	2326	b3703473b63ce7ed
b4149acbed79e08f	epilepsy	2348	ncbi_gene	ENSG00000110195	ensembl_gene	FOLR1	genes4epilepsy	Genes4Epilepsy	literature_derived	1.0	bronze	FOLR1	resolved		340	99137e86c10e6526
b4149acbed79e08f	epilepsy	2348	ncbi_gene	ENSG00000110195	ensembl_gene	FOLR1	gtr_epilepsy_gene_summary	GTR epilepsy gene summary	gtr_gene_summary	2.0	silver	FOLR1	resolved	gtr_clinical_testing_utilization	130	fde8aaca39c1e948
0dd9a4b96049d1f6	epilepsy	3170	ncbi_gene	ENSG00000125798	ensembl_gene	FOXA2	gtr_epilepsy_gene_summary	GTR epilepsy gene summary	gtr_gene_summary	2.0	silver	FOXA2	resolved	gtr_clinical_testing_utilization	1300	1287ecbc420834a6
5a728f5e56d2dd16	epilepsy	2303	ncbi_gene	ENSG00000176692	ensembl_gene	FOXC2	gtr_epilepsy_gene_summary	GTR epilepsy gene summary	gtr_gene_summary	2.0	silver	FOXC2	resolved	gtr_clinical_testing_utilization	2860	5ea4c29f345c2274
f36400c7cba42a13	epilepsy	2301	ncbi_gene	ENSG00000186790	ensembl_gene	FOXE3	gtr_epilepsy_gene_summary	GTR epilepsy gene summary	gtr_gene_summary	2.0	silver	FOXE3	resolved	gtr_clinical_testing_utilization	3048	80f875e63fb1991b
0340f34eeaff10f8	epilepsy	2290	ncbi_gene	ENSG00000176165	ensembl_gene	FOXG1	genes4epilepsy	Genes4Epilepsy	literature_derived	1.0	bronze	FOXG1	resolved		341	ddf833aa44e06c10
0340f34eeaff10f8	epilepsy	2290	ncbi_gene	ENSG00000176165	ensembl_gene	FOXG1	gtr_epilepsy_gene_summary	GTR epilepsy gene summary	gtr_gene_summary	2.0	silver	FOXG1	resolved	gtr_clinical_testing_utilization	133	c3b175feb9168261
9a904c198ef1c702	epilepsy	8928	ncbi_gene	ENSG00000160973	ensembl_gene	FOXH1	gtr_epilepsy_gene_summary	GTR epilepsy gene summary	gtr_gene_summary	2.0	silver	FOXH1	resolved	gtr_clinical_testing_utilization	1230	e76994729e40df4a
b36d9f6a51be9b6d	epilepsy	2299	ncbi_gene	ENSG00000168269	ensembl_gene	FOXI1	gtr_epilepsy_gene_summary	GTR epilepsy gene summary	gtr_gene_summary	2.0	silver	FOXI1	resolved	gtr_clinical_testing_utilization	995	a7ae367b710aaaee
35003127ef797966	epilepsy	344167	ncbi_gene	ENSG00000214336	ensembl_gene	FOXI3	gtr_epilepsy_gene_summary	GTR epilepsy gene summary	gtr_gene_summary	2.0	silver	FOXI3	resolved	gtr_clinical_testing_utilization	2327	4445b423b5284a4d
4845310592caa977	epilepsy	668	ncbi_gene	ENSG00000183770	ensembl_gene	FOXL2	gtr_epilepsy_gene_summary	GTR epilepsy gene summary	gtr_gene_summary	2.0	silver	FOXL2	resolved	gtr_clinical_testing_utilization	2185	358ead7220e9ec6c
916debad6b13ae54	epilepsy	8456	ncbi_gene	ENSG00000109101	ensembl_gene	FOXN1	gtr_epilepsy_gene_summary	GTR epilepsy gene summary	gtr_gene_summary	2.0	silver	FOXN1	resolved	gtr_clinical_testing_utilization	2094	159a13d01e7db0b3
a1b588a133f1ba6f	epilepsy	27086	ncbi_gene	ENSG00000114861	ensembl_gene	FOXP1	genes4epilepsy	Genes4Epilepsy	literature_derived	1.0	bronze	FOXP1	resolved		342	aecc22a7d2f262eb
a1b588a133f1ba6f	epilepsy	27086	ncbi_gene	ENSG00000114861	ensembl_gene	FOXP1	gtr_epilepsy_gene_summary	GTR epilepsy gene summary	gtr_gene_summary	2.0	silver	FOXP1	resolved	gtr_clinical_testing_utilization	714	94bc53a2da2bae87
ec2ac4f35670fb4a	epilepsy	93986	ncbi_gene	ENSG00000128573	ensembl_gene	FOXP2	gtr_epilepsy_gene_summary	GTR epilepsy gene summary	gtr_gene_summary	2.0	silver	FOXP2	resolved	gtr_clinical_testing_utilization	917	ceb4f6dc3908ccc6
352c0ecc780a539b	epilepsy	50943	ncbi_gene	ENSG00000049768	ensembl_gene	FOXP3	gtr_epilepsy_gene_summary	GTR epilepsy gene summary	gtr_gene_summary	2.0	silver	FOXP3	resolved	gtr_clinical_testing_utilization	2143	e09116f01b255769
f3b2fc134fd1ae57	epilepsy	55572	ncbi_gene	ENSG00000110074	ensembl_gene	FOXRED1	genes4epilepsy	Genes4Epilepsy	literature_derived	1.0	bronze	FOXRED1	resolved		343	f7ea386c102aae6e
f3b2fc134fd1ae57	epilepsy	55572	ncbi_gene	ENSG00000110074	ensembl_gene	FOXRED1	gtr_epilepsy_gene_summary	GTR epilepsy gene summary	gtr_gene_summary	2.0	silver	FOXRED1	resolved	gtr_clinical_testing_utilization	220	7b632b7dffe509d1
be3c2081b8c0bb6d	epilepsy	2357	ncbi_gene	ENSG00000171051	ensembl_gene	FPR1	gtr_epilepsy_gene_summary	GTR epilepsy gene summary	gtr_gene_summary	2.0	silver	FPR1	resolved	gtr_clinical_testing_utilization	1188	c3ca21d660fbe061
f7d8abf1f50f29da	epilepsy	118924	ncbi_gene	ENSG00000148690	ensembl_gene	FRA10AC1	genes4epilepsy	Genes4Epilepsy	literature_derived	1.0	bronze	FRA10AC1	resolved		344	2cffbec68f75c4fc
ceb94628c7804d44	epilepsy	80144	ncbi_gene	ENSG00000138759	ensembl_gene	FRAS1	gtr_epilepsy_gene_summary	GTR epilepsy gene summary	gtr_gene_summary	2.0	silver	FRAS1	resolved	gtr_clinical_testing_utilization	1459	24aa6c0fdc787c0c
047986255d5ebe2e	epilepsy	341640	ncbi_gene	ENSG00000150893	ensembl_gene	FREM2	gtr_epilepsy_gene_summary	GTR epilepsy gene summary	gtr_gene_summary	2.0	silver	FREM2	resolved	gtr_clinical_testing_utilization	1460	5d8b8b4feac1630c
8b58206aed4c8516	epilepsy	2483	ncbi_gene	ENSG00000283630	ensembl_gene	FRG1	gtr_epilepsy_gene_summary	GTR epilepsy gene summary	gtr_gene_summary	2.0	silver	FRG1	resolved	gtr_clinical_testing_utilization	3049	72cebbd5a98a656c
eac2c1ce041daa0c	epilepsy	55691	ncbi_gene	ENSG00000151474	ensembl_gene	FRMD4A	gtr_epilepsy_gene_summary	GTR epilepsy gene summary	gtr_gene_summary	2.0	silver	FRMD4A	resolved	gtr_clinical_testing_utilization	2765	018c6e274d2c6739
ae5b2d8ed2ed35d8	epilepsy	84978	ncbi_gene	ENSG00000171877	ensembl_gene	FRMD5	genes4epilepsy	Genes4Epilepsy	literature_derived	1.0	bronze	FRMD5	resolved		345	2fc9f528d416c93d
f00a51acf1f9411f	epilepsy	9758	ncbi_gene	ENSG00000169933	ensembl_gene	FRMPD4	gtr_epilepsy_gene_summary	GTR epilepsy gene summary	gtr_gene_summary	2.0	silver	FRMPD4	resolved	gtr_clinical_testing_utilization	910	ea33902bb911d333
552f730d474edf4f	epilepsy	23732	ncbi_gene	ENSG00000260230	ensembl_gene	FRRS1L	genes4epilepsy	Genes4Epilepsy	literature_derived	1.0	bronze	FRRS1L	resolved		346	32c79cae017b8acd
552f730d474edf4f	epilepsy	23732	ncbi_gene	ENSG00000260230	ensembl_gene	FRRS1L	gtr_epilepsy_gene_summary	GTR epilepsy gene summary	gtr_gene_summary	2.0	silver	FRRS1L	resolved	gtr_clinical_testing_utilization	95	0617e263fd2beca3
77ed3e3ee049f1fc	epilepsy	285527	ncbi_gene	ENSG00000075539	ensembl_gene	FRYL	genes4epilepsy	Genes4Epilepsy	literature_derived	1.0	bronze	FRYL	resolved		347	9895af561a71152c
42429678bb86ec78	epilepsy	83856	ncbi_gene	ENSG00000106701	ensembl_gene	FSD1L	genes4epilepsy	Genes4Epilepsy	literature_derived	1.0	bronze	FSD1L	resolved		348	c7a8df0b557fbbfd
d94c7bde7ae62667	epilepsy	10841	ncbi_gene	ENSG00000281775	ensembl_gene	FTCD	gtr_epilepsy_gene_summary	GTR epilepsy gene summary	gtr_gene_summary	2.0	silver	FTCD	resolved	gtr_clinical_testing_utilization	1939	d718ee40b5998b61
385aab75dab48068	epilepsy	2495	ncbi_gene	ENSG00000167996	ensembl_gene	FTH1	gtr_epilepsy_gene_summary	GTR epilepsy gene summary	gtr_gene_summary	2.0	silver	FTH1	resolved	gtr_clinical_testing_utilization	2539	70c7b6c3576b15f6
fefd0bfa8d3f18d8	epilepsy	2512	ncbi_gene	ENSG00000087086	ensembl_gene	FTL	gtr_epilepsy_gene_summary	GTR epilepsy gene summary	gtr_gene_summary	2.0	silver	FTL	resolved	gtr_clinical_testing_utilization	813	ebad36e14892ac6e
bc496f0b62b08c42	epilepsy	79068	ncbi_gene	ENSG00000140718	ensembl_gene	FTO	gtr_epilepsy_gene_summary	GTR epilepsy gene summary	gtr_gene_summary	2.0	silver	FTO	resolved	gtr_clinical_testing_utilization	1603	66f161c3e0af6001
e0bb3fca465533cb	epilepsy	24140	ncbi_gene	ENSG00000068438	ensembl_gene	FTSJ1	gtr_epilepsy_gene_summary	GTR epilepsy gene summary	gtr_gene_summary	2.0	silver	FTSJ1	resolved	gtr_clinical_testing_utilization	663	31d66e69e65f61a6
4b9de0def65e4dba	epilepsy	2517	ncbi_gene	ENSG00000179163	ensembl_gene	FUCA1	genes4epilepsy	Genes4Epilepsy	literature_derived	1.0	bronze	FUCA1	resolved		349	f3d1fac875f237b1
4b9de0def65e4dba	epilepsy	2517	ncbi_gene	ENSG00000179163	ensembl_gene	FUCA1	gtr_epilepsy_gene_summary	GTR epilepsy gene summary	gtr_gene_summary	2.0	silver	FUCA1	resolved	gtr_clinical_testing_utilization	432	7c3e8a2d7ba1b90b
15ac6e9bac56f327	epilepsy	2521	ncbi_gene	ENSG00000089280	ensembl_gene	FUS	gtr_epilepsy_gene_summary	GTR epilepsy gene summary	gtr_gene_summary	2.0	silver	FUS	resolved	gtr_clinical_testing_utilization	2861	12382dee416e2496
31f695ed176ccc35	epilepsy	2530	ncbi_gene	ENSG00000033170	ensembl_gene	FUT8	genes4epilepsy	Genes4Epilepsy	literature_derived	1.0	bronze	FUT8	resolved		350	563d340e8ea6e4f0
925d4fdbb8a36317	epilepsy	2395	ncbi_gene	ENSG00000165060	ensembl_gene	FXN	gtr_epilepsy_gene_summary	GTR epilepsy gene summary	gtr_gene_summary	2.0	silver	FXN	resolved	gtr_clinical_testing_utilization	1804	579c5445824e70ba
86b7a72c40272a52	epilepsy	486	ncbi_gene	ENSG00000137731	ensembl_gene	FXYD2	gtr_epilepsy_gene_summary	GTR epilepsy gene summary	gtr_gene_summary	2.0	silver	FXYD2	resolved	gtr_clinical_testing_utilization	726	75e28fee7e8af37c
c56c80901bd8800f	epilepsy	51343	ncbi_gene	ENSG00000105325	ensembl_gene	FZR1	genes4epilepsy	Genes4Epilepsy	literature_derived	1.0	bronze	FZR1	resolved		351	da4239bd5f16bc02
b8efe3e973c6393a	epilepsy	2538	ncbi_gene	ENSG00000131482	ensembl_gene	G6PC1	gtr_epilepsy_gene_summary	GTR epilepsy gene summary	gtr_gene_summary	2.0	silver	G6PC1	resolved	gtr_clinical_testing_utilization	436	3cd7f38f5c01cbe5
073fe7e9a914429b	epilepsy	92579	ncbi_gene	ENSG00000141349	ensembl_gene	G6PC3	gtr_epilepsy_gene_summary	GTR epilepsy gene summary	gtr_gene_summary	2.0	silver	G6PC3	resolved	gtr_clinical_testing_utilization	1970	236f6c32a3ca06d6
fbf3d1b67f57fed0	epilepsy	2539	ncbi_gene	ENSG00000160211	ensembl_gene	G6PD	gtr_epilepsy_gene_summary	GTR epilepsy gene summary	gtr_gene_summary	2.0	silver	G6PD	resolved	gtr_clinical_testing_utilization	2862	65c9c3138e759483
c348f5cfb9d0fba9	epilepsy	2548	ncbi_gene	ENSG00000171298	ensembl_gene	GAA	gtr_epilepsy_gene_summary	GTR epilepsy gene summary	gtr_gene_summary	2.0	silver	GAA	resolved	gtr_clinical_testing_utilization	437	a22c859cc33e0a8e
74260ef294cd529b	epilepsy	2550	ncbi_gene	ENSG00000204681	ensembl_gene	GABBR1	gtr_epilepsy_gene_summary	GTR epilepsy gene summary	gtr_gene_summary	2.0	silver	GABBR1	resolved	gtr_clinical_testing_utilization	2224	cb4ccb3616622e9e
55dd5519faa5e829	epilepsy	9568	ncbi_gene	ENSG00000136928	ensembl_gene	GABBR2	genes4epilepsy	Genes4Epilepsy	literature_derived	1.0	bronze	GABBR2	resolved		352	7b90d22b9e24c892
55dd5519faa5e829	epilepsy	9568	ncbi_gene	ENSG00000136928	ensembl_gene	GABBR2	gtr_epilepsy_gene_summary	GTR epilepsy gene summary	gtr_gene_summary	2.0	silver	GABBR2	resolved	gtr_clinical_testing_utilization	165	1bc52ac3cbcdfabe
41a3e46d57dddfde	epilepsy	2554	ncbi_gene	ENSG00000022355	ensembl_gene	GABRA1	genes4epilepsy	Genes4Epilepsy	literature_derived	1.0	bronze	GABRA1	resolved		353	f72db985d8b996bf
41a3e46d57dddfde	epilepsy	2554	ncbi_gene	ENSG00000022355	ensembl_gene	GABRA1	gtr_epilepsy_gene_summary	GTR epilepsy gene summary	gtr_gene_summary	2.0	silver	GABRA1	resolved	gtr_clinical_testing_utilization	16	b173e5319f19bdb6
ac090a2fad92d749	epilepsy	2555	ncbi_gene	ENSG00000151834	ensembl_gene	GABRA2	genes4epilepsy	Genes4Epilepsy	literature_derived	1.0	bronze	GABRA2	resolved		354	d5bc6d0781195472
ac090a2fad92d749	epilepsy	2555	ncbi_gene	ENSG00000151834	ensembl_gene	GABRA2	gtr_epilepsy_gene_summary	GTR epilepsy gene summary	gtr_gene_summary	2.0	silver	GABRA2	resolved	gtr_clinical_testing_utilization	490	3de625274fd09a91
1c4d6cc7135e6a47	epilepsy	2556	ncbi_gene	ENSG00000011677	ensembl_gene	GABRA3	genes4epilepsy	Genes4Epilepsy	literature_derived	1.0	bronze	GABRA3	resolved		355	ecbb7d20b790224a
1c4d6cc7135e6a47	epilepsy	2556	ncbi_gene	ENSG00000011677	ensembl_gene	GABRA3	gtr_epilepsy_gene_summary	GTR epilepsy gene summary	gtr_gene_summary	2.0	silver	GABRA3	resolved	gtr_clinical_testing_utilization	965	3ea291f2745fb910
99d19d533d875c98	epilepsy	2557	ncbi_gene	ENSG00000109158	ensembl_gene	GABRA4	genes4epilepsy	Genes4Epilepsy	literature_derived	1.0	bronze	GABRA4	resolved		356	9a3a7f640e031ff6
5e9903d39e22fef8	epilepsy	2558	ncbi_gene	ENSG00000186297	ensembl_gene	GABRA5	genes4epilepsy	Genes4Epilepsy	literature_derived	1.0	bronze	GABRA5	resolved		357	8cb023754b255e2f
5e9903d39e22fef8	epilepsy	2558	ncbi_gene	ENSG00000186297	ensembl_gene	GABRA5	gtr_epilepsy_gene_summary	GTR epilepsy gene summary	gtr_gene_summary	2.0	silver	GABRA5	resolved	gtr_clinical_testing_utilization	527	05a855c039eb80c2
529d427a2b71f0a9	epilepsy	2559	ncbi_gene	ENSG00000145863	ensembl_gene	GABRA6	gtr_epilepsy_gene_summary	GTR epilepsy gene summary	gtr_gene_summary	2.0	silver	GABRA6	resolved	gtr_clinical_testing_utilization	3050	7fbd28004248e59e
a24027cb0685e407	epilepsy	2560	ncbi_gene	ENSG00000163288	ensembl_gene	GABRB1	genes4epilepsy	Genes4Epilepsy	literature_derived	1.0	bronze	GABRB1	resolved		358	2f5a8298ce9668f7
a24027cb0685e407	epilepsy	2560	ncbi_gene	ENSG00000163288	ensembl_gene	GABRB1	gtr_epilepsy_gene_summary	GTR epilepsy gene summary	gtr_gene_summary	2.0	silver	GABRB1	resolved	gtr_clinical_testing_utilization	230	863bb36ea1b45840
beefed58e9574822	epilepsy	2561	ncbi_gene	ENSG00000145864	ensembl_gene	GABRB2	genes4epilepsy	Genes4Epilepsy	literature_derived	1.0	bronze	GABRB2	resolved		359	2e12843021676358
beefed58e9574822	epilepsy	2561	ncbi_gene	ENSG00000145864	ensembl_gene	GABRB2	gtr_epilepsy_gene_summary	GTR epilepsy gene summary	gtr_gene_summary	2.0	silver	GABRB2	resolved	gtr_clinical_testing_utilization	121	15097b125b968b8f
d977eb1ee9fcd481	epilepsy	2562	ncbi_gene	ENSG00000166206	ensembl_gene	GABRB3	genes4epilepsy	Genes4Epilepsy	literature_derived	1.0	bronze	GABRB3	resolved		360	12b68bd227814306
d977eb1ee9fcd481	epilepsy	2562	ncbi_gene	ENSG00000166206	ensembl_gene	GABRB3	gtr_epilepsy_gene_summary	GTR epilepsy gene summary	gtr_gene_summary	2.0	silver	GABRB3	resolved	gtr_clinical_testing_utilization	30	bd045d991fba2fa7
d6fbbd06721a63f7	epilepsy	2563	ncbi_gene	ENSG00000187730	ensembl_gene	GABRD	genes4epilepsy	Genes4Epilepsy	literature_derived	1.0	bronze	GABRD	resolved		361	df29c38508247b03
d6fbbd06721a63f7	epilepsy	2563	ncbi_gene	ENSG00000187730	ensembl_gene	GABRD	gtr_epilepsy_gene_summary	GTR epilepsy gene summary	gtr_gene_summary	2.0	silver	GABRD	resolved	gtr_clinical_testing_utilization	84	0b8cc3a9c2392166
a0d47af937fbadba	epilepsy	2564	ncbi_gene	ENSG00000102287	ensembl_gene	GABRE	gtr_epilepsy_gene_summary	GTR epilepsy gene summary	gtr_gene_summary	2.0	silver	GABRE	resolved	gtr_clinical_testing_utilization	2031	4a9759bee5007b53
e5108bb73cf55bdd	epilepsy	2566	ncbi_gene	ENSG00000113327	ensembl_gene	GABRG2	genes4epilepsy	Genes4Epilepsy	literature_derived	1.0	bronze	GABRG2	resolved		362	aa1791b9e6918c8e
e5108bb73cf55bdd	epilepsy	2566	ncbi_gene	ENSG00000113327	ensembl_gene	GABRG2	gtr_epilepsy_gene_summary	GTR epilepsy gene summary	gtr_gene_summary	2.0	silver	GABRG2	resolved	gtr_clinical_testing_utilization	15	b4421ab7aa6c063c
fef7b4521f387151	epilepsy	2567	ncbi_gene	ENSG00000182256	ensembl_gene	GABRG3	gtr_epilepsy_gene_summary	GTR epilepsy gene summary	gtr_gene_summary	2.0	silver	GABRG3	resolved	gtr_clinical_testing_utilization	3051	5659ad26e057d098
d68238caae099505	epilepsy	55879	ncbi_gene	ENSG00000268089	ensembl_gene	GABRQ	gtr_epilepsy_gene_summary	GTR epilepsy gene summary	gtr_gene_summary	2.0	silver	GABRQ	resolved	gtr_clinical_testing_utilization	3052	0e8c8ed263b82652
de96903acaaad6f3	epilepsy	2569	ncbi_gene	ENSG00000146276	ensembl_gene	GABRR1	gtr_epilepsy_gene_summary	GTR epilepsy gene summary	gtr_gene_summary	2.0	silver	GABRR1	resolved	gtr_clinical_testing_utilization	3053	0562448194dcaf1c
3355c17ca5bec8d4	epilepsy	200959	ncbi_gene	ENSG00000183185	ensembl_gene	GABRR3	gtr_epilepsy_gene_summary	GTR epilepsy gene summary	gtr_gene_summary	2.0	silver	GABRR3	resolved	gtr_clinical_testing_utilization	3054	48d1345b3dff3777
3e6fa2d1fd722f11	epilepsy	2571	ncbi_gene	ENSG00000128683	ensembl_gene	GAD1	genes4epilepsy	Genes4Epilepsy	literature_derived	1.0	bronze	GAD1	resolved		363	7f7e29ebb54f0f64
3e6fa2d1fd722f11	epilepsy	2571	ncbi_gene	ENSG00000128683	ensembl_gene	GAD1	gtr_epilepsy_gene_summary	GTR epilepsy gene summary	gtr_gene_summary	2.0	silver	GAD1	resolved	gtr_clinical_testing_utilization	284	327673fb4dac38ad
269600e673814518	epilepsy	51083	ncbi_gene	ENSG00000069482	ensembl_gene	GAL	gtr_epilepsy_gene_summary	GTR epilepsy gene summary	gtr_gene_summary	2.0	silver	GAL	resolved	gtr_clinical_testing_utilization	568	5b1c0a9e2f92ace1
8e49a567c7402d29	epilepsy	2581	ncbi_gene	ENSG00000054983	ensembl_gene	GALC	genes4epilepsy	Genes4Epilepsy	literature_derived	1.0	bronze	GALC	resolved		364	e0ecb1b4657c687a
8e49a567c7402d29	epilepsy	2581	ncbi_gene	ENSG00000054983	ensembl_gene	GALC	gtr_epilepsy_gene_summary	GTR epilepsy gene summary	gtr_gene_summary	2.0	silver	GALC	resolved	gtr_clinical_testing_utilization	333	a55fe99db80416c0
57d9a38d1ec7d01b	epilepsy	2582	ncbi_gene	ENSG00000117308	ensembl_gene	GALE	gtr_epilepsy_gene_summary	GTR epilepsy gene summary	gtr_gene_summary	2.0	silver	GALE	resolved	gtr_clinical_testing_utilization	1465	1e5144e978f66ce1
fdd39ed17f67748a	epilepsy	2584	ncbi_gene	ENSG00000108479	ensembl_gene	GALK1	gtr_epilepsy_gene_summary	GTR epilepsy gene summary	gtr_gene_summary	2.0	silver	GALK1	resolved	gtr_clinical_testing_utilization	1451	609c56884d3b9022
714ca1e656a0eaec	epilepsy	2588	ncbi_gene	ENSG00000141012	ensembl_gene	GALNS	gtr_epilepsy_gene_summary	GTR epilepsy gene summary	gtr_gene_summary	2.0	silver	GALNS	resolved	gtr_clinical_testing_utilization	1038	9bffea366e5e27a4
a43dc31f9c9959ff	epilepsy	2590	ncbi_gene	ENSG00000143641	ensembl_gene	GALNT2	genes4epilepsy	Genes4Epilepsy	literature_derived	1.0	bronze	GALNT2	resolved		365	372b861c8a5c9f38
a43dc31f9c9959ff	epilepsy	2590	ncbi_gene	ENSG00000143641	ensembl_gene	GALNT2	gtr_epilepsy_gene_summary	GTR epilepsy gene summary	gtr_gene_summary	2.0	silver	GALNT2	resolved	gtr_clinical_testing_utilization	3055	719eee0ce9ad2775
05108312c18c6fb3	epilepsy	2592	ncbi_gene	ENSG00000213930	ensembl_gene	GALT	gtr_epilepsy_gene_summary	GTR epilepsy gene summary	gtr_gene_summary	2.0	silver	GALT	resolved	gtr_clinical_testing_utilization	1041	a8416ed44ed726f8
293aa9764541a6f5	epilepsy	2593	ncbi_gene	ENSG00000130005	ensembl_gene	GAMT	genes4epilepsy	Genes4Epilepsy	literature_derived	1.0	bronze	GAMT	resolved		366	fad1c13d43b0296e
293aa9764541a6f5	epilepsy	2593	ncbi_gene	ENSG00000130005	ensembl_gene	GAMT	gtr_epilepsy_gene_summary	GTR epilepsy gene summary	gtr_gene_summary	2.0	silver	GAMT	resolved	gtr_clinical_testing_utilization	106	88bcfde8adfe7d7d
38bdd4e8613419db	epilepsy	8139	ncbi_gene	ENSG00000261609	ensembl_gene	GAN	gtr_epilepsy_gene_summary	GTR epilepsy gene summary	gtr_gene_summary	2.0	silver	GAN	resolved	gtr_clinical_testing_utilization	1656	edfa62456c44399f
e6149fafcd4bcd89	epilepsy	26130	ncbi_gene	ENSG00000165219	ensembl_gene	GAPVD1	gtr_epilepsy_gene_summary	GTR epilepsy gene summary	gtr_gene_summary	2.0	silver	GAPVD1	resolved	gtr_clinical_testing_utilization	2863	b8d8026a90b361ef
9283754dda9e36dd	epilepsy	2617	ncbi_gene	ENSG00000106105	ensembl_gene	GARS1	gtr_epilepsy_gene_summary	GTR epilepsy gene summary	gtr_gene_summary	2.0	silver	GARS1	resolved	gtr_clinical_testing_utilization	1250	e1b4d9491f2121e8
3afc10f65e65b6d9	epilepsy	2619	ncbi_gene	ENSG00000180447	ensembl_gene	GAS1	gtr_epilepsy_gene_summary	GTR epilepsy gene summary	gtr_gene_summary	2.0	silver	GAS1	resolved	gtr_clinical_testing_utilization	1791	62f50659f8ad433a
8f4fa1e1099230c8	epilepsy	8522	ncbi_gene	ENSG00000007237	ensembl_gene	GAS7	gtr_epilepsy_gene_summary	GTR epilepsy gene summary	gtr_gene_summary	2.0	silver	GAS7	resolved	gtr_clinical_testing_utilization	2455	b4a1f8bcb988fa1a
ff4bc5776e33d2b9	epilepsy	2623	ncbi_gene	ENSG00000102145	ensembl_gene	GATA1	gtr_epilepsy_gene_summary	GTR epilepsy gene summary	gtr_gene_summary	2.0	silver	GATA1	resolved	gtr_clinical_testing_utilization	3056	edb52046de75cd48
293bc2fb55bff4bd	epilepsy	2624	ncbi_gene	ENSG00000179348	ensembl_gene	GATA2	gtr_epilepsy_gene_summary	GTR epilepsy gene summary	gtr_gene_summary	2.0	silver	GATA2	resolved	gtr_clinical_testing_utilization	1879	3f69cfdfc45e5011
2c125c67c21305c8	epilepsy	2625	ncbi_gene	ENSG00000107485	ensembl_gene	GATA3	gtr_epilepsy_gene_summary	GTR epilepsy gene summary	gtr_gene_summary	2.0	silver	GATA3	resolved	gtr_clinical_testing_utilization	826	a82ab41549020f0e
c34e5b22b9bf8de3	epilepsy	2626	ncbi_gene	ENSG00000285109	ensembl_gene	GATA4	gtr_epilepsy_gene_summary	GTR epilepsy gene summary	gtr_gene_summary	2.0	silver	GATA4	resolved	gtr_clinical_testing_utilization	1516	88399be87be0c08b
325693457199a918	epilepsy	2627	ncbi_gene	ENSG00000141448	ensembl_gene	GATA6	gtr_epilepsy_gene_summary	GTR epilepsy gene summary	gtr_gene_summary	2.0	silver	GATA6	resolved	gtr_clinical_testing_utilization	1717	715dcbcd71065757
a75acdc300b66c57	epilepsy	57798	ncbi_gene	ENSG00000157259	ensembl_gene	GATAD1	gtr_epilepsy_gene_summary	GTR epilepsy gene summary	gtr_gene_summary	2.0	silver	GATAD1	resolved	gtr_clinical_testing_utilization	2864	004e5e79669b97b7
e39a8d8d01fca2df	epilepsy	57459	ncbi_gene	ENSG00000261992	ensembl_gene	GATAD2B	genes4epilepsy	Genes4Epilepsy	literature_derived	1.0	bronze	GATAD2B	resolved		367	d507f414c31ce785
e39a8d8d01fca2df	epilepsy	57459	ncbi_gene	ENSG00000261992	ensembl_gene	GATAD2B	gtr_epilepsy_gene_summary	GTR epilepsy gene summary	gtr_gene_summary	2.0	silver	GATAD2B	resolved	gtr_clinical_testing_utilization	946	ed670ff6ce052109
5f54d07039b19812	epilepsy	2628	ncbi_gene	ENSG00000171766	ensembl_gene	GATM	genes4epilepsy	Genes4Epilepsy	literature_derived	1.0	bronze	GATM	resolved		368	80de2fd3e2ae3fc9
5f54d07039b19812	epilepsy	2628	ncbi_gene	ENSG00000171766	ensembl_gene	GATM	gtr_epilepsy_gene_summary	GTR epilepsy gene summary	gtr_gene_summary	2.0	silver	GATM	resolved	gtr_clinical_testing_utilization	226	c33c533aa68876a8
075d617c0e27fbd1	epilepsy	2629	ncbi_gene	ENSG00000177628	ensembl_gene	GBA1	genes4epilepsy	Genes4Epilepsy	literature_derived	1.0	bronze	GBA1	resolved		369	20dfb79e0d275d9c
075d617c0e27fbd1	epilepsy	2629	ncbi_gene	ENSG00000177628	ensembl_gene	GBA1	gtr_epilepsy_gene_summary	GTR epilepsy gene summary	gtr_gene_summary	2.0	silver	GBA1	resolved	gtr_clinical_testing_utilization	248	6f74c09a81490d90
4c8abb33679a953c	epilepsy	57704	ncbi_gene	ENSG00000070610	ensembl_gene	GBA2	gtr_epilepsy_gene_summary	GTR epilepsy gene summary	gtr_gene_summary	2.0	silver	GBA2	resolved	gtr_clinical_testing_utilization	1631	30eb9f0fbabce064
89a38f8cbcd4e104	epilepsy	2632	ncbi_gene	ENSG00000114480	ensembl_gene	GBE1	gtr_epilepsy_gene_summary	GTR epilepsy gene summary	gtr_gene_summary	2.0	silver	GBE1	resolved	gtr_clinical_testing_utilization	422	a9cd45a0f90b7976
ccf49e264632c386	epilepsy	2639	ncbi_gene	ENSG00000105607	ensembl_gene	GCDH	genes4epilepsy	Genes4Epilepsy	literature_derived	1.0	bronze	GCDH	resolved		370	6dc71fffccf4a4c4
ccf49e264632c386	epilepsy	2639	ncbi_gene	ENSG00000105607	ensembl_gene	GCDH	gtr_epilepsy_gene_summary	GTR epilepsy gene summary	gtr_gene_summary	2.0	silver	GCDH	resolved	gtr_clinical_testing_utilization	218	bc16b576b314c828
dcae6e565cfb9634	epilepsy	2642	ncbi_gene	ENSG00000288269	ensembl_gene	GCGR	gtr_epilepsy_gene_summary	GTR epilepsy gene summary	gtr_gene_summary	2.0	silver	GCGR	resolved	gtr_clinical_testing_utilization	2670	7d4a3bfa01096741
d2bb06fc1f959813	epilepsy	2643	ncbi_gene	ENSG00000131979	ensembl_gene	GCH1	genes4epilepsy	Genes4Epilepsy	literature_derived	1.0	bronze	GCH1	resolved		371	a986a1b8b73cb856
d2bb06fc1f959813	epilepsy	2643	ncbi_gene	ENSG00000131979	ensembl_gene	GCH1	gtr_epilepsy_gene_summary	GTR epilepsy gene summary	gtr_gene_summary	2.0	silver	GCH1	resolved	gtr_clinical_testing_utilization	466	e89d69b3d7238132
4dd36e8246ca61e4	epilepsy	2645	ncbi_gene	ENSG00000106633	ensembl_gene	GCK	gtr_epilepsy_gene_summary	GTR epilepsy gene summary	gtr_gene_summary	2.0	silver	GCK	resolved	gtr_clinical_testing_utilization	1216	2dfd64f4f594e0e8
7637db61bd56fef1	epilepsy	9247	ncbi_gene	ENSG00000124827	ensembl_gene	GCM2	gtr_epilepsy_gene_summary	GTR epilepsy gene summary	gtr_gene_summary	2.0	silver	GCM2	resolved	gtr_clinical_testing_utilization	1754	dda4de2ad47a0ec0
a18cafbeb68b1ebf	epilepsy	2653	ncbi_gene	ENSG00000140905	ensembl_gene	GCSH	genes4epilepsy	Genes4Epilepsy	literature_derived	1.0	bronze	GCSH	resolved		372	9c3362f0c1830d70
a18cafbeb68b1ebf	epilepsy	2653	ncbi_gene	ENSG00000140905	ensembl_gene	GCSH	gtr_epilepsy_gene_summary	GTR epilepsy gene summary	gtr_gene_summary	2.0	silver	GCSH	resolved	gtr_clinical_testing_utilization	297	08dbb4991af0536b
874109aa17601e9e	epilepsy	54332	ncbi_gene	ENSG00000104381	ensembl_gene	GDAP1	gtr_epilepsy_gene_summary	GTR epilepsy gene summary	gtr_gene_summary	2.0	silver	GDAP1	resolved	gtr_clinical_testing_utilization	1670	3c12af58f53a2acf
c53b8ee6e80a21f1	epilepsy	2657	ncbi_gene	ENSG00000130283	ensembl_gene	GDF1	gtr_epilepsy_gene_summary	GTR epilepsy gene summary	gtr_gene_summary	2.0	silver	GDF1	resolved	gtr_clinical_testing_utilization	2300	18e44cc8156d4273
7f4ec54403925cc9	epilepsy	2658	ncbi_gene	ENSG00000263761	ensembl_gene	GDF2	gtr_epilepsy_gene_summary	GTR epilepsy gene summary	gtr_gene_summary	2.0	silver	GDF2	resolved	gtr_clinical_testing_utilization	1583	78d892ed43880cbe
d1a76b5463687d31	epilepsy	392255	ncbi_gene	ENSG00000156466	ensembl_gene	GDF6	gtr_epilepsy_gene_summary	GTR epilepsy gene summary	gtr_gene_summary	2.0	silver	GDF6	resolved	gtr_clinical_testing_utilization	1630	44aa42834ed2a4b1
f57ed71659f29e96	epilepsy	2664	ncbi_gene	ENSG00000203879	ensembl_gene	GDI1	gtr_epilepsy_gene_summary	GTR epilepsy gene summary	gtr_gene_summary	2.0	silver	GDI1	resolved	gtr_clinical_testing_utilization	664	7433ed1dc9033586
278882b58f469fa9	epilepsy	2668	ncbi_gene	ENSG00000168621	ensembl_gene	GDNF	gtr_epilepsy_gene_summary	GTR epilepsy gene summary	gtr_gene_summary	2.0	silver	GDNF	resolved	gtr_clinical_testing_utilization	3057	213764ab43f327d3
1ad3d9cb1c828730	epilepsy	439	ncbi_gene	ENSG00000198356	ensembl_gene	GET3	gtr_epilepsy_gene_summary	GTR epilepsy gene summary	gtr_gene_summary	2.0	silver	GET3	resolved	gtr_clinical_testing_utilization	2865	0303c2c6cd580ac0
71aa7085fea46cac	epilepsy	2670	ncbi_gene	ENSG00000131095	ensembl_gene	GFAP	genes4epilepsy	Genes4Epilepsy	literature_derived	1.0	bronze	GFAP	resolved		373	2d4d933be7ee2391
71aa7085fea46cac	epilepsy	2670	ncbi_gene	ENSG00000131095	ensembl_gene	GFAP	gtr_epilepsy_gene_summary	GTR epilepsy gene summary	gtr_gene_summary	2.0	silver	GFAP	resolved	gtr_clinical_testing_utilization	425	85b31c34038d5551
4ca6a5092f4d7a85	epilepsy	2671	ncbi_gene	ENSG00000127554	ensembl_gene	GFER	gtr_epilepsy_gene_summary	GTR epilepsy gene summary	gtr_gene_summary	2.0	silver	GFER	resolved	gtr_clinical_testing_utilization	630	66a601799328980d
d48cf71f229a5727	epilepsy	2672	ncbi_gene	ENSG00000162676	ensembl_gene	GFI1	gtr_epilepsy_gene_summary	GTR epilepsy gene summary	gtr_gene_summary	2.0	silver	GFI1	resolved	gtr_clinical_testing_utilization	3058	87292ac18196c77c
ec988eea5f9389d1	epilepsy	85476	ncbi_gene	ENSG00000168827	ensembl_gene	GFM1	genes4epilepsy	Genes4Epilepsy	literature_derived	1.0	bronze	GFM1	resolved		374	102ff0355ed382a2
ec988eea5f9389d1	epilepsy	85476	ncbi_gene	ENSG00000168827	ensembl_gene	GFM1	gtr_epilepsy_gene_summary	GTR epilepsy gene summary	gtr_gene_summary	2.0	silver	GFM1	resolved	gtr_clinical_testing_utilization	253	03a37bdba674650d
b39bbc300e86dc29	epilepsy	84340	ncbi_gene	ENSG00000164347	ensembl_gene	GFM2	gtr_epilepsy_gene_summary	GTR epilepsy gene summary	gtr_gene_summary	2.0	silver	GFM2	resolved	gtr_clinical_testing_utilization	3059	961e60d569db20ad
14ce2476e556a024	epilepsy	2673	ncbi_gene	ENSG00000198380	ensembl_gene	GFPT1	gtr_epilepsy_gene_summary	GTR epilepsy gene summary	gtr_gene_summary	2.0	silver	GFPT1	resolved	gtr_clinical_testing_utilization	1078	8a97ad699c9ab8a7
cdec55e524670ff6	epilepsy	2690	ncbi_gene	ENSG00000112964	ensembl_gene	GHR	gtr_epilepsy_gene_summary	GTR epilepsy gene summary	gtr_gene_summary	2.0	silver	GHR	resolved	gtr_clinical_testing_utilization	2540	c380dca1075e298f
338cb53baf7906d2	epilepsy	64599	ncbi_gene	ENSG00000146830	ensembl_gene	GIGYF1	gtr_epilepsy_gene_summary	GTR epilepsy gene summary	gtr_gene_summary	2.0	silver	GIGYF1	resolved	gtr_clinical_testing_utilization	2402	745f6c051aa26fa5
3791ced393cc2018	epilepsy	126326	ncbi_gene	ENSG00000179855	ensembl_gene	GIPC3	gtr_epilepsy_gene_summary	GTR epilepsy gene summary	gtr_gene_summary	2.0	silver	GIPC3	resolved	gtr_clinical_testing_utilization	1349	fd0e20463a70d226
ae0fb6b86a277f8e	epilepsy	2697	ncbi_gene	ENSG00000152661	ensembl_gene	GJA1	gtr_epilepsy_gene_summary	GTR epilepsy gene summary	gtr_gene_summary	2.0	silver	GJA1	resolved	gtr_clinical_testing_utilization	1196	b26a729fb0fb67e4
959d6289698043f3	epilepsy	2702	ncbi_gene	ENSG00000265107	ensembl_gene	GJA5	gtr_epilepsy_gene_summary	GTR epilepsy gene summary	gtr_gene_summary	2.0	silver	GJA5	resolved	gtr_clinical_testing_utilization	2301	8df33e4ff4fafbff
992c821029527522	epilepsy	2705	ncbi_gene	ENSG00000169562	ensembl_gene	GJB1	gtr_epilepsy_gene_summary	GTR epilepsy gene summary	gtr_gene_summary	2.0	silver	GJB1	resolved	gtr_clinical_testing_utilization	1866	606b41a7d3d0ac89
d6a3eafb10fd3a86	epilepsy	2706	ncbi_gene	ENSG00000165474	ensembl_gene	GJB2	gtr_epilepsy_gene_summary	GTR epilepsy gene summary	gtr_gene_summary	2.0	silver	GJB2	resolved	gtr_clinical_testing_utilization	785	b2845b3699d394b9
e5a3e9ed7b2d8f4e	epilepsy	2707	ncbi_gene	ENSG00000188910	ensembl_gene	GJB3	gtr_epilepsy_gene_summary	GTR epilepsy gene summary	gtr_gene_summary	2.0	silver	GJB3	resolved	gtr_clinical_testing_utilization	1350	0b3e56668185a625
adb058fb5728b9de	epilepsy	10804	ncbi_gene	ENSG00000121742	ensembl_gene	GJB6	gtr_epilepsy_gene_summary	GTR epilepsy gene summary	gtr_gene_summary	2.0	silver	GJB6	resolved	gtr_clinical_testing_utilization	1351	e034a7b782b3f259
80d044e5e67dad4f	epilepsy	57165	ncbi_gene	ENSG00000198835	ensembl_gene	GJC2	gtr_epilepsy_gene_summary	GTR epilepsy gene summary	gtr_gene_summary	2.0	silver	GJC2	resolved	gtr_clinical_testing_utilization	314	09ee6c74d093333f
a299df418819f2d3	epilepsy	2710	ncbi_gene	ENSG00000198814	ensembl_gene	GK	gtr_epilepsy_gene_summary	GTR epilepsy gene summary	gtr_gene_summary	2.0	silver	GK	resolved	gtr_clinical_testing_utilization	458	ff14f6322d6dd1d8
325a00caf877ecdc	epilepsy	2717	ncbi_gene	ENSG00000102393	ensembl_gene	GLA	gtr_epilepsy_gene_summary	GTR epilepsy gene summary	gtr_gene_summary	2.0	silver	GLA	resolved	gtr_clinical_testing_utilization	776	2b6e68e477bb35b8
72c3aa0bae11a6c4	epilepsy	2720	ncbi_gene	ENSG00000170266	ensembl_gene	GLB1	genes4epilepsy	Genes4Epilepsy	literature_derived	1.0	bronze	GLB1	resolved		375	2c13b2150c7da221
72c3aa0bae11a6c4	epilepsy	2720	ncbi_gene	ENSG00000170266	ensembl_gene	GLB1	gtr_epilepsy_gene_summary	GTR epilepsy gene summary	gtr_gene_summary	2.0	silver	GLB1	resolved	gtr_clinical_testing_utilization	330	f69c9d29fdc471da
6b1388e3d427c88d	epilepsy	2731	ncbi_gene	ENSG00000178445	ensembl_gene	GLDC	genes4epilepsy	Genes4Epilepsy	literature_derived	1.0	bronze	GLDC	resolved		376	10b11ee0d08bfb08
6b1388e3d427c88d	epilepsy	2731	ncbi_gene	ENSG00000178445	ensembl_gene	GLDC	gtr_epilepsy_gene_summary	GTR epilepsy gene summary	gtr_gene_summary	2.0	silver	GLDC	resolved	gtr_clinical_testing_utilization	128	0c3a1070dbe08883
390bc292fadfd5a6	epilepsy	2733	ncbi_gene	ENSG00000119392	ensembl_gene	GLE1	gtr_epilepsy_gene_summary	GTR epilepsy gene summary	gtr_gene_summary	2.0	silver	GLE1	resolved	gtr_clinical_testing_utilization	1517	fb631d7f892c3d4e
a38d6d728aeccd9b	epilepsy	2736	ncbi_gene	ENSG00000074047	ensembl_gene	GLI2	gtr_epilepsy_gene_summary	GTR epilepsy gene summary	gtr_gene_summary	2.0	silver	GLI2	resolved	gtr_clinical_testing_utilization	1755	598d15e515534614
6950a05e67328270	epilepsy	2737	ncbi_gene	ENSG00000106571	ensembl_gene	GLI3	genes4epilepsy	Genes4Epilepsy	literature_derived	1.0	bronze	GLI3	resolved		377	8c71a52dbbe2c97b
6950a05e67328270	epilepsy	2737	ncbi_gene	ENSG00000106571	ensembl_gene	GLI3	gtr_epilepsy_gene_summary	GTR epilepsy gene summary	gtr_gene_summary	2.0	silver	GLI3	resolved	gtr_clinical_testing_utilization	1108	cdd8a3e8fbad3cf8
37f73f273aa0b47b	epilepsy	169792	ncbi_gene	ENSG00000107249	ensembl_gene	GLIS3	gtr_epilepsy_gene_summary	GTR epilepsy gene summary	gtr_gene_summary	2.0	silver	GLIS3	resolved	gtr_clinical_testing_utilization	2766	c61d984bb472b962
d590c1780ed9f4b8	epilepsy	2741	ncbi_gene	ENSG00000145888	ensembl_gene	GLRA1	gtr_epilepsy_gene_summary	GTR epilepsy gene summary	gtr_gene_summary	2.0	silver	GLRA1	resolved	gtr_clinical_testing_utilization	397	91a74c5d801cad2d
c2e6f4fe98ce6d4e	epilepsy	2743	ncbi_gene	ENSG00000109738	ensembl_gene	GLRB	gtr_epilepsy_gene_summary	GTR epilepsy gene summary	gtr_gene_summary	2.0	silver	GLRB	resolved	gtr_clinical_testing_utilization	569	64d46d7ab0ccc1bd
8b9a49b86db228ba	epilepsy	51218	ncbi_gene	ENSG00000182512	ensembl_gene	GLRX5	gtr_epilepsy_gene_summary	GTR epilepsy gene summary	gtr_gene_summary	2.0	silver	GLRX5	resolved	gtr_clinical_testing_utilization	1940	bcf332dc5768bf6b
a33dbf0caf66e23c	epilepsy	2744	ncbi_gene	ENSG00000115419	ensembl_gene	GLS	genes4epilepsy	Genes4Epilepsy	literature_derived	1.0	bronze	GLS	resolved		378	f51daf99a6372e2c
a33dbf0caf66e23c	epilepsy	2744	ncbi_gene	ENSG00000115419	ensembl_gene	GLS	gtr_epilepsy_gene_summary	GTR epilepsy gene summary	gtr_gene_summary	2.0	silver	GLS	resolved	gtr_clinical_testing_utilization	1570	4363c0cc87f8ccc0
707b32fda737995c	epilepsy	2746	ncbi_gene	ENSG00000148672	ensembl_gene	GLUD1	genes4epilepsy	Genes4Epilepsy	literature_derived	1.0	bronze	GLUD1	resolved		379	f3f53b6e2484a086
707b32fda737995c	epilepsy	2746	ncbi_gene	ENSG00000148672	ensembl_gene	GLUD1	gtr_epilepsy_gene_summary	GTR epilepsy gene summary	gtr_gene_summary	2.0	silver	GLUD1	resolved	gtr_clinical_testing_utilization	911	b3d0512968e451fe
90b9c2d94959c6cd	epilepsy	2747	ncbi_gene	ENSG00000288118	ensembl_gene	GLUD2	gtr_epilepsy_gene_summary	GTR epilepsy gene summary	gtr_gene_summary	2.0	silver	GLUD2	resolved	gtr_clinical_testing_utilization	2767	b937f29c120dc8dc
fda75adab8846d1a	epilepsy	2752	ncbi_gene	ENSG00000135821	ensembl_gene	GLUL	genes4epilepsy	Genes4Epilepsy	literature_derived	1.0	bronze	GLUL	resolved		380	6484b90904bd45a0
fda75adab8846d1a	epilepsy	2752	ncbi_gene	ENSG00000135821	ensembl_gene	GLUL	gtr_epilepsy_gene_summary	GTR epilepsy gene summary	gtr_gene_summary	2.0	silver	GLUL	resolved	gtr_clinical_testing_utilization	1283	4b41cf882a4ecdfa
0f4b874cfde79cf9	epilepsy	132158	ncbi_gene	ENSG00000168237	ensembl_gene	GLYCTK	genes4epilepsy	Genes4Epilepsy	literature_derived	1.0	bronze	GLYCTK	resolved		381	91553e91173d276f
0f4b874cfde79cf9	epilepsy	132158	ncbi_gene	ENSG00000168237	ensembl_gene	GLYCTK	gtr_epilepsy_gene_summary	GTR epilepsy gene summary	gtr_gene_summary	2.0	silver	GLYCTK	resolved	gtr_clinical_testing_utilization	1549	acd9d9c1f1bffbda
347ce1ffd1708236	epilepsy	2760	ncbi_gene	ENSG00000196743	ensembl_gene	GM2A	genes4epilepsy	Genes4Epilepsy	literature_derived	1.0	bronze	GM2A	resolved		382	1627082e42be4c1a
347ce1ffd1708236	epilepsy	2760	ncbi_gene	ENSG00000196743	ensembl_gene	GM2A	gtr_epilepsy_gene_summary	GTR epilepsy gene summary	gtr_gene_summary	2.0	silver	GM2A	resolved	gtr_clinical_testing_utilization	1280	ca940a2d6a5c5df6
09d8d3fcf87f7b4b	epilepsy	2762	ncbi_gene	ENSG00000112699	ensembl_gene	GMDS	gtr_epilepsy_gene_summary	GTR epilepsy gene summary	gtr_gene_summary	2.0	silver	GMDS	resolved	gtr_clinical_testing_utilization	2456	0e3e35edef80a34d
f73f75cf11b40585	epilepsy	51053	ncbi_gene	ENSG00000112312	ensembl_gene	GMNN	gtr_epilepsy_gene_summary	GTR epilepsy gene summary	gtr_gene_summary	2.0	silver	GMNN	resolved	gtr_clinical_testing_utilization	2671	f6b0f7136bf08126
f5e6adbe89d32586	epilepsy	29926	ncbi_gene	ENSG00000144591	ensembl_gene	GMPPA	genes4epilepsy	Genes4Epilepsy	literature_derived	1.0	bronze	GMPPA	resolved		383	8a7edc5041f3b709
f5e6adbe89d32586	epilepsy	29926	ncbi_gene	ENSG00000144591	ensembl_gene	GMPPA	gtr_epilepsy_gene_summary	GTR epilepsy gene summary	gtr_gene_summary	2.0	silver	GMPPA	resolved	gtr_clinical_testing_utilization	1143	13a0492d987830e2
510cf8a2c23d0526	epilepsy	29925	ncbi_gene	ENSG00000173540	ensembl_gene	GMPPB	genes4epilepsy	Genes4Epilepsy	literature_derived	1.0	bronze	GMPPB	resolved		384	c4181d303a90e16c
510cf8a2c23d0526	epilepsy	29925	ncbi_gene	ENSG00000173540	ensembl_gene	GMPPB	gtr_epilepsy_gene_summary	GTR epilepsy gene summary	gtr_gene_summary	2.0	silver	GMPPB	resolved	gtr_clinical_testing_utilization	325	dab1bc55751ea2be
fe0f4b83751f55db	epilepsy	2767	ncbi_gene	ENSG00000088256	ensembl_gene	GNA11	gtr_epilepsy_gene_summary	GTR epilepsy gene summary	gtr_gene_summary	2.0	silver	GNA11	resolved	gtr_clinical_testing_utilization	1880	0fb4c57a85e95385
afaea8152b83f838	epilepsy	9630	ncbi_gene	ENSG00000156049	ensembl_gene	GNA14	gtr_epilepsy_gene_summary	GTR epilepsy gene summary	gtr_gene_summary	2.0	silver	GNA14	resolved	gtr_clinical_testing_utilization	2598	12211bbd9f81a641
5c47c31a9dd95896	epilepsy	2770	ncbi_gene	ENSG00000127955	ensembl_gene	GNAI1	genes4epilepsy	Genes4Epilepsy	literature_derived	1.0	bronze	GNAI1	resolved		385	a5369d094993bd00
5c47c31a9dd95896	epilepsy	2770	ncbi_gene	ENSG00000127955	ensembl_gene	GNAI1	gtr_epilepsy_gene_summary	GTR epilepsy gene summary	gtr_gene_summary	2.0	silver	GNAI1	resolved	gtr_clinical_testing_utilization	3060	dc75bc367ffaf3e3
7603b38feac1af0f	epilepsy	2773	ncbi_gene	ENSG00000065135	ensembl_gene	GNAI3	gtr_epilepsy_gene_summary	GTR epilepsy gene summary	gtr_gene_summary	2.0	silver	GNAI3	resolved	gtr_clinical_testing_utilization	2564	e5bd652bcdce1007
91ee7ae59f053d90	epilepsy	2774	ncbi_gene	ENSG00000141404	ensembl_gene	GNAL	gtr_epilepsy_gene_summary	GTR epilepsy gene summary	gtr_gene_summary	2.0	silver	GNAL	resolved	gtr_clinical_testing_utilization	1314	45d66f4a6a05c4db
7e141ed3de1adb50	epilepsy	2775	ncbi_gene	ENSG00000087258	ensembl_gene	GNAO1	genes4epilepsy	Genes4Epilepsy	literature_derived	1.0	bronze	GNAO1	resolved		386	e702d32205726505
7e141ed3de1adb50	epilepsy	2775	ncbi_gene	ENSG00000087258	ensembl_gene	GNAO1	gtr_epilepsy_gene_summary	GTR epilepsy gene summary	gtr_gene_summary	2.0	silver	GNAO1	resolved	gtr_clinical_testing_utilization	65	8fb50e6cbcf24aa2
ef83e9695530ed27	epilepsy	26077	ncbi_gene	26077	unknown_namespace	GNAO1-AS1	gtr_epilepsy_gene_summary	GTR epilepsy gene summary	gtr_gene_summary	2.0	silver	GNAO1-AS1	symbol_only	gtr_clinical_testing_utilization	3061	cbd8a2fb3df3a40e
b9f74db0a85a66b6	epilepsy	2776	ncbi_gene	ENSG00000156052	ensembl_gene	GNAQ	gtr_epilepsy_gene_summary	GTR epilepsy gene summary	gtr_gene_summary	2.0	silver	GNAQ	resolved	gtr_clinical_testing_utilization	875	2dde6d11e15a6385
e15e23ea92eb2fdc	epilepsy	2778	ncbi_gene	ENSG00000087460	ensembl_gene	GNAS	gtr_epilepsy_gene_summary	GTR epilepsy gene summary	gtr_gene_summary	2.0	silver	GNAS	resolved	gtr_clinical_testing_utilization	1158	74bbea40bac75d13
c3fb90c4e681bd16	epilepsy	2782	ncbi_gene	ENSG00000078369	ensembl_gene	GNB1	genes4epilepsy	Genes4Epilepsy	literature_derived	1.0	bronze	GNB1	resolved		387	3eed42499bbfcab4
c3fb90c4e681bd16	epilepsy	2782	ncbi_gene	ENSG00000078369	ensembl_gene	GNB1	gtr_epilepsy_gene_summary	GTR epilepsy gene summary	gtr_gene_summary	2.0	silver	GNB1	resolved	gtr_clinical_testing_utilization	139	20104e1d7606ac50
827bd673d9256cf1	epilepsy	10681	ncbi_gene	ENSG00000069966	ensembl_gene	GNB5	genes4epilepsy	Genes4Epilepsy	literature_derived	1.0	bronze	GNB5	resolved		388	f2ff55cc1c29a2f6
827bd673d9256cf1	epilepsy	10681	ncbi_gene	ENSG00000069966	ensembl_gene	GNB5	gtr_epilepsy_gene_summary	GTR epilepsy gene summary	gtr_gene_summary	2.0	silver	GNB5	resolved	gtr_clinical_testing_utilization	1228	2f1f912dc70134de
25f064a98f9baf2c	epilepsy	10020	ncbi_gene	ENSG00000159921	ensembl_gene	GNE	gtr_epilepsy_gene_summary	GTR epilepsy gene summary	gtr_gene_summary	2.0	silver	GNE	resolved	gtr_clinical_testing_utilization	471	5e5a327bc2671910
63f6cafe30cfdf0d	epilepsy	8443	ncbi_gene	ENSG00000116906	ensembl_gene	GNPAT	gtr_epilepsy_gene_summary	GTR epilepsy gene summary	gtr_gene_summary	2.0	silver	GNPAT	resolved	gtr_clinical_testing_utilization	2095	fdc439864f4826ba
cce23b4f05c957db	epilepsy	79158	ncbi_gene	ENSG00000111670	ensembl_gene	GNPTAB	gtr_epilepsy_gene_summary	GTR epilepsy gene summary	gtr_gene_summary	2.0	silver	GNPTAB	resolved	gtr_clinical_testing_utilization	759	60ce00a28c745df8
ff808ca72a6a36ef	epilepsy	84572	ncbi_gene	ENSG00000090581	ensembl_gene	GNPTG	gtr_epilepsy_gene_summary	GTR epilepsy gene summary	gtr_gene_summary	2.0	silver	GNPTG	resolved	gtr_clinical_testing_utilization	1079	00b663215e447c5b
237358b2c579d692	epilepsy	2796	ncbi_gene	ENSG00000147437	ensembl_gene	GNRH1	gtr_epilepsy_gene_summary	GTR epilepsy gene summary	gtr_gene_summary	2.0	silver	GNRH1	resolved	gtr_clinical_testing_utilization	3062	98f97050af708169
54bd765be9a808a4	epilepsy	2799	ncbi_gene	ENSG00000135677	ensembl_gene	GNS	gtr_epilepsy_gene_summary	GTR epilepsy gene summary	gtr_gene_summary	2.0	silver	GNS	resolved	gtr_clinical_testing_utilization	765	48dc9255e153c469
9270849409d40754	epilepsy	2801	ncbi_gene	ENSG00000167110	ensembl_gene	GOLGA2	gtr_epilepsy_gene_summary	GTR epilepsy gene summary	gtr_gene_summary	2.0	silver	GOLGA2	resolved	gtr_clinical_testing_utilization	3063	2bf25f07be27228b
6b4ee9c1f30210b8	epilepsy	84520	ncbi_gene	ENSG00000275619	ensembl_gene	GON7	gtr_epilepsy_gene_summary	GTR epilepsy gene summary	gtr_gene_summary	2.0	silver	GON7	resolved	gtr_clinical_testing_utilization	2866	f06f1e077ea39b38
09d16e04d9984ab8	epilepsy	92344	ncbi_gene	ENSG00000120370	ensembl_gene	GORAB	gtr_epilepsy_gene_summary	GTR epilepsy gene summary	gtr_gene_summary	2.0	silver	GORAB	resolved	gtr_clinical_testing_utilization	2768	8f11e65982ecc18f
13a94e4f7715a849	epilepsy	9570	ncbi_gene	ENSG00000108433	ensembl_gene	GOSR2	genes4epilepsy	Genes4Epilepsy	literature_derived	1.0	bronze	GOSR2	resolved		389	5ca5e9bcb41d962a
13a94e4f7715a849	epilepsy	9570	ncbi_gene	ENSG00000108433	ensembl_gene	GOSR2	gtr_epilepsy_gene_summary	GTR epilepsy gene summary	gtr_gene_summary	2.0	silver	GOSR2	resolved	gtr_clinical_testing_utilization	43	27ca1eed4545ad6f
8d780d22d8e2a1cd	epilepsy	2806	ncbi_gene	ENSG00000125166	ensembl_gene	GOT2	genes4epilepsy	Genes4Epilepsy	literature_derived	1.0	bronze	GOT2	resolved		390	aa9114ab1732d611
8d780d22d8e2a1cd	epilepsy	2806	ncbi_gene	ENSG00000125166	ensembl_gene	GOT2	gtr_epilepsy_gene_summary	GTR epilepsy gene summary	gtr_gene_summary	2.0	silver	GOT2	resolved	gtr_clinical_testing_utilization	778	cafd939e0fe66e2f
4cd27d7dfa50ba8c	epilepsy	2812	ncbi_gene	ENSG00000203618	ensembl_gene	GP1BB	gtr_epilepsy_gene_summary	GTR epilepsy gene summary	gtr_gene_summary	2.0	silver	GP1BB	resolved	gtr_clinical_testing_utilization	3064	f0cc363cbd44ad49
d349f18824bf4398	epilepsy	8733	ncbi_gene	ENSG00000197858	ensembl_gene	GPAA1	genes4epilepsy	Genes4Epilepsy	literature_derived	1.0	bronze	GPAA1	resolved		391	ce7cb2feb5307614
d349f18824bf4398	epilepsy	8733	ncbi_gene	ENSG00000197858	ensembl_gene	GPAA1	gtr_epilepsy_gene_summary	GTR epilepsy gene summary	gtr_gene_summary	2.0	silver	GPAA1	resolved	gtr_clinical_testing_utilization	385	6ac47cdbcaa08de3
781109c689c68924	epilepsy	2719	ncbi_gene	ENSG00000147257	ensembl_gene	GPC3	gtr_epilepsy_gene_summary	GTR epilepsy gene summary	gtr_gene_summary	2.0	silver	GPC3	resolved	gtr_clinical_testing_utilization	300	0007e5651a0938d5
add1ba02ad05584c	epilepsy	2239	ncbi_gene	ENSG00000076716	ensembl_gene	GPC4	gtr_epilepsy_gene_summary	GTR epilepsy gene summary	gtr_gene_summary	2.0	silver	GPC4	resolved	gtr_clinical_testing_utilization	3065	d5c65b39c9247b45
2cf882203e4be8c3	epilepsy	23171	ncbi_gene	ENSG00000152642	ensembl_gene	GPD1L	gtr_epilepsy_gene_summary	GTR epilepsy gene summary	gtr_gene_summary	2.0	silver	GPD1L	resolved	gtr_clinical_testing_utilization	1147	b7941db4c36048ce
0f34d7b336fcbbe1	epilepsy	10243	ncbi_gene	ENSG00000171723	ensembl_gene	GPHN	genes4epilepsy	Genes4Epilepsy	literature_derived	1.0	bronze	GPHN	resolved		392	f4bdb88fbbdd2859
0f34d7b336fcbbe1	epilepsy	10243	ncbi_gene	ENSG00000171723	ensembl_gene	GPHN	gtr_epilepsy_gene_summary	GTR epilepsy gene summary	gtr_gene_summary	2.0	silver	GPHN	resolved	gtr_clinical_testing_utilization	164	e9685ad8a0bc2fa1
bb2adb8c37c6d857	epilepsy	2821	ncbi_gene	ENSG00000105220	ensembl_gene	GPI	gtr_epilepsy_gene_summary	GTR epilepsy gene summary	gtr_gene_summary	2.0	silver	GPI	resolved	gtr_clinical_testing_utilization	2867	31dc815029ff0b82
670f9102b20b2417	epilepsy	26996	ncbi_gene	ENSG00000173890	ensembl_gene	GPR160	gtr_epilepsy_gene_summary	GTR epilepsy gene summary	gtr_gene_summary	2.0	silver	GPR160	resolved	gtr_clinical_testing_utilization	2457	1654fb25bb400448
d4a890ce97804007	epilepsy	23432	ncbi_gene	ENSG00000143147	ensembl_gene	GPR161	gtr_epilepsy_gene_summary	GTR epilepsy gene summary	gtr_gene_summary	2.0	silver	GPR161	resolved	gtr_clinical_testing_utilization	1999	70c89913e527d547
b9921aaac25bc526	epilepsy	11250	ncbi_gene	ENSG00000135973	ensembl_gene	GPR45	gtr_epilepsy_gene_summary	GTR epilepsy gene summary	gtr_gene_summary	2.0	silver	GPR45	resolved	gtr_clinical_testing_utilization	2458	be3b2921d4516d5e
3b56597339a40df9	epilepsy	54112	ncbi_gene	ENSG00000181656	ensembl_gene	GPR88	gtr_epilepsy_gene_summary	GTR epilepsy gene summary	gtr_gene_summary	2.0	silver	GPR88	resolved	gtr_clinical_testing_utilization	2769	af29cc121b1ebd7b
956f5c3d0818829b	epilepsy	29899	ncbi_gene	ENSG00000121957	ensembl_gene	GPSM2	genes4epilepsy	Genes4Epilepsy	literature_derived	1.0	bronze	GPSM2	resolved		393	43ee9131b7fbdaa9
956f5c3d0818829b	epilepsy	29899	ncbi_gene	ENSG00000121957	ensembl_gene	GPSM2	gtr_epilepsy_gene_summary	GTR epilepsy gene summary	gtr_gene_summary	2.0	silver	GPSM2	resolved	gtr_clinical_testing_utilization	511	f6f6bd0266ef4fe1
952b91be7753c65e	epilepsy	84706	ncbi_gene	ENSG00000166123	ensembl_gene	GPT2	genes4epilepsy	Genes4Epilepsy	literature_derived	1.0	bronze	GPT2	resolved		394	9513be46e184603a
952b91be7753c65e	epilepsy	84706	ncbi_gene	ENSG00000166123	ensembl_gene	GPT2	gtr_epilepsy_gene_summary	GTR epilepsy gene summary	gtr_gene_summary	2.0	silver	GPT2	resolved	gtr_clinical_testing_utilization	1265	1c7d204b9a508293
3b3f370b45c943c9	epilepsy	2879	ncbi_gene	ENSG00000167468	ensembl_gene	GPX4	gtr_epilepsy_gene_summary	GTR epilepsy gene summary	gtr_gene_summary	2.0	silver	GPX4	resolved	gtr_clinical_testing_utilization	2369	ea1599f7b2afdab9
e9f4f430e609a5e4	epilepsy	2887	ncbi_gene	ENSG00000106070	ensembl_gene	GRB10	gtr_epilepsy_gene_summary	GTR epilepsy gene summary	gtr_gene_summary	2.0	silver	GRB10	resolved	gtr_clinical_testing_utilization	2672	44de6342c506a80c
e005b2dd45dbe718	epilepsy	26585	ncbi_gene	ENSG00000276886	ensembl_gene	GREM1	gtr_epilepsy_gene_summary	GTR epilepsy gene summary	gtr_gene_summary	2.0	silver	GREM1	resolved	gtr_clinical_testing_utilization	3066	81264bb5741c9f55
736cb31d17ca3475	epilepsy	79977	ncbi_gene	ENSG00000083307	ensembl_gene	GRHL2	gtr_epilepsy_gene_summary	GTR epilepsy gene summary	gtr_gene_summary	2.0	silver	GRHL2	resolved	gtr_clinical_testing_utilization	1352	17ae474152bf4302
e06e32e18f8e417b	epilepsy	9380	ncbi_gene	ENSG00000137106	ensembl_gene	GRHPR	gtr_epilepsy_gene_summary	GTR epilepsy gene summary	gtr_gene_summary	2.0	silver	GRHPR	resolved	gtr_clinical_testing_utilization	1436	9b8debba179b991a
e1ee82e40dfeb1df	epilepsy	2890	ncbi_gene	ENSG00000155511	ensembl_gene	GRIA1	genes4epilepsy	Genes4Epilepsy	literature_derived	1.0	bronze	GRIA1	resolved		395	62b8bb1e9052b221
707411013c44ef09	epilepsy	2891	ncbi_gene	ENSG00000120251	ensembl_gene	GRIA2	genes4epilepsy	Genes4Epilepsy	literature_derived	1.0	bronze	GRIA2	resolved		396	44c225fbf41878cf
707411013c44ef09	epilepsy	2891	ncbi_gene	ENSG00000120251	ensembl_gene	GRIA2	gtr_epilepsy_gene_summary	GTR epilepsy gene summary	gtr_gene_summary	2.0	silver	GRIA2	resolved	gtr_clinical_testing_utilization	3067	a0fa4b05575dde60
02c158a36a5c89ba	epilepsy	2892	ncbi_gene	ENSG00000125675	ensembl_gene	GRIA3	genes4epilepsy	Genes4Epilepsy	literature_derived	1.0	bronze	GRIA3	resolved		397	906254a3e6063bfa
02c158a36a5c89ba	epilepsy	2892	ncbi_gene	ENSG00000125675	ensembl_gene	GRIA3	gtr_epilepsy_gene_summary	GTR epilepsy gene summary	gtr_gene_summary	2.0	silver	GRIA3	resolved	gtr_clinical_testing_utilization	175	ab461ca82fa63c5f
1d36d6463bc387f0	epilepsy	2893	ncbi_gene	ENSG00000152578	ensembl_gene	GRIA4	genes4epilepsy	Genes4Epilepsy	literature_derived	1.0	bronze	GRIA4	resolved		398	818a26b15accc72a
1d36d6463bc387f0	epilepsy	2893	ncbi_gene	ENSG00000152578	ensembl_gene	GRIA4	gtr_epilepsy_gene_summary	GTR epilepsy gene summary	gtr_gene_summary	2.0	silver	GRIA4	resolved	gtr_clinical_testing_utilization	1189	424be7b02704fdf0
3b76fb91b0ca0218	epilepsy	2895	ncbi_gene	ENSG00000152208	ensembl_gene	GRID2	gtr_epilepsy_gene_summary	GTR epilepsy gene summary	gtr_gene_summary	2.0	silver	GRID2	resolved	gtr_clinical_testing_utilization	924	8b7b5f2c7199b37c
bb92c9f97b98fbea	epilepsy	2898	ncbi_gene	ENSG00000164418	ensembl_gene	GRIK2	genes4epilepsy	Genes4Epilepsy	literature_derived	1.0	bronze	GRIK2	resolved		399	2e6ea4c4e3bc50ae
bb92c9f97b98fbea	epilepsy	2898	ncbi_gene	ENSG00000164418	ensembl_gene	GRIK2	gtr_epilepsy_gene_summary	GTR epilepsy gene summary	gtr_gene_summary	2.0	silver	GRIK2	resolved	gtr_clinical_testing_utilization	404	9be6409357434909
464a4b3f2f07ba4d	epilepsy	2902	ncbi_gene	ENSG00000176884	ensembl_gene	GRIN1	genes4epilepsy	Genes4Epilepsy	literature_derived	1.0	bronze	GRIN1	resolved		400	5aefc0c036b3dcdb
464a4b3f2f07ba4d	epilepsy	2902	ncbi_gene	ENSG00000176884	ensembl_gene	GRIN1	gtr_epilepsy_gene_summary	GTR epilepsy gene summary	gtr_gene_summary	2.0	silver	GRIN1	resolved	gtr_clinical_testing_utilization	63	21f83129766ff590
4528ab1c731d2482	epilepsy	2903	ncbi_gene	ENSG00000183454	ensembl_gene	GRIN2A	genes4epilepsy	Genes4Epilepsy	literature_derived	1.0	bronze	GRIN2A	resolved		401	55f7bfde75b65e93
4528ab1c731d2482	epilepsy	2903	ncbi_gene	ENSG00000183454	ensembl_gene	GRIN2A	gtr_epilepsy_gene_summary	GTR epilepsy gene summary	gtr_gene_summary	2.0	silver	GRIN2A	resolved	gtr_clinical_testing_utilization	27	d3d2a9f1dddeb586
63b14aef3c0c149a	epilepsy	2904	ncbi_gene	ENSG00000273079	ensembl_gene	GRIN2B	genes4epilepsy	Genes4Epilepsy	literature_derived	1.0	bronze	GRIN2B	resolved		402	3c2656ca91f22cd2
63b14aef3c0c149a	epilepsy	2904	ncbi_gene	ENSG00000273079	ensembl_gene	GRIN2B	gtr_epilepsy_gene_summary	GTR epilepsy gene summary	gtr_gene_summary	2.0	silver	GRIN2B	resolved	gtr_clinical_testing_utilization	23	d758259edb887b2b
ccbe8f292692e2af	epilepsy	2906	ncbi_gene	ENSG00000105464	ensembl_gene	GRIN2D	genes4epilepsy	Genes4Epilepsy	literature_derived	1.0	bronze	GRIN2D	resolved		403	87a975c29ea4d8bc
ccbe8f292692e2af	epilepsy	2906	ncbi_gene	ENSG00000105464	ensembl_gene	GRIN2D	gtr_epilepsy_gene_summary	GTR epilepsy gene summary	gtr_gene_summary	2.0	silver	GRIN2D	resolved	gtr_clinical_testing_utilization	156	c114b00f69b07d4f
287c68288c18e014	epilepsy	116443	ncbi_gene	ENSG00000198785	ensembl_gene	GRIN3A	gtr_epilepsy_gene_summary	GTR epilepsy gene summary	gtr_gene_summary	2.0	silver	GRIN3A	resolved	gtr_clinical_testing_utilization	2348	b753d7e67a740ced
323f6c38d4b24c9d	epilepsy	116444	ncbi_gene	ENSG00000116032	ensembl_gene	GRIN3B	gtr_epilepsy_gene_summary	GTR epilepsy gene summary	gtr_gene_summary	2.0	silver	GRIN3B	resolved	gtr_clinical_testing_utilization	2349	e2669f79774a1e02
817c9d42893e27fa	epilepsy	23426	ncbi_gene	ENSG00000155974	ensembl_gene	GRIP1	gtr_epilepsy_gene_summary	GTR epilepsy gene summary	gtr_gene_summary	2.0	silver	GRIP1	resolved	gtr_clinical_testing_utilization	786	0a436c15525b5cbe
413ede95f3f33454	epilepsy	2911	ncbi_gene	ENSG00000152822	ensembl_gene	GRM1	gtr_epilepsy_gene_summary	GTR epilepsy gene summary	gtr_gene_summary	2.0	silver	GRM1	resolved	gtr_clinical_testing_utilization	1309	f4128f1d0939fcc5
ff8e2bf0daae64e3	epilepsy	2917	ncbi_gene	ENSG00000196277	ensembl_gene	GRM7	genes4epilepsy	Genes4Epilepsy	literature_derived	1.0	bronze	GRM7	resolved		404	1e7776a215eb8a42
ff8e2bf0daae64e3	epilepsy	2917	ncbi_gene	ENSG00000196277	ensembl_gene	GRM7	gtr_epilepsy_gene_summary	GTR epilepsy gene summary	gtr_gene_summary	2.0	silver	GRM7	resolved	gtr_clinical_testing_utilization	1411	1083f7d00c0209d0
b9f55bcbacd8ae91	epilepsy	2918	ncbi_gene	ENSG00000179603	ensembl_gene	GRM8	gtr_epilepsy_gene_summary	GTR epilepsy gene summary	gtr_gene_summary	2.0	silver	GRM8	resolved	gtr_clinical_testing_utilization	3068	cbc2219974c6204d
f69d9e77116b38fb	epilepsy	2896	ncbi_gene	ENSG00000030582	ensembl_gene	GRN	genes4epilepsy	Genes4Epilepsy	literature_derived	1.0	bronze	GRN	resolved		405	fa00b05045b109ee
f69d9e77116b38fb	epilepsy	2896	ncbi_gene	ENSG00000030582	ensembl_gene	GRN	gtr_epilepsy_gene_summary	GTR epilepsy gene summary	gtr_gene_summary	2.0	silver	GRN	resolved	gtr_clinical_testing_utilization	283	c939ffcd07c54a3d
1e07742be3e97a7d	epilepsy	83743	ncbi_gene	ENSG00000105447	ensembl_gene	GRWD1	gtr_epilepsy_gene_summary	GTR epilepsy gene summary	gtr_gene_summary	2.0	silver	GRWD1	resolved	gtr_clinical_testing_utilization	2459	444bf033f67f074b
22cf6032d1208967	epilepsy	389207	ncbi_gene	ENSG00000215203	ensembl_gene	GRXCR1	gtr_epilepsy_gene_summary	GTR epilepsy gene summary	gtr_gene_summary	2.0	silver	GRXCR1	resolved	gtr_clinical_testing_utilization	989	0735b92fa4e847c1
5741bdc36746b2fa	epilepsy	643226	ncbi_gene	ENSG00000204928	ensembl_gene	GRXCR2	gtr_epilepsy_gene_summary	GTR epilepsy gene summary	gtr_gene_summary	2.0	silver	GRXCR2	resolved	gtr_clinical_testing_utilization	2673	5a7f01ba70f9b2d7
6d9ae15468f0f2fa	epilepsy	145258	ncbi_gene	ENSG00000133937	ensembl_gene	GSC	gtr_epilepsy_gene_summary	GTR epilepsy gene summary	gtr_gene_summary	2.0	silver	GSC	resolved	gtr_clinical_testing_utilization	2674	690be4eade969d7e
40142fcd666cd9b6	epilepsy	1687	ncbi_gene	ENSG00000105928	ensembl_gene	GSDME	gtr_epilepsy_gene_summary	GTR epilepsy gene summary	gtr_gene_summary	2.0	silver	GSDME	resolved	gtr_clinical_testing_utilization	1353	485cb88a050b66f9
1bc4fe0ac5cd80a4	epilepsy	23708	ncbi_gene	ENSG00000189369	ensembl_gene	GSPT2	genes4epilepsy	Genes4Epilepsy	literature_derived	1.0	bronze	GSPT2	resolved		406	b1f84cbc1f8c44bc
1bc4fe0ac5cd80a4	epilepsy	23708	ncbi_gene	ENSG00000189369	ensembl_gene	GSPT2	gtr_epilepsy_gene_summary	GTR epilepsy gene summary	gtr_gene_summary	2.0	silver	GSPT2	resolved	gtr_clinical_testing_utilization	3069	f45fdc3d35cb1ceb
e13c5ea436df8d04	epilepsy	2937	ncbi_gene	ENSG00000100983	ensembl_gene	GSS	genes4epilepsy	Genes4Epilepsy	literature_derived	1.0	bronze	GSS	resolved		407	0b7a519978bad95a
e13c5ea436df8d04	epilepsy	2937	ncbi_gene	ENSG00000100983	ensembl_gene	GSS	gtr_epilepsy_gene_summary	GTR epilepsy gene summary	gtr_gene_summary	2.0	silver	GSS	resolved	gtr_clinical_testing_utilization	1049	f200843737bd33c9
7428163c1cbb9ac4	epilepsy	2961	ncbi_gene	ENSG00000197265	ensembl_gene	GTF2E2	gtr_epilepsy_gene_summary	GTR epilepsy gene summary	gtr_gene_summary	2.0	silver	GTF2E2	resolved	gtr_clinical_testing_utilization	2273	7ef0898d10445da7
66eae112644c4176	epilepsy	9330	ncbi_gene	ENSG00000119041	ensembl_gene	GTF3C3	genes4epilepsy	Genes4Epilepsy	literature_derived	1.0	bronze	GTF3C3	resolved		408	42837efd2f8038ff
3043ad15aa4a2856	epilepsy	54676	ncbi_gene	ENSG00000172432	ensembl_gene	GTPBP2	genes4epilepsy	Genes4Epilepsy	literature_derived	1.0	bronze	GTPBP2	resolved		409	e622494c490425b8
3043ad15aa4a2856	epilepsy	54676	ncbi_gene	ENSG00000172432	ensembl_gene	GTPBP2	gtr_epilepsy_gene_summary	GTR epilepsy gene summary	gtr_gene_summary	2.0	silver	GTPBP2	resolved	gtr_clinical_testing_utilization	2565	a2a556748162694f
cc0a1e09d475d952	epilepsy	84705	ncbi_gene	ENSG00000130299	ensembl_gene	GTPBP3	genes4epilepsy	Genes4Epilepsy	literature_derived	1.0	bronze	GTPBP3	resolved		410	ab2de04bfe4bacb0
cc0a1e09d475d952	epilepsy	84705	ncbi_gene	ENSG00000130299	ensembl_gene	GTPBP3	gtr_epilepsy_gene_summary	GTR epilepsy gene summary	gtr_gene_summary	2.0	silver	GTPBP3	resolved	gtr_clinical_testing_utilization	650	ff471c23a4de11a2
87b7849104ed2468	epilepsy	2982	ncbi_gene	ENSG00000164116	ensembl_gene	GUCY1A1	gtr_epilepsy_gene_summary	GTR epilepsy gene summary	gtr_gene_summary	2.0	silver	GUCY1A1	resolved	gtr_clinical_testing_utilization	1756	d42c7f59a73da135
0b164ec22ab92e42	epilepsy	3000	ncbi_gene	ENSG00000132518	ensembl_gene	GUCY2D	gtr_epilepsy_gene_summary	GTR epilepsy gene summary	gtr_gene_summary	2.0	silver	GUCY2D	resolved	gtr_clinical_testing_utilization	2274	9e5cd6e72ae28231
90846dcff64316b1	epilepsy	60558	ncbi_gene	ENSG00000151806	ensembl_gene	GUF1	gtr_epilepsy_gene_summary	GTR epilepsy gene summary	gtr_gene_summary	2.0	silver	GUF1	resolved	gtr_clinical_testing_utilization	642	0bdd9b0ed9636670
d879c8129df7ed31	epilepsy	2990	ncbi_gene	ENSG00000169919	ensembl_gene	GUSB	gtr_epilepsy_gene_summary	GTR epilepsy gene summary	gtr_gene_summary	2.0	silver	GUSB	resolved	gtr_clinical_testing_utilization	591	f868fbedbfdaa7e0
18999120258d6f39	epilepsy	2992	ncbi_gene	ENSG00000163754	ensembl_gene	GYG1	gtr_epilepsy_gene_summary	GTR epilepsy gene summary	gtr_gene_summary	2.0	silver	GYG1	resolved	gtr_clinical_testing_utilization	1839	00324e59fda112e0
9d1413ee0421b83f	epilepsy	8908	ncbi_gene	ENSG00000056998	ensembl_gene	GYG2	gtr_epilepsy_gene_summary	GTR epilepsy gene summary	gtr_gene_summary	2.0	silver	GYG2	resolved	gtr_clinical_testing_utilization	2599	249fa773ded5e347
2095efedb2c3eec8	epilepsy	2997	ncbi_gene	ENSG00000104812	ensembl_gene	GYS1	gtr_epilepsy_gene_summary	GTR epilepsy gene summary	gtr_gene_summary	2.0	silver	GYS1	resolved	gtr_clinical_testing_utilization	1971	83cc1eb84518f8c8
044267bddbb150a2	epilepsy	2998	ncbi_gene	ENSG00000111713	ensembl_gene	GYS2	gtr_epilepsy_gene_summary	GTR epilepsy gene summary	gtr_gene_summary	2.0	silver	GYS2	resolved	gtr_clinical_testing_utilization	1217	f246ac087f3f2b41
e7a9328c646e80d9	epilepsy	64412	ncbi_gene	ENSG00000125812	ensembl_gene	GZF1	gtr_epilepsy_gene_summary	GTR epilepsy gene summary	gtr_gene_summary	2.0	silver	GZF1	resolved	gtr_clinical_testing_utilization	2675	c61a67b04172a986
c1bd03c13f07a12b	epilepsy	283120	ncbi_gene	ENSG00000288237	ensembl_gene	H19	gtr_epilepsy_gene_summary	GTR epilepsy gene summary	gtr_gene_summary	2.0	silver	H19	resolved	gtr_clinical_testing_utilization	1742	38e7656d7f597182
b5c44bef27ec87b9	epilepsy	3020	ncbi_gene	ENSG00000163041	ensembl_gene	H3-3A	genes4epilepsy	Genes4Epilepsy	literature_derived	1.0	bronze	H3-3A	resolved		411	11f3323bde460b79
b9e1fe0b61e15016	epilepsy	3021	ncbi_gene	ENSG00000132475	ensembl_gene	H3-3B	genes4epilepsy	Genes4Epilepsy	literature_derived	1.0	bronze	H3-3B	resolved		412	13188da91556b701
a7f1a4ee80701ffc	epilepsy	23498	ncbi_gene	ENSG00000162882	ensembl_gene	HAAO	gtr_epilepsy_gene_summary	GTR epilepsy gene summary	gtr_gene_summary	2.0	silver	HAAO	resolved	gtr_clinical_testing_utilization	2676	75d7a59af84c4072
87262b6e120d8e61	epilepsy	9200	ncbi_gene	ENSG00000165996	ensembl_gene	HACD1	gtr_epilepsy_gene_summary	GTR epilepsy gene summary	gtr_gene_summary	2.0	silver	HACD1	resolved	gtr_clinical_testing_utilization	1903	e4f17712175e0721
0aa453c1b154e0d5	epilepsy	57531	ncbi_gene	ENSG00000085382	ensembl_gene	HACE1	genes4epilepsy	Genes4Epilepsy	literature_derived	1.0	bronze	HACE1	resolved		413	25311cfe7ab03bfc
0aa453c1b154e0d5	epilepsy	57531	ncbi_gene	ENSG00000085382	ensembl_gene	HACE1	gtr_epilepsy_gene_summary	GTR epilepsy gene summary	gtr_gene_summary	2.0	silver	HACE1	resolved	gtr_clinical_testing_utilization	135	43bec3f90041e134
63f6316e8cfd7c4a	epilepsy	3033	ncbi_gene	ENSG00000138796	ensembl_gene	HADH	gtr_epilepsy_gene_summary	GTR epilepsy gene summary	gtr_gene_summary	2.0	silver	HADH	resolved	gtr_clinical_testing_utilization	634	bcbcca8940f8fd79
1213776ccefb7161	epilepsy	3030	ncbi_gene	ENSG00000084754	ensembl_gene	HADHA	gtr_epilepsy_gene_summary	GTR epilepsy gene summary	gtr_gene_summary	2.0	silver	HADHA	resolved	gtr_clinical_testing_utilization	1437	cfafb9663de0fff1
b269d66699f2868c	epilepsy	3032	ncbi_gene	ENSG00000138029	ensembl_gene	HADHB	gtr_epilepsy_gene_summary	GTR epilepsy gene summary	gtr_gene_summary	2.0	silver	HADHB	resolved	gtr_clinical_testing_utilization	1068	3b14df13c39686ee
c62f4d20ace2069a	epilepsy	3034	ncbi_gene	ENSG00000084110	ensembl_gene	HAL	gtr_epilepsy_gene_summary	GTR epilepsy gene summary	gtr_gene_summary	2.0	silver	HAL	resolved	gtr_clinical_testing_utilization	1941	80626d5875b36a4d
c1f6f47e26c5d177	epilepsy	57817	ncbi_gene	ENSG00000105697	ensembl_gene	HAMP	gtr_epilepsy_gene_summary	GTR epilepsy gene summary	gtr_gene_summary	2.0	silver	HAMP	resolved	gtr_clinical_testing_utilization	1487	256aa9b460365ce1
80ac9b15aed36430	epilepsy	9421	ncbi_gene	ENSG00000113196	ensembl_gene	HAND1	gtr_epilepsy_gene_summary	GTR epilepsy gene summary	gtr_gene_summary	2.0	silver	HAND1	resolved	gtr_clinical_testing_utilization	2302	5f2ff4330af3df1a
323dd4d2497f04c9	epilepsy	3035	ncbi_gene	ENSG00000170445	ensembl_gene	HARS1	gtr_epilepsy_gene_summary	GTR epilepsy gene summary	gtr_gene_summary	2.0	silver	HARS1	resolved	gtr_clinical_testing_utilization	1386	f39820af5e1e01e8
80b1d082174ac0be	epilepsy	23438	ncbi_gene	ENSG00000112855	ensembl_gene	HARS2	gtr_epilepsy_gene_summary	GTR epilepsy gene summary	gtr_gene_summary	2.0	silver	HARS2	resolved	gtr_clinical_testing_utilization	889	5c6164fe3554e447
39e9005d32417e84	epilepsy	10456	ncbi_gene	ENSG00000143575	ensembl_gene	HAX1	genes4epilepsy	Genes4Epilepsy	literature_derived	1.0	bronze	HAX1	resolved		414	07ed2a7a1006ba76
39e9005d32417e84	epilepsy	10456	ncbi_gene	ENSG00000143575	ensembl_gene	HAX1	gtr_epilepsy_gene_summary	GTR epilepsy gene summary	gtr_gene_summary	2.0	silver	HAX1	resolved	gtr_clinical_testing_utilization	793	75fee908f21625c3
8001f1b0f5d3f1e6	epilepsy	3039	ncbi_gene	ENSG00000206172	ensembl_gene	HBA1	gtr_epilepsy_gene_summary	GTR epilepsy gene summary	gtr_gene_summary	2.0	silver	HBA1	resolved	gtr_clinical_testing_utilization	1428	00aab09fdd0e3262
f8f7b51ccabc6e24	epilepsy	3040	ncbi_gene	ENSG00000188536	ensembl_gene	HBA2	gtr_epilepsy_gene_summary	GTR epilepsy gene summary	gtr_gene_summary	2.0	silver	HBA2	resolved	gtr_clinical_testing_utilization	1429	1f0f9b819948ae0c
2a3a7d22c4ae1c96	epilepsy	3043	ncbi_gene	ENSG00000244734	ensembl_gene	HBB	gtr_epilepsy_gene_summary	GTR epilepsy gene summary	gtr_gene_summary	2.0	silver	HBB	resolved	gtr_clinical_testing_utilization	2046	458eba11b78d5797
6413e456dd28520f	epilepsy	3052	ncbi_gene	ENSG00000004961	ensembl_gene	HCCS	genes4epilepsy	Genes4Epilepsy	literature_derived	1.0	bronze	HCCS	resolved		415	6d4c965c5067404e
6413e456dd28520f	epilepsy	3052	ncbi_gene	ENSG00000004961	ensembl_gene	HCCS	gtr_epilepsy_gene_summary	GTR epilepsy gene summary	gtr_gene_summary	2.0	silver	HCCS	resolved	gtr_clinical_testing_utilization	459	14694fdc0f0027ef
861aa113e3b46367	epilepsy	3054	ncbi_gene	ENSG00000172534	ensembl_gene	HCFC1	genes4epilepsy	Genes4Epilepsy	literature_derived	1.0	bronze	HCFC1	resolved		416	b00bd1cdd81d24e9
861aa113e3b46367	epilepsy	3054	ncbi_gene	ENSG00000172534	ensembl_gene	HCFC1	gtr_epilepsy_gene_summary	GTR epilepsy gene summary	gtr_gene_summary	2.0	silver	HCFC1	resolved	gtr_clinical_testing_utilization	261	42b00769e82b30ac
3ba634424971a91c	epilepsy	348980	ncbi_gene	ENSG00000164588	ensembl_gene	HCN1	genes4epilepsy	Genes4Epilepsy	literature_derived	1.0	bronze	HCN1	resolved		417	7cc40f3cfafab247
3ba634424971a91c	epilepsy	348980	ncbi_gene	ENSG00000164588	ensembl_gene	HCN1	gtr_epilepsy_gene_summary	GTR epilepsy gene summary	gtr_gene_summary	2.0	silver	HCN1	resolved	gtr_clinical_testing_utilization	32	2fc6df478fbb6c2f
eedc6d7ea3506909	epilepsy	610	ncbi_gene	ENSG00000099822	ensembl_gene	HCN2	genes4epilepsy	Genes4Epilepsy	literature_derived	1.0	bronze	HCN2	resolved		418	84cd7a78525f9738
eedc6d7ea3506909	epilepsy	610	ncbi_gene	ENSG00000099822	ensembl_gene	HCN2	gtr_epilepsy_gene_summary	GTR epilepsy gene summary	gtr_gene_summary	2.0	silver	HCN2	resolved	gtr_clinical_testing_utilization	1297	ca284be44787d0bb
a88903cf5a61c190	epilepsy	10021	ncbi_gene	ENSG00000138622	ensembl_gene	HCN4	gtr_epilepsy_gene_summary	GTR epilepsy gene summary	gtr_gene_summary	2.0	silver	HCN4	resolved	gtr_clinical_testing_utilization	391	b5bba95763fc6b25
ebf6c52c48a4e542	epilepsy	3065	ncbi_gene	ENSG00000116478	ensembl_gene	HDAC1	gtr_epilepsy_gene_summary	GTR epilepsy gene summary	gtr_gene_summary	2.0	silver	HDAC1	resolved	gtr_clinical_testing_utilization	3070	5a748710dd785243
9f61054a30c5737b	epilepsy	8841	ncbi_gene	ENSG00000171720	ensembl_gene	HDAC3	genes4epilepsy	Genes4Epilepsy	literature_derived	1.0	bronze	HDAC3	resolved		419	2b5dc881d3594efc
68d1a57c8cd526b9	epilepsy	9759	ncbi_gene	ENSG00000068024	ensembl_gene	HDAC4	gtr_epilepsy_gene_summary	GTR epilepsy gene summary	gtr_gene_summary	2.0	silver	HDAC4	resolved	gtr_clinical_testing_utilization	513	bd8fc8b7736c8e78
7273fac6366a9cd8	epilepsy	10013	ncbi_gene	ENSG00000094631	ensembl_gene	HDAC6	gtr_epilepsy_gene_summary	GTR epilepsy gene summary	gtr_gene_summary	2.0	silver	HDAC6	resolved	gtr_clinical_testing_utilization	2770	09c01f6877b0f825
77869529a1b77b43	epilepsy	55869	ncbi_gene	ENSG00000147099	ensembl_gene	HDAC8	genes4epilepsy	Genes4Epilepsy	literature_derived	1.0	bronze	HDAC8	resolved		420	ee385a96c1724757
77869529a1b77b43	epilepsy	55869	ncbi_gene	ENSG00000147099	ensembl_gene	HDAC8	gtr_epilepsy_gene_summary	GTR epilepsy gene summary	gtr_gene_summary	2.0	silver	HDAC8	resolved	gtr_clinical_testing_utilization	659	0f337163805e2a79
d1ff9beb7eff15ef	epilepsy	25831	ncbi_gene	ENSG00000092148	ensembl_gene	HECTD1	genes4epilepsy	Genes4Epilepsy	literature_derived	1.0	bronze	HECTD1	resolved		421	434dc7f404a4be02
8206185605ba166b	epilepsy	57520	ncbi_gene	ENSG00000138411	ensembl_gene	HECW2	genes4epilepsy	Genes4Epilepsy	literature_derived	1.0	bronze	HECW2	resolved		422	7ddd787b8e37de99
8206185605ba166b	epilepsy	57520	ncbi_gene	ENSG00000138411	ensembl_gene	HECW2	gtr_epilepsy_gene_summary	GTR epilepsy gene summary	gtr_gene_summary	2.0	silver	HECW2	resolved	gtr_clinical_testing_utilization	291	c9ab9ed6a08917d1
37d9fd0862055a76	epilepsy	3070	ncbi_gene	ENSG00000119969	ensembl_gene	HELLS	gtr_epilepsy_gene_summary	GTR epilepsy gene summary	gtr_gene_summary	2.0	silver	HELLS	resolved	gtr_clinical_testing_utilization	1497	be1132241a5a6ac5
c67fdb915637114b	epilepsy	220296	ncbi_gene	ENSG00000165478	ensembl_gene	HEPACAM	genes4epilepsy	Genes4Epilepsy	literature_derived	1.0	bronze	HEPACAM	resolved		423	5837ce52a66ac9d1
c67fdb915637114b	epilepsy	220296	ncbi_gene	ENSG00000165478	ensembl_gene	HEPACAM	gtr_epilepsy_gene_summary	GTR epilepsy gene summary	gtr_gene_summary	2.0	silver	HEPACAM	resolved	gtr_clinical_testing_utilization	638	2b96c305e623e04d
4480a05a0e1a752e	epilepsy	8925	ncbi_gene	ENSG00000103657	ensembl_gene	HERC1	gtr_epilepsy_gene_summary	GTR epilepsy gene summary	gtr_gene_summary	2.0	silver	HERC1	resolved	gtr_clinical_testing_utilization	1604	5b706c1ec9b9b673
5790383273280c80	epilepsy	8924	ncbi_gene	ENSG00000276802	ensembl_gene	HERC2	genes4epilepsy	Genes4Epilepsy	literature_derived	1.0	bronze	HERC2	resolved		424	30be21e96d072ecc
5790383273280c80	epilepsy	8924	ncbi_gene	ENSG00000276802	ensembl_gene	HERC2	gtr_epilepsy_gene_summary	GTR epilepsy gene summary	gtr_gene_summary	2.0	silver	HERC2	resolved	gtr_clinical_testing_utilization	1168	b2833bfc3269b6c9
04826be90828da9b	epilepsy	8820	ncbi_gene	ENSG00000163666	ensembl_gene	HESX1	gtr_epilepsy_gene_summary	GTR epilepsy gene summary	gtr_gene_summary	2.0	silver	HESX1	resolved	gtr_clinical_testing_utilization	1394	8423ed7336bb0492
cd3a8a78b5b14f2c	epilepsy	3073	ncbi_gene	ENSG00000213614	ensembl_gene	HEXA	genes4epilepsy	Genes4Epilepsy	literature_derived	1.0	bronze	HEXA	resolved		425	845f8643a3a547f5
cd3a8a78b5b14f2c	epilepsy	3073	ncbi_gene	ENSG00000213614	ensembl_gene	HEXA	gtr_epilepsy_gene_summary	GTR epilepsy gene summary	gtr_gene_summary	2.0	silver	HEXA	resolved	gtr_clinical_testing_utilization	244	448c71c7b8aad87d
ae79af2e1c0f80bc	epilepsy	3074	ncbi_gene	ENSG00000049860	ensembl_gene	HEXB	genes4epilepsy	Genes4Epilepsy	literature_derived	1.0	bronze	HEXB	resolved		426	3ffad587b24102c3
ae79af2e1c0f80bc	epilepsy	3074	ncbi_gene	ENSG00000049860	ensembl_gene	HEXB	gtr_epilepsy_gene_summary	GTR epilepsy gene summary	gtr_gene_summary	2.0	silver	HEXB	resolved	gtr_clinical_testing_utilization	322	0ef01dfb42f58435
8ddfb8219de5ec8f	epilepsy	3077	ncbi_gene	ENSG00000010704	ensembl_gene	HFE	gtr_epilepsy_gene_summary	GTR epilepsy gene summary	gtr_gene_summary	2.0	silver	HFE	resolved	gtr_clinical_testing_utilization	1820	ff5ff8f3aebbacb9
5e00f8a59e790234	epilepsy	3082	ncbi_gene	ENSG00000019991	ensembl_gene	HGF	gtr_epilepsy_gene_summary	GTR epilepsy gene summary	gtr_gene_summary	2.0	silver	HGF	resolved	gtr_clinical_testing_utilization	1312	b11ba725bc384edc
00d167b51138de81	epilepsy	138050	ncbi_gene	ENSG00000165102	ensembl_gene	HGSNAT	gtr_epilepsy_gene_summary	GTR epilepsy gene summary	gtr_gene_summary	2.0	silver	HGSNAT	resolved	gtr_clinical_testing_utilization	443	bc97d3fb96e42c53
375cc6c528dbf429	epilepsy	55733	ncbi_gene	ENSG00000054392	ensembl_gene	HHAT	gtr_epilepsy_gene_summary	GTR epilepsy gene summary	gtr_gene_summary	2.0	silver	HHAT	resolved	gtr_clinical_testing_utilization	2635	1e0e2c18405707f4
5326112f82346d74	epilepsy	26275	ncbi_gene	ENSG00000198130	ensembl_gene	HIBCH	gtr_epilepsy_gene_summary	GTR epilepsy gene summary	gtr_gene_summary	2.0	silver	HIBCH	resolved	gtr_clinical_testing_utilization	498	cccdf2385bc34081
513dec2e5d91a6ff	epilepsy	3090	ncbi_gene	ENSG00000177374	ensembl_gene	HIC1	gtr_epilepsy_gene_summary	GTR epilepsy gene summary	gtr_gene_summary	2.0	silver	HIC1	resolved	gtr_clinical_testing_utilization	3071	715f0ca2f950e19a
a71dc49ef782c253	epilepsy	283987	ncbi_gene	ENSG00000167861	ensembl_gene	HID1	genes4epilepsy	Genes4Epilepsy	literature_derived	1.0	bronze	HID1	resolved		427	26ea1a9a0f54bbce
2b33fda81634fbe1	epilepsy	51501	ncbi_gene	ENSG00000149196	ensembl_gene	HIKESHI	gtr_epilepsy_gene_summary	GTR epilepsy gene summary	gtr_gene_summary	2.0	silver	HIKESHI	resolved	gtr_clinical_testing_utilization	2771	275a32c029b135ec
bc8b38446e89118e	epilepsy	3094	ncbi_gene	ENSG00000169567	ensembl_gene	HINT1	gtr_epilepsy_gene_summary	GTR epilepsy gene summary	gtr_gene_summary	2.0	silver	HINT1	resolved	gtr_clinical_testing_utilization	2144	f872a5ab5e622d90
ae640fff534d264d	epilepsy	3092	ncbi_gene	ENSG00000127946	ensembl_gene	HIP1	gtr_epilepsy_gene_summary	GTR epilepsy gene summary	gtr_gene_summary	2.0	silver	HIP1	resolved	gtr_clinical_testing_utilization	3072	18767a27d8a03a5b
f4ad412a3355a74d	epilepsy	7290	ncbi_gene	ENSG00000100084	ensembl_gene	HIRA	gtr_epilepsy_gene_summary	GTR epilepsy gene summary	gtr_gene_summary	2.0	silver	HIRA	resolved	gtr_clinical_testing_utilization	1387	2f5c7a286513f33d
508576fe035ccd60	epilepsy	3097	ncbi_gene	ENSG00000010818	ensembl_gene	HIVEP2	genes4epilepsy	Genes4Epilepsy	literature_derived	1.0	bronze	HIVEP2	resolved		428	df97e8b1663747b3
508576fe035ccd60	epilepsy	3097	ncbi_gene	ENSG00000010818	ensembl_gene	HIVEP2	gtr_epilepsy_gene_summary	GTR epilepsy gene summary	gtr_gene_summary	2.0	silver	HIVEP2	resolved	gtr_clinical_testing_utilization	1218	9311075e36ac1991
a761db91a31f8174	epilepsy	148738	ncbi_gene	ENSG00000168509	ensembl_gene	HJV	gtr_epilepsy_gene_summary	GTR epilepsy gene summary	gtr_gene_summary	2.0	silver	HJV	resolved	gtr_clinical_testing_utilization	1488	ce46fdd80ec7a6ae
998d19bbcaa72ab7	epilepsy	3098	ncbi_gene	ENSG00000156515	ensembl_gene	HK1	genes4epilepsy	Genes4Epilepsy	literature_derived	1.0	bronze	HK1	resolved		429	ed6fd4ea2e9684bd
998d19bbcaa72ab7	epilepsy	3098	ncbi_gene	ENSG00000156515	ensembl_gene	HK1	gtr_epilepsy_gene_summary	GTR epilepsy gene summary	gtr_gene_summary	2.0	silver	HK1	resolved	gtr_clinical_testing_utilization	1395	d6b72fe3e1ded2b8
cc06bd11ee48a76f	epilepsy	3106	ncbi_gene	ENSG00000228964	ensembl_gene	HLA-B	gtr_epilepsy_gene_summary	GTR epilepsy gene summary	gtr_gene_summary	2.0	silver	HLA-B	resolved	gtr_clinical_testing_utilization	2000	7ab8f2e7488fa60d
e8ff309eec3d5c69	epilepsy	3115	ncbi_gene	ENSG00000215048	ensembl_gene	HLA-DPB1	gtr_epilepsy_gene_summary	GTR epilepsy gene summary	gtr_gene_summary	2.0	silver	HLA-DPB1	resolved	gtr_clinical_testing_utilization	3073	30c6bc7127c5d09b
6c6346cd16aa6bdb	epilepsy	3117	ncbi_gene	ENSG00000196735	ensembl_gene	HLA-DQA1	gtr_epilepsy_gene_summary	GTR epilepsy gene summary	gtr_gene_summary	2.0	silver	HLA-DQA1	resolved	gtr_clinical_testing_utilization	2239	995cc961d9ad86b3
46b89b8b3df8ee48	epilepsy	3119	ncbi_gene	ENSG00000206237	ensembl_gene	HLA-DQB1	gtr_epilepsy_gene_summary	GTR epilepsy gene summary	gtr_gene_summary	2.0	silver	HLA-DQB1	resolved	gtr_clinical_testing_utilization	2209	819228c424eaa8b9
e0f05dccd2ad0228	epilepsy	3123	ncbi_gene	ENSG00000229074	ensembl_gene	HLA-DRB1	gtr_epilepsy_gene_summary	GTR epilepsy gene summary	gtr_gene_summary	2.0	silver	HLA-DRB1	resolved	gtr_clinical_testing_utilization	2772	d1daac21361c3008
79e2fbb9d7f71615	epilepsy	3141	ncbi_gene	ENSG00000159267	ensembl_gene	HLCS	genes4epilepsy	Genes4Epilepsy	literature_derived	1.0	bronze	HLCS	resolved		430	88ff56f7c09d40f7
79e2fbb9d7f71615	epilepsy	3141	ncbi_gene	ENSG00000159267	ensembl_gene	HLCS	gtr_epilepsy_gene_summary	GTR epilepsy gene summary	gtr_gene_summary	2.0	silver	HLCS	resolved	gtr_clinical_testing_utilization	598	1611c41898c9ddea
7df369790bca9ca7	epilepsy	6596	ncbi_gene	ENSG00000071794	ensembl_gene	HLTF	gtr_epilepsy_gene_summary	GTR epilepsy gene summary	gtr_gene_summary	2.0	silver	HLTF	resolved	gtr_clinical_testing_utilization	3074	59cd76ab699b7a3d
98bb5682447e09ec	epilepsy	3142	ncbi_gene	ENSG00000136630	ensembl_gene	HLX	gtr_epilepsy_gene_summary	GTR epilepsy gene summary	gtr_gene_summary	2.0	silver	HLX	resolved	gtr_clinical_testing_utilization	2868	2fd442264334ff11
6acf999ee07e1f00	epilepsy	3145	ncbi_gene	ENSG00000256269	ensembl_gene	HMBS	gtr_epilepsy_gene_summary	GTR epilepsy gene summary	gtr_gene_summary	2.0	silver	HMBS	resolved	gtr_clinical_testing_utilization	1757	4c235aa3541d91eb
8d29c1e76dbd0a21	epilepsy	3146	ncbi_gene	ENSG00000189403	ensembl_gene	HMGB1	gtr_epilepsy_gene_summary	GTR epilepsy gene summary	gtr_gene_summary	2.0	silver	HMGB1	resolved	gtr_clinical_testing_utilization	3075	6df17dc29114fa54
9cea7d37e9b42ec1	epilepsy	3155	ncbi_gene	ENSG00000117305	ensembl_gene	HMGCL	genes4epilepsy	Genes4Epilepsy	literature_derived	1.0	bronze	HMGCL	resolved		431	83568dd9e4e262ac
9cea7d37e9b42ec1	epilepsy	3155	ncbi_gene	ENSG00000117305	ensembl_gene	HMGCL	gtr_epilepsy_gene_summary	GTR epilepsy gene summary	gtr_gene_summary	2.0	silver	HMGCL	resolved	gtr_clinical_testing_utilization	1057	b638f165f6da309d
b0e5fd88f653837f	epilepsy	3158	ncbi_gene	ENSG00000134240	ensembl_gene	HMGCS2	gtr_epilepsy_gene_summary	GTR epilepsy gene summary	gtr_gene_summary	2.0	silver	HMGCS2	resolved	gtr_clinical_testing_utilization	3076	b8b374cc66fb39b9
4307e810b5ba2150	epilepsy	6928	ncbi_gene	ENSG00000275410	ensembl_gene	HNF1B	gtr_epilepsy_gene_summary	GTR epilepsy gene summary	gtr_gene_summary	2.0	silver	HNF1B	resolved	gtr_clinical_testing_utilization	1547	4c671489cd7401e8
44ddf46245729404	epilepsy	3176	ncbi_gene	ENSG00000150540	ensembl_gene	HNMT	gtr_epilepsy_gene_summary	GTR epilepsy gene summary	gtr_gene_summary	2.0	silver	HNMT	resolved	gtr_clinical_testing_utilization	2773	0a1edd5dffa43124
4ae83aa2e875bf69	epilepsy	3178	ncbi_gene	ENSG00000135486	ensembl_gene	HNRNPA1	gtr_epilepsy_gene_summary	GTR epilepsy gene summary	gtr_gene_summary	2.0	silver	HNRNPA1	resolved	gtr_clinical_testing_utilization	2328	fecfd2d7ed265456
44bafab36c9e2f81	epilepsy	3181	ncbi_gene	ENSG00000122566	ensembl_gene	HNRNPA2B1	gtr_epilepsy_gene_summary	GTR epilepsy gene summary	gtr_gene_summary	2.0	silver	HNRNPA2B1	resolved	gtr_clinical_testing_utilization	2329	2f6d19890cb071f6
3bc229e11d6cb247	epilepsy	9987	ncbi_gene	ENSG00000152795	ensembl_gene	HNRNPDL	gtr_epilepsy_gene_summary	GTR epilepsy gene summary	gtr_gene_summary	2.0	silver	HNRNPDL	resolved	gtr_clinical_testing_utilization	2202	e4e0983426d1c94d
5e26ce17260a51ea	epilepsy	3187	ncbi_gene	ENSG00000284254	ensembl_gene	HNRNPH1	genes4epilepsy	Genes4Epilepsy	literature_derived	1.0	bronze	HNRNPH1	resolved		432	3fac9997d11e622d
866b569dee32f5ec	epilepsy	3188	ncbi_gene	ENSG00000126945	ensembl_gene	HNRNPH2	genes4epilepsy	Genes4Epilepsy	literature_derived	1.0	bronze	HNRNPH2	resolved		433	55f7717121c5c0f7
866b569dee32f5ec	epilepsy	3188	ncbi_gene	ENSG00000126945	ensembl_gene	HNRNPH2	gtr_epilepsy_gene_summary	GTR epilepsy gene summary	gtr_gene_summary	2.0	silver	HNRNPH2	resolved	gtr_clinical_testing_utilization	1758	57d3eab1065f9973
811e65f0d9f2517b	epilepsy	3190	ncbi_gene	ENSG00000165119	ensembl_gene	HNRNPK	genes4epilepsy	Genes4Epilepsy	literature_derived	1.0	bronze	HNRNPK	resolved		434	13ea51a3fa58a72c
3e60948dd6d3a2c2	epilepsy	3191	ncbi_gene	ENSG00000282947	ensembl_gene	HNRNPL	gtr_epilepsy_gene_summary	GTR epilepsy gene summary	gtr_gene_summary	2.0	silver	HNRNPL	resolved	gtr_clinical_testing_utilization	3077	7d8cda47167a1a86
9dfe9d8d3f447349	epilepsy	10236	ncbi_gene	ENSG00000282958	ensembl_gene	HNRNPR	genes4epilepsy	Genes4Epilepsy	literature_derived	1.0	bronze	HNRNPR	resolved		435	398aa5953a596a97
3e8bb563a28ee78a	epilepsy	3192	ncbi_gene	ENSG00000153187	ensembl_gene	HNRNPU	genes4epilepsy	Genes4Epilepsy	literature_derived	1.0	bronze	HNRNPU	resolved		436	5c797e38869c483d
3e8bb563a28ee78a	epilepsy	3192	ncbi_gene	ENSG00000153187	ensembl_gene	HNRNPU	gtr_epilepsy_gene_summary	GTR epilepsy gene summary	gtr_gene_summary	2.0	silver	HNRNPU	resolved	gtr_clinical_testing_utilization	59	f05f44bf59f8fd64
7f0c88b438184519	epilepsy	112817	ncbi_gene	ENSG00000241935	ensembl_gene	HOGA1	gtr_epilepsy_gene_summary	GTR epilepsy gene summary	gtr_gene_summary	2.0	silver	HOGA1	resolved	gtr_clinical_testing_utilization	1452	4bb7de8b5627cbb9
1fdaa77494f38b56	epilepsy	9455	ncbi_gene	ENSG00000103942	ensembl_gene	HOMER2	gtr_epilepsy_gene_summary	GTR epilepsy gene summary	gtr_gene_summary	2.0	silver	HOMER2	resolved	gtr_clinical_testing_utilization	1904	35bdbb6c3dc81d7f
8405713a40b63c1d	epilepsy	3198	ncbi_gene	ENSG00000105991	ensembl_gene	HOXA1	genes4epilepsy	Genes4Epilepsy	literature_derived	1.0	bronze	HOXA1	resolved		437	174c4f1284eac72e
8405713a40b63c1d	epilepsy	3198	ncbi_gene	ENSG00000105991	ensembl_gene	HOXA1	gtr_epilepsy_gene_summary	GTR epilepsy gene summary	gtr_gene_summary	2.0	silver	HOXA1	resolved	gtr_clinical_testing_utilization	3078	7b57d792ddbaf7e0
a5925b4fed83994e	epilepsy	3207	ncbi_gene	ENSG00000005073	ensembl_gene	HOXA11	gtr_epilepsy_gene_summary	GTR epilepsy gene summary	gtr_gene_summary	2.0	silver	HOXA11	resolved	gtr_clinical_testing_utilization	2677	0dad95cc22a80805
053e02b6d0b3dd5a	epilepsy	3199	ncbi_gene	ENSG00000105996	ensembl_gene	HOXA2	gtr_epilepsy_gene_summary	GTR epilepsy gene summary	gtr_gene_summary	2.0	silver	HOXA2	resolved	gtr_clinical_testing_utilization	2678	2ce82a279e6c9c0b
fdf57b4ee1bad760	epilepsy	3239	ncbi_gene	ENSG00000128714	ensembl_gene	HOXD13	gtr_epilepsy_gene_summary	GTR epilepsy gene summary	gtr_gene_summary	2.0	silver	HOXD13	resolved	gtr_clinical_testing_utilization	1491	bc74362996f214f9
c1c135c11b90917b	epilepsy	3208	ncbi_gene	ENSG00000121905	ensembl_gene	HPCA	gtr_epilepsy_gene_summary	GTR epilepsy gene summary	gtr_gene_summary	2.0	silver	HPCA	resolved	gtr_clinical_testing_utilization	1821	72f5400379ea03a2
b742ed1ee7a34864	epilepsy	3242	ncbi_gene	ENSG00000158104	ensembl_gene	HPD	gtr_epilepsy_gene_summary	GTR epilepsy gene summary	gtr_gene_summary	2.0	silver	HPD	resolved	gtr_clinical_testing_utilization	788	9a736b5e842733a9
0c83f993881b9453	epilepsy	84842	ncbi_gene	ENSG00000186603	ensembl_gene	HPDL	genes4epilepsy	Genes4Epilepsy	literature_derived	1.0	bronze	HPDL	resolved		438	8aeeb6136334618c
07af6010d6bafa4a	epilepsy	3251	ncbi_gene	ENSG00000165704	ensembl_gene	HPRT1	genes4epilepsy	Genes4Epilepsy	literature_derived	1.0	bronze	HPRT1	resolved		439	3760b5f585245665
07af6010d6bafa4a	epilepsy	3251	ncbi_gene	ENSG00000165704	ensembl_gene	HPRT1	gtr_epilepsy_gene_summary	GTR epilepsy gene summary	gtr_gene_summary	2.0	silver	HPRT1	resolved	gtr_clinical_testing_utilization	526	1581668a8c52eb18
c05b0c6abf47448d	epilepsy	3257	ncbi_gene	ENSG00000107521	ensembl_gene	HPS1	gtr_epilepsy_gene_summary	GTR epilepsy gene summary	gtr_gene_summary	2.0	silver	HPS1	resolved	gtr_clinical_testing_utilization	1445	7b6c737b6ab31ac8
84b58542c9e81489	epilepsy	84343	ncbi_gene	ENSG00000163755	ensembl_gene	HPS3	gtr_epilepsy_gene_summary	GTR epilepsy gene summary	gtr_gene_summary	2.0	silver	HPS3	resolved	gtr_clinical_testing_utilization	1446	d77663ef80da91d7
51b871beb7290426	epilepsy	89781	ncbi_gene	ENSG00000100099	ensembl_gene	HPS4	gtr_epilepsy_gene_summary	GTR epilepsy gene summary	gtr_gene_summary	2.0	silver	HPS4	resolved	gtr_clinical_testing_utilization	1518	ee4d7fede20b76d0
86b506b655a40160	epilepsy	11234	ncbi_gene	ENSG00000110756	ensembl_gene	HPS5	gtr_epilepsy_gene_summary	GTR epilepsy gene summary	gtr_gene_summary	2.0	silver	HPS5	resolved	gtr_clinical_testing_utilization	1519	bc96d24fc05dff0b
90350bf14880f7a3	epilepsy	79803	ncbi_gene	ENSG00000166189	ensembl_gene	HPS6	gtr_epilepsy_gene_summary	GTR epilepsy gene summary	gtr_gene_summary	2.0	silver	HPS6	resolved	gtr_clinical_testing_utilization	1520	d4010aa54db11d0b
9cbf2699052bdafd	epilepsy	3265	ncbi_gene	ENSG00000276536	ensembl_gene	HRAS	genes4epilepsy	Genes4Epilepsy	literature_derived	1.0	bronze	HRAS	resolved		440	c4e873a0fdafc29b
9cbf2699052bdafd	epilepsy	3265	ncbi_gene	ENSG00000276536	ensembl_gene	HRAS	gtr_epilepsy_gene_summary	GTR epilepsy gene summary	gtr_gene_summary	2.0	silver	HRAS	resolved	gtr_clinical_testing_utilization	295	20dee0ee01670eec
84359e82b103d2f5	epilepsy	9394	ncbi_gene	ENSG00000136720	ensembl_gene	HS6ST1	gtr_epilepsy_gene_summary	GTR epilepsy gene summary	gtr_gene_summary	2.0	silver	HS6ST1	resolved	gtr_clinical_testing_utilization	3079	92641f25781246df
39180393ce641b35	epilepsy	3291	ncbi_gene	ENSG00000176387	ensembl_gene	HSD11B2	gtr_epilepsy_gene_summary	GTR epilepsy gene summary	gtr_gene_summary	2.0	silver	HSD11B2	resolved	gtr_clinical_testing_utilization	3080	76a8b4703c348b0d
a8260092aa6e2610	epilepsy	3028	ncbi_gene	ENSG00000072506	ensembl_gene	HSD17B10	gtr_epilepsy_gene_summary	GTR epilepsy gene summary	gtr_gene_summary	2.0	silver	HSD17B10	resolved	gtr_clinical_testing_utilization	185	b9d2678122fd2491
005dd4a11824f70e	epilepsy	3295	ncbi_gene	ENSG00000133835	ensembl_gene	HSD17B4	genes4epilepsy	Genes4Epilepsy	literature_derived	1.0	bronze	HSD17B4	resolved		441	caf1bbfdea5e30fd
005dd4a11824f70e	epilepsy	3295	ncbi_gene	ENSG00000133835	ensembl_gene	HSD17B4	gtr_epilepsy_gene_summary	GTR epilepsy gene summary	gtr_gene_summary	2.0	silver	HSD17B4	resolved	gtr_clinical_testing_utilization	433	a0b764a88584e6a4
11b0bc07f0a7ddaa	epilepsy	3284	ncbi_gene	ENSG00000203859	ensembl_gene	HSD3B2	gtr_epilepsy_gene_summary	GTR epilepsy gene summary	gtr_gene_summary	2.0	silver	HSD3B2	resolved	gtr_clinical_testing_utilization	1453	0a5eddec00019fa5
f25ea91576942a6c	epilepsy	3315	ncbi_gene	ENSG00000106211	ensembl_gene	HSPB1	gtr_epilepsy_gene_summary	GTR epilepsy gene summary	gtr_gene_summary	2.0	silver	HSPB1	resolved	gtr_clinical_testing_utilization	1972	b3ebf30203d61914
f343e4c412b887c4	epilepsy	8988	ncbi_gene	ENSG00000169271	ensembl_gene	HSPB3	gtr_epilepsy_gene_summary	GTR epilepsy gene summary	gtr_gene_summary	2.0	silver	HSPB3	resolved	gtr_clinical_testing_utilization	2869	689ee4b8139526b2
5fe23bb2f7c821a9	epilepsy	26353	ncbi_gene	ENSG00000152137	ensembl_gene	HSPB8	gtr_epilepsy_gene_summary	GTR epilepsy gene summary	gtr_gene_summary	2.0	silver	HSPB8	resolved	gtr_clinical_testing_utilization	1973	68630cfa604c45f4
0f923c069cd6580f	epilepsy	3329	ncbi_gene	ENSG00000144381	ensembl_gene	HSPD1	genes4epilepsy	Genes4Epilepsy	literature_derived	1.0	bronze	HSPD1	resolved		442	affbd0d43e318cd3
0f923c069cd6580f	epilepsy	3329	ncbi_gene	ENSG00000144381	ensembl_gene	HSPD1	gtr_epilepsy_gene_summary	GTR epilepsy gene summary	gtr_gene_summary	2.0	silver	HSPD1	resolved	gtr_clinical_testing_utilization	554	fe3cbee6c9f092e6
7765f9bbe11d8600	epilepsy	3350	ncbi_gene	ENSG00000178394	ensembl_gene	HTR1A	gtr_epilepsy_gene_summary	GTR epilepsy gene summary	gtr_gene_summary	2.0	silver	HTR1A	resolved	gtr_clinical_testing_utilization	3081	5cec3e481fb7df22
6437e37c8d344cbb	epilepsy	5654	ncbi_gene	ENSG00000166033	ensembl_gene	HTRA1	gtr_epilepsy_gene_summary	GTR epilepsy gene summary	gtr_gene_summary	2.0	silver	HTRA1	resolved	gtr_clinical_testing_utilization	2679	b715f3b5e2473aea
67e79932e36bf1ef	epilepsy	27429	ncbi_gene	ENSG00000115317	ensembl_gene	HTRA2	genes4epilepsy	Genes4Epilepsy	literature_derived	1.0	bronze	HTRA2	resolved		443	533b01b8c1355b68
67e79932e36bf1ef	epilepsy	27429	ncbi_gene	ENSG00000115317	ensembl_gene	HTRA2	gtr_epilepsy_gene_summary	GTR epilepsy gene summary	gtr_gene_summary	2.0	silver	HTRA2	resolved	gtr_clinical_testing_utilization	2870	22d4696b46cef696
887bc98dc9d4583b	epilepsy	3064	ncbi_gene	ENSG00000197386	ensembl_gene	HTT	genes4epilepsy	Genes4Epilepsy	literature_derived	1.0	bronze	HTT	resolved		444	2915ef721500c52d
887bc98dc9d4583b	epilepsy	3064	ncbi_gene	ENSG00000197386	ensembl_gene	HTT	gtr_epilepsy_gene_summary	GTR epilepsy gene summary	gtr_gene_summary	2.0	silver	HTT	resolved	gtr_clinical_testing_utilization	1718	1799462927240275
9d7a0d16c9e7cf9d	epilepsy	10075	ncbi_gene	ENSG00000086758	ensembl_gene	HUWE1	gtr_epilepsy_gene_summary	GTR epilepsy gene summary	gtr_gene_summary	2.0	silver	HUWE1	resolved	gtr_clinical_testing_utilization	508	edb6fbd1685aca81
d9d5f20d4009a82e	epilepsy	3373	ncbi_gene	ENSG00000114378	ensembl_gene	HYAL1	gtr_epilepsy_gene_summary	GTR epilepsy gene summary	gtr_gene_summary	2.0	silver	HYAL1	resolved	gtr_clinical_testing_utilization	2145	c5d6763633f52d43
6b7488034e1eeaae	epilepsy	84668	ncbi_gene	ENSG00000122591	ensembl_gene	HYCC1	gtr_epilepsy_gene_summary	GTR epilepsy gene summary	gtr_gene_summary	2.0	silver	HYCC1	resolved	gtr_clinical_testing_utilization	352	3e836dee84046d92
47270831db7ea539	epilepsy	219844	ncbi_gene	ENSG00000198331	ensembl_gene	HYLS1	gtr_epilepsy_gene_summary	GTR epilepsy gene summary	gtr_gene_summary	2.0	silver	HYLS1	resolved	gtr_clinical_testing_utilization	1067	4a88e6c08a0d48b9
25fb28a6f36ac582	epilepsy	3376	ncbi_gene	ENSG00000291356	ensembl_gene	IARS1	gtr_epilepsy_gene_summary	GTR epilepsy gene summary	gtr_gene_summary	2.0	silver	IARS1	resolved	gtr_clinical_testing_utilization	1881	53566b71fef154fd
60edec781174e108	epilepsy	55699	ncbi_gene	ENSG00000067704	ensembl_gene	IARS2	genes4epilepsy	Genes4Epilepsy	literature_derived	1.0	bronze	IARS2	resolved		445	3cda76c4abbc88f5
60edec781174e108	epilepsy	55699	ncbi_gene	ENSG00000067704	ensembl_gene	IARS2	gtr_epilepsy_gene_summary	GTR epilepsy gene summary	gtr_gene_summary	2.0	silver	IARS2	resolved	gtr_clinical_testing_utilization	1867	3625ff8af743baa2
abb42f9a1aa1c2db	epilepsy	200205	ncbi_gene	ENSG00000181873	ensembl_gene	IBA57	genes4epilepsy	Genes4Epilepsy	literature_derived	1.0	bronze	IBA57	resolved		446	42f5714fa9d69e97
abb42f9a1aa1c2db	epilepsy	200205	ncbi_gene	ENSG00000181873	ensembl_gene	IBA57	gtr_epilepsy_gene_summary	GTR epilepsy gene summary	gtr_gene_summary	2.0	silver	IBA57	resolved	gtr_clinical_testing_utilization	485	84ffde934c531ffd
0e6af7344e53cded	epilepsy	23308	ncbi_gene	ENSG00000160223	ensembl_gene	ICOSLG	gtr_epilepsy_gene_summary	GTR epilepsy gene summary	gtr_gene_summary	2.0	silver	ICOSLG	resolved	gtr_clinical_testing_utilization	2330	da6737683ca7fa03
ac1bce379bb6b19a	epilepsy	3417	ncbi_gene	ENSG00000138413	ensembl_gene	IDH1	gtr_epilepsy_gene_summary	GTR epilepsy gene summary	gtr_gene_summary	2.0	silver	IDH1	resolved	gtr_clinical_testing_utilization	1637	841d83d9bc039bd6
1c9f2d8b627e352b	epilepsy	3418	ncbi_gene	ENSG00000182054	ensembl_gene	IDH2	genes4epilepsy	Genes4Epilepsy	literature_derived	1.0	bronze	IDH2	resolved		447	ab0d46e8a2debc21
1c9f2d8b627e352b	epilepsy	3418	ncbi_gene	ENSG00000182054	ensembl_gene	IDH2	gtr_epilepsy_gene_summary	GTR epilepsy gene summary	gtr_gene_summary	2.0	silver	IDH2	resolved	gtr_clinical_testing_utilization	566	faf2cf7408ff1b7e
0c978f8e93656fd3	epilepsy	3419	ncbi_gene	ENSG00000166411	ensembl_gene	IDH3A	gtr_epilepsy_gene_summary	GTR epilepsy gene summary	gtr_gene_summary	2.0	silver	IDH3A	resolved	gtr_clinical_testing_utilization	2774	775eb70d951b287b
e471b32fcfc28c43	epilepsy	3423	ncbi_gene	ENSG00000010404	ensembl_gene	IDS	gtr_epilepsy_gene_summary	GTR epilepsy gene summary	gtr_gene_summary	2.0	silver	IDS	resolved	gtr_clinical_testing_utilization	331	3e98ae05aa1c1477
3a2656d699b3a3be	epilepsy	3425	ncbi_gene	ENSG00000127415	ensembl_gene	IDUA	gtr_epilepsy_gene_summary	GTR epilepsy gene summary	gtr_gene_summary	2.0	silver	IDUA	resolved	gtr_clinical_testing_utilization	420	c1c9674bba09c90a
092f2db92991d37a	epilepsy	51124	ncbi_gene	ENSG00000134049	ensembl_gene	IER3IP1	genes4epilepsy	Genes4Epilepsy	literature_derived	1.0	bronze	IER3IP1	resolved		448	e2cb40df449e5c74
092f2db92991d37a	epilepsy	51124	ncbi_gene	ENSG00000134049	ensembl_gene	IER3IP1	gtr_epilepsy_gene_summary	GTR epilepsy gene summary	gtr_gene_summary	2.0	silver	IER3IP1	resolved	gtr_clinical_testing_utilization	90	f93c14c4c60cddf4
93ad1d1c4711d2a6	epilepsy	64135	ncbi_gene	ENSG00000115267	ensembl_gene	IFIH1	genes4epilepsy	Genes4Epilepsy	literature_derived	1.0	bronze	IFIH1	resolved		449	e4a9db4948a4accc
93ad1d1c4711d2a6	epilepsy	64135	ncbi_gene	ENSG00000115267	ensembl_gene	IFIH1	gtr_epilepsy_gene_summary	GTR epilepsy gene summary	gtr_gene_summary	2.0	silver	IFIH1	resolved	gtr_clinical_testing_utilization	1030	76db5dc3ce2bbdf2
03e102fdffbdfcf5	epilepsy	3454	ncbi_gene	ENSG00000142166	ensembl_gene	IFNAR1	gtr_epilepsy_gene_summary	GTR epilepsy gene summary	gtr_gene_summary	2.0	silver	IFNAR1	resolved	gtr_clinical_testing_utilization	2331	c1d2352438aaa305
a27758e21f0d3760	epilepsy	3458	ncbi_gene	ENSG00000111537	ensembl_gene	IFNG	gtr_epilepsy_gene_summary	GTR epilepsy gene summary	gtr_gene_summary	2.0	silver	IFNG	resolved	gtr_clinical_testing_utilization	2240	59f0550ab5076658
0589da365e201763	epilepsy	3459	ncbi_gene	ENSG00000027697	ensembl_gene	IFNGR1	gtr_epilepsy_gene_summary	GTR epilepsy gene summary	gtr_gene_summary	2.0	silver	IFNGR1	resolved	gtr_clinical_testing_utilization	3082	7a030e10206c42d1
79ff32c960070e12	epilepsy	3460	ncbi_gene	ENSG00000159128	ensembl_gene	IFNGR2	gtr_epilepsy_gene_summary	GTR epilepsy gene summary	gtr_gene_summary	2.0	silver	IFNGR2	resolved	gtr_clinical_testing_utilization	3083	cd1393873833791e
04e09d7d0872025e	epilepsy	9742	ncbi_gene	ENSG00000187535	ensembl_gene	IFT140	gtr_epilepsy_gene_summary	GTR epilepsy gene summary	gtr_gene_summary	2.0	silver	IFT140	resolved	gtr_clinical_testing_utilization	1090	af1e2361bd600306
25d9b672f073e1d1	epilepsy	11020	ncbi_gene	ENSG00000100360	ensembl_gene	IFT27	gtr_epilepsy_gene_summary	GTR epilepsy gene summary	gtr_gene_summary	2.0	silver	IFT27	resolved	gtr_clinical_testing_utilization	2871	438542362647cff2
7235a8b9ea068bfd	epilepsy	51098	ncbi_gene	ENSG00000101052	ensembl_gene	IFT52	gtr_epilepsy_gene_summary	GTR epilepsy gene summary	gtr_gene_summary	2.0	silver	IFT52	resolved	gtr_clinical_testing_utilization	2775	59e3f4f5705a23aa
d52058803f466adf	epilepsy	79989	ncbi_gene	ENSG00000105948	ensembl_gene	IFT56	gtr_epilepsy_gene_summary	GTR epilepsy gene summary	gtr_gene_summary	2.0	silver	IFT56	resolved	gtr_clinical_testing_utilization	3084	5f768d43647e1c42
14634a7b230442ba	epilepsy	55081	ncbi_gene	ENSG00000114446	ensembl_gene	IFT57	gtr_epilepsy_gene_summary	GTR epilepsy gene summary	gtr_gene_summary	2.0	silver	IFT57	resolved	gtr_clinical_testing_utilization	2621	0dc484177200ec45
665faddad5a34873	epilepsy	8100	ncbi_gene	ENSG00000032742	ensembl_gene	IFT88	gtr_epilepsy_gene_summary	GTR epilepsy gene summary	gtr_gene_summary	2.0	silver	IFT88	resolved	gtr_clinical_testing_utilization	2460	f61cd162a34fb0d8
6f8d0c7cb1ae78e5	epilepsy	3476	ncbi_gene	ENSG00000089289	ensembl_gene	IGBP1	gtr_epilepsy_gene_summary	GTR epilepsy gene summary	gtr_gene_summary	2.0	silver	IGBP1	resolved	gtr_clinical_testing_utilization	1134	adcc937ce623b2a8
32e9d47e0b057698	epilepsy	3479	ncbi_gene	ENSG00000017427	ensembl_gene	IGF1	gtr_epilepsy_gene_summary	GTR epilepsy gene summary	gtr_gene_summary	2.0	silver	IGF1	resolved	gtr_clinical_testing_utilization	1942	213bb95d0c559f57
5c83e9e8e7c4c52c	epilepsy	3480	ncbi_gene	ENSG00000140443	ensembl_gene	IGF1R	gtr_epilepsy_gene_summary	GTR epilepsy gene summary	gtr_gene_summary	2.0	silver	IGF1R	resolved	gtr_clinical_testing_utilization	1323	40a98230acc965e8
018f7103e0ff036e	epilepsy	3481	ncbi_gene	ENSG00000167244	ensembl_gene	IGF2	gtr_epilepsy_gene_summary	GTR epilepsy gene summary	gtr_gene_summary	2.0	silver	IGF2	resolved	gtr_clinical_testing_utilization	1543	c4d24d1ec19001e2
80ce278c1538968b	epilepsy	3508	ncbi_gene	ENSG00000132740	ensembl_gene	IGHMBP2	gtr_epilepsy_gene_summary	GTR epilepsy gene summary	gtr_gene_summary	2.0	silver	IGHMBP2	resolved	gtr_clinical_testing_utilization	1396	cf83bf3994a9fcb5
b1c5b1734b5847c2	epilepsy	285313	ncbi_gene	ENSG00000152580	ensembl_gene	IGSF10	gtr_epilepsy_gene_summary	GTR epilepsy gene summary	gtr_gene_summary	2.0	silver	IGSF10	resolved	gtr_clinical_testing_utilization	2872	70094aa9fe515b7c
85976d2c63f0845e	epilepsy	3551	ncbi_gene	ENSG00000104365	ensembl_gene	IKBKB	gtr_epilepsy_gene_summary	GTR epilepsy gene summary	gtr_gene_summary	2.0	silver	IKBKB	resolved	gtr_clinical_testing_utilization	2096	58ae0f71359eff92
e15d86901444c694	epilepsy	8517	ncbi_gene	ENSG00000269335	ensembl_gene	IKBKG	genes4epilepsy	Genes4Epilepsy	literature_derived	1.0	bronze	IKBKG	resolved		450	e1d13df602e5f0e4
e15d86901444c694	epilepsy	8517	ncbi_gene	ENSG00000269335	ensembl_gene	IKBKG	gtr_epilepsy_gene_summary	GTR epilepsy gene summary	gtr_gene_summary	2.0	silver	IKBKG	resolved	gtr_clinical_testing_utilization	1551	8510c8586a6989c8
ace52d03eb52a1d2	epilepsy	22807	ncbi_gene	ENSG00000030419	ensembl_gene	IKZF2	gtr_epilepsy_gene_summary	GTR epilepsy gene summary	gtr_gene_summary	2.0	silver	IKZF2	resolved	gtr_clinical_testing_utilization	2566	67de5022c81ba29e
83c74b8e560822a7	epilepsy	3586	ncbi_gene	ENSG00000136634	ensembl_gene	IL10	gtr_epilepsy_gene_summary	GTR epilepsy gene summary	gtr_gene_summary	2.0	silver	IL10	resolved	gtr_clinical_testing_utilization	3085	0983b77db9bdce4b
46c5ac3b70fc36b6	epilepsy	3592	ncbi_gene	ENSG00000168811	ensembl_gene	IL12A	gtr_epilepsy_gene_summary	GTR epilepsy gene summary	gtr_gene_summary	2.0	silver	IL12A	resolved	gtr_clinical_testing_utilization	3086	544a818831a07aed
285354877b29d0a2	epilepsy	3593	ncbi_gene	ENSG00000113302	ensembl_gene	IL12B	gtr_epilepsy_gene_summary	GTR epilepsy gene summary	gtr_gene_summary	2.0	silver	IL12B	resolved	gtr_clinical_testing_utilization	2001	7a897d0a17ede399
fdf42cc3bec98f70	epilepsy	3594	ncbi_gene	ENSG00000096996	ensembl_gene	IL12RB1	gtr_epilepsy_gene_summary	GTR epilepsy gene summary	gtr_gene_summary	2.0	silver	IL12RB1	resolved	gtr_clinical_testing_utilization	3087	c9c21bce6baced37
1fbbba684d1b2c6c	epilepsy	3595	ncbi_gene	ENSG00000081985	ensembl_gene	IL12RB2	gtr_epilepsy_gene_summary	GTR epilepsy gene summary	gtr_gene_summary	2.0	silver	IL12RB2	resolved	gtr_clinical_testing_utilization	1725	a385d6ce5fb99bb9
6e3e016b960c049c	epilepsy	112744	ncbi_gene	ENSG00000112116	ensembl_gene	IL17F	gtr_epilepsy_gene_summary	GTR epilepsy gene summary	gtr_gene_summary	2.0	silver	IL17F	resolved	gtr_clinical_testing_utilization	3088	310114288e383d94
b19e9bbf7a9967ce	epilepsy	23765	ncbi_gene	ENSG00000177663	ensembl_gene	IL17RA	gtr_epilepsy_gene_summary	GTR epilepsy gene summary	gtr_gene_summary	2.0	silver	IL17RA	resolved	gtr_clinical_testing_utilization	3089	3de95ddce7671e3e
0d88ed550b3540bc	epilepsy	84818	ncbi_gene	ENSG00000163702	ensembl_gene	IL17RC	gtr_epilepsy_gene_summary	GTR epilepsy gene summary	gtr_gene_summary	2.0	silver	IL17RC	resolved	gtr_clinical_testing_utilization	2357	1a261afdaf043898
185a8ccec92d63b2	epilepsy	54756	ncbi_gene	ENSG00000144730	ensembl_gene	IL17RD	gtr_epilepsy_gene_summary	GTR epilepsy gene summary	gtr_gene_summary	2.0	silver	IL17RD	resolved	gtr_clinical_testing_utilization	1926	279eca31bc1028d7
60d886f4021a7baf	epilepsy	11141	ncbi_gene	ENSG00000169306	ensembl_gene	IL1RAPL1	gtr_epilepsy_gene_summary	GTR epilepsy gene summary	gtr_gene_summary	2.0	silver	IL1RAPL1	resolved	gtr_clinical_testing_utilization	463	996d67479d2dec0e
d1a1edcc1d2b04d4	epilepsy	149233	ncbi_gene	ENSG00000162594	ensembl_gene	IL23R	gtr_epilepsy_gene_summary	GTR epilepsy gene summary	gtr_gene_summary	2.0	silver	IL23R	resolved	gtr_clinical_testing_utilization	3090	fa7727a2c43dad57
96b48461028f3561	epilepsy	9466	ncbi_gene	ENSG00000288185	ensembl_gene	IL27RA	gtr_epilepsy_gene_summary	GTR epilepsy gene summary	gtr_gene_summary	2.0	silver	IL27RA	resolved	gtr_clinical_testing_utilization	3091	086e3a3d93301834
e8494cefc5e596be	epilepsy	3559	ncbi_gene	ENSG00000134460	ensembl_gene	IL2RA	gtr_epilepsy_gene_summary	GTR epilepsy gene summary	gtr_gene_summary	2.0	silver	IL2RA	resolved	gtr_clinical_testing_utilization	2097	cbbfec690bfdf9c3
35d4a9f3ff1aa40d	epilepsy	3561	ncbi_gene	ENSG00000147168	ensembl_gene	IL2RG	gtr_epilepsy_gene_summary	GTR epilepsy gene summary	gtr_gene_summary	2.0	silver	IL2RG	resolved	gtr_clinical_testing_utilization	2057	085b82ee644beb7e
9d5b546c7b6e2cb9	epilepsy	3575	ncbi_gene	ENSG00000168685	ensembl_gene	IL7R	gtr_epilepsy_gene_summary	GTR epilepsy gene summary	gtr_gene_summary	2.0	silver	IL7R	resolved	gtr_clinical_testing_utilization	2098	c5a58812d5da95bc
fd9217036a721018	epilepsy	286676	ncbi_gene	ENSG00000145103	ensembl_gene	ILDR1	gtr_epilepsy_gene_summary	GTR epilepsy gene summary	gtr_gene_summary	2.0	silver	ILDR1	resolved	gtr_clinical_testing_utilization	1905	825f9222389ebb7b
d8e1575e5494923f	epilepsy	3611	ncbi_gene	ENSG00000166333	ensembl_gene	ILK	gtr_epilepsy_gene_summary	GTR epilepsy gene summary	gtr_gene_summary	2.0	silver	ILK	resolved	gtr_clinical_testing_utilization	2873	8fb54b2422dc885d
474eeca0733e00a8	epilepsy	3612	ncbi_gene	ENSG00000133731	ensembl_gene	IMPA1	gtr_epilepsy_gene_summary	GTR epilepsy gene summary	gtr_gene_summary	2.0	silver	IMPA1	resolved	gtr_clinical_testing_utilization	2776	853e04438b5d79a5
7a91ee46add689c3	epilepsy	64423	ncbi_gene	ENSG00000203485	ensembl_gene	INF2	gtr_epilepsy_gene_summary	GTR epilepsy gene summary	gtr_gene_summary	2.0	silver	INF2	resolved	gtr_clinical_testing_utilization	3092	856f3c70c7a37f3d
ff24b53e597fd70a	epilepsy	54617	ncbi_gene	ENSG00000128908	ensembl_gene	INO80	gtr_epilepsy_gene_summary	GTR epilepsy gene summary	gtr_gene_summary	2.0	silver	INO80	resolved	gtr_clinical_testing_utilization	1733	94017bc4ba5458e8
20b3d6edf9766038	epilepsy	3631	ncbi_gene	ENSG00000040933	ensembl_gene	INPP4A	gtr_epilepsy_gene_summary	GTR epilepsy gene summary	gtr_gene_summary	2.0	silver	INPP4A	resolved	gtr_clinical_testing_utilization	3093	087cbe7b1dca8bc3
f9763cc2a0ea9963	epilepsy	3633	ncbi_gene	ENSG00000204084	ensembl_gene	INPP5B	gtr_epilepsy_gene_summary	GTR epilepsy gene summary	gtr_gene_summary	2.0	silver	INPP5B	resolved	gtr_clinical_testing_utilization	2461	07c2159a6d3b1dbc
fea6f99ef7f39c9a	epilepsy	56623	ncbi_gene	ENSG00000148384	ensembl_gene	INPP5E	gtr_epilepsy_gene_summary	GTR epilepsy gene summary	gtr_gene_summary	2.0	silver	INPP5E	resolved	gtr_clinical_testing_utilization	748	32da5d23e8f16eb0
d2b241080bb8bd99	epilepsy	51763	ncbi_gene	ENSG00000132376	ensembl_gene	INPP5K	gtr_epilepsy_gene_summary	GTR epilepsy gene summary	gtr_gene_summary	2.0	silver	INPP5K	resolved	gtr_clinical_testing_utilization	3094	93123657f11fe4c1
c48f996c6a17a802	epilepsy	3630	ncbi_gene	ENSG00000254647	ensembl_gene	INS	gtr_epilepsy_gene_summary	GTR epilepsy gene summary	gtr_gene_summary	2.0	silver	INS	resolved	gtr_clinical_testing_utilization	1943	161fb94e50149884
c61fd09eb5eba8de	epilepsy	3643	ncbi_gene	ENSG00000171105	ensembl_gene	INSR	gtr_epilepsy_gene_summary	GTR epilepsy gene summary	gtr_gene_summary	2.0	silver	INSR	resolved	gtr_clinical_testing_utilization	872	3c6b91c6817ff3b1
8fd49e060a72a243	epilepsy	54973	ncbi_gene	ENSG00000127054	ensembl_gene	INTS11	genes4epilepsy	Genes4Epilepsy	literature_derived	1.0	bronze	INTS11	resolved		451	8a56ec4fa0321368
963455b0c4af152f	epilepsy	79034	ncbi_gene	ENSG00000146576	ensembl_gene	INTS15	gtr_epilepsy_gene_summary	GTR epilepsy gene summary	gtr_gene_summary	2.0	silver	INTS15	resolved	gtr_clinical_testing_utilization	2462	a741b5064d9b91bb
0c9a1e6e2219d28f	epilepsy	55656	ncbi_gene	ENSG00000164941	ensembl_gene	INTS8	genes4epilepsy	Genes4Epilepsy	literature_derived	1.0	bronze	INTS8	resolved		452	7b7bf14fcd628f39
0c9a1e6e2219d28f	epilepsy	55656	ncbi_gene	ENSG00000164941	ensembl_gene	INTS8	gtr_epilepsy_gene_summary	GTR epilepsy gene summary	gtr_gene_summary	2.0	silver	INTS8	resolved	gtr_clinical_testing_utilization	3095	0f0bee70e5381b2b
e605d54c1125d0f1	epilepsy	27130	ncbi_gene	ENSG00000119509	ensembl_gene	INVS	gtr_epilepsy_gene_summary	GTR epilepsy gene summary	gtr_gene_summary	2.0	silver	INVS	resolved	gtr_clinical_testing_utilization	3096	34c0d786e067bc50
6b6b7db5f525819a	epilepsy	9657	ncbi_gene	ENSG00000173226	ensembl_gene	IQCB1	gtr_epilepsy_gene_summary	GTR epilepsy gene summary	gtr_gene_summary	2.0	silver	IQCB1	resolved	gtr_clinical_testing_utilization	3097	5dec47533478ce4c
736db230d1a59be6	epilepsy	9922	ncbi_gene	ENSG00000144711	ensembl_gene	IQSEC1	gtr_epilepsy_gene_summary	GTR epilepsy gene summary	gtr_gene_summary	2.0	silver	IQSEC1	resolved	gtr_clinical_testing_utilization	3098	4079752c79c2ce63
5d7b48dce4738914	epilepsy	23096	ncbi_gene	ENSG00000124313	ensembl_gene	IQSEC2	genes4epilepsy	Genes4Epilepsy	literature_derived	1.0	bronze	IQSEC2	resolved		453	56dbb49ad81a672d
5d7b48dce4738914	epilepsy	23096	ncbi_gene	ENSG00000124313	ensembl_gene	IQSEC2	gtr_epilepsy_gene_summary	GTR epilepsy gene summary	gtr_gene_summary	2.0	silver	IQSEC2	resolved	gtr_clinical_testing_utilization	138	2093d24b80a54c91
bcf56e62e7f2f0c8	epilepsy	64207	ncbi_gene	ENSG00000119669	ensembl_gene	IRF2BPL	genes4epilepsy	Genes4Epilepsy	literature_derived	1.0	bronze	IRF2BPL	resolved		454	48b4d8b639278ffb
bcf56e62e7f2f0c8	epilepsy	64207	ncbi_gene	ENSG00000119669	ensembl_gene	IRF2BPL	gtr_epilepsy_gene_summary	GTR epilepsy gene summary	gtr_gene_summary	2.0	silver	IRF2BPL	resolved	gtr_clinical_testing_utilization	514	f12a693dea87bd70
f48085a4dae61b2c	epilepsy	3661	ncbi_gene	ENSG00000126456	ensembl_gene	IRF3	gtr_epilepsy_gene_summary	GTR epilepsy gene summary	gtr_gene_summary	2.0	silver	IRF3	resolved	gtr_clinical_testing_utilization	2370	ea7baaf1202c861e
519912b832afd01c	epilepsy	3664	ncbi_gene	ENSG00000117595	ensembl_gene	IRF6	gtr_epilepsy_gene_summary	GTR epilepsy gene summary	gtr_gene_summary	2.0	silver	IRF6	resolved	gtr_clinical_testing_utilization	1492	0a2cc04e0b17a38f
c49f1c141fdcf343	epilepsy	3394	ncbi_gene	ENSG00000140968	ensembl_gene	IRF8	gtr_epilepsy_gene_summary	GTR epilepsy gene summary	gtr_gene_summary	2.0	silver	IRF8	resolved	gtr_clinical_testing_utilization	3099	4cbb789c0a1b069c
d34f2dc581d3ed15	epilepsy	10265	ncbi_gene	ENSG00000176842	ensembl_gene	IRX5	gtr_epilepsy_gene_summary	GTR epilepsy gene summary	gtr_gene_summary	2.0	silver	IRX5	resolved	gtr_clinical_testing_utilization	2680	5e7f6aa6b589cc7e
0de369dc462abd1c	epilepsy	81689	ncbi_gene	ENSG00000135070	ensembl_gene	ISCA1	genes4epilepsy	Genes4Epilepsy	literature_derived	1.0	bronze	ISCA1	resolved		455	7cfe7e2a5026018c
0de369dc462abd1c	epilepsy	81689	ncbi_gene	ENSG00000135070	ensembl_gene	ISCA1	gtr_epilepsy_gene_summary	GTR epilepsy gene summary	gtr_gene_summary	2.0	silver	ISCA1	resolved	gtr_clinical_testing_utilization	2384	def201556985fa37
d20556b9757e66e9	epilepsy	122961	ncbi_gene	ENSG00000165898	ensembl_gene	ISCA2	gtr_epilepsy_gene_summary	GTR epilepsy gene summary	gtr_gene_summary	2.0	silver	ISCA2	resolved	gtr_clinical_testing_utilization	2567	5748963fcc1710d2
d1bba293c5e98d38	epilepsy	23479	ncbi_gene	ENSG00000136003	ensembl_gene	ISCU	gtr_epilepsy_gene_summary	GTR epilepsy gene summary	gtr_gene_summary	2.0	silver	ISCU	resolved	gtr_clinical_testing_utilization	951	c98ae107b165f234
6712f9e983a88ecd	epilepsy	9636	ncbi_gene	ENSG00000187608	ensembl_gene	ISG15	gtr_epilepsy_gene_summary	GTR epilepsy gene summary	gtr_gene_summary	2.0	silver	ISG15	resolved	gtr_clinical_testing_utilization	1771	b84c43ad8ae17d08
acc34b07c9e79a58	epilepsy	83737	ncbi_gene	ENSG00000078747	ensembl_gene	ITCH	gtr_epilepsy_gene_summary	GTR epilepsy gene summary	gtr_gene_summary	2.0	silver	ITCH	resolved	gtr_clinical_testing_utilization	2777	8439f77f9bdc8e2c
1adc41d044d4940e	epilepsy	3673	ncbi_gene	ENSG00000164171	ensembl_gene	ITGA2	gtr_epilepsy_gene_summary	GTR epilepsy gene summary	gtr_gene_summary	2.0	silver	ITGA2	resolved	gtr_clinical_testing_utilization	2530	a4d68f7b43a4394f
44b116528c74cfff	epilepsy	3675	ncbi_gene	ENSG00000005884	ensembl_gene	ITGA3	gtr_epilepsy_gene_summary	GTR epilepsy gene summary	gtr_gene_summary	2.0	silver	ITGA3	resolved	gtr_clinical_testing_utilization	2778	14e4dc3972feb787
5e6587975ce2ec1e	epilepsy	3679	ncbi_gene	ENSG00000135424	ensembl_gene	ITGA7	gtr_epilepsy_gene_summary	GTR epilepsy gene summary	gtr_gene_summary	2.0	silver	ITGA7	resolved	gtr_clinical_testing_utilization	2779	6452aac273338dd8
7dc0cf71b191441e	epilepsy	3684	ncbi_gene	ENSG00000169896	ensembl_gene	ITGAM	gtr_epilepsy_gene_summary	GTR epilepsy gene summary	gtr_gene_summary	2.0	silver	ITGAM	resolved	gtr_clinical_testing_utilization	2225	7dc1d063a0253017
9c5f01ce19b856f0	epilepsy	3685	ncbi_gene	ENSG00000138448	ensembl_gene	ITGAV	gtr_epilepsy_gene_summary	GTR epilepsy gene summary	gtr_gene_summary	2.0	silver	ITGAV	resolved	gtr_clinical_testing_utilization	2780	30874452496016db
e78fa11d91cb245b	epilepsy	3689	ncbi_gene	ENSG00000160255	ensembl_gene	ITGB2	gtr_epilepsy_gene_summary	GTR epilepsy gene summary	gtr_gene_summary	2.0	silver	ITGB2	resolved	gtr_clinical_testing_utilization	3100	8109a4554cbdcbfb
ecd5d0bd5a95c61f	epilepsy	3691	ncbi_gene	ENSG00000132470	ensembl_gene	ITGB4	genes4epilepsy	Genes4Epilepsy	literature_derived	1.0	bronze	ITGB4	resolved		456	74aabf9d47072c94
64e0798ca42b9061	epilepsy	3694	ncbi_gene	ENSG00000115221	ensembl_gene	ITGB6	gtr_epilepsy_gene_summary	GTR epilepsy gene summary	gtr_gene_summary	2.0	silver	ITGB6	resolved	gtr_clinical_testing_utilization	3101	d727f8f8769c120a
1466d268e529f3a0	epilepsy	3700	ncbi_gene	ENSG00000055955	ensembl_gene	ITIH4	gtr_epilepsy_gene_summary	GTR epilepsy gene summary	gtr_gene_summary	2.0	silver	ITIH4	resolved	gtr_clinical_testing_utilization	2541	274823ed3728a65b
fd999cfe696690f6	epilepsy	3704	ncbi_gene	ENSG00000125877	ensembl_gene	ITPA	genes4epilepsy	Genes4Epilepsy	literature_derived	1.0	bronze	ITPA	resolved		457	df78d628a4c1cc4e
fd999cfe696690f6	epilepsy	3704	ncbi_gene	ENSG00000125877	ensembl_gene	ITPA	gtr_epilepsy_gene_summary	GTR epilepsy gene summary	gtr_gene_summary	2.0	silver	ITPA	resolved	gtr_clinical_testing_utilization	87	7c11daac1b9cb543
b88b40c1ad5e2276	epilepsy	3708	ncbi_gene	ENSG00000150995	ensembl_gene	ITPR1	gtr_epilepsy_gene_summary	GTR epilepsy gene summary	gtr_gene_summary	2.0	silver	ITPR1	resolved	gtr_clinical_testing_utilization	988	25fe1e129aa6dbdf
ca336c65edb95d67	epilepsy	6453	ncbi_gene	ENSG00000205726	ensembl_gene	ITSN1	gtr_epilepsy_gene_summary	GTR epilepsy gene summary	gtr_gene_summary	2.0	silver	ITSN1	resolved	gtr_clinical_testing_utilization	2874	93e92d9b96e4057b
96b0bdd1349c6e8d	epilepsy	50618	ncbi_gene	ENSG00000198399	ensembl_gene	ITSN2	gtr_epilepsy_gene_summary	GTR epilepsy gene summary	gtr_gene_summary	2.0	silver	ITSN2	resolved	gtr_clinical_testing_utilization	2875	564295fa119ad1a7
10eb4e55adfa7b3d	epilepsy	3712	ncbi_gene	ENSG00000128928	ensembl_gene	IVD	gtr_epilepsy_gene_summary	GTR epilepsy gene summary	gtr_gene_summary	2.0	silver	IVD	resolved	gtr_clinical_testing_utilization	457	ecac8a0be4de3c26
308eff5a999bba8b	epilepsy	182	ncbi_gene	ENSG00000101384	ensembl_gene	JAG1	gtr_epilepsy_gene_summary	GTR epilepsy gene summary	gtr_gene_summary	2.0	silver	JAG1	resolved	gtr_clinical_testing_utilization	1080	653377732c5e9b48
bc564cd2a0939dbb	epilepsy	84522	ncbi_gene	ENSG00000171135	ensembl_gene	JAGN1	gtr_epilepsy_gene_summary	GTR epilepsy gene summary	gtr_gene_summary	2.0	silver	JAGN1	resolved	gtr_clinical_testing_utilization	3102	538e1d6aa87b5882
883876fc6377260b	epilepsy	3717	ncbi_gene	ENSG00000096968	ensembl_gene	JAK2	gtr_epilepsy_gene_summary	GTR epilepsy gene summary	gtr_gene_summary	2.0	silver	JAK2	resolved	gtr_clinical_testing_utilization	2371	43cbb57c952cd478
dd302fe76f5825db	epilepsy	3718	ncbi_gene	ENSG00000105639	ensembl_gene	JAK3	gtr_epilepsy_gene_summary	GTR epilepsy gene summary	gtr_gene_summary	2.0	silver	JAK3	resolved	gtr_clinical_testing_utilization	2099	2aee1623d4acbd4b
5e27c4e8d0977144	epilepsy	83700	ncbi_gene	ENSG00000166086	ensembl_gene	JAM3	gtr_epilepsy_gene_summary	GTR epilepsy gene summary	gtr_gene_summary	2.0	silver	JAM3	resolved	gtr_clinical_testing_utilization	1219	d8c76167203a3b3c
c970c6a06f93532e	epilepsy	3720	ncbi_gene	ENSG00000008083	ensembl_gene	JARID2	genes4epilepsy	Genes4Epilepsy	literature_derived	1.0	bronze	JARID2	resolved		458	73f46ea365d9b88e
847c29609da2508d	epilepsy	51528	ncbi_gene	ENSG00000050130	ensembl_gene	JKAMP	genes4epilepsy	Genes4Epilepsy	literature_derived	1.0	bronze	JKAMP	resolved		459	b07f42fa51064712
31938f2052e3d953	epilepsy	221037	ncbi_gene	ENSG00000171988	ensembl_gene	JMJD1C	genes4epilepsy	Genes4Epilepsy	literature_derived	1.0	bronze	JMJD1C	resolved		460	8948dfb893d4f68a
31938f2052e3d953	epilepsy	221037	ncbi_gene	ENSG00000171988	ensembl_gene	JMJD1C	gtr_epilepsy_gene_summary	GTR epilepsy gene summary	gtr_gene_summary	2.0	silver	JMJD1C	resolved	gtr_clinical_testing_utilization	1625	b8f488ffa2da14e8
ad91b290da7598ac	epilepsy	57158	ncbi_gene	ENSG00000149596	ensembl_gene	JPH2	gtr_epilepsy_gene_summary	GTR epilepsy gene summary	gtr_gene_summary	2.0	silver	JPH2	resolved	gtr_clinical_testing_utilization	1689	7d048f86d5cd90a3
aa9f3fffb15ca55d	epilepsy	57338	ncbi_gene	ENSG00000154118	ensembl_gene	JPH3	gtr_epilepsy_gene_summary	GTR epilepsy gene summary	gtr_gene_summary	2.0	silver	JPH3	resolved	gtr_clinical_testing_utilization	1944	720c1248b00370c8
83ef339003d55f70	epilepsy	8629	ncbi_gene	ENSG00000234616	ensembl_gene	JRK	gtr_epilepsy_gene_summary	GTR epilepsy gene summary	gtr_gene_summary	2.0	silver	JRK	resolved	gtr_clinical_testing_utilization	1726	8c0a4bad91ad5281
81a4c08a8836718a	epilepsy	3728	ncbi_gene	ENSG00000173801	ensembl_gene	JUP	gtr_epilepsy_gene_summary	GTR epilepsy gene summary	gtr_gene_summary	2.0	silver	JUP	resolved	gtr_clinical_testing_utilization	1181	79a9cc40464e5bb2
eb63db04a91ce8b9	epilepsy	23189	ncbi_gene	ENSG00000107104	ensembl_gene	KANK1	gtr_epilepsy_gene_summary	GTR epilepsy gene summary	gtr_gene_summary	2.0	silver	KANK1	resolved	gtr_clinical_testing_utilization	1974	cc5be72c3bd26d99
77d7e24b8e1c8989	epilepsy	163782	ncbi_gene	ENSG00000132854	ensembl_gene	KANK4	gtr_epilepsy_gene_summary	GTR epilepsy gene summary	gtr_gene_summary	2.0	silver	KANK4	resolved	gtr_clinical_testing_utilization	2636	ef5a02b7539e9f9f
283eb3f711dc1aaa	epilepsy	284058	ncbi_gene	ENSG00000275867	ensembl_gene	KANSL1	genes4epilepsy	Genes4Epilepsy	literature_derived	1.0	bronze	KANSL1	resolved		461	31d4456cd51ffd78
283eb3f711dc1aaa	epilepsy	284058	ncbi_gene	ENSG00000275867	ensembl_gene	KANSL1	gtr_epilepsy_gene_summary	GTR epilepsy gene summary	gtr_gene_summary	2.0	silver	KANSL1	resolved	gtr_clinical_testing_utilization	307	a35b2cb951f42687
6fb65f6a7420ddb7	epilepsy	644246	ncbi_gene	ENSG00000281569	ensembl_gene	KANSL1-AS1	gtr_epilepsy_gene_summary	GTR epilepsy gene summary	gtr_gene_summary	2.0	silver	KANSL1-AS1	resolved	gtr_clinical_testing_utilization	3103	1af452130f71503c
2a271f03412a2d0d	epilepsy	3735	ncbi_gene	ENSG00000065427	ensembl_gene	KARS1	genes4epilepsy	Genes4Epilepsy	literature_derived	1.0	bronze	KARS1	resolved		462	e99f6fa1fd733648
2a271f03412a2d0d	epilepsy	3735	ncbi_gene	ENSG00000065427	ensembl_gene	KARS1	gtr_epilepsy_gene_summary	GTR epilepsy gene summary	gtr_gene_summary	2.0	silver	KARS1	resolved	gtr_clinical_testing_utilization	691	0a91514b6280e12d
ed937ec438675716	epilepsy	8850	ncbi_gene	ENSG00000114166	ensembl_gene	KAT2B	gtr_epilepsy_gene_summary	GTR epilepsy gene summary	gtr_gene_summary	2.0	silver	KAT2B	resolved	gtr_clinical_testing_utilization	2876	f158881d69ada104
d01c473e4617103a	epilepsy	10524	ncbi_gene	ENSG00000172977	ensembl_gene	KAT5	genes4epilepsy	Genes4Epilepsy	literature_derived	1.0	bronze	KAT5	resolved		463	169bced347d9f46f
d01c473e4617103a	epilepsy	10524	ncbi_gene	ENSG00000172977	ensembl_gene	KAT5	gtr_epilepsy_gene_summary	GTR epilepsy gene summary	gtr_gene_summary	2.0	silver	KAT5	resolved	gtr_clinical_testing_utilization	3104	cc9c3f7f7a014da5
df286983f770cc4c	epilepsy	7994	ncbi_gene	ENSG00000083168	ensembl_gene	KAT6A	genes4epilepsy	Genes4Epilepsy	literature_derived	1.0	bronze	KAT6A	resolved		464	a55b11f551d38683
df286983f770cc4c	epilepsy	7994	ncbi_gene	ENSG00000083168	ensembl_gene	KAT6A	gtr_epilepsy_gene_summary	GTR epilepsy gene summary	gtr_gene_summary	2.0	silver	KAT6A	resolved	gtr_clinical_testing_utilization	620	9413c5bbfa4c7f02
a42c6120cfd7da31	epilepsy	23522	ncbi_gene	ENSG00000281813	ensembl_gene	KAT6B	gtr_epilepsy_gene_summary	GTR epilepsy gene summary	gtr_gene_summary	2.0	silver	KAT6B	resolved	gtr_clinical_testing_utilization	1160	1dccfc2d3cf647de
8b7de9817a398a8b	epilepsy	84148	ncbi_gene	ENSG00000103510	ensembl_gene	KAT8	genes4epilepsy	Genes4Epilepsy	literature_derived	1.0	bronze	KAT8	resolved		465	211d7c4ad47b23b3
7fc2d940f0e29c37	epilepsy	83473	ncbi_gene	ENSG00000167216	ensembl_gene	KATNAL2	gtr_epilepsy_gene_summary	GTR epilepsy gene summary	gtr_gene_summary	2.0	silver	KATNAL2	resolved	gtr_clinical_testing_utilization	1774	29cbf600c24fb776
7389b30935c558bf	epilepsy	10300	ncbi_gene	ENSG00000140854	ensembl_gene	KATNB1	genes4epilepsy	Genes4Epilepsy	literature_derived	1.0	bronze	KATNB1	resolved		466	10479a5fa03e7251
7389b30935c558bf	epilepsy	10300	ncbi_gene	ENSG00000140854	ensembl_gene	KATNB1	gtr_epilepsy_gene_summary	GTR epilepsy gene summary	gtr_gene_summary	2.0	silver	KATNB1	resolved	gtr_clinical_testing_utilization	292	f52adf40819c10ea
8a2b8398a857a157	epilepsy	23247	ncbi_gene	ENSG00000047578	ensembl_gene	KATNIP	gtr_epilepsy_gene_summary	GTR epilepsy gene summary	gtr_gene_summary	2.0	silver	KATNIP	resolved	gtr_clinical_testing_utilization	3105	288e7a89cefc15b6
cfdcaa949406c4f6	epilepsy	390594	ncbi_gene	ENSG00000234438	ensembl_gene	KBTBD13	gtr_epilepsy_gene_summary	GTR epilepsy gene summary	gtr_gene_summary	2.0	silver	KBTBD13	resolved	gtr_clinical_testing_utilization	1906	76d865a2fadc680c
4e30703ce7adfffd	epilepsy	3736	ncbi_gene	ENSG00000111262	ensembl_gene	KCNA1	genes4epilepsy	Genes4Epilepsy	literature_derived	1.0	bronze	KCNA1	resolved		467	a558dfac1c63e420
4e30703ce7adfffd	epilepsy	3736	ncbi_gene	ENSG00000111262	ensembl_gene	KCNA1	gtr_epilepsy_gene_summary	GTR epilepsy gene summary	gtr_gene_summary	2.0	silver	KCNA1	resolved	gtr_clinical_testing_utilization	200	9eff31f155744a1e
9053ffe282fe68a6	epilepsy	3737	ncbi_gene	ENSG00000177301	ensembl_gene	KCNA2	genes4epilepsy	Genes4Epilepsy	literature_derived	1.0	bronze	KCNA2	resolved		468	a505d26be83aa330
9053ffe282fe68a6	epilepsy	3737	ncbi_gene	ENSG00000177301	ensembl_gene	KCNA2	gtr_epilepsy_gene_summary	GTR epilepsy gene summary	gtr_gene_summary	2.0	silver	KCNA2	resolved	gtr_clinical_testing_utilization	56	f53cfc782523cdc8
51f226c733414a17	epilepsy	3738	ncbi_gene	ENSG00000177272	ensembl_gene	KCNA3	genes4epilepsy	Genes4Epilepsy	literature_derived	1.0	bronze	KCNA3	resolved		469	c6e51f44b1da8453
daa9a3e90315ed94	epilepsy	3739	ncbi_gene	ENSG00000182255	ensembl_gene	KCNA4	gtr_epilepsy_gene_summary	GTR epilepsy gene summary	gtr_gene_summary	2.0	silver	KCNA4	resolved	gtr_clinical_testing_utilization	2568	ebe6518cb16863a4
36fe080e78c0979d	epilepsy	3741	ncbi_gene	ENSG00000130037	ensembl_gene	KCNA5	gtr_epilepsy_gene_summary	GTR epilepsy gene summary	gtr_gene_summary	2.0	silver	KCNA5	resolved	gtr_clinical_testing_utilization	1690	096fa79239876fbc
957740d2c6cd21af	epilepsy	3742	ncbi_gene	ENSG00000151079	ensembl_gene	KCNA6	genes4epilepsy	Genes4Epilepsy	literature_derived	1.0	bronze	KCNA6	resolved		470	1be64d1efcb08c2a
57eecf6812f2da51	epilepsy	7881	ncbi_gene	ENSG00000169282	ensembl_gene	KCNAB1	gtr_epilepsy_gene_summary	GTR epilepsy gene summary	gtr_gene_summary	2.0	silver	KCNAB1	resolved	gtr_clinical_testing_utilization	2002	8f1fedc1e06ae910
78dab9228e0bb8d4	epilepsy	8514	ncbi_gene	ENSG00000069424	ensembl_gene	KCNAB2	gtr_epilepsy_gene_summary	GTR epilepsy gene summary	gtr_gene_summary	2.0	silver	KCNAB2	resolved	gtr_clinical_testing_utilization	3106	e56523e02b015ff9
21e673617c55de42	epilepsy	3745	ncbi_gene	ENSG00000158445	ensembl_gene	KCNB1	genes4epilepsy	Genes4Epilepsy	literature_derived	1.0	bronze	KCNB1	resolved		471	f76ad61aecc32758
21e673617c55de42	epilepsy	3745	ncbi_gene	ENSG00000158445	ensembl_gene	KCNB1	gtr_epilepsy_gene_summary	GTR epilepsy gene summary	gtr_gene_summary	2.0	silver	KCNB1	resolved	gtr_clinical_testing_utilization	49	67567ae74ee6fbf2
cd361772c34bb480	epilepsy	9312	ncbi_gene	ENSG00000182674	ensembl_gene	KCNB2	genes4epilepsy	Genes4Epilepsy	literature_derived	1.0	bronze	KCNB2	resolved		472	5647ecacec8d43fe
f28999d18bf1e314	epilepsy	3746	ncbi_gene	ENSG00000129159	ensembl_gene	KCNC1	genes4epilepsy	Genes4Epilepsy	literature_derived	1.0	bronze	KCNC1	resolved		473	1d9baedb6807fb24
f28999d18bf1e314	epilepsy	3746	ncbi_gene	ENSG00000129159	ensembl_gene	KCNC1	gtr_epilepsy_gene_summary	GTR epilepsy gene summary	gtr_gene_summary	2.0	silver	KCNC1	resolved	gtr_clinical_testing_utilization	57	22036e5465c28873
f3816adbbc70f902	epilepsy	3747	ncbi_gene	ENSG00000166006	ensembl_gene	KCNC2	genes4epilepsy	Genes4Epilepsy	literature_derived	1.0	bronze	KCNC2	resolved		474	0e1c08d6c7c29772
8a09d5c494f5b971	epilepsy	3748	ncbi_gene	ENSG00000131398	ensembl_gene	KCNC3	gtr_epilepsy_gene_summary	GTR epilepsy gene summary	gtr_gene_summary	2.0	silver	KCNC3	resolved	gtr_clinical_testing_utilization	985	14b12e0b9375a5f0
1910d3d14b3c0e98	epilepsy	3750	ncbi_gene	ENSG00000102057	ensembl_gene	KCND1	genes4epilepsy	Genes4Epilepsy	literature_derived	1.0	bronze	KCND1	resolved		475	aca528ad451f7941
e03790bf9b40a4a2	epilepsy	3751	ncbi_gene	ENSG00000184408	ensembl_gene	KCND2	genes4epilepsy	Genes4Epilepsy	literature_derived	1.0	bronze	KCND2	resolved		476	95f4d8db424a8a55
e03790bf9b40a4a2	epilepsy	3751	ncbi_gene	ENSG00000184408	ensembl_gene	KCND2	gtr_epilepsy_gene_summary	GTR epilepsy gene summary	gtr_gene_summary	2.0	silver	KCND2	resolved	gtr_clinical_testing_utilization	868	caf9bed37b136c09
2b5db73bee13d78a	epilepsy	3752	ncbi_gene	ENSG00000171385	ensembl_gene	KCND3	genes4epilepsy	Genes4Epilepsy	literature_derived	1.0	bronze	KCND3	resolved		477	5afd794a016c6113
2b5db73bee13d78a	epilepsy	3752	ncbi_gene	ENSG00000171385	ensembl_gene	KCND3	gtr_epilepsy_gene_summary	GTR epilepsy gene summary	gtr_gene_summary	2.0	silver	KCND3	resolved	gtr_clinical_testing_utilization	303	4a6f69ebe3267899
db03a83c29759436	epilepsy	3753	ncbi_gene	ENSG00000180509	ensembl_gene	KCNE1	gtr_epilepsy_gene_summary	GTR epilepsy gene summary	gtr_gene_summary	2.0	silver	KCNE1	resolved	gtr_clinical_testing_utilization	674	ebc3245af9b10762
b68aba0f88ef2143	epilepsy	9992	ncbi_gene	ENSG00000159197	ensembl_gene	KCNE2	gtr_epilepsy_gene_summary	GTR epilepsy gene summary	gtr_gene_summary	2.0	silver	KCNE2	resolved	gtr_clinical_testing_utilization	1184	03ffc3946054aa13
2981f2db82ab9277	epilepsy	10008	ncbi_gene	ENSG00000175538	ensembl_gene	KCNE3	gtr_epilepsy_gene_summary	GTR epilepsy gene summary	gtr_gene_summary	2.0	silver	KCNE3	resolved	gtr_clinical_testing_utilization	1148	6cd024cd18e49d86
77501511a1049f7c	epilepsy	23630	ncbi_gene	ENSG00000176076	ensembl_gene	KCNE5	gtr_epilepsy_gene_summary	GTR epilepsy gene summary	gtr_gene_summary	2.0	silver	KCNE5	resolved	gtr_clinical_testing_utilization	1691	401acf66fe4ed0c0
bbeb0f8ad06d34c5	epilepsy	3756	ncbi_gene	ENSG00000143473	ensembl_gene	KCNH1	genes4epilepsy	Genes4Epilepsy	literature_derived	1.0	bronze	KCNH1	resolved		478	a86b303e6e247bbd
bbeb0f8ad06d34c5	epilepsy	3756	ncbi_gene	ENSG00000143473	ensembl_gene	KCNH1	gtr_epilepsy_gene_summary	GTR epilepsy gene summary	gtr_gene_summary	2.0	silver	KCNH1	resolved	gtr_clinical_testing_utilization	310	452d8e68bb2a1af3
c0dcdf4d2678e964	epilepsy	3757	ncbi_gene	ENSG00000055118	ensembl_gene	KCNH2	gtr_epilepsy_gene_summary	GTR epilepsy gene summary	gtr_gene_summary	2.0	silver	KCNH2	resolved	gtr_clinical_testing_utilization	846	fead325ef2a7ac20
d93d18912bd89795	epilepsy	27133	ncbi_gene	ENSG00000140015	ensembl_gene	KCNH5	genes4epilepsy	Genes4Epilepsy	literature_derived	1.0	bronze	KCNH5	resolved		479	95fb74d3a8e9256a
d93d18912bd89795	epilepsy	27133	ncbi_gene	ENSG00000140015	ensembl_gene	KCNH5	gtr_epilepsy_gene_summary	GTR epilepsy gene summary	gtr_gene_summary	2.0	silver	KCNH5	resolved	gtr_clinical_testing_utilization	812	d1d45a52a7b65113
b0317c0c874c9168	epilepsy	90134	ncbi_gene	ENSG00000184611	ensembl_gene	KCNH7	genes4epilepsy	Genes4Epilepsy	literature_derived	1.0	bronze	KCNH7	resolved		480	b8fbb7777269734f
447d275f8367ffd0	epilepsy	131096	ncbi_gene	ENSG00000183960	ensembl_gene	KCNH8	gtr_epilepsy_gene_summary	GTR epilepsy gene summary	gtr_gene_summary	2.0	silver	KCNH8	resolved	gtr_clinical_testing_utilization	2350	9b1afceb1b5e0cf5
df83e86251bfda3a	epilepsy	3758	ncbi_gene	ENSG00000151704	ensembl_gene	KCNJ1	gtr_epilepsy_gene_summary	GTR epilepsy gene summary	gtr_gene_summary	2.0	silver	KCNJ1	resolved	gtr_clinical_testing_utilization	757	a3a5b5d5158ebfb5
2bee590fb48604d1	epilepsy	3766	ncbi_gene	ENSG00000177807	ensembl_gene	KCNJ10	genes4epilepsy	Genes4Epilepsy	literature_derived	1.0	bronze	KCNJ10	resolved		481	de214e2d685c274f
2bee590fb48604d1	epilepsy	3766	ncbi_gene	ENSG00000177807	ensembl_gene	KCNJ10	gtr_epilepsy_gene_summary	GTR epilepsy gene summary	gtr_gene_summary	2.0	silver	KCNJ10	resolved	gtr_clinical_testing_utilization	19	daf5300945a351d3
cf57519284fb41d1	epilepsy	3767	ncbi_gene	ENSG00000187486	ensembl_gene	KCNJ11	genes4epilepsy	Genes4Epilepsy	literature_derived	1.0	bronze	KCNJ11	resolved		482	acf46168aec63747
cf57519284fb41d1	epilepsy	3767	ncbi_gene	ENSG00000187486	ensembl_gene	KCNJ11	gtr_epilepsy_gene_summary	GTR epilepsy gene summary	gtr_gene_summary	2.0	silver	KCNJ11	resolved	gtr_clinical_testing_utilization	1284	4a2744ab0eb7afa6
ccc2b5f4552bfa9f	epilepsy	3769	ncbi_gene	ENSG00000115474	ensembl_gene	KCNJ13	gtr_epilepsy_gene_summary	GTR epilepsy gene summary	gtr_gene_summary	2.0	silver	KCNJ13	resolved	gtr_clinical_testing_utilization	3107	b5b2348c80a8b2e0
4e5be8cc3a2ab7d4	epilepsy	3759	ncbi_gene	ENSG00000123700	ensembl_gene	KCNJ2	gtr_epilepsy_gene_summary	GTR epilepsy gene summary	gtr_gene_summary	2.0	silver	KCNJ2	resolved	gtr_clinical_testing_utilization	693	43838afed0ecd5f7
59616ab46f752ff2	epilepsy	3762	ncbi_gene	ENSG00000120457	ensembl_gene	KCNJ5	gtr_epilepsy_gene_summary	GTR epilepsy gene summary	gtr_gene_summary	2.0	silver	KCNJ5	resolved	gtr_clinical_testing_utilization	1185	6c960ddbaf27af21
685e4d9829752326	epilepsy	3763	ncbi_gene	ENSG00000157542	ensembl_gene	KCNJ6	gtr_epilepsy_gene_summary	GTR epilepsy gene summary	gtr_gene_summary	2.0	silver	KCNJ6	resolved	gtr_clinical_testing_utilization	1220	cda5479d9571643e
9c0efeebc787a6bf	epilepsy	3764	ncbi_gene	ENSG00000121361	ensembl_gene	KCNJ8	gtr_epilepsy_gene_summary	GTR epilepsy gene summary	gtr_gene_summary	2.0	silver	KCNJ8	resolved	gtr_clinical_testing_utilization	1149	df62291c79b42b3e
0d3a075e5b6ed754	epilepsy	50801	ncbi_gene	ENSG00000182450	ensembl_gene	KCNK4	genes4epilepsy	Genes4Epilepsy	literature_derived	1.0	bronze	KCNK4	resolved		483	43108e1f93ec8120
0d3a075e5b6ed754	epilepsy	50801	ncbi_gene	ENSG00000182450	ensembl_gene	KCNK4	gtr_epilepsy_gene_summary	GTR epilepsy gene summary	gtr_gene_summary	2.0	silver	KCNK4	resolved	gtr_clinical_testing_utilization	1586	f0b9dbe7ed3cd6ae
8b69c863424d8240	epilepsy	51305	ncbi_gene	ENSG00000169427	ensembl_gene	KCNK9	gtr_epilepsy_gene_summary	GTR epilepsy gene summary	gtr_gene_summary	2.0	silver	KCNK9	resolved	gtr_clinical_testing_utilization	3108	d2814087a7bac2ed
a6016a9ec7275c5f	epilepsy	3778	ncbi_gene	ENSG00000156113	ensembl_gene	KCNMA1	genes4epilepsy	Genes4Epilepsy	literature_derived	1.0	bronze	KCNMA1	resolved		484	4988f13f665fcd0f
a6016a9ec7275c5f	epilepsy	3778	ncbi_gene	ENSG00000156113	ensembl_gene	KCNMA1	gtr_epilepsy_gene_summary	GTR epilepsy gene summary	gtr_gene_summary	2.0	silver	KCNMA1	resolved	gtr_clinical_testing_utilization	78	01bde8b5fb3f745f
580e236ed811c042	epilepsy	3781	ncbi_gene	ENSG00000080709	ensembl_gene	KCNN2	genes4epilepsy	Genes4Epilepsy	literature_derived	1.0	bronze	KCNN2	resolved		485	7e8d5b8467e716e2
c7e9730fa10c22cc	epilepsy	3784	ncbi_gene	ENSG00000053918	ensembl_gene	KCNQ1	gtr_epilepsy_gene_summary	GTR epilepsy gene summary	gtr_gene_summary	2.0	silver	KCNQ1	resolved	gtr_clinical_testing_utilization	530	a50fb9ba852cc790
de38cb7d9a3080ad	epilepsy	3785	ncbi_gene	ENSG00000281151	ensembl_gene	KCNQ2	genes4epilepsy	Genes4Epilepsy	literature_derived	1.0	bronze	KCNQ2	resolved		486	2906ba8d56320c42
de38cb7d9a3080ad	epilepsy	3785	ncbi_gene	ENSG00000281151	ensembl_gene	KCNQ2	gtr_epilepsy_gene_summary	GTR epilepsy gene summary	gtr_gene_summary	2.0	silver	KCNQ2	resolved	gtr_clinical_testing_utilization	7	8d383e05d0e9b448
dc4d6ad8d7c2833f	epilepsy	3786	ncbi_gene	ENSG00000184156	ensembl_gene	KCNQ3	genes4epilepsy	Genes4Epilepsy	literature_derived	1.0	bronze	KCNQ3	resolved		487	ee3512992b5457e6
dc4d6ad8d7c2833f	epilepsy	3786	ncbi_gene	ENSG00000184156	ensembl_gene	KCNQ3	gtr_epilepsy_gene_summary	GTR epilepsy gene summary	gtr_gene_summary	2.0	silver	KCNQ3	resolved	gtr_clinical_testing_utilization	25	b24c1c18f2d37d73
b7df3bb0d1ca9cfc	epilepsy	9132	ncbi_gene	ENSG00000117013	ensembl_gene	KCNQ4	gtr_epilepsy_gene_summary	GTR epilepsy gene summary	gtr_gene_summary	2.0	silver	KCNQ4	resolved	gtr_clinical_testing_utilization	1354	4f449d7191885d0a
0d5f8519253fa1e5	epilepsy	56479	ncbi_gene	ENSG00000185760	ensembl_gene	KCNQ5	genes4epilepsy	Genes4Epilepsy	literature_derived	1.0	bronze	KCNQ5	resolved		488	d405f4640a04dcff
0d5f8519253fa1e5	epilepsy	56479	ncbi_gene	ENSG00000185760	ensembl_gene	KCNQ5	gtr_epilepsy_gene_summary	GTR epilepsy gene summary	gtr_gene_summary	2.0	silver	KCNQ5	resolved	gtr_clinical_testing_utilization	947	f64c18ff3c340326
74958ee4f1d75f88	epilepsy	57582	ncbi_gene	ENSG00000107147	ensembl_gene	KCNT1	genes4epilepsy	Genes4Epilepsy	literature_derived	1.0	bronze	KCNT1	resolved		489	b43aecfe5ca65869
74958ee4f1d75f88	epilepsy	57582	ncbi_gene	ENSG00000107147	ensembl_gene	KCNT1	gtr_epilepsy_gene_summary	GTR epilepsy gene summary	gtr_gene_summary	2.0	silver	KCNT1	resolved	gtr_clinical_testing_utilization	36	7950f6afb2428f32
64cda5d3fbbb7566	epilepsy	343450	ncbi_gene	ENSG00000162687	ensembl_gene	KCNT2	genes4epilepsy	Genes4Epilepsy	literature_derived	1.0	bronze	KCNT2	resolved		490	7f0282d941ae0d75
64cda5d3fbbb7566	epilepsy	343450	ncbi_gene	ENSG00000162687	ensembl_gene	KCNT2	gtr_epilepsy_gene_summary	GTR epilepsy gene summary	gtr_gene_summary	2.0	silver	KCNT2	resolved	gtr_clinical_testing_utilization	384	cd6bac6823443c70
1424730ccaf83041	epilepsy	169522	ncbi_gene	ENSG00000168263	ensembl_gene	KCNV2	gtr_epilepsy_gene_summary	GTR epilepsy gene summary	gtr_gene_summary	2.0	silver	KCNV2	resolved	gtr_clinical_testing_utilization	3109	6dd04751ad661e7a
48ae111c52c967ed	epilepsy	79734	ncbi_gene	ENSG00000100379	ensembl_gene	KCTD17	gtr_epilepsy_gene_summary	GTR epilepsy gene summary	gtr_gene_summary	2.0	silver	KCTD17	resolved	gtr_clinical_testing_utilization	919	09855b099d605aff
2c1b2a8dd1f6c922	epilepsy	51133	ncbi_gene	ENSG00000136636	ensembl_gene	KCTD3	genes4epilepsy	Genes4Epilepsy	literature_derived	1.0	bronze	KCTD3	resolved		491	7a901f1cd3c3e57f
2c1b2a8dd1f6c922	epilepsy	51133	ncbi_gene	ENSG00000136636	ensembl_gene	KCTD3	gtr_epilepsy_gene_summary	GTR epilepsy gene summary	gtr_gene_summary	2.0	silver	KCTD3	resolved	gtr_clinical_testing_utilization	1408	c20c57c206f95417
5114d5c1b1cbada3	epilepsy	154881	ncbi_gene	ENSG00000243335	ensembl_gene	KCTD7	genes4epilepsy	Genes4Epilepsy	literature_derived	1.0	bronze	KCTD7	resolved		492	b7c4d8c8c07b0351
5114d5c1b1cbada3	epilepsy	154881	ncbi_gene	ENSG00000243335	ensembl_gene	KCTD7	gtr_epilepsy_gene_summary	GTR epilepsy gene summary	gtr_gene_summary	2.0	silver	KCTD7	resolved	gtr_clinical_testing_utilization	13	6edf8449e19b1eca
30e77d443d50d284	epilepsy	23028	ncbi_gene	ENSG00000004487	ensembl_gene	KDM1A	gtr_epilepsy_gene_summary	GTR epilepsy gene summary	gtr_gene_summary	2.0	silver	KDM1A	resolved	gtr_clinical_testing_utilization	1882	ac4385b9d51cf674
a1e8dfc6988935d7	epilepsy	22992	ncbi_gene	ENSG00000173120	ensembl_gene	KDM2A	genes4epilepsy	Genes4Epilepsy	literature_derived	1.0	bronze	KDM2A	resolved		493	82ebac16178ec9bd
ddab90cff516ea27	epilepsy	84678	ncbi_gene	ENSG00000089094	ensembl_gene	KDM2B	genes4epilepsy	Genes4Epilepsy	literature_derived	1.0	bronze	KDM2B	resolved		494	c985a2b34eae6431
ddab90cff516ea27	epilepsy	84678	ncbi_gene	ENSG00000089094	ensembl_gene	KDM2B	gtr_epilepsy_gene_summary	GTR epilepsy gene summary	gtr_gene_summary	2.0	silver	KDM2B	resolved	gtr_clinical_testing_utilization	3110	23b870b1dcdf4237
c3b07fbb33cb1886	epilepsy	23030	ncbi_gene	ENSG00000127663	ensembl_gene	KDM4B	genes4epilepsy	Genes4Epilepsy	literature_derived	1.0	bronze	KDM4B	resolved		495	ac15046d96321760
37c4b1279427e617	epilepsy	5927	ncbi_gene	ENSG00000073614	ensembl_gene	KDM5A	genes4epilepsy	Genes4Epilepsy	literature_derived	1.0	bronze	KDM5A	resolved		496	b3e638b2baf71f1b
160700d360a61975	epilepsy	10765	ncbi_gene	ENSG00000117139	ensembl_gene	KDM5B	gtr_epilepsy_gene_summary	GTR epilepsy gene summary	gtr_gene_summary	2.0	silver	KDM5B	resolved	gtr_clinical_testing_utilization	3111	fb5962ca9ca8fb19
31a74c89d0c21071	epilepsy	8242	ncbi_gene	ENSG00000126012	ensembl_gene	KDM5C	genes4epilepsy	Genes4Epilepsy	literature_derived	1.0	bronze	KDM5C	resolved		497	f38c151c8a575a68
31a74c89d0c21071	epilepsy	8242	ncbi_gene	ENSG00000126012	ensembl_gene	KDM5C	gtr_epilepsy_gene_summary	GTR epilepsy gene summary	gtr_gene_summary	2.0	silver	KDM5C	resolved	gtr_clinical_testing_utilization	198	ec80b3d500a84c9b
39e72e6d9d841d28	epilepsy	7403	ncbi_gene	ENSG00000147050	ensembl_gene	KDM6A	genes4epilepsy	Genes4Epilepsy	literature_derived	1.0	bronze	KDM6A	resolved		498	cedc3712c1024740
39e72e6d9d841d28	epilepsy	7403	ncbi_gene	ENSG00000147050	ensembl_gene	KDM6A	gtr_epilepsy_gene_summary	GTR epilepsy gene summary	gtr_gene_summary	2.0	silver	KDM6A	resolved	gtr_clinical_testing_utilization	502	9cdb344483ce530d
32f3a3569d230ffe	epilepsy	9786	ncbi_gene	ENSG00000100578	ensembl_gene	KIAA0586	gtr_epilepsy_gene_summary	GTR epilepsy gene summary	gtr_gene_summary	2.0	silver	KIAA0586	resolved	gtr_clinical_testing_utilization	3112	dd0f3fcac29d6fbb
a1300ea81a7d798c	epilepsy	9851	ncbi_gene	ENSG00000198920	ensembl_gene	KIAA0753	gtr_epilepsy_gene_summary	GTR epilepsy gene summary	gtr_gene_summary	2.0	silver	KIAA0753	resolved	gtr_clinical_testing_utilization	3113	229f43cdabbbfbb7
4c50089cd0f6d9f4	epilepsy	144577	ncbi_gene	ENSG00000174206	ensembl_gene	KICS2	genes4epilepsy	Genes4Epilepsy	literature_derived	1.0	bronze	KICS2	resolved		499	32d347cccbd089c0
c99dbf9423f23a39	epilepsy	3832	ncbi_gene	ENSG00000138160	ensembl_gene	KIF11	gtr_epilepsy_gene_summary	GTR epilepsy gene summary	gtr_gene_summary	2.0	silver	KIF11	resolved	gtr_clinical_testing_utilization	701	c0cbe5a6160f1cc4
5065d545b368ba56	epilepsy	113220	ncbi_gene	ENSG00000136883	ensembl_gene	KIF12	gtr_epilepsy_gene_summary	GTR epilepsy gene summary	gtr_gene_summary	2.0	silver	KIF12	resolved	gtr_clinical_testing_utilization	3114	647209048d916ace
955a809ecdbc77c6	epilepsy	9928	ncbi_gene	ENSG00000118193	ensembl_gene	KIF14	gtr_epilepsy_gene_summary	GTR epilepsy gene summary	gtr_gene_summary	2.0	silver	KIF14	resolved	gtr_clinical_testing_utilization	1431	be3ff9fb1ab1b75b
924f5d51bd0f0aed	epilepsy	547	ncbi_gene	ENSG00000130294	ensembl_gene	KIF1A	genes4epilepsy	Genes4Epilepsy	literature_derived	1.0	bronze	KIF1A	resolved		500	e7db5abc7174d8b0
924f5d51bd0f0aed	epilepsy	547	ncbi_gene	ENSG00000130294	ensembl_gene	KIF1A	gtr_epilepsy_gene_summary	GTR epilepsy gene summary	gtr_gene_summary	2.0	silver	KIF1A	resolved	gtr_clinical_testing_utilization	302	0a1d6f8bb1bf42c8
2996aaf36c675f34	epilepsy	10749	ncbi_gene	ENSG00000129250	ensembl_gene	KIF1C	gtr_epilepsy_gene_summary	GTR epilepsy gene summary	gtr_gene_summary	2.0	silver	KIF1C	resolved	gtr_clinical_testing_utilization	1571	c7b8a7f3702cd9a1
b70121faab3049f5	epilepsy	55605	ncbi_gene	ENSG00000139116	ensembl_gene	KIF21A	gtr_epilepsy_gene_summary	GTR epilepsy gene summary	gtr_gene_summary	2.0	silver	KIF21A	resolved	gtr_clinical_testing_utilization	2257	fed404bb986d7a41
be0c742adadb32f0	epilepsy	9493	ncbi_gene	ENSG00000137807	ensembl_gene	KIF23	gtr_epilepsy_gene_summary	GTR epilepsy gene summary	gtr_gene_summary	2.0	silver	KIF23	resolved	gtr_clinical_testing_utilization	1719	e4763d892abb6ffe
2565d62f0b476682	epilepsy	347240	ncbi_gene	ENSG00000186638	ensembl_gene	KIF24	gtr_epilepsy_gene_summary	GTR epilepsy gene summary	gtr_gene_summary	2.0	silver	KIF24	resolved	gtr_clinical_testing_utilization	2463	e4113aacbaf3789b
f3749fd6a6f9cc8d	epilepsy	3796	ncbi_gene	ENSG00000068796	ensembl_gene	KIF2A	genes4epilepsy	Genes4Epilepsy	literature_derived	1.0	bronze	KIF2A	resolved		501	4e66919f080a5e37
f3749fd6a6f9cc8d	epilepsy	3796	ncbi_gene	ENSG00000068796	ensembl_gene	KIF2A	gtr_epilepsy_gene_summary	GTR epilepsy gene summary	gtr_gene_summary	2.0	silver	KIF2A	resolved	gtr_clinical_testing_utilization	382	252f025a38fa5ea5
cd86862ae6406296	epilepsy	24137	ncbi_gene	ENSG00000090889	ensembl_gene	KIF4A	gtr_epilepsy_gene_summary	GTR epilepsy gene summary	gtr_gene_summary	2.0	silver	KIF4A	resolved	gtr_clinical_testing_utilization	1029	9f60e02510c0d803
17a626f1523b11f7	epilepsy	3798	ncbi_gene	ENSG00000155980	ensembl_gene	KIF5A	genes4epilepsy	Genes4Epilepsy	literature_derived	1.0	bronze	KIF5A	resolved		502	1511072deda45502
17a626f1523b11f7	epilepsy	3798	ncbi_gene	ENSG00000155980	ensembl_gene	KIF5A	gtr_epilepsy_gene_summary	GTR epilepsy gene summary	gtr_gene_summary	2.0	silver	KIF5A	resolved	gtr_clinical_testing_utilization	929	a8c7680185267e3c
1ca1b807328689b0	epilepsy	3799	ncbi_gene	ENSG00000170759	ensembl_gene	KIF5B	genes4epilepsy	Genes4Epilepsy	literature_derived	1.0	bronze	KIF5B	resolved		503	2bcc9e5231c563d6
a351558d451a0c44	epilepsy	3800	ncbi_gene	ENSG00000276734	ensembl_gene	KIF5C	genes4epilepsy	Genes4Epilepsy	literature_derived	1.0	bronze	KIF5C	resolved		504	94aa278383d4b17c
a351558d451a0c44	epilepsy	3800	ncbi_gene	ENSG00000276734	ensembl_gene	KIF5C	gtr_epilepsy_gene_summary	GTR epilepsy gene summary	gtr_gene_summary	2.0	silver	KIF5C	resolved	gtr_clinical_testing_utilization	488	b71a9a64a78d659a
a6a8c4b2c56f5bc2	epilepsy	374654	ncbi_gene	ENSG00000166813	ensembl_gene	KIF7	gtr_epilepsy_gene_summary	GTR epilepsy gene summary	gtr_gene_summary	2.0	silver	KIF7	resolved	gtr_clinical_testing_utilization	699	622adc69b72c2ff3
0fb1e8058593ce67	epilepsy	26128	ncbi_gene	ENSG00000198954	ensembl_gene	KIFBP	genes4epilepsy	Genes4Epilepsy	literature_derived	1.0	bronze	KIFBP	resolved		505	30c7f1ba10c7b102
0fb1e8058593ce67	epilepsy	26128	ncbi_gene	ENSG00000198954	ensembl_gene	KIFBP	gtr_epilepsy_gene_summary	GTR epilepsy gene summary	gtr_gene_summary	2.0	silver	KIFBP	resolved	gtr_clinical_testing_utilization	997	ab455629364696c2
2af7702b6ca7dce9	epilepsy	55243	ncbi_gene	ENSG00000183853	ensembl_gene	KIRREL1	gtr_epilepsy_gene_summary	GTR epilepsy gene summary	gtr_gene_summary	2.0	silver	KIRREL1	resolved	gtr_clinical_testing_utilization	2877	e7adab653919f962
82d7db753b2e2d64	epilepsy	84623	ncbi_gene	ENSG00000149571	ensembl_gene	KIRREL3	gtr_epilepsy_gene_summary	GTR epilepsy gene summary	gtr_gene_summary	2.0	silver	KIRREL3	resolved	gtr_clinical_testing_utilization	2032	7c01a9748f6f45af
8a5fa7bda8317111	epilepsy	3814	ncbi_gene	ENSG00000170498	ensembl_gene	KISS1	gtr_epilepsy_gene_summary	GTR epilepsy gene summary	gtr_gene_summary	2.0	silver	KISS1	resolved	gtr_clinical_testing_utilization	3115	0f69610a4852dae3
9fa8315e8896122d	epilepsy	4254	ncbi_gene	ENSG00000049130	ensembl_gene	KITLG	gtr_epilepsy_gene_summary	GTR epilepsy gene summary	gtr_gene_summary	2.0	silver	KITLG	resolved	gtr_clinical_testing_utilization	1907	fd14462ec58d5b58
d84fd882f992b388	epilepsy	152831	ncbi_gene	ENSG00000134962	ensembl_gene	KLB	gtr_epilepsy_gene_summary	GTR epilepsy gene summary	gtr_gene_summary	2.0	silver	KLB	resolved	gtr_clinical_testing_utilization	2878	d747c35b40dedb65
a72702951001e10f	epilepsy	89953	ncbi_gene	ENSG00000137171	ensembl_gene	KLC4	gtr_epilepsy_gene_summary	GTR epilepsy gene summary	gtr_gene_summary	2.0	silver	KLC4	resolved	gtr_clinical_testing_utilization	1840	fae67114656bc9d3
2c1fde6b3ab802bd	epilepsy	51621	ncbi_gene	ENSG00000275746	ensembl_gene	KLF13	gtr_epilepsy_gene_summary	GTR epilepsy gene summary	gtr_gene_summary	2.0	silver	KLF13	resolved	gtr_clinical_testing_utilization	3116	03ed3fdc1075dabc
b5e5156ec5efa94f	epilepsy	10365	ncbi_gene	ENSG00000127528	ensembl_gene	KLF2	gtr_epilepsy_gene_summary	GTR epilepsy gene summary	gtr_gene_summary	2.0	silver	KLF2	resolved	gtr_clinical_testing_utilization	3117	d11df4dbce27637e
fc3ddbbf4031d852	epilepsy	11279	ncbi_gene	ENSG00000102349	ensembl_gene	KLF8	gtr_epilepsy_gene_summary	GTR epilepsy gene summary	gtr_gene_summary	2.0	silver	KLF8	resolved	gtr_clinical_testing_utilization	1574	f588719013c4a9e2
04bfdf4751386ab2	epilepsy	80311	ncbi_gene	ENSG00000174010	ensembl_gene	KLHL15	gtr_epilepsy_gene_summary	GTR epilepsy gene summary	gtr_gene_summary	2.0	silver	KLHL15	resolved	gtr_clinical_testing_utilization	1221	280159a05c7ddfad
da85bb254bd9720b	epilepsy	27252	ncbi_gene	ENSG00000076321	ensembl_gene	KLHL20	genes4epilepsy	Genes4Epilepsy	literature_derived	1.0	bronze	KLHL20	resolved		506	568dd108eab4e304
9963b3f701bd4fe4	epilepsy	9903	ncbi_gene	ENSG00000162413	ensembl_gene	KLHL21	gtr_epilepsy_gene_summary	GTR epilepsy gene summary	gtr_gene_summary	2.0	silver	KLHL21	resolved	gtr_clinical_testing_utilization	2464	d08bbbcea41073b4
3d31c8b141681e73	epilepsy	131377	ncbi_gene	ENSG00000157119	ensembl_gene	KLHL40	gtr_epilepsy_gene_summary	GTR epilepsy gene summary	gtr_gene_summary	2.0	silver	KLHL40	resolved	gtr_clinical_testing_utilization	2003	078de00a7427ac48
3cc2af72418f656b	epilepsy	10324	ncbi_gene	ENSG00000239474	ensembl_gene	KLHL41	gtr_epilepsy_gene_summary	GTR epilepsy gene summary	gtr_gene_summary	2.0	silver	KLHL41	resolved	gtr_clinical_testing_utilization	1379	89e84b6a4f74d8f4
2ad47dbeeeb5b020	epilepsy	55975	ncbi_gene	ENSG00000122550	ensembl_gene	KLHL7	gtr_epilepsy_gene_summary	GTR epilepsy gene summary	gtr_gene_summary	2.0	silver	KLHL7	resolved	gtr_clinical_testing_utilization	3118	8b8d54d81e5c0aec
bd0d18c2aaf1b62a	epilepsy	55958	ncbi_gene	ENSG00000198642	ensembl_gene	KLHL9	gtr_epilepsy_gene_summary	GTR epilepsy gene summary	gtr_gene_summary	2.0	silver	KLHL9	resolved	gtr_clinical_testing_utilization	3119	a92cc03b432ab5f2
5274dd2ede379cad	epilepsy	100144748	ncbi_gene	ENSG00000283059	ensembl_gene	KLLN	gtr_epilepsy_gene_summary	GTR epilepsy gene summary	gtr_gene_summary	2.0	silver	KLLN	resolved	gtr_clinical_testing_utilization	2004	744283a41f2c9362
bf60219c3d561c18	epilepsy	8302	ncbi_gene	ENSG00000183542	ensembl_gene	KLRC4	gtr_epilepsy_gene_summary	GTR epilepsy gene summary	gtr_gene_summary	2.0	silver	KLRC4	resolved	gtr_clinical_testing_utilization	3120	43ce03618f3036ec
5077ba227c9b76de	epilepsy	4297	ncbi_gene	ENSG00000118058	ensembl_gene	KMT2A	genes4epilepsy	Genes4Epilepsy	literature_derived	1.0	bronze	KMT2A	resolved		507	c2f2aa0459e93c6a
5077ba227c9b76de	epilepsy	4297	ncbi_gene	ENSG00000118058	ensembl_gene	KMT2A	gtr_epilepsy_gene_summary	GTR epilepsy gene summary	gtr_gene_summary	2.0	silver	KMT2A	resolved	gtr_clinical_testing_utilization	399	db101f28ca34d2a5
54a31fc6c391f56d	epilepsy	9757	ncbi_gene	ENSG00000272333	ensembl_gene	KMT2B	genes4epilepsy	Genes4Epilepsy	literature_derived	1.0	bronze	KMT2B	resolved		508	260853e0d0964653
54a31fc6c391f56d	epilepsy	9757	ncbi_gene	ENSG00000272333	ensembl_gene	KMT2B	gtr_epilepsy_gene_summary	GTR epilepsy gene summary	gtr_gene_summary	2.0	silver	KMT2B	resolved	gtr_clinical_testing_utilization	2879	8804048c29aec024
ed1c3747c667648b	epilepsy	58508	ncbi_gene	ENSG00000055609	ensembl_gene	KMT2C	genes4epilepsy	Genes4Epilepsy	literature_derived	1.0	bronze	KMT2C	resolved		509	1e827103937bdef4
ed1c3747c667648b	epilepsy	58508	ncbi_gene	ENSG00000055609	ensembl_gene	KMT2C	gtr_epilepsy_gene_summary	GTR epilepsy gene summary	gtr_gene_summary	2.0	silver	KMT2C	resolved	gtr_clinical_testing_utilization	1759	aa149046f6729e25
04f61be46e645e2c	epilepsy	8085	ncbi_gene	ENSG00000167548	ensembl_gene	KMT2D	genes4epilepsy	Genes4Epilepsy	literature_derived	1.0	bronze	KMT2D	resolved		510	c61c25d1983b205c
04f61be46e645e2c	epilepsy	8085	ncbi_gene	ENSG00000167548	ensembl_gene	KMT2D	gtr_epilepsy_gene_summary	GTR epilepsy gene summary	gtr_gene_summary	2.0	silver	KMT2D	resolved	gtr_clinical_testing_utilization	518	544da7587abf97aa
a163f63616f2bbb6	epilepsy	55904	ncbi_gene	ENSG00000005483	ensembl_gene	KMT2E	genes4epilepsy	Genes4Epilepsy	literature_derived	1.0	bronze	KMT2E	resolved		511	e8751954479cd69d
a163f63616f2bbb6	epilepsy	55904	ncbi_gene	ENSG00000005483	ensembl_gene	KMT2E	gtr_epilepsy_gene_summary	GTR epilepsy gene summary	gtr_gene_summary	2.0	silver	KMT2E	resolved	gtr_clinical_testing_utilization	3121	abe9ef86f7d67964
ec1fc7dfafa911f4	epilepsy	51111	ncbi_gene	ENSG00000110066	ensembl_gene	KMT5B	genes4epilepsy	Genes4Epilepsy	literature_derived	1.0	bronze	KMT5B	resolved		512	0aec9824ea8c66af
d357cfb350793195	epilepsy	57082	ncbi_gene	ENSG00000137812	ensembl_gene	KNL1	gtr_epilepsy_gene_summary	GTR epilepsy gene summary	gtr_gene_summary	2.0	silver	KNL1	resolved	gtr_clinical_testing_utilization	1334	eb7b05314463b192
6883e871e35d350f	epilepsy	402569	ncbi_gene	ENSG00000185467	ensembl_gene	KPNA7	gtr_epilepsy_gene_summary	GTR epilepsy gene summary	gtr_gene_summary	2.0	silver	KPNA7	resolved	gtr_clinical_testing_utilization	2033	e654ea5dde91a4b6
655f327940561ec5	epilepsy	11133	ncbi_gene	ENSG00000118162	ensembl_gene	KPTN	genes4epilepsy	Genes4Epilepsy	literature_derived	1.0	bronze	KPTN	resolved		513	2333743edbbafe30
655f327940561ec5	epilepsy	11133	ncbi_gene	ENSG00000118162	ensembl_gene	KPTN	gtr_epilepsy_gene_summary	GTR epilepsy gene summary	gtr_gene_summary	2.0	silver	KPTN	resolved	gtr_clinical_testing_utilization	952	710f718a6d5ee84c
0f332b5a8e110706	epilepsy	3845	ncbi_gene	ENSG00000133703	ensembl_gene	KRAS	gtr_epilepsy_gene_summary	GTR epilepsy gene summary	gtr_gene_summary	2.0	silver	KRAS	resolved	gtr_clinical_testing_utilization	277	8df314e39f7f2a7a
836a8885a8057d6f	epilepsy	889	ncbi_gene	ENSG00000001631	ensembl_gene	KRIT1	genes4epilepsy	Genes4Epilepsy	literature_derived	1.0	bronze	KRIT1	resolved		514	b125edb724b7906b
836a8885a8057d6f	epilepsy	889	ncbi_gene	ENSG00000001631	ensembl_gene	KRIT1	gtr_epilepsy_gene_summary	GTR epilepsy gene summary	gtr_gene_summary	2.0	silver	KRIT1	resolved	gtr_clinical_testing_utilization	974	8f85e55c7f20a866
380cd4603f9f36d4	epilepsy	3856	ncbi_gene	ENSG00000170421	ensembl_gene	KRT8	gtr_epilepsy_gene_summary	GTR epilepsy gene summary	gtr_gene_summary	2.0	silver	KRT8	resolved	gtr_clinical_testing_utilization	2372	ef124c831aab4a9c
3f6067ac370f7c1d	epilepsy	3889	ncbi_gene	ENSG00000170523	ensembl_gene	KRT83	gtr_epilepsy_gene_summary	GTR epilepsy gene summary	gtr_gene_summary	2.0	silver	KRT83	resolved	gtr_clinical_testing_utilization	3122	dd5fac052237d641
3385c241d0501809	epilepsy	283455	ncbi_gene	ENSG00000171435	ensembl_gene	KSR2	gtr_epilepsy_gene_summary	GTR epilepsy gene summary	gtr_gene_summary	2.0	silver	KSR2	resolved	gtr_clinical_testing_utilization	1975	b17fafccab6c972d
0aa2c88e50715c32	epilepsy	8942	ncbi_gene	ENSG00000115919	ensembl_gene	KYNU	gtr_epilepsy_gene_summary	GTR epilepsy gene summary	gtr_gene_summary	2.0	silver	KYNU	resolved	gtr_clinical_testing_utilization	2781	ad2d89ea60970978
7c7657265effb69c	epilepsy	3897	ncbi_gene	ENSG00000198910	ensembl_gene	L1CAM	gtr_epilepsy_gene_summary	GTR epilepsy gene summary	gtr_gene_summary	2.0	silver	L1CAM	resolved	gtr_clinical_testing_utilization	180	d0882fdd781584fe
b02016680dd6d0ee	epilepsy	79944	ncbi_gene	ENSG00000087299	ensembl_gene	L2HGDH	genes4epilepsy	Genes4Epilepsy	literature_derived	1.0	bronze	L2HGDH	resolved		515	fce8372489cbeff0
b02016680dd6d0ee	epilepsy	79944	ncbi_gene	ENSG00000087299	ensembl_gene	L2HGDH	gtr_epilepsy_gene_summary	GTR epilepsy gene summary	gtr_gene_summary	2.0	silver	L2HGDH	resolved	gtr_clinical_testing_utilization	536	1b20ddc0f9916cfb
b6ad8c4fa85343fd	epilepsy	8270	ncbi_gene	ENSG00000196976	ensembl_gene	LAGE3	gtr_epilepsy_gene_summary	GTR epilepsy gene summary	gtr_gene_summary	2.0	silver	LAGE3	resolved	gtr_clinical_testing_utilization	1285	fc56cd49f218c1a4
b7625a34a4b7c4dd	epilepsy	284217	ncbi_gene	ENSG00000101680	ensembl_gene	LAMA1	gtr_epilepsy_gene_summary	GTR epilepsy gene summary	gtr_gene_summary	2.0	silver	LAMA1	resolved	gtr_clinical_testing_utilization	1277	79d6ea7a9468510a
1d99db28ddcff556	epilepsy	3908	ncbi_gene	ENSG00000196569	ensembl_gene	LAMA2	genes4epilepsy	Genes4Epilepsy	literature_derived	1.0	bronze	LAMA2	resolved		516	a6105e6a7f81aa9c
1d99db28ddcff556	epilepsy	3908	ncbi_gene	ENSG00000196569	ensembl_gene	LAMA2	gtr_epilepsy_gene_summary	GTR epilepsy gene summary	gtr_gene_summary	2.0	silver	LAMA2	resolved	gtr_clinical_testing_utilization	278	a80126bde7156ce3
69a3941ec0b5e21c	epilepsy	3909	ncbi_gene	ENSG00000053747	ensembl_gene	LAMA3	gtr_epilepsy_gene_summary	GTR epilepsy gene summary	gtr_gene_summary	2.0	silver	LAMA3	resolved	gtr_clinical_testing_utilization	2058	00db09f80e027a0d
b908bbc1a4a9bc03	epilepsy	3910	ncbi_gene	ENSG00000112769	ensembl_gene	LAMA4	gtr_epilepsy_gene_summary	GTR epilepsy gene summary	gtr_gene_summary	2.0	silver	LAMA4	resolved	gtr_clinical_testing_utilization	1692	57ac6cb16dc46339
7db0c90a3c1646ae	epilepsy	3911	ncbi_gene	ENSG00000130702	ensembl_gene	LAMA5	gtr_epilepsy_gene_summary	GTR epilepsy gene summary	gtr_gene_summary	2.0	silver	LAMA5	resolved	gtr_clinical_testing_utilization	1908	3d1f161e1659d972
1373f85482a9b7b2	epilepsy	3912	ncbi_gene	ENSG00000091136	ensembl_gene	LAMB1	gtr_epilepsy_gene_summary	GTR epilepsy gene summary	gtr_gene_summary	2.0	silver	LAMB1	resolved	gtr_clinical_testing_utilization	560	7551c63cbc73842c
dbe1f87580fe8e27	epilepsy	3914	ncbi_gene	ENSG00000196878	ensembl_gene	LAMB3	gtr_epilepsy_gene_summary	GTR epilepsy gene summary	gtr_gene_summary	2.0	silver	LAMB3	resolved	gtr_clinical_testing_utilization	2059	171c40dd3a847966
f5cea211da4de1df	epilepsy	3918	ncbi_gene	ENSG00000058085	ensembl_gene	LAMC2	gtr_epilepsy_gene_summary	GTR epilepsy gene summary	gtr_gene_summary	2.0	silver	LAMC2	resolved	gtr_clinical_testing_utilization	2060	f7eb6da20cbfb699
d791a1cffc960ee5	epilepsy	10319	ncbi_gene	ENSG00000050555	ensembl_gene	LAMC3	genes4epilepsy	Genes4Epilepsy	literature_derived	1.0	bronze	LAMC3	resolved		517	74158583e599adfd
d791a1cffc960ee5	epilepsy	10319	ncbi_gene	ENSG00000050555	ensembl_gene	LAMC3	gtr_epilepsy_gene_summary	GTR epilepsy gene summary	gtr_gene_summary	2.0	silver	LAMC3	resolved	gtr_clinical_testing_utilization	408	cee298a223cb2402
ad697af7e9c2e24f	epilepsy	3920	ncbi_gene	ENSG00000005893	ensembl_gene	LAMP2	gtr_epilepsy_gene_summary	GTR epilepsy gene summary	gtr_gene_summary	2.0	silver	LAMP2	resolved	gtr_clinical_testing_utilization	421	b548866c3cd621a9
4e701e41d1328978	epilepsy	28956	ncbi_gene	ENSG00000116586	ensembl_gene	LAMTOR2	gtr_epilepsy_gene_summary	GTR epilepsy gene summary	gtr_gene_summary	2.0	silver	LAMTOR2	resolved	gtr_clinical_testing_utilization	3123	2aa210062445e671
a38067a9677f7787	epilepsy	9215	ncbi_gene	ENSG00000133424	ensembl_gene	LARGE1	genes4epilepsy	Genes4Epilepsy	literature_derived	1.0	bronze	LARGE1	resolved		518	8810beeeb496e278
a38067a9677f7787	epilepsy	9215	ncbi_gene	ENSG00000133424	ensembl_gene	LARGE1	gtr_epilepsy_gene_summary	GTR epilepsy gene summary	gtr_gene_summary	2.0	silver	LARGE1	resolved	gtr_clinical_testing_utilization	412	d7ccd0a35ed4a002
85f743652471bf2b	epilepsy	51574	ncbi_gene	ENSG00000174720	ensembl_gene	LARP7	gtr_epilepsy_gene_summary	GTR epilepsy gene summary	gtr_gene_summary	2.0	silver	LARP7	resolved	gtr_clinical_testing_utilization	2600	ac037c6c6c280f1e
602020710cffef3f	epilepsy	51520	ncbi_gene	ENSG00000133706	ensembl_gene	LARS1	genes4epilepsy	Genes4Epilepsy	literature_derived	1.0	bronze	LARS1	resolved		519	285325feb9ea8b35
602020710cffef3f	epilepsy	51520	ncbi_gene	ENSG00000133706	ensembl_gene	LARS1	gtr_epilepsy_gene_summary	GTR epilepsy gene summary	gtr_gene_summary	2.0	silver	LARS1	resolved	gtr_clinical_testing_utilization	597	862fe90b209a4357
a0ccfe32f595d8b8	epilepsy	23395	ncbi_gene	ENSG00000011376	ensembl_gene	LARS2	gtr_epilepsy_gene_summary	GTR epilepsy gene summary	gtr_gene_summary	2.0	silver	LARS2	resolved	gtr_clinical_testing_utilization	639	f6e960ffa93a2018
3f291d46381f5e00	epilepsy	81887	ncbi_gene	ENSG00000001497	ensembl_gene	LAS1L	gtr_epilepsy_gene_summary	GTR epilepsy gene summary	gtr_gene_summary	2.0	silver	LAS1L	resolved	gtr_clinical_testing_utilization	877	3d13971fa483ef2d
22d29375252a5dff	epilepsy	3930	ncbi_gene	ENSG00000143815	ensembl_gene	LBR	gtr_epilepsy_gene_summary	GTR epilepsy gene summary	gtr_gene_summary	2.0	silver	LBR	resolved	gtr_clinical_testing_utilization	1605	dade904621bd62d9
62c6e1ef0f34f23b	epilepsy	167691	ncbi_gene	ENSG00000135338	ensembl_gene	LCA5	gtr_epilepsy_gene_summary	GTR epilepsy gene summary	gtr_gene_summary	2.0	silver	LCA5	resolved	gtr_clinical_testing_utilization	2146	dab053aea57d39f5
c2f4d50e3c48a320	epilepsy	3932	ncbi_gene	ENSG00000182866	ensembl_gene	LCK	gtr_epilepsy_gene_summary	GTR epilepsy gene summary	gtr_gene_summary	2.0	silver	LCK	resolved	gtr_clinical_testing_utilization	2100	2552c218ba45debb
f54ec58dcbe63c11	epilepsy	11155	ncbi_gene	ENSG00000122367	ensembl_gene	LDB3	gtr_epilepsy_gene_summary	GTR epilepsy gene summary	gtr_gene_summary	2.0	silver	LDB3	resolved	gtr_clinical_testing_utilization	1261	bf7680adb8263a2e
af1ca00c3df83dec	epilepsy	3939	ncbi_gene	ENSG00000134333	ensembl_gene	LDHA	gtr_epilepsy_gene_summary	GTR epilepsy gene summary	gtr_gene_summary	2.0	silver	LDHA	resolved	gtr_clinical_testing_utilization	1841	753210c8acb3ff0b
7c88937dd2ca713a	epilepsy	3945	ncbi_gene	ENSG00000111716	ensembl_gene	LDHB	gtr_epilepsy_gene_summary	GTR epilepsy gene summary	gtr_gene_summary	2.0	silver	LDHB	resolved	gtr_clinical_testing_utilization	2880	9011d5782ed31614
7f407bc956956b23	epilepsy	3949	ncbi_gene	ENSG00000130164	ensembl_gene	LDLR	gtr_epilepsy_gene_summary	GTR epilepsy gene summary	gtr_gene_summary	2.0	silver	LDLR	resolved	gtr_clinical_testing_utilization	1638	43daf17467ce88ef
7380aafa3e120fd2	epilepsy	26119	ncbi_gene	ENSG00000157978	ensembl_gene	LDLRAP1	gtr_epilepsy_gene_summary	GTR epilepsy gene summary	gtr_gene_summary	2.0	silver	LDLRAP1	resolved	gtr_clinical_testing_utilization	1639	29604d0861b05c0b
0621039916bcfe80	epilepsy	7044	ncbi_gene	ENSG00000143768	ensembl_gene	LEFTY2	gtr_epilepsy_gene_summary	GTR epilepsy gene summary	gtr_gene_summary	2.0	silver	LEFTY2	resolved	gtr_clinical_testing_utilization	1778	c062137242b33916
7bca9c42f91a4b67	epilepsy	23592	ncbi_gene	ENSG00000174106	ensembl_gene	LEMD3	gtr_epilepsy_gene_summary	GTR epilepsy gene summary	gtr_gene_summary	2.0	silver	LEMD3	resolved	gtr_clinical_testing_utilization	2186	8f29b4488913e4be
f2bf4cec037b964c	epilepsy	114823	ncbi_gene	ENSG00000274305	ensembl_gene	LENG8	gtr_epilepsy_gene_summary	GTR epilepsy gene summary	gtr_gene_summary	2.0	silver	LENG8	resolved	gtr_clinical_testing_utilization	2465	06cce5e6663c9064
a241a61015d32ffb	epilepsy	3952	ncbi_gene	ENSG00000174697	ensembl_gene	LEP	gtr_epilepsy_gene_summary	GTR epilepsy gene summary	gtr_gene_summary	2.0	silver	LEP	resolved	gtr_clinical_testing_utilization	2275	3f184a2c3bfc9d4a
944e28f5e25d0fed	epilepsy	3954	ncbi_gene	ENSG00000168924	ensembl_gene	LETM1	gtr_epilepsy_gene_summary	GTR epilepsy gene summary	gtr_gene_summary	2.0	silver	LETM1	resolved	gtr_clinical_testing_utilization	3124	999a97a189701998
1ed20f5ffcec7ee4	epilepsy	9211	ncbi_gene	ENSG00000108231	ensembl_gene	LGI1	genes4epilepsy	Genes4Epilepsy	literature_derived	1.0	bronze	LGI1	resolved		520	237681f346ae6706
1ed20f5ffcec7ee4	epilepsy	9211	ncbi_gene	ENSG00000108231	ensembl_gene	LGI1	gtr_epilepsy_gene_summary	GTR epilepsy gene summary	gtr_gene_summary	2.0	silver	LGI1	resolved	gtr_clinical_testing_utilization	35	0467640dcf62987e
adbfe4eff96dd843	epilepsy	163175	ncbi_gene	ENSG00000153902	ensembl_gene	LGI4	gtr_epilepsy_gene_summary	GTR epilepsy gene summary	gtr_gene_summary	2.0	silver	LGI4	resolved	gtr_clinical_testing_utilization	3125	a309628ab658fc89
815c981a80ae8c9d	epilepsy	222662	ncbi_gene	ENSG00000197753	ensembl_gene	LHFPL5	gtr_epilepsy_gene_summary	GTR epilepsy gene summary	gtr_gene_summary	2.0	silver	LHFPL5	resolved	gtr_clinical_testing_utilization	1355	2d8097a01c83cbb0
c7a8f77f9612b952	epilepsy	3975	ncbi_gene	ENSG00000274577	ensembl_gene	LHX1	gtr_epilepsy_gene_summary	GTR epilepsy gene summary	gtr_gene_summary	2.0	silver	LHX1	resolved	gtr_clinical_testing_utilization	3126	110136b8da621c89
8627bb29812c9c69	epilepsy	9355	ncbi_gene	ENSG00000106689	ensembl_gene	LHX2	gtr_epilepsy_gene_summary	GTR epilepsy gene summary	gtr_gene_summary	2.0	silver	LHX2	resolved	gtr_clinical_testing_utilization	1784	b71e40dcd3fa1e83
865fd73df35824c7	epilepsy	8022	ncbi_gene	ENSG00000107187	ensembl_gene	LHX3	gtr_epilepsy_gene_summary	GTR epilepsy gene summary	gtr_gene_summary	2.0	silver	LHX3	resolved	gtr_clinical_testing_utilization	1498	177066b1fde6488a
eede4964f636d7fb	epilepsy	89884	ncbi_gene	ENSG00000121454	ensembl_gene	LHX4	gtr_epilepsy_gene_summary	GTR epilepsy gene summary	gtr_gene_summary	2.0	silver	LHX4	resolved	gtr_clinical_testing_utilization	2187	dd4112f4cbc27f1e
15f22039428886c6	epilepsy	11019	ncbi_gene	ENSG00000121897	ensembl_gene	LIAS	genes4epilepsy	Genes4Epilepsy	literature_derived	1.0	bronze	LIAS	resolved		521	7bed337a3fe141d4
15f22039428886c6	epilepsy	11019	ncbi_gene	ENSG00000121897	ensembl_gene	LIAS	gtr_epilepsy_gene_summary	GTR epilepsy gene summary	gtr_gene_summary	2.0	silver	LIAS	resolved	gtr_clinical_testing_utilization	72	f0dbfa044bb41ea9
cbc4c2985dde1e05	epilepsy	3977	ncbi_gene	ENSG00000113594	ensembl_gene	LIFR	gtr_epilepsy_gene_summary	GTR epilepsy gene summary	gtr_gene_summary	2.0	silver	LIFR	resolved	gtr_clinical_testing_utilization	2147	765943fb0fba78ed
020f49a272ca29fc	epilepsy	3978	ncbi_gene	ENSG00000105486	ensembl_gene	LIG1	gtr_epilepsy_gene_summary	GTR epilepsy gene summary	gtr_gene_summary	2.0	silver	LIG1	resolved	gtr_clinical_testing_utilization	2332	cdadbc1f3ec92885
54882aab353ed15a	epilepsy	3980	ncbi_gene	ENSG00000005156	ensembl_gene	LIG3	genes4epilepsy	Genes4Epilepsy	literature_derived	1.0	bronze	LIG3	resolved		522	151f55912f6f5e07
54882aab353ed15a	epilepsy	3980	ncbi_gene	ENSG00000005156	ensembl_gene	LIG3	gtr_epilepsy_gene_summary	GTR epilepsy gene summary	gtr_gene_summary	2.0	silver	LIG3	resolved	gtr_clinical_testing_utilization	2303	eb0bcd2984dd5eb9
e0c016e93097dabf	epilepsy	3981	ncbi_gene	ENSG00000174405	ensembl_gene	LIG4	gtr_epilepsy_gene_summary	GTR epilepsy gene summary	gtr_gene_summary	2.0	silver	LIG4	resolved	gtr_clinical_testing_utilization	810	9b45f5c291de86a9
cdc41ad226716633	epilepsy	55180	ncbi_gene	ENSG00000140471	ensembl_gene	LINS1	gtr_epilepsy_gene_summary	GTR epilepsy gene summary	gtr_gene_summary	2.0	silver	LINS1	resolved	gtr_clinical_testing_utilization	1779	dc5e88fe9d0f22a6
81e4a9ddb4196a98	epilepsy	3988	ncbi_gene	ENSG00000107798	ensembl_gene	LIPA	gtr_epilepsy_gene_summary	GTR epilepsy gene summary	gtr_gene_summary	2.0	silver	LIPA	resolved	gtr_clinical_testing_utilization	2101	7c0398eb7abf820e
bc46da57d95559be	epilepsy	643418	ncbi_gene	ENSG00000204020	ensembl_gene	LIPN	gtr_epilepsy_gene_summary	GTR epilepsy gene summary	gtr_gene_summary	2.0	silver	LIPN	resolved	gtr_clinical_testing_utilization	2148	a5023b6d67d6fa87
1c83335b7a4a950a	epilepsy	51601	ncbi_gene	ENSG00000144182	ensembl_gene	LIPT1	gtr_epilepsy_gene_summary	GTR epilepsy gene summary	gtr_gene_summary	2.0	silver	LIPT1	resolved	gtr_clinical_testing_utilization	1822	5195deb6c84c76cf
8e86ce01347b55f5	epilepsy	387787	ncbi_gene	ENSG00000175536	ensembl_gene	LIPT2	genes4epilepsy	Genes4Epilepsy	literature_derived	1.0	bronze	LIPT2	resolved		523	34afcdd3da01d8fa
8e86ce01347b55f5	epilepsy	387787	ncbi_gene	ENSG00000175536	ensembl_gene	LIPT2	gtr_epilepsy_gene_summary	GTR epilepsy gene summary	gtr_gene_summary	2.0	silver	LIPT2	resolved	gtr_clinical_testing_utilization	2241	70a612be9c3221ba
a69c1b6946e76e43	epilepsy	9516	ncbi_gene	ENSG00000189067	ensembl_gene	LITAF	gtr_epilepsy_gene_summary	GTR epilepsy gene summary	gtr_gene_summary	2.0	silver	LITAF	resolved	gtr_clinical_testing_utilization	3127	420aa8bbf178c993
6b04e7b8e0d851f2	epilepsy	81562	ncbi_gene	ENSG00000114988	ensembl_gene	LMAN2L	gtr_epilepsy_gene_summary	GTR epilepsy gene summary	gtr_gene_summary	2.0	silver	LMAN2L	resolved	gtr_clinical_testing_utilization	1606	441c1299cf33489c
00ecf177b4dcefff	epilepsy	64327	ncbi_gene	ENSG00000105983	ensembl_gene	LMBR1	gtr_epilepsy_gene_summary	GTR epilepsy gene summary	gtr_gene_summary	2.0	silver	LMBR1	resolved	gtr_clinical_testing_utilization	2258	4e0a43b3481cf076
58d29452b35657a7	epilepsy	55788	ncbi_gene	ENSG00000168216	ensembl_gene	LMBRD1	gtr_epilepsy_gene_summary	GTR epilepsy gene summary	gtr_gene_summary	2.0	silver	LMBRD1	resolved	gtr_clinical_testing_utilization	1069	24ad6d1cfde9b206
75c417581412e869	epilepsy	92255	ncbi_gene	ENSG00000164187	ensembl_gene	LMBRD2	genes4epilepsy	Genes4Epilepsy	literature_derived	1.0	bronze	LMBRD2	resolved		524	78bda93494db2655
60abc8c822278280	epilepsy	4000	ncbi_gene	ENSG00000160789	ensembl_gene	LMNA	gtr_epilepsy_gene_summary	GTR epilepsy gene summary	gtr_gene_summary	2.0	silver	LMNA	resolved	gtr_clinical_testing_utilization	1176	a69aaa7565e1ae57
77c8559ba62941d4	epilepsy	4001	ncbi_gene	ENSG00000113368	ensembl_gene	LMNB1	gtr_epilepsy_gene_summary	GTR epilepsy gene summary	gtr_gene_summary	2.0	silver	LMNB1	resolved	gtr_clinical_testing_utilization	819	49a0e008c472f953
ac3818d7b638957b	epilepsy	84823	ncbi_gene	ENSG00000176619	ensembl_gene	LMNB2	genes4epilepsy	Genes4Epilepsy	literature_derived	1.0	bronze	LMNB2	resolved		525	8502fe35e061500c
ac3818d7b638957b	epilepsy	84823	ncbi_gene	ENSG00000176619	ensembl_gene	LMNB2	gtr_epilepsy_gene_summary	GTR epilepsy gene summary	gtr_gene_summary	2.0	silver	LMNB2	resolved	gtr_clinical_testing_utilization	157	beb5999d5ee9cf4a
75a5d0bfda2c2dc7	epilepsy	4008	ncbi_gene	ENSG00000136153	ensembl_gene	LMO7	gtr_epilepsy_gene_summary	GTR epilepsy gene summary	gtr_gene_summary	2.0	silver	LMO7	resolved	gtr_clinical_testing_utilization	2881	cc9cc78ee2b0e843
a96bb2a56dc66989	epilepsy	56203	ncbi_gene	ENSG00000163380	ensembl_gene	LMOD3	gtr_epilepsy_gene_summary	GTR epilepsy gene summary	gtr_gene_summary	2.0	silver	LMOD3	resolved	gtr_clinical_testing_utilization	2005	ccf09b1cc0bb5a58
9c7bdd51274b015d	epilepsy	4010	ncbi_gene	ENSG00000136944	ensembl_gene	LMX1B	genes4epilepsy	Genes4Epilepsy	literature_derived	1.0	bronze	LMX1B	resolved		526	3bea923ad7b5d006
9c7bdd51274b015d	epilepsy	4010	ncbi_gene	ENSG00000136944	ensembl_gene	LMX1B	gtr_epilepsy_gene_summary	GTR epilepsy gene summary	gtr_gene_summary	2.0	silver	LMX1B	resolved	gtr_clinical_testing_utilization	1541	29f29b35682d30c7
0f8680c3ed15911b	epilepsy	80856	ncbi_gene	ENSG00000144320	ensembl_gene	LNPK	genes4epilepsy	Genes4Epilepsy	literature_derived	1.0	bronze	LNPK	resolved		527	f9813d0613eb9cd0
0f8680c3ed15911b	epilepsy	80856	ncbi_gene	ENSG00000144320	ensembl_gene	LNPK	gtr_epilepsy_gene_summary	GTR epilepsy gene summary	gtr_gene_summary	2.0	silver	LNPK	resolved	gtr_clinical_testing_utilization	3128	702b4a468297650b
995fd8ec7a1cfecc	epilepsy	9361	ncbi_gene	ENSG00000196365	ensembl_gene	LONP1	gtr_epilepsy_gene_summary	GTR epilepsy gene summary	gtr_gene_summary	2.0	silver	LONP1	resolved	gtr_clinical_testing_utilization	902	7119de3c21ba508e
6d72f0e94f662447	epilepsy	4015	ncbi_gene	ENSG00000113083	ensembl_gene	LOX	gtr_epilepsy_gene_summary	GTR epilepsy gene summary	gtr_gene_summary	2.0	silver	LOX	resolved	gtr_clinical_testing_utilization	2304	898b9c33d5d14f6f
14685c854fa68541	epilepsy	125336	ncbi_gene	ENSG00000167210	ensembl_gene	LOXHD1	gtr_epilepsy_gene_summary	GTR epilepsy gene summary	gtr_gene_summary	2.0	silver	LOXHD1	resolved	gtr_clinical_testing_utilization	1083	13642308d8fb5f1a
b89e18baeb9d5bdd	epilepsy	84695	ncbi_gene	ENSG00000115318	ensembl_gene	LOXL3	gtr_epilepsy_gene_summary	GTR epilepsy gene summary	gtr_gene_summary	2.0	silver	LOXL3	resolved	gtr_clinical_testing_utilization	1573	15e6f2de012eb030
8b94ae8867d98ca3	epilepsy	4023	ncbi_gene	ENSG00000175445	ensembl_gene	LPL	gtr_epilepsy_gene_summary	GTR epilepsy gene summary	gtr_gene_summary	2.0	silver	LPL	resolved	gtr_clinical_testing_utilization	2149	0731162ece99d7c5
9316d15a6066a742	epilepsy	9227	ncbi_gene	ENSG00000121207	ensembl_gene	LRAT	gtr_epilepsy_gene_summary	GTR epilepsy gene summary	gtr_gene_summary	2.0	silver	LRAT	resolved	gtr_clinical_testing_utilization	2150	343788f10e1f6495
b2083094785e0573	epilepsy	987	ncbi_gene	ENSG00000198589	ensembl_gene	LRBA	genes4epilepsy	Genes4Epilepsy	literature_derived	1.0	bronze	LRBA	resolved		528	046cf4602c031052
baed34714cc9ad5a	epilepsy	57497	ncbi_gene	ENSG00000156564	ensembl_gene	LRFN2	gtr_epilepsy_gene_summary	GTR epilepsy gene summary	gtr_gene_summary	2.0	silver	LRFN2	resolved	gtr_clinical_testing_utilization	3129	6bb757d3a345bb88
e4e5e12a1ad93959	epilepsy	4035	ncbi_gene	ENSG00000123384	ensembl_gene	LRP1	gtr_epilepsy_gene_summary	GTR epilepsy gene summary	gtr_gene_summary	2.0	silver	LRP1	resolved	gtr_clinical_testing_utilization	3130	030ab6ed27803c16
8ebdda2ffcdeda1f	epilepsy	26020	ncbi_gene	ENSG00000197324	ensembl_gene	LRP10	gtr_epilepsy_gene_summary	GTR epilepsy gene summary	gtr_gene_summary	2.0	silver	LRP10	resolved	gtr_clinical_testing_utilization	3131	1acd2dfb563494a8
63ce0fcf1d1bbf4d	epilepsy	4036	ncbi_gene	ENSG00000081479	ensembl_gene	LRP2	gtr_epilepsy_gene_summary	GTR epilepsy gene summary	gtr_gene_summary	2.0	silver	LRP2	resolved	gtr_clinical_testing_utilization	1064	ed53f31e92c7be06
4778d1aa5f859db4	epilepsy	4038	ncbi_gene	ENSG00000134569	ensembl_gene	LRP4	gtr_epilepsy_gene_summary	GTR epilepsy gene summary	gtr_gene_summary	2.0	silver	LRP4	resolved	gtr_clinical_testing_utilization	930	2e5d183e1903f5d9
39c9d528700ce4f8	epilepsy	4041	ncbi_gene	ENSG00000162337	ensembl_gene	LRP5	gtr_epilepsy_gene_summary	GTR epilepsy gene summary	gtr_gene_summary	2.0	silver	LRP5	resolved	gtr_clinical_testing_utilization	1650	fa502dc39d3c9546
c381b0ae1fc1d29e	epilepsy	10128	ncbi_gene	ENSG00000138095	ensembl_gene	LRPPRC	genes4epilepsy	Genes4Epilepsy	literature_derived	1.0	bronze	LRPPRC	resolved		529	eb9791cb416dc7ea
c381b0ae1fc1d29e	epilepsy	10128	ncbi_gene	ENSG00000138095	ensembl_gene	LRPPRC	gtr_epilepsy_gene_summary	GTR epilepsy gene summary	gtr_gene_summary	2.0	silver	LRPPRC	resolved	gtr_clinical_testing_utilization	326	c63d79dd1fccbdc5
5803c06a6bd1aacf	epilepsy	57554	ncbi_gene	ENSG00000033122	ensembl_gene	LRRC7	genes4epilepsy	Genes4Epilepsy	literature_derived	1.0	bronze	LRRC7	resolved		530	30eb5f72667d4554
ff47f4958b8c698c	epilepsy	79705	ncbi_gene	ENSG00000154237	ensembl_gene	LRRK1	gtr_epilepsy_gene_summary	GTR epilepsy gene summary	gtr_gene_summary	2.0	silver	LRRK1	resolved	gtr_clinical_testing_utilization	2622	dbd24c1a5ea979c3
90b568f3d5f71e1a	epilepsy	120892	ncbi_gene	ENSG00000188906	ensembl_gene	LRRK2	gtr_epilepsy_gene_summary	GTR epilepsy gene summary	gtr_gene_summary	2.0	silver	LRRK2	resolved	gtr_clinical_testing_utilization	1324	1a4ee05a75f5df23
3ee97f6cf09c646e	epilepsy	90678	ncbi_gene	ENSG00000148356	ensembl_gene	LRSAM1	gtr_epilepsy_gene_summary	GTR epilepsy gene summary	gtr_gene_summary	2.0	silver	LRSAM1	resolved	gtr_clinical_testing_utilization	3132	a67945ae63831208
68423abd90614af9	epilepsy	220074	ncbi_gene	ENSG00000284922	ensembl_gene	LRTOMT	gtr_epilepsy_gene_summary	GTR epilepsy gene summary	gtr_gene_summary	2.0	silver	LRTOMT	resolved	gtr_clinical_testing_utilization	1356	ee041e9d2f7ed509
5d36eb8a16515de3	epilepsy	51599	ncbi_gene	ENSG00000105699	ensembl_gene	LSR	gtr_epilepsy_gene_summary	GTR epilepsy gene summary	gtr_gene_summary	2.0	silver	LSR	resolved	gtr_clinical_testing_utilization	3133	99665b29bc9b4199
d64d6c55672adb84	epilepsy	4047	ncbi_gene	ENSG00000160285	ensembl_gene	LSS	genes4epilepsy	Genes4Epilepsy	literature_derived	1.0	bronze	LSS	resolved		531	12229878de358c1a
d64d6c55672adb84	epilepsy	4047	ncbi_gene	ENSG00000160285	ensembl_gene	LSS	gtr_epilepsy_gene_summary	GTR epilepsy gene summary	gtr_gene_summary	2.0	silver	LSS	resolved	gtr_clinical_testing_utilization	3134	7602be671ebb8d43
4e212ede70d738e5	epilepsy	8425	ncbi_gene	ENSG00000090006	ensembl_gene	LTBP4	gtr_epilepsy_gene_summary	GTR epilepsy gene summary	gtr_gene_summary	2.0	silver	LTBP4	resolved	gtr_clinical_testing_utilization	2151	fd34b720a9c07835
57c3cbd4a4570997	epilepsy	4067	ncbi_gene	ENSG00000254087	ensembl_gene	LYN	gtr_epilepsy_gene_summary	GTR epilepsy gene summary	gtr_gene_summary	2.0	silver	LYN	resolved	gtr_clinical_testing_utilization	2226	d424cabfa43603c3
cef465e3abc6e36f	epilepsy	90624	ncbi_gene	ENSG00000186687	ensembl_gene	LYRM7	gtr_epilepsy_gene_summary	GTR epilepsy gene summary	gtr_gene_summary	2.0	silver	LYRM7	resolved	gtr_clinical_testing_utilization	821	de4bf01f09483173
6d80a68faeb58251	epilepsy	1130	ncbi_gene	ENSG00000143669	ensembl_gene	LYST	genes4epilepsy	Genes4Epilepsy	literature_derived	1.0	bronze	LYST	resolved		532	dde8d66a6880be79
6d80a68faeb58251	epilepsy	1130	ncbi_gene	ENSG00000143669	ensembl_gene	LYST	gtr_epilepsy_gene_summary	GTR epilepsy gene summary	gtr_gene_summary	2.0	silver	LYST	resolved	gtr_clinical_testing_utilization	621	2b3cd74b235af12d
709b23589cc9a52e	epilepsy	54585	ncbi_gene	ENSG00000163818	ensembl_gene	LZTFL1	gtr_epilepsy_gene_summary	GTR epilepsy gene summary	gtr_gene_summary	2.0	silver	LZTFL1	resolved	gtr_clinical_testing_utilization	2882	d9564233ea033f0e
409f5101d5e35955	epilepsy	8216	ncbi_gene	ENSG00000099949	ensembl_gene	LZTR1	gtr_epilepsy_gene_summary	GTR epilepsy gene summary	gtr_gene_summary	2.0	silver	LZTR1	resolved	gtr_clinical_testing_utilization	1140	6124973c3e8a080e
c029322e35ca6f88	epilepsy	23499	ncbi_gene	ENSG00000127603	ensembl_gene	MACF1	genes4epilepsy	Genes4Epilepsy	literature_derived	1.0	bronze	MACF1	resolved		533	7897492e55408fc2
c029322e35ca6f88	epilepsy	23499	ncbi_gene	ENSG00000127603	ensembl_gene	MACF1	gtr_epilepsy_gene_summary	GTR epilepsy gene summary	gtr_gene_summary	2.0	silver	MACF1	resolved	gtr_clinical_testing_utilization	1868	9224375a757bfc65
56917c452d1ca20c	epilepsy	8567	ncbi_gene	ENSG00000110514	ensembl_gene	MADD	genes4epilepsy	Genes4Epilepsy	literature_derived	1.0	bronze	MADD	resolved		534	418c70d573914445
d3e1759f421ddbfa	epilepsy	4094	ncbi_gene	ENSG00000178573	ensembl_gene	MAF	genes4epilepsy	Genes4Epilepsy	literature_derived	1.0	bronze	MAF	resolved		535	6fbca85dc06c8b23
d3e1759f421ddbfa	epilepsy	4094	ncbi_gene	ENSG00000178573	ensembl_gene	MAF	gtr_epilepsy_gene_summary	GTR epilepsy gene summary	gtr_gene_summary	2.0	silver	MAF	resolved	gtr_clinical_testing_utilization	1592	91c088d6f0f3c6ff
c1d74f12a17d384d	epilepsy	389692	ncbi_gene	ENSG00000182759	ensembl_gene	MAFA	gtr_epilepsy_gene_summary	GTR epilepsy gene summary	gtr_gene_summary	2.0	silver	MAFA	resolved	gtr_clinical_testing_utilization	3135	594ca3bd8e73acad
dee0ab3eca49c1ee	epilepsy	9935	ncbi_gene	ENSG00000204103	ensembl_gene	MAFB	gtr_epilepsy_gene_summary	GTR epilepsy gene summary	gtr_gene_summary	2.0	silver	MAFB	resolved	gtr_clinical_testing_utilization	1927	2389068e1a2d210a
a3ebdbb166aaeee3	epilepsy	4099	ncbi_gene	ENSG00000105695	ensembl_gene	MAG	gtr_epilepsy_gene_summary	GTR epilepsy gene summary	gtr_gene_summary	2.0	silver	MAG	resolved	gtr_clinical_testing_utilization	1315	9dcc63e5b76e9e71
06d34615d7c7a0a8	epilepsy	54551	ncbi_gene	ENSG00000288188	ensembl_gene	MAGEL2	gtr_epilepsy_gene_summary	GTR epilepsy gene summary	gtr_gene_summary	2.0	silver	MAGEL2	resolved	gtr_clinical_testing_utilization	867	211351ec8e9eeeae
88227aa0b1cc88eb	epilepsy	9863	ncbi_gene	ENSG00000187391	ensembl_gene	MAGI2	gtr_epilepsy_gene_summary	GTR epilepsy gene summary	gtr_gene_summary	2.0	silver	MAGI2	resolved	gtr_clinical_testing_utilization	533	b87a08b74aa971dc
906f8d510906bd41	epilepsy	84061	ncbi_gene	ENSG00000102158	ensembl_gene	MAGT1	gtr_epilepsy_gene_summary	GTR epilepsy gene summary	gtr_gene_summary	2.0	silver	MAGT1	resolved	gtr_clinical_testing_utilization	688	94ae7ceeee8bdf7a
8bd16818bf47b64f	epilepsy	4117	ncbi_gene	ENSG00000111837	ensembl_gene	MAK	gtr_epilepsy_gene_summary	GTR epilepsy gene summary	gtr_gene_summary	2.0	silver	MAK	resolved	gtr_clinical_testing_utilization	2102	727b20f4664ec33f
7d46dc9adce017e2	epilepsy	10892	ncbi_gene	ENSG00000172175	ensembl_gene	MALT1	gtr_epilepsy_gene_summary	GTR epilepsy gene summary	gtr_gene_summary	2.0	silver	MALT1	resolved	gtr_clinical_testing_utilization	2103	3fd91580eebc4b1a
2cb714d9ac75f269	epilepsy	11253	ncbi_gene	ENSG00000177239	ensembl_gene	MAN1B1	gtr_epilepsy_gene_summary	GTR epilepsy gene summary	gtr_gene_summary	2.0	silver	MAN1B1	resolved	gtr_clinical_testing_utilization	982	1c9aa6f50394c174
8c7665f93a3d6833	epilepsy	57134	ncbi_gene	ENSG00000117643	ensembl_gene	MAN1C1	gtr_epilepsy_gene_summary	GTR epilepsy gene summary	gtr_gene_summary	2.0	silver	MAN1C1	resolved	gtr_clinical_testing_utilization	2466	8746990703d9c1da
d8fc0d0a9a401aa2	epilepsy	4125	ncbi_gene	ENSG00000104774	ensembl_gene	MAN2B1	gtr_epilepsy_gene_summary	GTR epilepsy gene summary	gtr_gene_summary	2.0	silver	MAN2B1	resolved	gtr_clinical_testing_utilization	769	3bc2ad83313f1f04
f0163abd076786c3	epilepsy	4126	ncbi_gene	ENSG00000109323	ensembl_gene	MANBA	genes4epilepsy	Genes4Epilepsy	literature_derived	1.0	bronze	MANBA	resolved		536	cd433e0a7755b040
f0163abd076786c3	epilepsy	4126	ncbi_gene	ENSG00000109323	ensembl_gene	MANBA	gtr_epilepsy_gene_summary	GTR epilepsy gene summary	gtr_gene_summary	2.0	silver	MANBA	resolved	gtr_clinical_testing_utilization	448	7dd447d0727dfe0a
677dfeda4cd6a676	epilepsy	4128	ncbi_gene	ENSG00000189221	ensembl_gene	MAOA	gtr_epilepsy_gene_summary	GTR epilepsy gene summary	gtr_gene_summary	2.0	silver	MAOA	resolved	gtr_clinical_testing_utilization	665	0e2f3babbb94eab6
c07b8c0dd36e95b9	epilepsy	4131	ncbi_gene	ENSG00000131711	ensembl_gene	MAP1B	genes4epilepsy	Genes4Epilepsy	literature_derived	1.0	bronze	MAP1B	resolved		537	1782543f2a885284
c07b8c0dd36e95b9	epilepsy	4131	ncbi_gene	ENSG00000131711	ensembl_gene	MAP1B	gtr_epilepsy_gene_summary	GTR epilepsy gene summary	gtr_gene_summary	2.0	silver	MAP1B	resolved	gtr_clinical_testing_utilization	2569	1d54310cfa1e7425
9c1934fa3d50a384	epilepsy	5604	ncbi_gene	ENSG00000169032	ensembl_gene	MAP2K1	genes4epilepsy	Genes4Epilepsy	literature_derived	1.0	bronze	MAP2K1	resolved		538	8de94cde3ad4103a
9c1934fa3d50a384	epilepsy	5604	ncbi_gene	ENSG00000169032	ensembl_gene	MAP2K1	gtr_epilepsy_gene_summary	GTR epilepsy gene summary	gtr_gene_summary	2.0	silver	MAP2K1	resolved	gtr_clinical_testing_utilization	366	96b9e6cf1c2730f5
f44430b6cb82f5ad	epilepsy	5605	ncbi_gene	ENSG00000126934	ensembl_gene	MAP2K2	genes4epilepsy	Genes4Epilepsy	literature_derived	1.0	bronze	MAP2K2	resolved		539	055d1c45b7433079
f44430b6cb82f5ad	epilepsy	5605	ncbi_gene	ENSG00000126934	ensembl_gene	MAP2K2	gtr_epilepsy_gene_summary	GTR epilepsy gene summary	gtr_gene_summary	2.0	silver	MAP2K2	resolved	gtr_clinical_testing_utilization	604	d7eb5b9086a0ccd7
33d4fce91b9a61ed	epilepsy	4214	ncbi_gene	ENSG00000095015	ensembl_gene	MAP3K1	gtr_epilepsy_gene_summary	GTR epilepsy gene summary	gtr_gene_summary	2.0	silver	MAP3K1	resolved	gtr_clinical_testing_utilization	2570	a013189d5bbf7dc5
bcca8ae549d7a7cd	epilepsy	9020	ncbi_gene	ENSG00000006062	ensembl_gene	MAP3K14	gtr_epilepsy_gene_summary	GTR epilepsy gene summary	gtr_gene_summary	2.0	silver	MAP3K14	resolved	gtr_clinical_testing_utilization	2333	53b0d704fb6c3083
8766ff90d27a9717	epilepsy	389840	ncbi_gene	ENSG00000180815	ensembl_gene	MAP3K15	gtr_epilepsy_gene_summary	GTR epilepsy gene summary	gtr_gene_summary	2.0	silver	MAP3K15	resolved	gtr_clinical_testing_utilization	2681	7b90040df76d68bc
d921de30d0bec6c4	epilepsy	4215	ncbi_gene	ENSG00000198909	ensembl_gene	MAP3K3	gtr_epilepsy_gene_summary	GTR epilepsy gene summary	gtr_gene_summary	2.0	silver	MAP3K3	resolved	gtr_clinical_testing_utilization	2601	b3e57ca423b67fc3
c9d699d1f674de88	epilepsy	79929	ncbi_gene	ENSG00000180834	ensembl_gene	MAP6D1	gtr_epilepsy_gene_summary	GTR epilepsy gene summary	gtr_gene_summary	2.0	silver	MAP6D1	resolved	gtr_clinical_testing_utilization	2467	39ed9747fd7ee1ab
3a37002cc6c3b523	epilepsy	5594	ncbi_gene	ENSG00000100030	ensembl_gene	MAPK1	gtr_epilepsy_gene_summary	GTR epilepsy gene summary	gtr_gene_summary	2.0	silver	MAPK1	resolved	gtr_clinical_testing_utilization	3136	dee81dfac8f20991
3d3fabe23e1c09ab	epilepsy	5602	ncbi_gene	ENSG00000109339	ensembl_gene	MAPK10	gtr_epilepsy_gene_summary	GTR epilepsy gene summary	gtr_gene_summary	2.0	silver	MAPK10	resolved	gtr_clinical_testing_utilization	570	cf70ad3131106cc0
a8a60a307a3736d6	epilepsy	5595	ncbi_gene	ENSG00000102882	ensembl_gene	MAPK3	gtr_epilepsy_gene_summary	GTR epilepsy gene summary	gtr_gene_summary	2.0	silver	MAPK3	resolved	gtr_clinical_testing_utilization	3137	d5b72cbf12cc31ae
334e2ab5ca31cedd	epilepsy	9479	ncbi_gene	ENSG00000121653	ensembl_gene	MAPK8IP1	gtr_epilepsy_gene_summary	GTR epilepsy gene summary	gtr_gene_summary	2.0	silver	MAPK8IP1	resolved	gtr_clinical_testing_utilization	3138	4452a3b1fc4bdbb1
f6dd6173b465eec3	epilepsy	23542	ncbi_gene	ENSG00000008735	ensembl_gene	MAPK8IP2	gtr_epilepsy_gene_summary	GTR epilepsy gene summary	gtr_gene_summary	2.0	silver	MAPK8IP2	resolved	gtr_clinical_testing_utilization	3139	86f6adf79c6adf44
3bd605f49423a760	epilepsy	23162	ncbi_gene	ENSG00000138834	ensembl_gene	MAPK8IP3	gtr_epilepsy_gene_summary	GTR epilepsy gene summary	gtr_gene_summary	2.0	silver	MAPK8IP3	resolved	gtr_clinical_testing_utilization	3140	adbceeb474192530
be21b061c245beca	epilepsy	10982	ncbi_gene	ENSG00000166974	ensembl_gene	MAPRE2	gtr_epilepsy_gene_summary	GTR epilepsy gene summary	gtr_gene_summary	2.0	silver	MAPRE2	resolved	gtr_clinical_testing_utilization	1565	9efac44c7fe94c24
2a6fd62cd1b395df	epilepsy	4137	ncbi_gene	ENSG00000276155	ensembl_gene	MAPT	gtr_epilepsy_gene_summary	GTR epilepsy gene summary	gtr_gene_summary	2.0	silver	MAPT	resolved	gtr_clinical_testing_utilization	631	51e7fc05f7a9e54b
bc399ae12b67504a	epilepsy	10299	ncbi_gene	ENSG00000145495	ensembl_gene	MARCHF6	genes4epilepsy	Genes4Epilepsy	literature_derived	1.0	bronze	MARCHF6	resolved		540	3132091e3fc3bebf
1875554f5143c459	epilepsy	2011	ncbi_gene	ENSG00000072518	ensembl_gene	MARK2	genes4epilepsy	Genes4Epilepsy	literature_derived	1.0	bronze	MARK2	resolved		541	c692bd199558a375
cb28b0f93f942ff9	epilepsy	4141	ncbi_gene	ENSG00000166986	ensembl_gene	MARS1	gtr_epilepsy_gene_summary	GTR epilepsy gene summary	gtr_gene_summary	2.0	silver	MARS1	resolved	gtr_clinical_testing_utilization	1325	de4cbd68462f5cca
6865e78404540132	epilepsy	92935	ncbi_gene	ENSG00000247626	ensembl_gene	MARS2	gtr_epilepsy_gene_summary	GTR epilepsy gene summary	gtr_gene_summary	2.0	silver	MARS2	resolved	gtr_clinical_testing_utilization	493	3849f1b51c54e930
8f1336499ca5bc66	epilepsy	153562	ncbi_gene	ENSG00000274671	ensembl_gene	MARVELD2	gtr_epilepsy_gene_summary	GTR epilepsy gene summary	gtr_gene_summary	2.0	silver	MARVELD2	resolved	gtr_clinical_testing_utilization	1909	da1a7dbb58d78e31
ab017bfa8ebab04c	epilepsy	5648	ncbi_gene	ENSG00000127241	ensembl_gene	MASP1	gtr_epilepsy_gene_summary	GTR epilepsy gene summary	gtr_gene_summary	2.0	silver	MASP1	resolved	gtr_clinical_testing_utilization	2682	746f1c36434fb1aa
c86ddb375199463b	epilepsy	22983	ncbi_gene	ENSG00000105613	ensembl_gene	MAST1	genes4epilepsy	Genes4Epilepsy	literature_derived	1.0	bronze	MAST1	resolved		542	40dfa2e5b2bb617d
dfb90fb2f62dafd4	epilepsy	23031	ncbi_gene	ENSG00000099308	ensembl_gene	MAST3	genes4epilepsy	Genes4Epilepsy	literature_derived	1.0	bronze	MAST3	resolved		543	bb9d2b3c2efab378
731b23f05d3fe807	epilepsy	375449	ncbi_gene	ENSG00000069020	ensembl_gene	MAST4	genes4epilepsy	Genes4Epilepsy	literature_derived	1.0	bronze	MAST4	resolved		544	b8f1c9e3e0d150c8
92d1edaf2fe69f6b	epilepsy	4143	ncbi_gene	ENSG00000151224	ensembl_gene	MAT1A	gtr_epilepsy_gene_summary	GTR epilepsy gene summary	gtr_gene_summary	2.0	silver	MAT1A	resolved	gtr_clinical_testing_utilization	2782	66ca2ce9dd99a761
14137193e981159a	epilepsy	4144	ncbi_gene	ENSG00000168906	ensembl_gene	MAT2A	gtr_epilepsy_gene_summary	GTR epilepsy gene summary	gtr_gene_summary	2.0	silver	MAT2A	resolved	gtr_clinical_testing_utilization	1720	7650f6548adab484
4b008ffd43b5708a	epilepsy	4148	ncbi_gene	ENSG00000132031	ensembl_gene	MATN3	gtr_epilepsy_gene_summary	GTR epilepsy gene summary	gtr_gene_summary	2.0	silver	MATN3	resolved	gtr_clinical_testing_utilization	2623	f325636e0cbe0424
e8bf158baefecc29	epilepsy	8785	ncbi_gene	ENSG00000124159	ensembl_gene	MATN4	gtr_epilepsy_gene_summary	GTR epilepsy gene summary	gtr_gene_summary	2.0	silver	MATN4	resolved	gtr_clinical_testing_utilization	2006	54354b450b380550
e8bc23b46bc5a48a	epilepsy	9782	ncbi_gene	ENSG00000015479	ensembl_gene	MATR3	gtr_epilepsy_gene_summary	GTR epilepsy gene summary	gtr_gene_summary	2.0	silver	MATR3	resolved	gtr_clinical_testing_utilization	3141	a061fc72f70a0c02
6c31bf6f6561a3d9	epilepsy	8930	ncbi_gene	ENSG00000129071	ensembl_gene	MBD4	gtr_epilepsy_gene_summary	GTR epilepsy gene summary	gtr_gene_summary	2.0	silver	MBD4	resolved	gtr_clinical_testing_utilization	2783	6d8ca4334cd3b796
630959263ad94a53	epilepsy	55777	ncbi_gene	ENSG00000204406	ensembl_gene	MBD5	genes4epilepsy	Genes4Epilepsy	literature_derived	1.0	bronze	MBD5	resolved		545	4826ca484999d219
630959263ad94a53	epilepsy	55777	ncbi_gene	ENSG00000204406	ensembl_gene	MBD5	gtr_epilepsy_gene_summary	GTR epilepsy gene summary	gtr_gene_summary	2.0	silver	MBD5	resolved	gtr_clinical_testing_utilization	143	a16b23ea5d49893f
d701ec128a77e58f	epilepsy	79143	ncbi_gene	ENSG00000277025	ensembl_gene	MBOAT7	genes4epilepsy	Genes4Epilepsy	literature_derived	1.0	bronze	MBOAT7	resolved		546	53d966c24f9c1915
d701ec128a77e58f	epilepsy	79143	ncbi_gene	ENSG00000277025	ensembl_gene	MBOAT7	gtr_epilepsy_gene_summary	GTR epilepsy gene summary	gtr_gene_summary	2.0	silver	MBOAT7	resolved	gtr_clinical_testing_utilization	1159	442241e4174f2761
8714b176fb810475	epilepsy	51360	ncbi_gene	ENSG00000012174	ensembl_gene	MBTPS2	gtr_epilepsy_gene_summary	GTR epilepsy gene summary	gtr_gene_summary	2.0	silver	MBTPS2	resolved	gtr_clinical_testing_utilization	655	c544677de9a22f50
61fea407c864b569	epilepsy	4158	ncbi_gene	ENSG00000185231	ensembl_gene	MC2R	gtr_epilepsy_gene_summary	GTR epilepsy gene summary	gtr_gene_summary	2.0	silver	MC2R	resolved	gtr_clinical_testing_utilization	1760	1e03327affe10aa5
72d22c80b0de9b71	epilepsy	4159	ncbi_gene	ENSG00000124089	ensembl_gene	MC3R	gtr_epilepsy_gene_summary	GTR epilepsy gene summary	gtr_gene_summary	2.0	silver	MC3R	resolved	gtr_clinical_testing_utilization	2883	026a3ee03ed2c535
b3e27930023a6f5c	epilepsy	56922	ncbi_gene	ENSG00000078070	ensembl_gene	MCCC1	gtr_epilepsy_gene_summary	GTR epilepsy gene summary	gtr_gene_summary	2.0	silver	MCCC1	resolved	gtr_clinical_testing_utilization	775	be90d6e835358e10
86ab604da18a8329	epilepsy	64087	ncbi_gene	ENSG00000275300	ensembl_gene	MCCC2	gtr_epilepsy_gene_summary	GTR epilepsy gene summary	gtr_gene_summary	2.0	silver	MCCC2	resolved	gtr_clinical_testing_utilization	762	79d82a286fa42bdd
80b592c102235a24	epilepsy	84693	ncbi_gene	ENSG00000124370	ensembl_gene	MCEE	gtr_epilepsy_gene_summary	GTR epilepsy gene summary	gtr_gene_summary	2.0	silver	MCEE	resolved	gtr_clinical_testing_utilization	796	0a8ed4dff2e956ae
b0c8e20a3310aa5a	epilepsy	2847	ncbi_gene	ENSG00000128285	ensembl_gene	MCHR1	gtr_epilepsy_gene_summary	GTR epilepsy gene summary	gtr_gene_summary	2.0	silver	MCHR1	resolved	gtr_clinical_testing_utilization	2884	cb3e06322ddf33bc
62567b49f7223b4a	epilepsy	4171	ncbi_gene	ENSG00000073111	ensembl_gene	MCM2	gtr_epilepsy_gene_summary	GTR epilepsy gene summary	gtr_gene_summary	2.0	silver	MCM2	resolved	gtr_clinical_testing_utilization	1910	bc74a8f1d208efba
2fca622f4ef22f64	epilepsy	8888	ncbi_gene	ENSG00000160294	ensembl_gene	MCM3AP	genes4epilepsy	Genes4Epilepsy	literature_derived	1.0	bronze	MCM3AP	resolved		547	562d6b8c8cdade1f
ab541b63458a625d	epilepsy	4173	ncbi_gene	ENSG00000104738	ensembl_gene	MCM4	gtr_epilepsy_gene_summary	GTR epilepsy gene summary	gtr_gene_summary	2.0	silver	MCM4	resolved	gtr_clinical_testing_utilization	1945	68bfaf83f01ead55
d70ee342e7329908	epilepsy	57192	ncbi_gene	ENSG00000090674	ensembl_gene	MCOLN1	gtr_epilepsy_gene_summary	GTR epilepsy gene summary	gtr_gene_summary	2.0	silver	MCOLN1	resolved	gtr_clinical_testing_utilization	571	1451250018db534b
c1f0030274487e53	epilepsy	79648	ncbi_gene	ENSG00000147316	ensembl_gene	MCPH1	genes4epilepsy	Genes4Epilepsy	literature_derived	1.0	bronze	MCPH1	resolved		548	deeee117fbc9dab5
c1f0030274487e53	epilepsy	79648	ncbi_gene	ENSG00000147316	ensembl_gene	MCPH1	gtr_epilepsy_gene_summary	GTR epilepsy gene summary	gtr_gene_summary	2.0	silver	MCPH1	resolved	gtr_clinical_testing_utilization	587	12d2c5cd15e1e713
962e60b8d7a9f74b	epilepsy	55784	ncbi_gene	ENSG00000140563	ensembl_gene	MCTP2	gtr_epilepsy_gene_summary	GTR epilepsy gene summary	gtr_gene_summary	2.0	silver	MCTP2	resolved	gtr_clinical_testing_utilization	3142	fa3fd1f56e7d74f8
66b5a9cb89ba2b28	epilepsy	161357	ncbi_gene	ENSG00000139915	ensembl_gene	MDGA2	genes4epilepsy	Genes4Epilepsy	literature_derived	1.0	bronze	MDGA2	resolved		549	c4c645477afbdcc4
9f251d941e514758	epilepsy	4190	ncbi_gene	ENSG00000014641	ensembl_gene	MDH1	genes4epilepsy	Genes4Epilepsy	literature_derived	1.0	bronze	MDH1	resolved		550	838cce6098b3fba4
9f251d941e514758	epilepsy	4190	ncbi_gene	ENSG00000014641	ensembl_gene	MDH1	gtr_epilepsy_gene_summary	GTR epilepsy gene summary	gtr_gene_summary	2.0	silver	MDH1	resolved	gtr_clinical_testing_utilization	1619	2acda4669f408fa9
b792f2e6a3db217e	epilepsy	130752	ncbi_gene	ENSG00000138400	ensembl_gene	MDH1B	gtr_epilepsy_gene_summary	GTR epilepsy gene summary	gtr_gene_summary	2.0	silver	MDH1B	resolved	gtr_clinical_testing_utilization	3143	704f6a416997b283
f3525afc25418d7e	epilepsy	4191	ncbi_gene	ENSG00000146701	ensembl_gene	MDH2	genes4epilepsy	Genes4Epilepsy	literature_derived	1.0	bronze	MDH2	resolved		551	3eb33f44b42631bd
f3525afc25418d7e	epilepsy	4191	ncbi_gene	ENSG00000146701	ensembl_gene	MDH2	gtr_epilepsy_gene_summary	GTR epilepsy gene summary	gtr_gene_summary	2.0	silver	MDH2	resolved	gtr_clinical_testing_utilization	111	fd2a71c20a5f0978
ce004cacaee4b450	epilepsy	4200	ncbi_gene	ENSG00000082212	ensembl_gene	ME2	gtr_epilepsy_gene_summary	GTR epilepsy gene summary	gtr_gene_summary	2.0	silver	ME2	resolved	gtr_clinical_testing_utilization	984	2110a4a436165be6
48c453e7df6e0c6c	epilepsy	2122	ncbi_gene	ENSG00000085276	ensembl_gene	MECOM	gtr_epilepsy_gene_summary	GTR epilepsy gene summary	gtr_gene_summary	2.0	silver	MECOM	resolved	gtr_clinical_testing_utilization	2683	673aa31043260564
0f0c96459d3562fd	epilepsy	4204	ncbi_gene	ENSG00000169057	ensembl_gene	MECP2	genes4epilepsy	Genes4Epilepsy	literature_derived	1.0	bronze	MECP2	resolved		552	6afc81e05bbccb2f
0f0c96459d3562fd	epilepsy	4204	ncbi_gene	ENSG00000169057	ensembl_gene	MECP2	gtr_epilepsy_gene_summary	GTR epilepsy gene summary	gtr_gene_summary	2.0	silver	MECP2	resolved	gtr_clinical_testing_utilization	97	bc5c96de18a82eae
905c5aeda8127443	epilepsy	400569	ncbi_gene	ENSG00000161920	ensembl_gene	MED11	genes4epilepsy	Genes4Epilepsy	literature_derived	1.0	bronze	MED11	resolved		553	93a468dc7b88ff6e
02c459aa20158f23	epilepsy	9968	ncbi_gene	ENSG00000184634	ensembl_gene	MED12	genes4epilepsy	Genes4Epilepsy	literature_derived	1.0	bronze	MED12	resolved		554	35956d5feb335e33
02c459aa20158f23	epilepsy	9968	ncbi_gene	ENSG00000184634	ensembl_gene	MED12	gtr_epilepsy_gene_summary	GTR epilepsy gene summary	gtr_gene_summary	2.0	silver	MED12	resolved	gtr_clinical_testing_utilization	239	2d428309756e9ae5
dd3f07d4f0145f96	epilepsy	23389	ncbi_gene	ENSG00000123066	ensembl_gene	MED13L	genes4epilepsy	Genes4Epilepsy	literature_derived	1.0	bronze	MED13L	resolved		555	672bdbfada430a1a
dd3f07d4f0145f96	epilepsy	23389	ncbi_gene	ENSG00000123066	ensembl_gene	MED13L	gtr_epilepsy_gene_summary	GTR epilepsy gene summary	gtr_gene_summary	2.0	silver	MED13L	resolved	gtr_clinical_testing_utilization	1256	c6d776a372922e8a
bbd47c0cf37ef3ab	epilepsy	9440	ncbi_gene	ENSG00000042429	ensembl_gene	MED17	genes4epilepsy	Genes4Epilepsy	literature_derived	1.0	bronze	MED17	resolved		556	944333638c51b8a8
bbd47c0cf37ef3ab	epilepsy	9440	ncbi_gene	ENSG00000042429	ensembl_gene	MED17	gtr_epilepsy_gene_summary	GTR epilepsy gene summary	gtr_gene_summary	2.0	silver	MED17	resolved	gtr_clinical_testing_utilization	360	e99e5fdafe9da5c4
22b276a94f3aac2c	epilepsy	9477	ncbi_gene	ENSG00000124641	ensembl_gene	MED20	gtr_epilepsy_gene_summary	GTR epilepsy gene summary	gtr_gene_summary	2.0	silver	MED20	resolved	gtr_clinical_testing_utilization	2784	e9e92dc2e6a00b30
b001cf112db7b46c	epilepsy	9439	ncbi_gene	ENSG00000112282	ensembl_gene	MED23	genes4epilepsy	Genes4Epilepsy	literature_derived	1.0	bronze	MED23	resolved		557	d587a18576aaaac6
b001cf112db7b46c	epilepsy	9439	ncbi_gene	ENSG00000112282	ensembl_gene	MED23	gtr_epilepsy_gene_summary	GTR epilepsy gene summary	gtr_gene_summary	2.0	silver	MED23	resolved	gtr_clinical_testing_utilization	237	34a3e3c30408fceb
0e7c811698954a74	epilepsy	81857	ncbi_gene	ENSG00000104973	ensembl_gene	MED25	genes4epilepsy	Genes4Epilepsy	literature_derived	1.0	bronze	MED25	resolved		558	b2b120760cf9b170
0e7c811698954a74	epilepsy	81857	ncbi_gene	ENSG00000104973	ensembl_gene	MED25	gtr_epilepsy_gene_summary	GTR epilepsy gene summary	gtr_gene_summary	2.0	silver	MED25	resolved	gtr_clinical_testing_utilization	3144	565b0d86c94c6c1b
2ae369c163c56b53	epilepsy	9442	ncbi_gene	ENSG00000160563	ensembl_gene	MED27	genes4epilepsy	Genes4Epilepsy	literature_derived	1.0	bronze	MED27	resolved		559	8e80016bf33ba905
cbdbfb3440ad269f	epilepsy	4208	ncbi_gene	ENSG00000081189	ensembl_gene	MEF2C	genes4epilepsy	Genes4Epilepsy	literature_derived	1.0	bronze	MEF2C	resolved		560	59f041476b04d6e2
cbdbfb3440ad269f	epilepsy	4208	ncbi_gene	ENSG00000081189	ensembl_gene	MEF2C	gtr_epilepsy_gene_summary	GTR epilepsy gene summary	gtr_gene_summary	2.0	silver	MEF2C	resolved	gtr_clinical_testing_utilization	131	9ccc9f0512913570
c827f144eabcf9d1	epilepsy	4210	ncbi_gene	ENSG00000103313	ensembl_gene	MEFV	gtr_epilepsy_gene_summary	GTR epilepsy gene summary	gtr_gene_summary	2.0	silver	MEFV	resolved	gtr_clinical_testing_utilization	1447	363b17dc70f84bbf
89348a0ef96bf363	epilepsy	84466	ncbi_gene	ENSG00000145794	ensembl_gene	MEGF10	gtr_epilepsy_gene_summary	GTR epilepsy gene summary	gtr_gene_summary	2.0	silver	MEGF10	resolved	gtr_clinical_testing_utilization	2007	94f9db6728f66bc1
4544eccc04e0791a	epilepsy	1954	ncbi_gene	ENSG00000105429	ensembl_gene	MEGF8	gtr_epilepsy_gene_summary	GTR epilepsy gene summary	gtr_gene_summary	2.0	silver	MEGF8	resolved	gtr_clinical_testing_utilization	1911	f144df9f5e1c4329
2c0a82e14427d974	epilepsy	4211	ncbi_gene	ENSG00000143995	ensembl_gene	MEIS1	gtr_epilepsy_gene_summary	GTR epilepsy gene summary	gtr_gene_summary	2.0	silver	MEIS1	resolved	gtr_clinical_testing_utilization	2468	656158dbe0742564
9f8500e050c6b476	epilepsy	4212	ncbi_gene	ENSG00000134138	ensembl_gene	MEIS2	gtr_epilepsy_gene_summary	GTR epilepsy gene summary	gtr_gene_summary	2.0	silver	MEIS2	resolved	gtr_clinical_testing_utilization	1267	633a87ea0e13bdc7
37b5c3f81451d5fd	epilepsy	4222	ncbi_gene	ENSG00000005102	ensembl_gene	MEOX1	gtr_epilepsy_gene_summary	GTR epilepsy gene summary	gtr_gene_summary	2.0	silver	MEOX1	resolved	gtr_clinical_testing_utilization	2684	24dc8fd1f42dbf78
cbaea140c2b07826	epilepsy	56955	ncbi_gene	ENSG00000152595	ensembl_gene	MEPE	gtr_epilepsy_gene_summary	GTR epilepsy gene summary	gtr_gene_summary	2.0	silver	MEPE	resolved	gtr_clinical_testing_utilization	3145	8710386b08480ba7
09c29a2457960807	epilepsy	145873	ncbi_gene	ENSG00000188095	ensembl_gene	MESP2	gtr_epilepsy_gene_summary	GTR epilepsy gene summary	gtr_gene_summary	2.0	silver	MESP2	resolved	gtr_clinical_testing_utilization	2152	26e26e904bca1a8e
24743a0f7bd12ef1	epilepsy	4233	ncbi_gene	ENSG00000105976	ensembl_gene	MET	gtr_epilepsy_gene_summary	GTR epilepsy gene summary	gtr_gene_summary	2.0	silver	MET	resolved	gtr_clinical_testing_utilization	1823	1e3a48e1cae2bacd
bbdf0570c64094f3	epilepsy	124512	ncbi_gene	ENSG00000181038	ensembl_gene	METTL23	gtr_epilepsy_gene_summary	GTR epilepsy gene summary	gtr_gene_summary	2.0	silver	METTL23	resolved	gtr_clinical_testing_utilization	2008	e3cb560a7757cbdc
66a6b8548b97d6bd	epilepsy	29081	ncbi_gene	ENSG00000138382	ensembl_gene	METTL5	gtr_epilepsy_gene_summary	GTR epilepsy gene summary	gtr_gene_summary	2.0	silver	METTL5	resolved	gtr_clinical_testing_utilization	2602	47129b981d225bbf
0926079407c49101	epilepsy	8076	ncbi_gene	ENSG00000197614	ensembl_gene	MFAP5	gtr_epilepsy_gene_summary	GTR epilepsy gene summary	gtr_gene_summary	2.0	silver	MFAP5	resolved	gtr_clinical_testing_utilization	2305	1d0e8e88b98df132
a354c9109c8b1d9a	epilepsy	56947	ncbi_gene	ENSG00000168958	ensembl_gene	MFF	genes4epilepsy	Genes4Epilepsy	literature_derived	1.0	bronze	MFF	resolved		561	1bce3185740c5954
a354c9109c8b1d9a	epilepsy	56947	ncbi_gene	ENSG00000168958	ensembl_gene	MFF	gtr_epilepsy_gene_summary	GTR epilepsy gene summary	gtr_gene_summary	2.0	silver	MFF	resolved	gtr_clinical_testing_utilization	1222	61d7a7bf8a96da50
67d6cd968d07fb06	epilepsy	9927	ncbi_gene	ENSG00000116688	ensembl_gene	MFN2	gtr_epilepsy_gene_summary	GTR epilepsy gene summary	gtr_gene_summary	2.0	silver	MFN2	resolved	gtr_clinical_testing_utilization	1171	bbbb95bf463afd49
4bf73e1b97b92a29	epilepsy	84879	ncbi_gene	ENSG00000168389	ensembl_gene	MFSD2A	gtr_epilepsy_gene_summary	GTR epilepsy gene summary	gtr_gene_summary	2.0	silver	MFSD2A	resolved	gtr_clinical_testing_utilization	1607	bfacaff3dc197fc4
227c1d0e72c478dd	epilepsy	256471	ncbi_gene	ENSG00000164073	ensembl_gene	MFSD8	genes4epilepsy	Genes4Epilepsy	literature_derived	1.0	bronze	MFSD8	resolved		562	d7e87ec5e464a5a4
227c1d0e72c478dd	epilepsy	256471	ncbi_gene	ENSG00000164073	ensembl_gene	MFSD8	gtr_epilepsy_gene_summary	GTR epilepsy gene summary	gtr_gene_summary	2.0	silver	MFSD8	resolved	gtr_clinical_testing_utilization	134	c045ee28d7270a98
0ab73aba2c2751ec	epilepsy	8972	ncbi_gene	ENSG00000282607	ensembl_gene	MGAM	gtr_epilepsy_gene_summary	GTR epilepsy gene summary	gtr_gene_summary	2.0	silver	MGAM	resolved	gtr_clinical_testing_utilization	2785	6657b42d22be1f12
955243faf483bc43	epilepsy	4247	ncbi_gene	ENSG00000168282	ensembl_gene	MGAT2	gtr_epilepsy_gene_summary	GTR epilepsy gene summary	gtr_gene_summary	2.0	silver	MGAT2	resolved	gtr_clinical_testing_utilization	702	60701cf70b5969ce
df4ee7e131a1260c	epilepsy	92667	ncbi_gene	ENSG00000125871	ensembl_gene	MGME1	gtr_epilepsy_gene_summary	GTR epilepsy gene summary	gtr_gene_summary	2.0	silver	MGME1	resolved	gtr_clinical_testing_utilization	787	da05800873f73559
3e4667cb4dd2fd19	epilepsy	4256	ncbi_gene	ENSG00000111341	ensembl_gene	MGP	gtr_epilepsy_gene_summary	GTR epilepsy gene summary	gtr_gene_summary	2.0	silver	MGP	resolved	gtr_clinical_testing_utilization	1593	bfe648df7a515711
f5c7f1f1f2e14773	epilepsy	375056	ncbi_gene	ENSG00000154305	ensembl_gene	MIA3	gtr_epilepsy_gene_summary	GTR epilepsy gene summary	gtr_gene_summary	2.0	silver	MIA3	resolved	gtr_clinical_testing_utilization	3146	8c5388e45590eff4
9e8389b42b5196f8	epilepsy	64780	ncbi_gene	ENSG00000135596	ensembl_gene	MICAL1	gtr_epilepsy_gene_summary	GTR epilepsy gene summary	gtr_gene_summary	2.0	silver	MICAL1	resolved	gtr_clinical_testing_utilization	2009	0aa6dbba501c5e07
4ae0eaa2f5327693	epilepsy	10367	ncbi_gene	ENSG00000107745	ensembl_gene	MICU1	gtr_epilepsy_gene_summary	GTR epilepsy gene summary	gtr_gene_summary	2.0	silver	MICU1	resolved	gtr_clinical_testing_utilization	652	3375402cf52c2674
5000eacc8c5d96c7	epilepsy	4281	ncbi_gene	ENSG00000101871	ensembl_gene	MID1	gtr_epilepsy_gene_summary	GTR epilepsy gene summary	gtr_gene_summary	2.0	silver	MID1	resolved	gtr_clinical_testing_utilization	752	0e1a1c4244845c59
47bd556699acd37b	epilepsy	11043	ncbi_gene	ENSG00000080561	ensembl_gene	MID2	gtr_epilepsy_gene_summary	GTR epilepsy gene summary	gtr_gene_summary	2.0	silver	MID2	resolved	gtr_clinical_testing_utilization	653	11df2cd670aaecb3
e93246d8ca1cd5ea	epilepsy	9562	ncbi_gene	ENSG00000107789	ensembl_gene	MINPP1	genes4epilepsy	Genes4Epilepsy	literature_derived	1.0	bronze	MINPP1	resolved		563	e909d56020515f02
d534b044ec1da7f5	epilepsy	4285	ncbi_gene	ENSG00000027001	ensembl_gene	MIPEP	gtr_epilepsy_gene_summary	GTR epilepsy gene summary	gtr_gene_summary	2.0	silver	MIPEP	resolved	gtr_clinical_testing_utilization	395	e98cf2b70661a4fe
64112b01a72b7d45	epilepsy	406958	ncbi_gene	ENSG00000207990	ensembl_gene	MIR182	gtr_epilepsy_gene_summary	GTR epilepsy gene summary	gtr_gene_summary	2.0	silver	MIR182	resolved	gtr_clinical_testing_utilization	2685	a463cb08d0ab55e5
ac83c573c6cac7a3	epilepsy	407053	ncbi_gene	ENSG00000199158	ensembl_gene	MIR96	gtr_epilepsy_gene_summary	GTR epilepsy gene summary	gtr_gene_summary	2.0	silver	MIR96	resolved	gtr_clinical_testing_utilization	1357	c105a9e91f346e9e
797dfde4256c864a	epilepsy	4286	ncbi_gene	ENSG00000187098	ensembl_gene	MITF	gtr_epilepsy_gene_summary	GTR epilepsy gene summary	gtr_gene_summary	2.0	silver	MITF	resolved	gtr_clinical_testing_utilization	492	b41cddbbeea58ead
021b0b7ca2492696	epilepsy	8195	ncbi_gene	ENSG00000125863	ensembl_gene	MKKS	gtr_epilepsy_gene_summary	GTR epilepsy gene summary	gtr_gene_summary	2.0	silver	MKKS	resolved	gtr_clinical_testing_utilization	2104	1e45f6c32571da3f
a5a300a5298695f4	epilepsy	54903	ncbi_gene	ENSG00000011143	ensembl_gene	MKS1	gtr_epilepsy_gene_summary	GTR epilepsy gene summary	gtr_gene_summary	2.0	silver	MKS1	resolved	gtr_clinical_testing_utilization	1084	c594786f2d759e23
d1e2e6b9eb94a2dc	epilepsy	23209	ncbi_gene	ENSG00000100427	ensembl_gene	MLC1	genes4epilepsy	Genes4Epilepsy	literature_derived	1.0	bronze	MLC1	resolved		564	fa81c3b764e0afa1
d1e2e6b9eb94a2dc	epilepsy	23209	ncbi_gene	ENSG00000100427	ensembl_gene	MLC1	gtr_epilepsy_gene_summary	GTR epilepsy gene summary	gtr_gene_summary	2.0	silver	MLC1	resolved	gtr_clinical_testing_utilization	334	6a039380cd33659a
cb5e3ad0d11e42bb	epilepsy	4292	ncbi_gene	ENSG00000076242	ensembl_gene	MLH1	gtr_epilepsy_gene_summary	GTR epilepsy gene summary	gtr_gene_summary	2.0	silver	MLH1	resolved	gtr_clinical_testing_utilization	2373	93d2e00e9104c90e
06fb60dbbb609dd8	epilepsy	4300	ncbi_gene	ENSG00000171843	ensembl_gene	MLLT3	gtr_epilepsy_gene_summary	GTR epilepsy gene summary	gtr_gene_summary	2.0	silver	MLLT3	resolved	gtr_clinical_testing_utilization	3147	1d6f45e9c395b3af
cf8ecf75a2dcf6f1	epilepsy	79083	ncbi_gene	ENSG00000115648	ensembl_gene	MLPH	gtr_epilepsy_gene_summary	GTR epilepsy gene summary	gtr_gene_summary	2.0	silver	MLPH	resolved	gtr_clinical_testing_utilization	3148	093e6ddfae651f72
a139e7a8a6da8237	epilepsy	6945	ncbi_gene	ENSG00000108788	ensembl_gene	MLX	gtr_epilepsy_gene_summary	GTR epilepsy gene summary	gtr_gene_summary	2.0	silver	MLX	resolved	gtr_clinical_testing_utilization	3149	96f8ba3637a02981
636efb8f9a806763	epilepsy	23417	ncbi_gene	ENSG00000103150	ensembl_gene	MLYCD	gtr_epilepsy_gene_summary	GTR epilepsy gene summary	gtr_gene_summary	2.0	silver	MLYCD	resolved	gtr_clinical_testing_utilization	1192	c22908794bdb341e
4017a3e1e1ce8e10	epilepsy	166785	ncbi_gene	ENSG00000151611	ensembl_gene	MMAA	gtr_epilepsy_gene_summary	GTR epilepsy gene summary	gtr_gene_summary	2.0	silver	MMAA	resolved	gtr_clinical_testing_utilization	595	6ce5dfaf00b1871b
3df098d3300415bc	epilepsy	326625	ncbi_gene	ENSG00000139428	ensembl_gene	MMAB	gtr_epilepsy_gene_summary	GTR epilepsy gene summary	gtr_gene_summary	2.0	silver	MMAB	resolved	gtr_clinical_testing_utilization	1050	b7bc48cc368a55d2
559cb3f0158ecb22	epilepsy	25974	ncbi_gene	ENSG00000132763	ensembl_gene	MMACHC	genes4epilepsy	Genes4Epilepsy	literature_derived	1.0	bronze	MMACHC	resolved		565	65511d99271f90c9
559cb3f0158ecb22	epilepsy	25974	ncbi_gene	ENSG00000132763	ensembl_gene	MMACHC	gtr_epilepsy_gene_summary	GTR epilepsy gene summary	gtr_gene_summary	2.0	silver	MMACHC	resolved	gtr_clinical_testing_utilization	444	9ee1efc774bb96a6
f3817d5c9d0e8f84	epilepsy	27249	ncbi_gene	ENSG00000168288	ensembl_gene	MMADHC	genes4epilepsy	Genes4Epilepsy	literature_derived	1.0	bronze	MMADHC	resolved		566	9d7d4341f4afe890
f3817d5c9d0e8f84	epilepsy	27249	ncbi_gene	ENSG00000168288	ensembl_gene	MMADHC	gtr_epilepsy_gene_summary	GTR epilepsy gene summary	gtr_gene_summary	2.0	silver	MMADHC	resolved	gtr_clinical_testing_utilization	594	51fcef04ccd3488f
dd917b95999eba8a	epilepsy	4312	ncbi_gene	ENSG00000196611	ensembl_gene	MMP1	gtr_epilepsy_gene_summary	GTR epilepsy gene summary	gtr_gene_summary	2.0	silver	MMP1	resolved	gtr_clinical_testing_utilization	2469	6d11787b51c432fe
f51c2ec8fbdccc06	epilepsy	4594	ncbi_gene	ENSG00000146085	ensembl_gene	MMUT	gtr_epilepsy_gene_summary	GTR epilepsy gene summary	gtr_gene_summary	2.0	silver	MMUT	resolved	gtr_clinical_testing_utilization	592	dc9c40cfda6b9ad2
62748ed4b9abf2bb	epilepsy	4330	ncbi_gene	ENSG00000169184	ensembl_gene	MN1	gtr_epilepsy_gene_summary	GTR epilepsy gene summary	gtr_gene_summary	2.0	silver	MN1	resolved	gtr_clinical_testing_utilization	2010	17aebdaeed7ef544
beeaa894dd830ad3	epilepsy	3110	ncbi_gene	ENSG00000130675	ensembl_gene	MNX1	gtr_epilepsy_gene_summary	GTR epilepsy gene summary	gtr_gene_summary	2.0	silver	MNX1	resolved	gtr_clinical_testing_utilization	2188	df7b2428ff9b7ded
ac628f993a49be23	epilepsy	4337	ncbi_gene	ENSG00000124615	ensembl_gene	MOCS1	genes4epilepsy	Genes4Epilepsy	literature_derived	1.0	bronze	MOCS1	resolved		567	4636d567c1b99d64
ac628f993a49be23	epilepsy	4337	ncbi_gene	ENSG00000124615	ensembl_gene	MOCS1	gtr_epilepsy_gene_summary	GTR epilepsy gene summary	gtr_gene_summary	2.0	silver	MOCS1	resolved	gtr_clinical_testing_utilization	150	a3e177d634d756ad
80a3dc81f115f648	epilepsy	4338	ncbi_gene	ENSG00000164172	ensembl_gene	MOCS2	genes4epilepsy	Genes4Epilepsy	literature_derived	1.0	bronze	MOCS2	resolved		568	d41456efcb1050df
80a3dc81f115f648	epilepsy	4338	ncbi_gene	ENSG00000164172	ensembl_gene	MOCS2	gtr_epilepsy_gene_summary	GTR epilepsy gene summary	gtr_gene_summary	2.0	silver	MOCS2	resolved	gtr_clinical_testing_utilization	193	22bb2fc7b5d786c5
95fb9096bcd88c4a	epilepsy	27304	ncbi_gene	ENSG00000124217	ensembl_gene	MOCS3	gtr_epilepsy_gene_summary	GTR epilepsy gene summary	gtr_gene_summary	2.0	silver	MOCS3	resolved	gtr_clinical_testing_utilization	2390	ec94781dbeb269b4
c10029d8770f9426	epilepsy	7841	ncbi_gene	ENSG00000115275	ensembl_gene	MOGS	genes4epilepsy	Genes4Epilepsy	literature_derived	1.0	bronze	MOGS	resolved		569	4e62e9898de8beb0
c10029d8770f9426	epilepsy	7841	ncbi_gene	ENSG00000115275	ensembl_gene	MOGS	gtr_epilepsy_gene_summary	GTR epilepsy gene summary	gtr_gene_summary	2.0	silver	MOGS	resolved	gtr_clinical_testing_utilization	551	303f4e00eee8312a
83feb07fd014fe3a	epilepsy	22880	ncbi_gene	ENSG00000133422	ensembl_gene	MORC2	genes4epilepsy	Genes4Epilepsy	literature_derived	1.0	bronze	MORC2	resolved		570	a6be31abf7c49ac0
83feb07fd014fe3a	epilepsy	22880	ncbi_gene	ENSG00000133422	ensembl_gene	MORC2	gtr_epilepsy_gene_summary	GTR epilepsy gene summary	gtr_gene_summary	2.0	silver	MORC2	resolved	gtr_clinical_testing_utilization	2276	a8a45af0747ad66a
4fba21a5c8cc225f	epilepsy	51660	ncbi_gene	ENSG00000060762	ensembl_gene	MPC1	gtr_epilepsy_gene_summary	GTR epilepsy gene summary	gtr_gene_summary	2.0	silver	MPC1	resolved	gtr_clinical_testing_utilization	865	6c4d8e7cb65628e7
e599c9ba3722c08e	epilepsy	9526	ncbi_gene	ENSG00000129255	ensembl_gene	MPDU1	genes4epilepsy	Genes4Epilepsy	literature_derived	1.0	bronze	MPDU1	resolved		571	14fd5f598496c6b2
e599c9ba3722c08e	epilepsy	9526	ncbi_gene	ENSG00000129255	ensembl_gene	MPDU1	gtr_epilepsy_gene_summary	GTR epilepsy gene summary	gtr_gene_summary	2.0	silver	MPDU1	resolved	gtr_clinical_testing_utilization	718	92f80add8d56c1a2
4ea8f5e77a5f7533	epilepsy	8777	ncbi_gene	ENSG00000107186	ensembl_gene	MPDZ	gtr_epilepsy_gene_summary	GTR epilepsy gene summary	gtr_gene_summary	2.0	silver	MPDZ	resolved	gtr_clinical_testing_utilization	912	df90c032e8d30b08
ba511f84fb0ed165	epilepsy	4351	ncbi_gene	ENSG00000178802	ensembl_gene	MPI	gtr_epilepsy_gene_summary	GTR epilepsy gene summary	gtr_gene_summary	2.0	silver	MPI	resolved	gtr_clinical_testing_utilization	464	32aa213d9875f5b8
56476251de49d24a	epilepsy	4352	ncbi_gene	ENSG00000117400	ensembl_gene	MPL	gtr_epilepsy_gene_summary	GTR epilepsy gene summary	gtr_gene_summary	2.0	silver	MPL	resolved	gtr_clinical_testing_utilization	2061	89b05e50868a5cda
922ebfbac8294ed2	epilepsy	4353	ncbi_gene	ENSG00000005381	ensembl_gene	MPO	gtr_epilepsy_gene_summary	GTR epilepsy gene summary	gtr_gene_summary	2.0	silver	MPO	resolved	gtr_clinical_testing_utilization	3150	6f8a9c62a515c9dd
d4d8139f8edd8922	epilepsy	143098	ncbi_gene	ENSG00000150054	ensembl_gene	MPP7	gtr_epilepsy_gene_summary	GTR epilepsy gene summary	gtr_gene_summary	2.0	silver	MPP7	resolved	gtr_clinical_testing_utilization	3151	1cc33734681b7cac
f8be02c5969b6b53	epilepsy	23164	ncbi_gene	ENSG00000133030	ensembl_gene	MPRIP	gtr_epilepsy_gene_summary	GTR epilepsy gene summary	gtr_gene_summary	2.0	silver	MPRIP	resolved	gtr_clinical_testing_utilization	2470	b5090e0dbbdc852c
b052aca7a6766aaf	epilepsy	4358	ncbi_gene	ENSG00000115204	ensembl_gene	MPV17	gtr_epilepsy_gene_summary	GTR epilepsy gene summary	gtr_gene_summary	2.0	silver	MPV17	resolved	gtr_clinical_testing_utilization	423	0bedc74c6256b5a1
4526b41db52a8158	epilepsy	4359	ncbi_gene	ENSG00000158887	ensembl_gene	MPZ	gtr_epilepsy_gene_summary	GTR epilepsy gene summary	gtr_gene_summary	2.0	silver	MPZ	resolved	gtr_clinical_testing_utilization	1335	6476fdfdba975761
7352905f9980bd54	epilepsy	3140	ncbi_gene	ENSG00000153029	ensembl_gene	MR1	gtr_epilepsy_gene_summary	GTR epilepsy gene summary	gtr_gene_summary	2.0	silver	MR1	resolved	gtr_clinical_testing_utilization	2571	1370332315a85780
703886942f8a2266	epilepsy	56246	ncbi_gene	ENSG00000170262	ensembl_gene	MRAP	gtr_epilepsy_gene_summary	GTR epilepsy gene summary	gtr_gene_summary	2.0	silver	MRAP	resolved	gtr_clinical_testing_utilization	3152	baaecd01019ef76e
fd1d7d72d642c91a	epilepsy	112609	ncbi_gene	ENSG00000135324	ensembl_gene	MRAP2	gtr_epilepsy_gene_summary	GTR epilepsy gene summary	gtr_gene_summary	2.0	silver	MRAP2	resolved	gtr_clinical_testing_utilization	2885	66ff8eb822131138
213e178e6dd5c2e1	epilepsy	22808	ncbi_gene	ENSG00000158186	ensembl_gene	MRAS	gtr_epilepsy_gene_summary	GTR epilepsy gene summary	gtr_gene_summary	2.0	silver	MRAS	resolved	gtr_clinical_testing_utilization	2217	c77bdcdfe09305b2
8597db31437fb2ee	epilepsy	4361	ncbi_gene	ENSG00000020922	ensembl_gene	MRE11	gtr_epilepsy_gene_summary	GTR epilepsy gene summary	gtr_gene_summary	2.0	silver	MRE11	resolved	gtr_clinical_testing_utilization	1307	bb4e29e67c1e6c04
9f14587c97b9fed2	epilepsy	84245	ncbi_gene	ENSG00000037757	ensembl_gene	MRI1	gtr_epilepsy_gene_summary	GTR epilepsy gene summary	gtr_gene_summary	2.0	silver	MRI1	resolved	gtr_clinical_testing_utilization	2011	2b3c2dc8b59853bc
96a1555de5af560f	epilepsy	6182	ncbi_gene	ENSG00000262814	ensembl_gene	MRPL12	gtr_epilepsy_gene_summary	GTR epilepsy gene summary	gtr_gene_summary	2.0	silver	MRPL12	resolved	gtr_clinical_testing_utilization	2603	c052e4b20141e35d
1f5048758e338fe9	epilepsy	11222	ncbi_gene	ENSG00000114686	ensembl_gene	MRPL3	gtr_epilepsy_gene_summary	GTR epilepsy gene summary	gtr_gene_summary	2.0	silver	MRPL3	resolved	gtr_clinical_testing_utilization	2786	4f1a75874599bb75
df8d9fbb3b34c123	epilepsy	64976	ncbi_gene	ENSG00000185608	ensembl_gene	MRPL40	gtr_epilepsy_gene_summary	GTR epilepsy gene summary	gtr_gene_summary	2.0	silver	MRPL40	resolved	gtr_clinical_testing_utilization	2604	81f37d9548f283e7
62509f2aca5d6027	epilepsy	84545	ncbi_gene	ENSG00000055950	ensembl_gene	MRPL43	gtr_epilepsy_gene_summary	GTR epilepsy gene summary	gtr_gene_summary	2.0	silver	MRPL43	resolved	gtr_clinical_testing_utilization	2208	c73962760040ca5e
614be8d418e09ca8	epilepsy	65080	ncbi_gene	ENSG00000135900	ensembl_gene	MRPL44	gtr_epilepsy_gene_summary	GTR epilepsy gene summary	gtr_gene_summary	2.0	silver	MRPL44	resolved	gtr_clinical_testing_utilization	1241	c10f763c373e3663
04bda18e004d8a85	epilepsy	51021	ncbi_gene	ENSG00000182180	ensembl_gene	MRPS16	gtr_epilepsy_gene_summary	GTR epilepsy gene summary	gtr_gene_summary	2.0	silver	MRPS16	resolved	gtr_clinical_testing_utilization	834	6050e510f490a864
9379e90f106d58a8	epilepsy	56945	ncbi_gene	ENSG00000175110	ensembl_gene	MRPS22	gtr_epilepsy_gene_summary	GTR epilepsy gene summary	gtr_gene_summary	2.0	silver	MRPS22	resolved	gtr_clinical_testing_utilization	635	135c238965000cf0
ecf6370fa7a127d4	epilepsy	51649	ncbi_gene	ENSG00000181610	ensembl_gene	MRPS23	gtr_epilepsy_gene_summary	GTR epilepsy gene summary	gtr_gene_summary	2.0	silver	MRPS23	resolved	gtr_clinical_testing_utilization	2605	b6a1f170c899d877
d6de7d37a0096cd6	epilepsy	65993	ncbi_gene	ENSG00000074071	ensembl_gene	MRPS34	gtr_epilepsy_gene_summary	GTR epilepsy gene summary	gtr_gene_summary	2.0	silver	MRPS34	resolved	gtr_clinical_testing_utilization	2787	1c17db73f4c74933
40863c0d949aad81	epilepsy	51081	ncbi_gene	ENSG00000125445	ensembl_gene	MRPS7	gtr_epilepsy_gene_summary	GTR epilepsy gene summary	gtr_gene_summary	2.0	silver	MRPS7	resolved	gtr_clinical_testing_utilization	2572	502e626b49cf0084
94259adf0c7683f3	epilepsy	92399	ncbi_gene	ENSG00000148187	ensembl_gene	MRRF	gtr_epilepsy_gene_summary	GTR epilepsy gene summary	gtr_gene_summary	2.0	silver	MRRF	resolved	gtr_clinical_testing_utilization	1792	003344ff5152e077
f010b2cffd6a5dd4	epilepsy	57380	ncbi_gene	ENSG00000124532	ensembl_gene	MRS2	gtr_epilepsy_gene_summary	GTR epilepsy gene summary	gtr_gene_summary	2.0	silver	MRS2	resolved	gtr_clinical_testing_utilization	2471	a9b7c051965698a7
a0ce1f50ac2e0553	epilepsy	4436	ncbi_gene	ENSG00000095002	ensembl_gene	MSH2	gtr_epilepsy_gene_summary	GTR epilepsy gene summary	gtr_gene_summary	2.0	silver	MSH2	resolved	gtr_clinical_testing_utilization	2374	1381132765adcde6
5f10cef0986fa2c9	epilepsy	2956	ncbi_gene	ENSG00000116062	ensembl_gene	MSH6	gtr_epilepsy_gene_summary	GTR epilepsy gene summary	gtr_gene_summary	2.0	silver	MSH6	resolved	gtr_clinical_testing_utilization	2375	2e14bdf13e6719fd
ad95cb93fe7791ee	epilepsy	55167	ncbi_gene	ENSG00000174579	ensembl_gene	MSL2	genes4epilepsy	Genes4Epilepsy	literature_derived	1.0	bronze	MSL2	resolved		572	1480360045e10980
9fea32b838fd4b33	epilepsy	6307	ncbi_gene	ENSG00000052802	ensembl_gene	MSMO1	gtr_epilepsy_gene_summary	GTR epilepsy gene summary	gtr_gene_summary	2.0	silver	MSMO1	resolved	gtr_clinical_testing_utilization	1842	a750e7d6c5c87fec
ea332c55281380a3	epilepsy	4482	ncbi_gene	ENSG00000285250	ensembl_gene	MSRA	gtr_epilepsy_gene_summary	GTR epilepsy gene summary	gtr_gene_summary	2.0	silver	MSRA	resolved	gtr_clinical_testing_utilization	2472	92bf0d3b62cae6a1
171010c01bc1acc0	epilepsy	253827	ncbi_gene	ENSG00000174099	ensembl_gene	MSRB3	gtr_epilepsy_gene_summary	GTR epilepsy gene summary	gtr_gene_summary	2.0	silver	MSRB3	resolved	gtr_clinical_testing_utilization	1912	9104319d93bc76ec
fcfe84c27b7842da	epilepsy	2660	ncbi_gene	ENSG00000138379	ensembl_gene	MSTN	gtr_epilepsy_gene_summary	GTR epilepsy gene summary	gtr_gene_summary	2.0	silver	MSTN	resolved	gtr_clinical_testing_utilization	3153	0a5909515d54260d
ab613810d75b8fd5	epilepsy	4488	ncbi_gene	ENSG00000120149	ensembl_gene	MSX2	gtr_epilepsy_gene_summary	GTR epilepsy gene summary	gtr_gene_summary	2.0	silver	MSX2	resolved	gtr_clinical_testing_utilization	1761	d9d8ea97b5f0bcbb
b851e580d41532a4	epilepsy	4508	ncbi_gene	ENSG00000198899	ensembl_gene	MT-ATP6	genes4epilepsy	Genes4Epilepsy	literature_derived	1.0	bronze	MT-ATP6	resolved		573	a417710f8262dd1d
b851e580d41532a4	epilepsy	4508	ncbi_gene	ENSG00000198899	ensembl_gene	MT-ATP6	gtr_epilepsy_gene_summary	GTR epilepsy gene summary	gtr_gene_summary	2.0	silver	MT-ATP6	resolved	gtr_clinical_testing_utilization	1388	bf2d016d2d1659a5
2ba33e8777eddd52	epilepsy	4509	ncbi_gene	ENSG00000228253	ensembl_gene	MT-ATP8	gtr_epilepsy_gene_summary	GTR epilepsy gene summary	gtr_gene_summary	2.0	silver	MT-ATP8	resolved	gtr_clinical_testing_utilization	999	ae491084a61ac37c
fe0c4c36b0f63134	epilepsy	4512	ncbi_gene	ENSG00000198804	ensembl_gene	MT-CO1	gtr_epilepsy_gene_summary	GTR epilepsy gene summary	gtr_gene_summary	2.0	silver	MT-CO1	resolved	gtr_clinical_testing_utilization	742	18ee3f1e3cc802cc
bcc8a98bdd8fedd7	epilepsy	4513	ncbi_gene	ENSG00000198712	ensembl_gene	MT-CO2	gtr_epilepsy_gene_summary	GTR epilepsy gene summary	gtr_gene_summary	2.0	silver	MT-CO2	resolved	gtr_clinical_testing_utilization	1000	1423835d7c74a056
e0e1076f5d3fe81e	epilepsy	4514	ncbi_gene	ENSG00000198938	ensembl_gene	MT-CO3	gtr_epilepsy_gene_summary	GTR epilepsy gene summary	gtr_gene_summary	2.0	silver	MT-CO3	resolved	gtr_clinical_testing_utilization	1001	ee876a969819d037
f35f6ebc3dfc75d5	epilepsy	4519	ncbi_gene	ENSG00000198727	ensembl_gene	MT-CYB	gtr_epilepsy_gene_summary	GTR epilepsy gene summary	gtr_gene_summary	2.0	silver	MT-CYB	resolved	gtr_clinical_testing_utilization	1002	8d72d5dea8ca6ad7
93004ed2d969bd44	epilepsy	4535	ncbi_gene	ENSG00000198888	ensembl_gene	MT-ND1	gtr_epilepsy_gene_summary	GTR epilepsy gene summary	gtr_gene_summary	2.0	silver	MT-ND1	resolved	gtr_clinical_testing_utilization	1003	319d5e4b3571ebb2
6ba8fe28316af7b0	epilepsy	4536	ncbi_gene	ENSG00000198763	ensembl_gene	MT-ND2	gtr_epilepsy_gene_summary	GTR epilepsy gene summary	gtr_gene_summary	2.0	silver	MT-ND2	resolved	gtr_clinical_testing_utilization	1004	ed4e897f6dcf688e
90323cc4b2b8f29e	epilepsy	4537	ncbi_gene	ENSG00000198840	ensembl_gene	MT-ND3	genes4epilepsy	Genes4Epilepsy	literature_derived	1.0	bronze	MT-ND3	resolved		574	69f76c99f321c351
90323cc4b2b8f29e	epilepsy	4537	ncbi_gene	ENSG00000198840	ensembl_gene	MT-ND3	gtr_epilepsy_gene_summary	GTR epilepsy gene summary	gtr_gene_summary	2.0	silver	MT-ND3	resolved	gtr_clinical_testing_utilization	1005	0fdbbb5679af03a3
0733bf0c4c88a846	epilepsy	4538	ncbi_gene	ENSG00000198886	ensembl_gene	MT-ND4	gtr_epilepsy_gene_summary	GTR epilepsy gene summary	gtr_gene_summary	2.0	silver	MT-ND4	resolved	gtr_clinical_testing_utilization	1006	04cf9dfba555a737
08956f47f6e88b53	epilepsy	4539	ncbi_gene	ENSG00000212907	ensembl_gene	MT-ND4L	gtr_epilepsy_gene_summary	GTR epilepsy gene summary	gtr_gene_summary	2.0	silver	MT-ND4L	resolved	gtr_clinical_testing_utilization	1007	6568298677ba048d
20896d3477ec0133	epilepsy	4540	ncbi_gene	ENSG00000198786	ensembl_gene	MT-ND5	gtr_epilepsy_gene_summary	GTR epilepsy gene summary	gtr_gene_summary	2.0	silver	MT-ND5	resolved	gtr_clinical_testing_utilization	1008	917e932ac0f4e954
b15342f066e18081	epilepsy	4541	ncbi_gene	ENSG00000198695	ensembl_gene	MT-ND6	gtr_epilepsy_gene_summary	GTR epilepsy gene summary	gtr_gene_summary	2.0	silver	MT-ND6	resolved	gtr_clinical_testing_utilization	1009	01259b2b47850986
741fa3e1e96b0e5e	epilepsy	4549	ncbi_gene	ENSG00000211459	ensembl_gene	MT-RNR1	gtr_epilepsy_gene_summary	GTR epilepsy gene summary	gtr_gene_summary	2.0	silver	MT-RNR1	resolved	gtr_clinical_testing_utilization	743	44931de2d55bf98f
69607c864c969bac	epilepsy	4550	ncbi_gene	ENSG00000210082	ensembl_gene	MT-RNR2	gtr_epilepsy_gene_summary	GTR epilepsy gene summary	gtr_gene_summary	2.0	silver	MT-RNR2	resolved	gtr_clinical_testing_utilization	1412	3556235ff3c84dfb
6f1c8adcac2af542	epilepsy	4553	ncbi_gene	ENSG00000210127	ensembl_gene	MT-TA	gtr_epilepsy_gene_summary	GTR epilepsy gene summary	gtr_gene_summary	2.0	silver	MT-TA	resolved	gtr_clinical_testing_utilization	1010	e80f1ca5886a3cee
12830c6f88da3b0b	epilepsy	4511	ncbi_gene	ENSG00000210140	ensembl_gene	MT-TC	gtr_epilepsy_gene_summary	GTR epilepsy gene summary	gtr_gene_summary	2.0	silver	MT-TC	resolved	gtr_clinical_testing_utilization	1011	af88f904291bae72
ba6d211c5508ba29	epilepsy	4555	ncbi_gene	ENSG00000210154	ensembl_gene	MT-TD	gtr_epilepsy_gene_summary	GTR epilepsy gene summary	gtr_gene_summary	2.0	silver	MT-TD	resolved	gtr_clinical_testing_utilization	1012	60bda1bffe71f3a5
7795283221c92f0d	epilepsy	4556	ncbi_gene	ENSG00000210194	ensembl_gene	MT-TE	gtr_epilepsy_gene_summary	GTR epilepsy gene summary	gtr_gene_summary	2.0	silver	MT-TE	resolved	gtr_clinical_testing_utilization	740	f29c49cd0f691e51
86f7524b2ec86540	epilepsy	4558	ncbi_gene	ENSG00000210049	ensembl_gene	MT-TF	gtr_epilepsy_gene_summary	GTR epilepsy gene summary	gtr_gene_summary	2.0	silver	MT-TF	resolved	gtr_clinical_testing_utilization	1013	56aaf7b670f7693e
3e0ba4e0be9c3650	epilepsy	4563	ncbi_gene	ENSG00000210164	ensembl_gene	MT-TG	gtr_epilepsy_gene_summary	GTR epilepsy gene summary	gtr_gene_summary	2.0	silver	MT-TG	resolved	gtr_clinical_testing_utilization	1014	18ffe45d20f4d151
a93d3a749f24e605	epilepsy	4564	ncbi_gene	ENSG00000210176	ensembl_gene	MT-TH	gtr_epilepsy_gene_summary	GTR epilepsy gene summary	gtr_gene_summary	2.0	silver	MT-TH	resolved	gtr_clinical_testing_utilization	741	a68f54061cba185e
8429fb46ef19c329	epilepsy	4565	ncbi_gene	ENSG00000210100	ensembl_gene	MT-TI	gtr_epilepsy_gene_summary	GTR epilepsy gene summary	gtr_gene_summary	2.0	silver	MT-TI	resolved	gtr_clinical_testing_utilization	745	8f4389067b0aa293
45a420591aae7f1b	epilepsy	4566	ncbi_gene	ENSG00000210156	ensembl_gene	MT-TK	genes4epilepsy	Genes4Epilepsy	literature_derived	1.0	bronze	MT-TK	resolved		575	6becfe420f9bc1d5
45a420591aae7f1b	epilepsy	4566	ncbi_gene	ENSG00000210156	ensembl_gene	MT-TK	gtr_epilepsy_gene_summary	GTR epilepsy gene summary	gtr_gene_summary	2.0	silver	MT-TK	resolved	gtr_clinical_testing_utilization	126	a65168781df4b7e2
3f06567fc00709c9	epilepsy	4567	ncbi_gene	ENSG00000209082	ensembl_gene	MT-TL1	genes4epilepsy	Genes4Epilepsy	literature_derived	1.0	bronze	MT-TL1	resolved		576	7e6ae37a04588534
3f06567fc00709c9	epilepsy	4567	ncbi_gene	ENSG00000209082	ensembl_gene	MT-TL1	gtr_epilepsy_gene_summary	GTR epilepsy gene summary	gtr_gene_summary	2.0	silver	MT-TL1	resolved	gtr_clinical_testing_utilization	315	aae01d80f2006183
e8e79facb1f7f172	epilepsy	4568	ncbi_gene	ENSG00000210191	ensembl_gene	MT-TL2	gtr_epilepsy_gene_summary	GTR epilepsy gene summary	gtr_gene_summary	2.0	silver	MT-TL2	resolved	gtr_clinical_testing_utilization	1015	a3d323c96f636a3d
b6049f841a47479d	epilepsy	4569	ncbi_gene	ENSG00000210112	ensembl_gene	MT-TM	gtr_epilepsy_gene_summary	GTR epilepsy gene summary	gtr_gene_summary	2.0	silver	MT-TM	resolved	gtr_clinical_testing_utilization	1016	d4e782b4a0a2de92
e4f3e2d70cd432f3	epilepsy	4570	ncbi_gene	ENSG00000210135	ensembl_gene	MT-TN	gtr_epilepsy_gene_summary	GTR epilepsy gene summary	gtr_gene_summary	2.0	silver	MT-TN	resolved	gtr_clinical_testing_utilization	1017	a6b92189bc656e49
9b9f4813839e83c7	epilepsy	4571	ncbi_gene	ENSG00000210196	ensembl_gene	MT-TP	gtr_epilepsy_gene_summary	GTR epilepsy gene summary	gtr_gene_summary	2.0	silver	MT-TP	resolved	gtr_clinical_testing_utilization	746	e43a2de93f66658d
7af37e3b91c1655d	epilepsy	4572	ncbi_gene	ENSG00000210107	ensembl_gene	MT-TQ	gtr_epilepsy_gene_summary	GTR epilepsy gene summary	gtr_gene_summary	2.0	silver	MT-TQ	resolved	gtr_clinical_testing_utilization	1018	5abfbc816b81a40a
fcdc1a79689c2372	epilepsy	4573	ncbi_gene	ENSG00000210174	ensembl_gene	MT-TR	gtr_epilepsy_gene_summary	GTR epilepsy gene summary	gtr_gene_summary	2.0	silver	MT-TR	resolved	gtr_clinical_testing_utilization	1019	608f6242bce03783
c243e1f5519f3c8f	epilepsy	4574	ncbi_gene	4574	unknown_namespace	MT-TS1	gtr_epilepsy_gene_summary	GTR epilepsy gene summary	gtr_gene_summary	2.0	silver	MT-TS1	symbol_only	gtr_clinical_testing_utilization	744	c972d2080fe1589c
43cc00a27a7b4620	epilepsy	4575	ncbi_gene	ENSG00000210184	ensembl_gene	MT-TS2	gtr_epilepsy_gene_summary	GTR epilepsy gene summary	gtr_gene_summary	2.0	silver	MT-TS2	resolved	gtr_clinical_testing_utilization	1020	75472025088ee8ce
8f4ad7623605ffb9	epilepsy	4576	ncbi_gene	ENSG00000210195	ensembl_gene	MT-TT	gtr_epilepsy_gene_summary	GTR epilepsy gene summary	gtr_gene_summary	2.0	silver	MT-TT	resolved	gtr_clinical_testing_utilization	1021	6f82fc82020110d1
916a383eb061c924	epilepsy	4577	ncbi_gene	ENSG00000210077	ensembl_gene	MT-TV	gtr_epilepsy_gene_summary	GTR epilepsy gene summary	gtr_gene_summary	2.0	silver	MT-TV	resolved	gtr_clinical_testing_utilization	1022	9b09859ad52f916b
8d31b66dea3929b6	epilepsy	4578	ncbi_gene	ENSG00000210117	ensembl_gene	MT-TW	gtr_epilepsy_gene_summary	GTR epilepsy gene summary	gtr_gene_summary	2.0	silver	MT-TW	resolved	gtr_clinical_testing_utilization	1023	890b1d3eb4163b22
97f76c7d2af432e1	epilepsy	4579	ncbi_gene	ENSG00000210144	ensembl_gene	MT-TY	gtr_epilepsy_gene_summary	GTR epilepsy gene summary	gtr_gene_summary	2.0	silver	MT-TY	resolved	gtr_clinical_testing_utilization	1024	af527cb213fda9e4
b82527287b87867d	epilepsy	123263	ncbi_gene	ENSG00000103707	ensembl_gene	MTFMT	gtr_epilepsy_gene_summary	GTR epilepsy gene summary	gtr_gene_summary	2.0	silver	MTFMT	resolved	gtr_clinical_testing_utilization	477	2a0face8738cd32a
15a8f0f682b59cf7	epilepsy	4522	ncbi_gene	ENSG00000100714	ensembl_gene	MTHFD1	gtr_epilepsy_gene_summary	GTR epilepsy gene summary	gtr_gene_summary	2.0	silver	MTHFD1	resolved	gtr_clinical_testing_utilization	2105	262bbb60059a8418
7f1cfaaa64e4e0fc	epilepsy	4524	ncbi_gene	ENSG00000177000	ensembl_gene	MTHFR	genes4epilepsy	Genes4Epilepsy	literature_derived	1.0	bronze	MTHFR	resolved		577	fbb93d5b27851d51
7f1cfaaa64e4e0fc	epilepsy	4524	ncbi_gene	ENSG00000177000	ensembl_gene	MTHFR	gtr_epilepsy_gene_summary	GTR epilepsy gene summary	gtr_gene_summary	2.0	silver	MTHFR	resolved	gtr_clinical_testing_utilization	396	0a790d5231adc9ed
4bec4828fc7637d9	epilepsy	10588	ncbi_gene	ENSG00000136371	ensembl_gene	MTHFS	genes4epilepsy	Genes4Epilepsy	literature_derived	1.0	bronze	MTHFS	resolved		578	200b761999e2efba
4bec4828fc7637d9	epilepsy	10588	ncbi_gene	ENSG00000136371	ensembl_gene	MTHFS	gtr_epilepsy_gene_summary	GTR epilepsy gene summary	gtr_gene_summary	2.0	silver	MTHFS	resolved	gtr_clinical_testing_utilization	1191	44c35960d0c36f8f
1e16ef9df12da2db	epilepsy	4534	ncbi_gene	ENSG00000171100	ensembl_gene	MTM1	gtr_epilepsy_gene_summary	GTR epilepsy gene summary	gtr_gene_summary	2.0	silver	MTM1	resolved	gtr_clinical_testing_utilization	575	5bd33c7cede73c5b
d7c4117e43d58069	epilepsy	64419	ncbi_gene	ENSG00000163719	ensembl_gene	MTMR14	gtr_epilepsy_gene_summary	GTR epilepsy gene summary	gtr_gene_summary	2.0	silver	MTMR14	resolved	gtr_clinical_testing_utilization	3154	2036255af4e465f0
504ae254f92fa1b9	epilepsy	8898	ncbi_gene	ENSG00000087053	ensembl_gene	MTMR2	gtr_epilepsy_gene_summary	GTR epilepsy gene summary	gtr_gene_summary	2.0	silver	MTMR2	resolved	gtr_clinical_testing_utilization	3155	4c56e4a42b15705b
8fe3b257eec7f643	epilepsy	9108	ncbi_gene	ENSG00000003987	ensembl_gene	MTMR7	gtr_epilepsy_gene_summary	GTR epilepsy gene summary	gtr_gene_summary	2.0	silver	MTMR7	resolved	gtr_clinical_testing_utilization	2473	ccc2f56ba2fdb0a0
9af74b8f3312962e	epilepsy	55028	ncbi_gene	ENSG00000141219	ensembl_gene	MTNAP1	genes4epilepsy	Genes4Epilepsy	literature_derived	1.0	bronze	MTNAP1	resolved		579	56f4fb36cdb4b5b6
be48d87c66be0a48	epilepsy	25821	ncbi_gene	ENSG00000135297	ensembl_gene	MTO1	gtr_epilepsy_gene_summary	GTR epilepsy gene summary	gtr_gene_summary	2.0	silver	MTO1	resolved	gtr_clinical_testing_utilization	827	4904587b733c5e5d
c07098b676e2c300	epilepsy	2475	ncbi_gene	ENSG00000198793	ensembl_gene	MTOR	genes4epilepsy	Genes4Epilepsy	literature_derived	1.0	bronze	MTOR	resolved		580	7f5ed4a218a0d672
c07098b676e2c300	epilepsy	2475	ncbi_gene	ENSG00000198793	ensembl_gene	MTOR	gtr_epilepsy_gene_summary	GTR epilepsy gene summary	gtr_gene_summary	2.0	silver	MTOR	resolved	gtr_clinical_testing_utilization	101	96f0559e191d824d
a1d561288cff9b9c	epilepsy	55149	ncbi_gene	ENSG00000107951	ensembl_gene	MTPAP	gtr_epilepsy_gene_summary	GTR epilepsy gene summary	gtr_gene_summary	2.0	silver	MTPAP	resolved	gtr_clinical_testing_utilization	1097	a46f57bfd9ba8614
b2a81c08f1eb0423	epilepsy	4548	ncbi_gene	ENSG00000116984	ensembl_gene	MTR	genes4epilepsy	Genes4Epilepsy	literature_derived	1.0	bronze	MTR	resolved		581	0de749689a6a57d6
b2a81c08f1eb0423	epilepsy	4548	ncbi_gene	ENSG00000116984	ensembl_gene	MTR	gtr_epilepsy_gene_summary	GTR epilepsy gene summary	gtr_gene_summary	2.0	silver	MTR	resolved	gtr_clinical_testing_utilization	968	9802a97e52ec0aff
6967737dcd0d76be	epilepsy	91574	ncbi_gene	ENSG00000130921	ensembl_gene	MTRFR	gtr_epilepsy_gene_summary	GTR epilepsy gene summary	gtr_gene_summary	2.0	silver	MTRFR	resolved	gtr_clinical_testing_utilization	549	018b4d617c754834
26b11bbc4ab218cb	epilepsy	4552	ncbi_gene	ENSG00000124275	ensembl_gene	MTRR	gtr_epilepsy_gene_summary	GTR epilepsy gene summary	gtr_gene_summary	2.0	silver	MTRR	resolved	gtr_clinical_testing_utilization	623	0b96416bd592d33d
9f999c1ff2339488	epilepsy	4547	ncbi_gene	ENSG00000138823	ensembl_gene	MTTP	gtr_epilepsy_gene_summary	GTR epilepsy gene summary	gtr_gene_summary	2.0	silver	MTTP	resolved	gtr_clinical_testing_utilization	1051	1e7901fd666dba4b
d7a25bbc48679325	epilepsy	4593	ncbi_gene	ENSG00000030304	ensembl_gene	MUSK	gtr_epilepsy_gene_summary	GTR epilepsy gene summary	gtr_gene_summary	2.0	silver	MUSK	resolved	gtr_clinical_testing_utilization	1671	159f6877bf1a368d
11f50cca23a07886	epilepsy	4598	ncbi_gene	ENSG00000110921	ensembl_gene	MVK	gtr_epilepsy_gene_summary	GTR epilepsy gene summary	gtr_gene_summary	2.0	silver	MVK	resolved	gtr_clinical_testing_utilization	1058	c3f315e524e623f5
95da0a3546e91c36	epilepsy	54587	ncbi_gene	ENSG00000162576	ensembl_gene	MXRA8	gtr_epilepsy_gene_summary	GTR epilepsy gene summary	gtr_gene_summary	2.0	silver	MXRA8	resolved	gtr_clinical_testing_utilization	2474	b589ebb88430b1b9
9504d7b54897fbdd	epilepsy	4604	ncbi_gene	ENSG00000196091	ensembl_gene	MYBPC1	gtr_epilepsy_gene_summary	GTR epilepsy gene summary	gtr_gene_summary	2.0	silver	MYBPC1	resolved	gtr_clinical_testing_utilization	1579	e047d919b2e6b0b8
002960a970bdde38	epilepsy	4607	ncbi_gene	ENSG00000134571	ensembl_gene	MYBPC3	gtr_epilepsy_gene_summary	GTR epilepsy gene summary	gtr_gene_summary	2.0	silver	MYBPC3	resolved	gtr_clinical_testing_utilization	1693	fae94c9c278fd11e
82fc727f8ca71191	epilepsy	23077	ncbi_gene	ENSG00000005810	ensembl_gene	MYCBP2	genes4epilepsy	Genes4Epilepsy	literature_derived	1.0	bronze	MYCBP2	resolved		582	34feb29608bbe176
82fc727f8ca71191	epilepsy	23077	ncbi_gene	ENSG00000005810	ensembl_gene	MYCBP2	gtr_epilepsy_gene_summary	GTR epilepsy gene summary	gtr_gene_summary	2.0	silver	MYCBP2	resolved	gtr_clinical_testing_utilization	2686	90cf4493ce4e335e
dc58587df8f00ea7	epilepsy	4613	ncbi_gene	ENSG00000134323	ensembl_gene	MYCN	gtr_epilepsy_gene_summary	GTR epilepsy gene summary	gtr_gene_summary	2.0	silver	MYCN	resolved	gtr_clinical_testing_utilization	651	d8289a2fec8d11dd
d786735a27c32a52	epilepsy	4618	ncbi_gene	ENSG00000111046	ensembl_gene	MYF6	gtr_epilepsy_gene_summary	GTR epilepsy gene summary	gtr_gene_summary	2.0	silver	MYF6	resolved	gtr_clinical_testing_utilization	3156	0d0910f9b33a1e39
34ea702a6418217a	epilepsy	4619	ncbi_gene	ENSG00000109061	ensembl_gene	MYH1	gtr_epilepsy_gene_summary	GTR epilepsy gene summary	gtr_gene_summary	2.0	silver	MYH1	resolved	gtr_clinical_testing_utilization	1928	41fe7f65e53e56c5
7b32cc3c3afcf91c	epilepsy	4628	ncbi_gene	ENSG00000133026	ensembl_gene	MYH10	gtr_epilepsy_gene_summary	GTR epilepsy gene summary	gtr_gene_summary	2.0	silver	MYH10	resolved	gtr_clinical_testing_utilization	2886	512bc0c0d40a89f3
697ad4c003d02218	epilepsy	4629	ncbi_gene	ENSG00000133392	ensembl_gene	MYH11	gtr_epilepsy_gene_summary	GTR epilepsy gene summary	gtr_gene_summary	2.0	silver	MYH11	resolved	gtr_clinical_testing_utilization	2306	d34a0b06cc1cf9e7
5916dbdc913490d4	epilepsy	79784	ncbi_gene	ENSG00000105357	ensembl_gene	MYH14	gtr_epilepsy_gene_summary	GTR epilepsy gene summary	gtr_gene_summary	2.0	silver	MYH14	resolved	gtr_clinical_testing_utilization	994	0fa81e734cbf6f80
a0cb828c0974e1bd	epilepsy	4620	ncbi_gene	ENSG00000125414	ensembl_gene	MYH2	gtr_epilepsy_gene_summary	GTR epilepsy gene summary	gtr_gene_summary	2.0	silver	MYH2	resolved	gtr_clinical_testing_utilization	2012	b5d0d4d68c142591
5f66e878cc09fd51	epilepsy	4621	ncbi_gene	ENSG00000109063	ensembl_gene	MYH3	gtr_epilepsy_gene_summary	GTR epilepsy gene summary	gtr_gene_summary	2.0	silver	MYH3	resolved	gtr_clinical_testing_utilization	1608	215fb8fc802f7907
144ce648c84ac287	epilepsy	4624	ncbi_gene	ENSG00000197616	ensembl_gene	MYH6	gtr_epilepsy_gene_summary	GTR epilepsy gene summary	gtr_gene_summary	2.0	silver	MYH6	resolved	gtr_clinical_testing_utilization	1694	b56caef53efea089
938d8d6e86d54fb9	epilepsy	4625	ncbi_gene	ENSG00000092054	ensembl_gene	MYH7	gtr_epilepsy_gene_summary	GTR epilepsy gene summary	gtr_gene_summary	2.0	silver	MYH7	resolved	gtr_clinical_testing_utilization	887	e4fa0e46cadab03d
b31d16c425e7539e	epilepsy	57644	ncbi_gene	ENSG00000078814	ensembl_gene	MYH7B	gtr_epilepsy_gene_summary	GTR epilepsy gene summary	gtr_gene_summary	2.0	silver	MYH7B	resolved	gtr_clinical_testing_utilization	2542	5895b47b0c8482ab
e74122dbf551e112	epilepsy	4626	ncbi_gene	ENSG00000133020	ensembl_gene	MYH8	gtr_epilepsy_gene_summary	GTR epilepsy gene summary	gtr_gene_summary	2.0	silver	MYH8	resolved	gtr_clinical_testing_utilization	3157	d68b0ec521fb762e
ede3c296ae233ec0	epilepsy	4627	ncbi_gene	ENSG00000100345	ensembl_gene	MYH9	gtr_epilepsy_gene_summary	GTR epilepsy gene summary	gtr_gene_summary	2.0	silver	MYH9	resolved	gtr_clinical_testing_utilization	1358	adf208f2f125ded3
f694bf92c7bfc434	epilepsy	4633	ncbi_gene	ENSG00000111245	ensembl_gene	MYL2	gtr_epilepsy_gene_summary	GTR epilepsy gene summary	gtr_gene_summary	2.0	silver	MYL2	resolved	gtr_clinical_testing_utilization	1695	78b409b4f6c62696
7e3406244c37bb35	epilepsy	4634	ncbi_gene	ENSG00000160808	ensembl_gene	MYL3	gtr_epilepsy_gene_summary	GTR epilepsy gene summary	gtr_gene_summary	2.0	silver	MYL3	resolved	gtr_clinical_testing_utilization	1696	ae0f4d5b848b4c30
04b8a17eb0108284	epilepsy	4638	ncbi_gene	ENSG00000065534	ensembl_gene	MYLK	gtr_epilepsy_gene_summary	GTR epilepsy gene summary	gtr_gene_summary	2.0	silver	MYLK	resolved	gtr_clinical_testing_utilization	2307	8c8ae3b95d2f90b6
055b61a213427658	epilepsy	85366	ncbi_gene	ENSG00000101306	ensembl_gene	MYLK2	gtr_epilepsy_gene_summary	GTR epilepsy gene summary	gtr_gene_summary	2.0	silver	MYLK2	resolved	gtr_clinical_testing_utilization	1697	be06f0a5d3f4d7f5
f6de8675b7313cd3	epilepsy	91807	ncbi_gene	ENSG00000140795	ensembl_gene	MYLK3	gtr_epilepsy_gene_summary	GTR epilepsy gene summary	gtr_gene_summary	2.0	silver	MYLK3	resolved	gtr_clinical_testing_utilization	3158	33198eea5f0a3d21
d70ae5341ae9144e	epilepsy	51168	ncbi_gene	ENSG00000091536	ensembl_gene	MYO15A	gtr_epilepsy_gene_summary	GTR epilepsy gene summary	gtr_gene_summary	2.0	silver	MYO15A	resolved	gtr_clinical_testing_utilization	1359	35a05a79ee9fd9f7
b367bd91eb134b92	epilepsy	4640	ncbi_gene	ENSG00000166866	ensembl_gene	MYO1A	gtr_epilepsy_gene_summary	GTR epilepsy gene summary	gtr_gene_summary	2.0	silver	MYO1A	resolved	gtr_clinical_testing_utilization	2687	864383545855b0dd
6e691dd71004a939	epilepsy	53904	ncbi_gene	ENSG00000095777	ensembl_gene	MYO3A	gtr_epilepsy_gene_summary	GTR epilepsy gene summary	gtr_gene_summary	2.0	silver	MYO3A	resolved	gtr_clinical_testing_utilization	1360	bbea108e9c479ac4
ed1e43b0772d53dc	epilepsy	4644	ncbi_gene	ENSG00000197535	ensembl_gene	MYO5A	gtr_epilepsy_gene_summary	GTR epilepsy gene summary	gtr_gene_summary	2.0	silver	MYO5A	resolved	gtr_clinical_testing_utilization	1286	b69e5a6a0f0233ba
0868afe6f655f011	epilepsy	4646	ncbi_gene	ENSG00000196586	ensembl_gene	MYO6	gtr_epilepsy_gene_summary	GTR epilepsy gene summary	gtr_gene_summary	2.0	silver	MYO6	resolved	gtr_clinical_testing_utilization	1361	7a6cfa199befe493
c4ffca995b66294e	epilepsy	4647	ncbi_gene	ENSG00000137474	ensembl_gene	MYO7A	gtr_epilepsy_gene_summary	GTR epilepsy gene summary	gtr_gene_summary	2.0	silver	MYO7A	resolved	gtr_clinical_testing_utilization	823	21d58125150bb190
803f0a65499e4cb1	epilepsy	4648	ncbi_gene	ENSG00000169994	ensembl_gene	MYO7B	gtr_epilepsy_gene_summary	GTR epilepsy gene summary	gtr_gene_summary	2.0	silver	MYO7B	resolved	gtr_clinical_testing_utilization	3159	61fe21fd55af8cad
5f6192778318aebe	epilepsy	4649	ncbi_gene	ENSG00000066933	ensembl_gene	MYO9A	gtr_epilepsy_gene_summary	GTR epilepsy gene summary	gtr_gene_summary	2.0	silver	MYO9A	resolved	gtr_clinical_testing_utilization	3160	0714f568b1b24dd4
e7361943d50024f3	epilepsy	93649	ncbi_gene	ENSG00000141052	ensembl_gene	MYOCD	gtr_epilepsy_gene_summary	GTR epilepsy gene summary	gtr_gene_summary	2.0	silver	MYOCD	resolved	gtr_clinical_testing_utilization	1734	b5d335e2bc211d31
6a3c92a407ad2d70	epilepsy	8736	ncbi_gene	ENSG00000101605	ensembl_gene	MYOM1	gtr_epilepsy_gene_summary	GTR epilepsy gene summary	gtr_gene_summary	2.0	silver	MYOM1	resolved	gtr_clinical_testing_utilization	2887	ff8b7c8251aea8ba
d153b37ca27ee2a0	epilepsy	9499	ncbi_gene	ENSG00000120729	ensembl_gene	MYOT	gtr_epilepsy_gene_summary	GTR epilepsy gene summary	gtr_gene_summary	2.0	silver	MYOT	resolved	gtr_clinical_testing_utilization	1721	8ee60605bbd16096
3241db6f117d256e	epilepsy	51778	ncbi_gene	ENSG00000172399	ensembl_gene	MYOZ2	gtr_epilepsy_gene_summary	GTR epilepsy gene summary	gtr_gene_summary	2.0	silver	MYOZ2	resolved	gtr_clinical_testing_utilization	1698	521ef7479a3aa74f
7bb31f948be839f3	epilepsy	84665	ncbi_gene	ENSG00000138347	ensembl_gene	MYPN	gtr_epilepsy_gene_summary	GTR epilepsy gene summary	gtr_gene_summary	2.0	silver	MYPN	resolved	gtr_clinical_testing_utilization	1699	f83e07ac4c1306e5
720646f1fd42f7cd	epilepsy	23040	ncbi_gene	ENSG00000186487	ensembl_gene	MYT1L	genes4epilepsy	Genes4Epilepsy	literature_derived	1.0	bronze	MYT1L	resolved		583	9ebbccb9d64f5540
720646f1fd42f7cd	epilepsy	23040	ncbi_gene	ENSG00000186487	ensembl_gene	MYT1L	gtr_epilepsy_gene_summary	GTR epilepsy gene summary	gtr_gene_summary	2.0	silver	MYT1L	resolved	gtr_clinical_testing_utilization	1025	c54b83218a9fc968
1086b399ecf65349	epilepsy	80097	ncbi_gene	ENSG00000292119	ensembl_gene	MZT2B	gtr_epilepsy_gene_summary	GTR epilepsy gene summary	gtr_gene_summary	2.0	silver	MZT2B	resolved	gtr_clinical_testing_utilization	3161	04c7a374e95deda8
8f0807804d9ec94b	epilepsy	8260	ncbi_gene	ENSG00000102030	ensembl_gene	NAA10	genes4epilepsy	Genes4Epilepsy	literature_derived	1.0	bronze	NAA10	resolved		584	78d158a39339e7ae
8f0807804d9ec94b	epilepsy	8260	ncbi_gene	ENSG00000102030	ensembl_gene	NAA10	gtr_epilepsy_gene_summary	GTR epilepsy gene summary	gtr_gene_summary	2.0	silver	NAA10	resolved	gtr_clinical_testing_utilization	519	623c5dbe23ff472a
17f26fbf0cad585a	epilepsy	80155	ncbi_gene	ENSG00000164134	ensembl_gene	NAA15	genes4epilepsy	Genes4Epilepsy	literature_derived	1.0	bronze	NAA15	resolved		585	406143d249904b0e
17f26fbf0cad585a	epilepsy	80155	ncbi_gene	ENSG00000164134	ensembl_gene	NAA15	gtr_epilepsy_gene_summary	GTR epilepsy gene summary	gtr_gene_summary	2.0	silver	NAA15	resolved	gtr_clinical_testing_utilization	3162	2445aa585f5cec90
8ffca2974c1dd1aa	epilepsy	60560	ncbi_gene	ENSG00000135040	ensembl_gene	NAA35	gtr_epilepsy_gene_summary	GTR epilepsy gene summary	gtr_gene_summary	2.0	silver	NAA35	resolved	gtr_clinical_testing_utilization	2391	9a7fd2e3bf7a770a
012cbfc48f9852ce	epilepsy	80218	ncbi_gene	ENSG00000121579	ensembl_gene	NAA50	gtr_epilepsy_gene_summary	GTR epilepsy gene summary	gtr_gene_summary	2.0	silver	NAA50	resolved	gtr_clinical_testing_utilization	3163	79206de1f32adc94
6c9db2e6fc5b511d	epilepsy	112939	ncbi_gene	ENSG00000160877	ensembl_gene	NACC1	genes4epilepsy	Genes4Epilepsy	literature_derived	1.0	bronze	NACC1	resolved		586	f4a09fdff6d8d143
6c9db2e6fc5b511d	epilepsy	112939	ncbi_gene	ENSG00000160877	ensembl_gene	NACC1	gtr_epilepsy_gene_summary	GTR epilepsy gene summary	gtr_gene_summary	2.0	silver	NACC1	resolved	gtr_clinical_testing_utilization	240	2759bd82467b78b3
9b0c8882a186e563	epilepsy	133686	ncbi_gene	ENSG00000152620	ensembl_gene	NADK2	gtr_epilepsy_gene_summary	GTR epilepsy gene summary	gtr_gene_summary	2.0	silver	NADK2	resolved	gtr_clinical_testing_utilization	1193	98339ec874e83122
51cf7216d1996d22	epilepsy	92345	ncbi_gene	ENSG00000145414	ensembl_gene	NAF1	gtr_epilepsy_gene_summary	GTR epilepsy gene summary	gtr_gene_summary	2.0	silver	NAF1	resolved	gtr_clinical_testing_utilization	1946	1dbae0e3eb785fe2
256e40a4d23acbf3	epilepsy	4668	ncbi_gene	ENSG00000198951	ensembl_gene	NAGA	gtr_epilepsy_gene_summary	GTR epilepsy gene summary	gtr_gene_summary	2.0	silver	NAGA	resolved	gtr_clinical_testing_utilization	1036	00794f87af20326f
3ea11c5e6ebfef2b	epilepsy	4669	ncbi_gene	ENSG00000108784	ensembl_gene	NAGLU	genes4epilepsy	Genes4Epilepsy	literature_derived	1.0	bronze	NAGLU	resolved		587	dee1443c2c5b09d8
3ea11c5e6ebfef2b	epilepsy	4669	ncbi_gene	ENSG00000108784	ensembl_gene	NAGLU	gtr_epilepsy_gene_summary	GTR epilepsy gene summary	gtr_gene_summary	2.0	silver	NAGLU	resolved	gtr_clinical_testing_utilization	346	31d4f9655345e4e3
1b5ceb250d2ffa66	epilepsy	162417	ncbi_gene	ENSG00000161653	ensembl_gene	NAGS	gtr_epilepsy_gene_summary	GTR epilepsy gene summary	gtr_gene_summary	2.0	silver	NAGS	resolved	gtr_clinical_testing_utilization	789	9d0be420c533016b
0320a3521f968a7a	epilepsy	259232	ncbi_gene	ENSG00000102452	ensembl_gene	NALCN	genes4epilepsy	Genes4Epilepsy	literature_derived	1.0	bronze	NALCN	resolved		588	64ba0cfc3d3df920
0320a3521f968a7a	epilepsy	259232	ncbi_gene	ENSG00000102452	ensembl_gene	NALCN	gtr_epilepsy_gene_summary	GTR epilepsy gene summary	gtr_gene_summary	2.0	silver	NALCN	resolved	gtr_clinical_testing_utilization	473	51993b99ec818d8a
e53cf78c9dcccd1a	epilepsy	54187	ncbi_gene	ENSG00000095380	ensembl_gene	NANS	gtr_epilepsy_gene_summary	GTR epilepsy gene summary	gtr_gene_summary	2.0	silver	NANS	resolved	gtr_clinical_testing_utilization	1287	bd5f55da16ce5b80
bab973d02924d471	epilepsy	63908	ncbi_gene	ENSG00000125814	ensembl_gene	NAPB	genes4epilepsy	Genes4Epilepsy	literature_derived	1.0	bronze	NAPB	resolved		589	7a0df1799c0dbe57
bab973d02924d471	epilepsy	63908	ncbi_gene	ENSG00000125814	ensembl_gene	NAPB	gtr_epilepsy_gene_summary	GTR epilepsy gene summary	gtr_gene_summary	2.0	silver	NAPB	resolved	gtr_clinical_testing_utilization	3164	94c9319525a6fb25
9646715e75cc0ea8	epilepsy	4677	ncbi_gene	ENSG00000134440	ensembl_gene	NARS1	genes4epilepsy	Genes4Epilepsy	literature_derived	1.0	bronze	NARS1	resolved		590	f0bad6801a1614d5
0f8b0be045ba8dc8	epilepsy	79731	ncbi_gene	ENSG00000137513	ensembl_gene	NARS2	genes4epilepsy	Genes4Epilepsy	literature_derived	1.0	bronze	NARS2	resolved		591	dd1159b4655139e5
0f8b0be045ba8dc8	epilepsy	79731	ncbi_gene	ENSG00000137513	ensembl_gene	NARS2	gtr_epilepsy_gene_summary	GTR epilepsy gene summary	gtr_gene_summary	2.0	silver	NARS2	resolved	gtr_clinical_testing_utilization	479	3654e950a2b6fae8
d73d514ee7f82f2a	epilepsy	339983	ncbi_gene	339983	unknown_namespace	NAT8L	gtr_epilepsy_gene_summary	GTR epilepsy gene summary	gtr_gene_summary	2.0	silver	NAT8L	unresolved	gtr_clinical_testing_utilization	1609	95a9cd319faba347
312f350fc49d9962	epilepsy	55739	ncbi_gene	ENSG00000213995	ensembl_gene	NAXD	genes4epilepsy	Genes4Epilepsy	literature_derived	1.0	bronze	NAXD	resolved		592	6a916e273bfdfe9e
0f8c422f4627f498	epilepsy	128240	ncbi_gene	ENSG00000163382	ensembl_gene	NAXE	genes4epilepsy	Genes4Epilepsy	literature_derived	1.0	bronze	NAXE	resolved		593	37f7f12eec7e92eb
0f8c422f4627f498	epilepsy	128240	ncbi_gene	ENSG00000163382	ensembl_gene	NAXE	gtr_epilepsy_gene_summary	GTR epilepsy gene summary	gtr_gene_summary	2.0	silver	NAXE	resolved	gtr_clinical_testing_utilization	1610	aeaf3386ed1016d5
2b346b683ebb8012	epilepsy	51594	ncbi_gene	ENSG00000151779	ensembl_gene	NBAS	gtr_epilepsy_gene_summary	GTR epilepsy gene summary	gtr_gene_summary	2.0	silver	NBAS	resolved	gtr_clinical_testing_utilization	815	1ea8a8befbbfeb53
ab9ef387e833957c	epilepsy	26960	ncbi_gene	ENSG00000172915	ensembl_gene	NBEA	genes4epilepsy	Genes4Epilepsy	literature_derived	1.0	bronze	NBEA	resolved		594	93646bbc90fae992
ab9ef387e833957c	epilepsy	26960	ncbi_gene	ENSG00000172915	ensembl_gene	NBEA	gtr_epilepsy_gene_summary	GTR epilepsy gene summary	gtr_gene_summary	2.0	silver	NBEA	resolved	gtr_clinical_testing_utilization	547	a96ede2b0f2b618f
f20a905a495bc695	epilepsy	4683	ncbi_gene	ENSG00000104320	ensembl_gene	NBN	gtr_epilepsy_gene_summary	GTR epilepsy gene summary	gtr_gene_summary	2.0	silver	NBN	resolved	gtr_clinical_testing_utilization	1440	c068f0fe890dfe08
9dda27d6bbb3e5c8	epilepsy	23154	ncbi_gene	ENSG00000020129	ensembl_gene	NCDN	genes4epilepsy	Genes4Epilepsy	literature_derived	1.0	bronze	NCDN	resolved		595	7da03ae133e5d002
bcc06b20895d9fde	epilepsy	653361	ncbi_gene	ENSG00000158517	ensembl_gene	NCF1	gtr_epilepsy_gene_summary	GTR epilepsy gene summary	gtr_gene_summary	2.0	silver	NCF1	resolved	gtr_clinical_testing_utilization	3165	6c9d54e3f09798bf
4ea74678f9fba23c	epilepsy	4688	ncbi_gene	ENSG00000116701	ensembl_gene	NCF2	gtr_epilepsy_gene_summary	GTR epilepsy gene summary	gtr_gene_summary	2.0	silver	NCF2	resolved	gtr_clinical_testing_utilization	1521	773f2e923f8d6bfb
5f523dda4196e795	epilepsy	4689	ncbi_gene	ENSG00000100365	ensembl_gene	NCF4	gtr_epilepsy_gene_summary	GTR epilepsy gene summary	gtr_gene_summary	2.0	silver	NCF4	resolved	gtr_clinical_testing_utilization	1522	50bf7f34a8e1f682
49615ab36c6175eb	epilepsy	10787	ncbi_gene	ENSG00000061676	ensembl_gene	NCKAP1	genes4epilepsy	Genes4Epilepsy	literature_derived	1.0	bronze	NCKAP1	resolved		596	4995b219628ade45
8fa05ec645f474f4	epilepsy	8648	ncbi_gene	ENSG00000084676	ensembl_gene	NCOA1	gtr_epilepsy_gene_summary	GTR epilepsy gene summary	gtr_gene_summary	2.0	silver	NCOA1	resolved	gtr_clinical_testing_utilization	3166	b5af28642b4cc6df
82a5c6f64b97a00b	epilepsy	54820	ncbi_gene	ENSG00000275911	ensembl_gene	NDE1	genes4epilepsy	Genes4Epilepsy	literature_derived	1.0	bronze	NDE1	resolved		597	4f4e13354f8cefd0
82a5c6f64b97a00b	epilepsy	54820	ncbi_gene	ENSG00000275911	ensembl_gene	NDE1	gtr_epilepsy_gene_summary	GTR epilepsy gene summary	gtr_gene_summary	2.0	silver	NDE1	resolved	gtr_clinical_testing_utilization	400	eda53431ae493c41
c21428b88e441519	epilepsy	4692	ncbi_gene	ENSG00000288364	ensembl_gene	NDN	gtr_epilepsy_gene_summary	GTR epilepsy gene summary	gtr_gene_summary	2.0	silver	NDN	resolved	gtr_clinical_testing_utilization	1762	4f26a08638a106b7
64aa54d9f1ce65d4	epilepsy	4693	ncbi_gene	ENSG00000124479	ensembl_gene	NDP	genes4epilepsy	Genes4Epilepsy	literature_derived	1.0	bronze	NDP	resolved		598	dc8b45ff67980efe
64aa54d9f1ce65d4	epilepsy	4693	ncbi_gene	ENSG00000124479	ensembl_gene	NDP	gtr_epilepsy_gene_summary	GTR epilepsy gene summary	gtr_gene_summary	2.0	silver	NDP	resolved	gtr_clinical_testing_utilization	588	e4786d9a94e590fe
2d434859c36efeef	epilepsy	10397	ncbi_gene	ENSG00000104419	ensembl_gene	NDRG1	gtr_epilepsy_gene_summary	GTR epilepsy gene summary	gtr_gene_summary	2.0	silver	NDRG1	resolved	gtr_clinical_testing_utilization	3167	63e4fa1ee1bfde96
9fab9f886df25949	epilepsy	65009	ncbi_gene	ENSG00000103034	ensembl_gene	NDRG4	gtr_epilepsy_gene_summary	GTR epilepsy gene summary	gtr_gene_summary	2.0	silver	NDRG4	resolved	gtr_clinical_testing_utilization	2475	228687e86661f3e8
5fe06dee9c4d6c4b	epilepsy	3340	ncbi_gene	ENSG00000070614	ensembl_gene	NDST1	genes4epilepsy	Genes4Epilepsy	literature_derived	1.0	bronze	NDST1	resolved		599	57e7417fe02d76e5
5fe06dee9c4d6c4b	epilepsy	3340	ncbi_gene	ENSG00000070614	ensembl_gene	NDST1	gtr_epilepsy_gene_summary	GTR epilepsy gene summary	gtr_gene_summary	2.0	silver	NDST1	resolved	gtr_clinical_testing_utilization	963	f0603cc6ae463802
f5c0c34f7c70146e	epilepsy	4694	ncbi_gene	ENSG00000125356	ensembl_gene	NDUFA1	genes4epilepsy	Genes4Epilepsy	literature_derived	1.0	bronze	NDUFA1	resolved		600	e66bd73703d3d495
f5c0c34f7c70146e	epilepsy	4694	ncbi_gene	ENSG00000125356	ensembl_gene	NDUFA1	gtr_epilepsy_gene_summary	GTR epilepsy gene summary	gtr_gene_summary	2.0	silver	NDUFA1	resolved	gtr_clinical_testing_utilization	257	08a2a068fabf2cfa
001e90e16ba563d9	epilepsy	4705	ncbi_gene	ENSG00000130414	ensembl_gene	NDUFA10	genes4epilepsy	Genes4Epilepsy	literature_derived	1.0	bronze	NDUFA10	resolved		601	9e0a89158c733435
001e90e16ba563d9	epilepsy	4705	ncbi_gene	ENSG00000130414	ensembl_gene	NDUFA10	gtr_epilepsy_gene_summary	GTR epilepsy gene summary	gtr_gene_summary	2.0	silver	NDUFA10	resolved	gtr_clinical_testing_utilization	697	273cf4348441a953
3bb376f8aaa062f6	epilepsy	126328	ncbi_gene	ENSG00000174886	ensembl_gene	NDUFA11	genes4epilepsy	Genes4Epilepsy	literature_derived	1.0	bronze	NDUFA11	resolved		602	da42666477cd74e0
3bb376f8aaa062f6	epilepsy	126328	ncbi_gene	ENSG00000174886	ensembl_gene	NDUFA11	gtr_epilepsy_gene_summary	GTR epilepsy gene summary	gtr_gene_summary	2.0	silver	NDUFA11	resolved	gtr_clinical_testing_utilization	704	817b5d18c79e2b65
5a211cac4d68dd9c	epilepsy	55967	ncbi_gene	ENSG00000184752	ensembl_gene	NDUFA12	gtr_epilepsy_gene_summary	GTR epilepsy gene summary	gtr_gene_summary	2.0	silver	NDUFA12	resolved	gtr_clinical_testing_utilization	636	f8fd051e3366c33b
492ac0c90373d37e	epilepsy	51079	ncbi_gene	ENSG00000186010	ensembl_gene	NDUFA13	genes4epilepsy	Genes4Epilepsy	literature_derived	1.0	bronze	NDUFA13	resolved		603	4d4c2a2e07e1607f
492ac0c90373d37e	epilepsy	51079	ncbi_gene	ENSG00000186010	ensembl_gene	NDUFA13	gtr_epilepsy_gene_summary	GTR epilepsy gene summary	gtr_gene_summary	2.0	silver	NDUFA13	resolved	gtr_clinical_testing_utilization	980	cd8dad12d7799608
463188494000dcdf	epilepsy	4695	ncbi_gene	ENSG00000131495	ensembl_gene	NDUFA2	genes4epilepsy	Genes4Epilepsy	literature_derived	1.0	bronze	NDUFA2	resolved		604	f59995a7201dbcb9
463188494000dcdf	epilepsy	4695	ncbi_gene	ENSG00000131495	ensembl_gene	NDUFA2	gtr_epilepsy_gene_summary	GTR epilepsy gene summary	gtr_gene_summary	2.0	silver	NDUFA2	resolved	gtr_clinical_testing_utilization	499	2c9158a0f6339574
5d3b07d01b7b3039	epilepsy	4700	ncbi_gene	ENSG00000281013	ensembl_gene	NDUFA6	genes4epilepsy	Genes4Epilepsy	literature_derived	1.0	bronze	NDUFA6	resolved		605	2e0565ac37e54ad7
89b8d729bdf8804e	epilepsy	4701	ncbi_gene	ENSG00000267855	ensembl_gene	NDUFA7	gtr_epilepsy_gene_summary	GTR epilepsy gene summary	gtr_gene_summary	2.0	silver	NDUFA7	resolved	gtr_clinical_testing_utilization	1793	bb111369ae7234c9
8af3a8f5ff2f2d14	epilepsy	4702	ncbi_gene	ENSG00000119421	ensembl_gene	NDUFA8	gtr_epilepsy_gene_summary	GTR epilepsy gene summary	gtr_gene_summary	2.0	silver	NDUFA8	resolved	gtr_clinical_testing_utilization	3168	7dbb74b6b60a7c26
adafd5878de7b080	epilepsy	4704	ncbi_gene	ENSG00000139180	ensembl_gene	NDUFA9	genes4epilepsy	Genes4Epilepsy	literature_derived	1.0	bronze	NDUFA9	resolved		606	210352fb4dfd53ca
adafd5878de7b080	epilepsy	4704	ncbi_gene	ENSG00000139180	ensembl_gene	NDUFA9	gtr_epilepsy_gene_summary	GTR epilepsy gene summary	gtr_gene_summary	2.0	silver	NDUFA9	resolved	gtr_clinical_testing_utilization	496	810dc51f33f00ce1
022dc45dca6fc5c1	epilepsy	51103	ncbi_gene	ENSG00000137806	ensembl_gene	NDUFAF1	gtr_epilepsy_gene_summary	GTR epilepsy gene summary	gtr_gene_summary	2.0	silver	NDUFAF1	resolved	gtr_clinical_testing_utilization	705	befaf1463db23156
8a3a6a7f03a8cd52	epilepsy	91942	ncbi_gene	ENSG00000164182	ensembl_gene	NDUFAF2	genes4epilepsy	Genes4Epilepsy	literature_derived	1.0	bronze	NDUFAF2	resolved		607	e878d9565ee3dc60
8a3a6a7f03a8cd52	epilepsy	91942	ncbi_gene	ENSG00000164182	ensembl_gene	NDUFAF2	gtr_epilepsy_gene_summary	GTR epilepsy gene summary	gtr_gene_summary	2.0	silver	NDUFAF2	resolved	gtr_clinical_testing_utilization	217	a9846b00dddab953
2b4477069b35aa0d	epilepsy	25915	ncbi_gene	ENSG00000178057	ensembl_gene	NDUFAF3	genes4epilepsy	Genes4Epilepsy	literature_derived	1.0	bronze	NDUFAF3	resolved		608	c1aa29e6ef812bfa
2b4477069b35aa0d	epilepsy	25915	ncbi_gene	ENSG00000178057	ensembl_gene	NDUFAF3	gtr_epilepsy_gene_summary	GTR epilepsy gene summary	gtr_gene_summary	2.0	silver	NDUFAF3	resolved	gtr_clinical_testing_utilization	505	116ffe085acd3965
5b7392e386a25447	epilepsy	29078	ncbi_gene	ENSG00000123545	ensembl_gene	NDUFAF4	genes4epilepsy	Genes4Epilepsy	literature_derived	1.0	bronze	NDUFAF4	resolved		609	3cc7daaf60dbb184
5b7392e386a25447	epilepsy	29078	ncbi_gene	ENSG00000123545	ensembl_gene	NDUFAF4	gtr_epilepsy_gene_summary	GTR epilepsy gene summary	gtr_gene_summary	2.0	silver	NDUFAF4	resolved	gtr_clinical_testing_utilization	388	0254d17ba804b377
a51cbff0c31deb43	epilepsy	79133	ncbi_gene	ENSG00000101247	ensembl_gene	NDUFAF5	genes4epilepsy	Genes4Epilepsy	literature_derived	1.0	bronze	NDUFAF5	resolved		610	4d86a4a76844f78b
a51cbff0c31deb43	epilepsy	79133	ncbi_gene	ENSG00000101247	ensembl_gene	NDUFAF5	gtr_epilepsy_gene_summary	GTR epilepsy gene summary	gtr_gene_summary	2.0	silver	NDUFAF5	resolved	gtr_clinical_testing_utilization	265	9f02b32c7b731f6d
3794dee6acf5c7c8	epilepsy	137682	ncbi_gene	ENSG00000156170	ensembl_gene	NDUFAF6	gtr_epilepsy_gene_summary	GTR epilepsy gene summary	gtr_gene_summary	2.0	silver	NDUFAF6	resolved	gtr_clinical_testing_utilization	494	50afdd387d662390
7af98c3e0fb3cfa6	epilepsy	55471	ncbi_gene	ENSG00000003509	ensembl_gene	NDUFAF7	gtr_epilepsy_gene_summary	GTR epilepsy gene summary	gtr_gene_summary	2.0	silver	NDUFAF7	resolved	gtr_clinical_testing_utilization	1298	518395105bb80fb9
56e78da44c304e6c	epilepsy	4716	ncbi_gene	ENSG00000291930	ensembl_gene	NDUFB10	gtr_epilepsy_gene_summary	GTR epilepsy gene summary	gtr_gene_summary	2.0	silver	NDUFB10	resolved	gtr_clinical_testing_utilization	2385	ec9e1e3d41c2b9ef
f72d941678f991ee	epilepsy	54539	ncbi_gene	ENSG00000147123	ensembl_gene	NDUFB11	gtr_epilepsy_gene_summary	GTR epilepsy gene summary	gtr_gene_summary	2.0	silver	NDUFB11	resolved	gtr_clinical_testing_utilization	1275	5f7085986238448d
7919f1049bd108ed	epilepsy	4709	ncbi_gene	ENSG00000119013	ensembl_gene	NDUFB3	gtr_epilepsy_gene_summary	GTR epilepsy gene summary	gtr_gene_summary	2.0	silver	NDUFB3	resolved	gtr_clinical_testing_utilization	643	8da209de46c6aca3
bce19b26563be0e2	epilepsy	4712	ncbi_gene	ENSG00000165264	ensembl_gene	NDUFB6	gtr_epilepsy_gene_summary	GTR epilepsy gene summary	gtr_gene_summary	2.0	silver	NDUFB6	resolved	gtr_clinical_testing_utilization	1794	cc1e4a0c44912ba9
518196169b1eaa44	epilepsy	4715	ncbi_gene	ENSG00000147684	ensembl_gene	NDUFB9	gtr_epilepsy_gene_summary	GTR epilepsy gene summary	gtr_gene_summary	2.0	silver	NDUFB9	resolved	gtr_clinical_testing_utilization	644	9a0333805dd0e190
00bb7682e476abd1	epilepsy	4719	ncbi_gene	ENSG00000023228	ensembl_gene	NDUFS1	genes4epilepsy	Genes4Epilepsy	literature_derived	1.0	bronze	NDUFS1	resolved		611	c15f0c011f5d0b0c
00bb7682e476abd1	epilepsy	4719	ncbi_gene	ENSG00000023228	ensembl_gene	NDUFS1	gtr_epilepsy_gene_summary	GTR epilepsy gene summary	gtr_gene_summary	2.0	silver	NDUFS1	resolved	gtr_clinical_testing_utilization	296	564faa2fe9e4ce8b
7f2bca78120e864b	epilepsy	4720	ncbi_gene	ENSG00000158864	ensembl_gene	NDUFS2	genes4epilepsy	Genes4Epilepsy	literature_derived	1.0	bronze	NDUFS2	resolved		612	d47a4419f4e3853c
7f2bca78120e864b	epilepsy	4720	ncbi_gene	ENSG00000158864	ensembl_gene	NDUFS2	gtr_epilepsy_gene_summary	GTR epilepsy gene summary	gtr_gene_summary	2.0	silver	NDUFS2	resolved	gtr_clinical_testing_utilization	367	d57f681ef6d89ea4
6edfef2f9e8cdb13	epilepsy	4722	ncbi_gene	ENSG00000213619	ensembl_gene	NDUFS3	gtr_epilepsy_gene_summary	GTR epilepsy gene summary	gtr_gene_summary	2.0	silver	NDUFS3	resolved	gtr_clinical_testing_utilization	500	07b4c8e0fbfef8de
0bfc71244f053ba1	epilepsy	4724	ncbi_gene	ENSG00000164258	ensembl_gene	NDUFS4	genes4epilepsy	Genes4Epilepsy	literature_derived	1.0	bronze	NDUFS4	resolved		613	dd5da6f4601f6260
0bfc71244f053ba1	epilepsy	4724	ncbi_gene	ENSG00000164258	ensembl_gene	NDUFS4	gtr_epilepsy_gene_summary	GTR epilepsy gene summary	gtr_gene_summary	2.0	silver	NDUFS4	resolved	gtr_clinical_testing_utilization	212	4824bebc2da1a3f5
2878b9f5b7cd0e14	epilepsy	4725	ncbi_gene	ENSG00000168653	ensembl_gene	NDUFS5	gtr_epilepsy_gene_summary	GTR epilepsy gene summary	gtr_gene_summary	2.0	silver	NDUFS5	resolved	gtr_clinical_testing_utilization	1795	eb0c27185a4d3586
53a8854d47fb9256	epilepsy	4726	ncbi_gene	ENSG00000145494	ensembl_gene	NDUFS6	genes4epilepsy	Genes4Epilepsy	literature_derived	1.0	bronze	NDUFS6	resolved		614	b3e86cbc2c1935f2
53a8854d47fb9256	epilepsy	4726	ncbi_gene	ENSG00000145494	ensembl_gene	NDUFS6	gtr_epilepsy_gene_summary	GTR epilepsy gene summary	gtr_gene_summary	2.0	silver	NDUFS6	resolved	gtr_clinical_testing_utilization	262	a7786fe74e401b5f
333d703f4c4fc906	epilepsy	374291	ncbi_gene	ENSG00000115286	ensembl_gene	NDUFS7	genes4epilepsy	Genes4Epilepsy	literature_derived	1.0	bronze	NDUFS7	resolved		615	4505d59470896746
333d703f4c4fc906	epilepsy	374291	ncbi_gene	ENSG00000115286	ensembl_gene	NDUFS7	gtr_epilepsy_gene_summary	GTR epilepsy gene summary	gtr_gene_summary	2.0	silver	NDUFS7	resolved	gtr_clinical_testing_utilization	215	ca8725be6a60cbbc
68e1af70931e186a	epilepsy	4728	ncbi_gene	ENSG00000110717	ensembl_gene	NDUFS8	genes4epilepsy	Genes4Epilepsy	literature_derived	1.0	bronze	NDUFS8	resolved		616	6c67ea490914dfd3
68e1af70931e186a	epilepsy	4728	ncbi_gene	ENSG00000110717	ensembl_gene	NDUFS8	gtr_epilepsy_gene_summary	GTR epilepsy gene summary	gtr_gene_summary	2.0	silver	NDUFS8	resolved	gtr_clinical_testing_utilization	373	e5ac7937d6ff8329
83aecba3f39e7e3c	epilepsy	4723	ncbi_gene	ENSG00000167792	ensembl_gene	NDUFV1	genes4epilepsy	Genes4Epilepsy	literature_derived	1.0	bronze	NDUFV1	resolved		617	110cfeb8f2087219
83aecba3f39e7e3c	epilepsy	4723	ncbi_gene	ENSG00000167792	ensembl_gene	NDUFV1	gtr_epilepsy_gene_summary	GTR epilepsy gene summary	gtr_gene_summary	2.0	silver	NDUFV1	resolved	gtr_clinical_testing_utilization	178	de34ccfaa58d52f7
07a7fe56d9158b59	epilepsy	4729	ncbi_gene	ENSG00000178127	ensembl_gene	NDUFV2	gtr_epilepsy_gene_summary	GTR epilepsy gene summary	gtr_gene_summary	2.0	silver	NDUFV2	resolved	gtr_clinical_testing_utilization	645	48338704d3eb161b
cce9fc90260dc0c1	epilepsy	4731	ncbi_gene	ENSG00000160194	ensembl_gene	NDUFV3	gtr_epilepsy_gene_summary	GTR epilepsy gene summary	gtr_gene_summary	2.0	silver	NDUFV3	resolved	gtr_clinical_testing_utilization	1302	af610fb563c8ebc0
87d0f1dc3a2228fe	epilepsy	4703	ncbi_gene	ENSG00000183091	ensembl_gene	NEB	gtr_epilepsy_gene_summary	GTR epilepsy gene summary	gtr_gene_summary	2.0	silver	NEB	resolved	gtr_clinical_testing_utilization	1044	4422ab8f71b48937
fb80d2703af6114d	epilepsy	10529	ncbi_gene	ENSG00000078114	ensembl_gene	NEBL	gtr_epilepsy_gene_summary	GTR epilepsy gene summary	gtr_gene_summary	2.0	silver	NEBL	resolved	gtr_clinical_testing_utilization	1262	4607f0ec65e31099
12387de09192a8c9	epilepsy	25977	ncbi_gene	ENSG00000089818	ensembl_gene	NECAP1	genes4epilepsy	Genes4Epilepsy	literature_derived	1.0	bronze	NECAP1	resolved		618	bf5cbdbb8671f3e1
12387de09192a8c9	epilepsy	25977	ncbi_gene	ENSG00000089818	ensembl_gene	NECAP1	gtr_epilepsy_gene_summary	GTR epilepsy gene summary	gtr_gene_summary	2.0	silver	NECAP1	resolved	gtr_clinical_testing_utilization	88	a7a25afa0d2c242f
2258a8f1b3bd04f6	epilepsy	5818	ncbi_gene	ENSG00000110400	ensembl_gene	NECTIN1	gtr_epilepsy_gene_summary	GTR epilepsy gene summary	gtr_gene_summary	2.0	silver	NECTIN1	resolved	gtr_clinical_testing_utilization	3169	5a9ea4d79221b07b
7c4e2e1fec5b0e87	epilepsy	5819	ncbi_gene	ENSG00000130202	ensembl_gene	NECTIN2	gtr_epilepsy_gene_summary	GTR epilepsy gene summary	gtr_gene_summary	2.0	silver	NECTIN2	resolved	gtr_clinical_testing_utilization	2476	4bb1ed2f6a912c94
d047a639419f7a27	epilepsy	25945	ncbi_gene	ENSG00000177707	ensembl_gene	NECTIN3	gtr_epilepsy_gene_summary	GTR epilepsy gene summary	gtr_gene_summary	2.0	silver	NECTIN3	resolved	gtr_clinical_testing_utilization	2477	2e90c1513f44e885
5cbf30ee8bdc1e51	epilepsy	23327	ncbi_gene	ENSG00000049759	ensembl_gene	NEDD4L	genes4epilepsy	Genes4Epilepsy	literature_derived	1.0	bronze	NEDD4L	resolved		619	25ee96bc58e06854
5cbf30ee8bdc1e51	epilepsy	23327	ncbi_gene	ENSG00000049759	ensembl_gene	NEDD4L	gtr_epilepsy_gene_summary	GTR epilepsy gene summary	gtr_gene_summary	2.0	silver	NEDD4L	resolved	gtr_clinical_testing_utilization	413	5f0a8bda390aaea4
8a9b40730f9d2106	epilepsy	4744	ncbi_gene	ENSG00000100285	ensembl_gene	NEFH	gtr_epilepsy_gene_summary	GTR epilepsy gene summary	gtr_gene_summary	2.0	silver	NEFH	resolved	gtr_clinical_testing_utilization	2888	815005433a1d22bf
31fa78613e490e45	epilepsy	4747	ncbi_gene	ENSG00000277586	ensembl_gene	NEFL	gtr_epilepsy_gene_summary	GTR epilepsy gene summary	gtr_gene_summary	2.0	silver	NEFL	resolved	gtr_clinical_testing_utilization	3170	6df62efe17acc5e8
60fbe70a772a22c5	epilepsy	284086	ncbi_gene	ENSG00000160602	ensembl_gene	NEK8	gtr_epilepsy_gene_summary	GTR epilepsy gene summary	gtr_gene_summary	2.0	silver	NEK8	resolved	gtr_clinical_testing_utilization	2283	e4dd06a1130ea514
15654973cc5b62b8	epilepsy	91754	ncbi_gene	ENSG00000119638	ensembl_gene	NEK9	gtr_epilepsy_gene_summary	GTR epilepsy gene summary	gtr_gene_summary	2.0	silver	NEK9	resolved	gtr_clinical_testing_utilization	3171	0f773c89b012dd68
253485df4813e2ee	epilepsy	7469	ncbi_gene	ENSG00000185049	ensembl_gene	NELFA	gtr_epilepsy_gene_summary	GTR epilepsy gene summary	gtr_gene_summary	2.0	silver	NELFA	resolved	gtr_clinical_testing_utilization	3172	696e21c2d800ea3c
772af6060735e4e5	epilepsy	4758	ncbi_gene	ENSG00000227315	ensembl_gene	NEU1	genes4epilepsy	Genes4Epilepsy	literature_derived	1.0	bronze	NEU1	resolved		620	df1622be6a1cff61
772af6060735e4e5	epilepsy	4758	ncbi_gene	ENSG00000227315	ensembl_gene	NEU1	gtr_epilepsy_gene_summary	GTR epilepsy gene summary	gtr_gene_summary	2.0	silver	NEU1	resolved	gtr_clinical_testing_utilization	213	b9a9b854c8d8a959
e45dc4d74a8437cf	epilepsy	4761	ncbi_gene	ENSG00000171532	ensembl_gene	NEUROD2	genes4epilepsy	Genes4Epilepsy	literature_derived	1.0	bronze	NEUROD2	resolved		621	af1bdcdb17616307
e45dc4d74a8437cf	epilepsy	4761	ncbi_gene	ENSG00000171532	ensembl_gene	NEUROD2	gtr_epilepsy_gene_summary	GTR epilepsy gene summary	gtr_gene_summary	2.0	silver	NEUROD2	resolved	gtr_clinical_testing_utilization	847	593d210ddcfaa31d
e6fe7078c08ee7fb	epilepsy		ensembl_gene	ENSG00000050030	ensembl_gene	NEXMIF	epi25_2024_epi_high_confidence	Epi25 2024 EPI high-confidence genes	consortium_wes_burden	3.0	gold	NEXMIF	resolved		2	f6d28edecb66d133
e6fe7078c08ee7fb	epilepsy	340533	ncbi_gene	ENSG00000050030	ensembl_gene	NEXMIF	genes4epilepsy	Genes4Epilepsy	literature_derived	1.0	bronze	NEXMIF	resolved		622	26c352da7793c635
e6fe7078c08ee7fb	epilepsy	340533	ncbi_gene	ENSG00000050030	ensembl_gene	NEXMIF	gtr_epilepsy_gene_summary	GTR epilepsy gene summary	gtr_gene_summary	2.0	silver	NEXMIF	resolved	gtr_clinical_testing_utilization	227	b8f36124af57d5a2
29e8a14f085205af	epilepsy	91624	ncbi_gene	ENSG00000162614	ensembl_gene	NEXN	gtr_epilepsy_gene_summary	GTR epilepsy gene summary	gtr_gene_summary	2.0	silver	NEXN	resolved	gtr_clinical_testing_utilization	1700	b14b538d9a4b5ffb
4061e0434022dba4	epilepsy	4763	ncbi_gene	ENSG00000196712	ensembl_gene	NF1	genes4epilepsy	Genes4Epilepsy	literature_derived	1.0	bronze	NF1	resolved		623	7b25aaaad904ebd4
4061e0434022dba4	epilepsy	4763	ncbi_gene	ENSG00000196712	ensembl_gene	NF1	gtr_epilepsy_gene_summary	GTR epilepsy gene summary	gtr_gene_summary	2.0	silver	NF1	resolved	gtr_clinical_testing_utilization	480	1f6d9dc4659c8b80
03a3d4efa166c0a6	epilepsy	4771	ncbi_gene	ENSG00000186575	ensembl_gene	NF2	gtr_epilepsy_gene_summary	GTR epilepsy gene summary	gtr_gene_summary	2.0	silver	NF2	resolved	gtr_clinical_testing_utilization	1537	1f51cd65c7e87912
b81cfdff6a5e3c8e	epilepsy	10725	ncbi_gene	ENSG00000102908	ensembl_gene	NFAT5	gtr_epilepsy_gene_summary	GTR epilepsy gene summary	gtr_gene_summary	2.0	silver	NFAT5	resolved	gtr_clinical_testing_utilization	1581	74a24e1023a0650f
5f878f38217e11cb	epilepsy	84901	ncbi_gene	ENSG00000176953	ensembl_gene	NFATC2IP	gtr_epilepsy_gene_summary	GTR epilepsy gene summary	gtr_gene_summary	2.0	silver	NFATC2IP	resolved	gtr_clinical_testing_utilization	2259	773ab7d54df074b3
92ded5103d497191	epilepsy	4774	ncbi_gene	ENSG00000162599	ensembl_gene	NFIA	gtr_epilepsy_gene_summary	GTR epilepsy gene summary	gtr_gene_summary	2.0	silver	NFIA	resolved	gtr_clinical_testing_utilization	1947	eaae5f3452caa9b6
1ea086c32db1c636	epilepsy	4781	ncbi_gene	ENSG00000147862	ensembl_gene	NFIB	gtr_epilepsy_gene_summary	GTR epilepsy gene summary	gtr_gene_summary	2.0	silver	NFIB	resolved	gtr_clinical_testing_utilization	2637	c2524708a52ee932
7fc74afc1e814ec3	epilepsy	4784	ncbi_gene	ENSG00000008441	ensembl_gene	NFIX	gtr_epilepsy_gene_summary	GTR epilepsy gene summary	gtr_gene_summary	2.0	silver	NFIX	resolved	gtr_clinical_testing_utilization	953	4ef9ff4fdd3a299c
6ed4290a70a70b78	epilepsy	4791	ncbi_gene	ENSG00000077150	ensembl_gene	NFKB2	gtr_epilepsy_gene_summary	GTR epilepsy gene summary	gtr_gene_summary	2.0	silver	NFKB2	resolved	gtr_clinical_testing_utilization	2788	729b3fb34596ac97
0cc8ba56d29dce9f	epilepsy	9054	ncbi_gene	ENSG00000244005	ensembl_gene	NFS1	gtr_epilepsy_gene_summary	GTR epilepsy gene summary	gtr_gene_summary	2.0	silver	NFS1	resolved	gtr_clinical_testing_utilization	1659	eca6511aea4a91e7
1c127c05c293eb24	epilepsy	27247	ncbi_gene	ENSG00000169599	ensembl_gene	NFU1	gtr_epilepsy_gene_summary	GTR epilepsy gene summary	gtr_gene_summary	2.0	silver	NFU1	resolved	gtr_clinical_testing_utilization	837	3dd33eefc78bb051
9902918e546fa39c	epilepsy	55768	ncbi_gene	ENSG00000151092	ensembl_gene	NGLY1	genes4epilepsy	Genes4Epilepsy	literature_derived	1.0	bronze	NGLY1	resolved		624	3e959b559972bb32
9902918e546fa39c	epilepsy	55768	ncbi_gene	ENSG00000151092	ensembl_gene	NGLY1	gtr_epilepsy_gene_summary	GTR epilepsy gene summary	gtr_gene_summary	2.0	silver	NGLY1	resolved	gtr_clinical_testing_utilization	608	270ee611a016b99f
89d91515c97a4247	epilepsy	79840	ncbi_gene	ENSG00000187736	ensembl_gene	NHEJ1	gtr_epilepsy_gene_summary	GTR epilepsy gene summary	gtr_gene_summary	2.0	silver	NHEJ1	resolved	gtr_clinical_testing_utilization	1089	159a0c77fedd1cc0
342ed38f2d14f899	epilepsy	378884	ncbi_gene	ENSG00000187566	ensembl_gene	NHLRC1	genes4epilepsy	Genes4Epilepsy	literature_derived	1.0	bronze	NHLRC1	resolved		625	1f6d40220bf0173d
342ed38f2d14f899	epilepsy	378884	ncbi_gene	ENSG00000187566	ensembl_gene	NHLRC1	gtr_epilepsy_gene_summary	GTR epilepsy gene summary	gtr_gene_summary	2.0	silver	NHLRC1	resolved	gtr_clinical_testing_utilization	69	d32af426c24b5d27
63e24372b93febb6	epilepsy	374354	ncbi_gene	ENSG00000196865	ensembl_gene	NHLRC2	genes4epilepsy	Genes4Epilepsy	literature_derived	1.0	bronze	NHLRC2	resolved		626	1ebe738a19e072df
a47a2e8bd026ad37	epilepsy	55651	ncbi_gene	ENSG00000145912	ensembl_gene	NHP2	gtr_epilepsy_gene_summary	GTR epilepsy gene summary	gtr_gene_summary	2.0	silver	NHP2	resolved	gtr_clinical_testing_utilization	2789	57247edcb4fb41c6
772c5c84a1108e87	epilepsy	4810	ncbi_gene	ENSG00000188158	ensembl_gene	NHS	gtr_epilepsy_gene_summary	GTR epilepsy gene summary	gtr_gene_summary	2.0	silver	NHS	resolved	gtr_clinical_testing_utilization	1135	ecb9983aad85a192
8939ddf77f70f8ed	epilepsy	4811	ncbi_gene	ENSG00000116962	ensembl_gene	NID1	gtr_epilepsy_gene_summary	GTR epilepsy gene summary	gtr_gene_summary	2.0	silver	NID1	resolved	gtr_clinical_testing_utilization	2013	259ee4afb8c29522
ab1d092335162414	epilepsy	51199	ncbi_gene	ENSG00000100503	ensembl_gene	NIN	gtr_epilepsy_gene_summary	GTR epilepsy gene summary	gtr_gene_summary	2.0	silver	NIN	resolved	gtr_clinical_testing_utilization	1161	4f0b6a6d5b720e37
6c743a98e6802690	epilepsy	123606	ncbi_gene	ENSG00000170113	ensembl_gene	NIPA1	gtr_epilepsy_gene_summary	GTR epilepsy gene summary	gtr_gene_summary	2.0	silver	NIPA1	resolved	gtr_clinical_testing_utilization	1326	d9e32a73c3d34fe7
f1b4cd3a0562beae	epilepsy	81614	ncbi_gene	ENSG00000140157	ensembl_gene	NIPA2	gtr_epilepsy_gene_summary	GTR epilepsy gene summary	gtr_gene_summary	2.0	silver	NIPA2	resolved	gtr_clinical_testing_utilization	1304	8e65fbdf27ca7bb0
8961bf6fa19dcca5	epilepsy	57185	ncbi_gene	ENSG00000001461	ensembl_gene	NIPAL3	gtr_epilepsy_gene_summary	GTR epilepsy gene summary	gtr_gene_summary	2.0	silver	NIPAL3	resolved	gtr_clinical_testing_utilization	2478	a6bfe98d2521171b
fb4b6a0c6e198da2	epilepsy	348938	ncbi_gene	ENSG00000172548	ensembl_gene	NIPAL4	gtr_epilepsy_gene_summary	GTR epilepsy gene summary	gtr_gene_summary	2.0	silver	NIPAL4	resolved	gtr_clinical_testing_utilization	2153	4f0f1a0103cd460c
e2d9248881b5a248	epilepsy	25836	ncbi_gene	ENSG00000164190	ensembl_gene	NIPBL	gtr_epilepsy_gene_summary	GTR epilepsy gene summary	gtr_gene_summary	2.0	silver	NIPBL	resolved	gtr_clinical_testing_utilization	374	f5fa71b7bebc352c
2bce7f91da949ac9	epilepsy	154215	ncbi_gene	ENSG00000188580	ensembl_gene	NKAIN2	gtr_epilepsy_gene_summary	GTR epilepsy gene summary	gtr_gene_summary	2.0	silver	NKAIN2	resolved	gtr_clinical_testing_utilization	2790	3bedf53afe777c55
fb5a0b9d967a0b99	epilepsy	7080	ncbi_gene	ENSG00000136352	ensembl_gene	NKX2-1	gtr_epilepsy_gene_summary	GTR epilepsy gene summary	gtr_gene_summary	2.0	silver	NKX2-1	resolved	gtr_clinical_testing_utilization	925	6fc129951efd3a19
dbb4dda3b56faba1	epilepsy	4821	ncbi_gene	ENSG00000125820	ensembl_gene	NKX2-2	gtr_epilepsy_gene_summary	GTR epilepsy gene summary	gtr_gene_summary	2.0	silver	NKX2-2	resolved	gtr_clinical_testing_utilization	2034	4895712876534a11
8f003eec1ec26586	epilepsy	1482	ncbi_gene	ENSG00000183072	ensembl_gene	NKX2-5	gtr_epilepsy_gene_summary	GTR epilepsy gene summary	gtr_gene_summary	2.0	silver	NKX2-5	resolved	gtr_clinical_testing_utilization	1091	bfea8f0e123d94bb
df0124fcffac4224	epilepsy	137814	ncbi_gene	ENSG00000180053	ensembl_gene	NKX2-6	gtr_epilepsy_gene_summary	GTR epilepsy gene summary	gtr_gene_summary	2.0	silver	NKX2-6	resolved	gtr_clinical_testing_utilization	2308	d9ef01871a7967d2
9b431ca5dd3f836c	epilepsy	22871	ncbi_gene	ENSG00000169760	ensembl_gene	NLGN1	gtr_epilepsy_gene_summary	GTR epilepsy gene summary	gtr_gene_summary	2.0	silver	NLGN1	resolved	gtr_clinical_testing_utilization	3173	f4a39810fcae9f02
273d50cb2f2d35e2	epilepsy	57555	ncbi_gene	ENSG00000169992	ensembl_gene	NLGN2	gtr_epilepsy_gene_summary	GTR epilepsy gene summary	gtr_gene_summary	2.0	silver	NLGN2	resolved	gtr_clinical_testing_utilization	2791	6a1ed7a2618e0f5b
0442995ea7d5b239	epilepsy	54413	ncbi_gene	ENSG00000196338	ensembl_gene	NLGN3	gtr_epilepsy_gene_summary	GTR epilepsy gene summary	gtr_gene_summary	2.0	silver	NLGN3	resolved	gtr_clinical_testing_utilization	1136	ccb6a6710f97e7ec
87042dbc2d43537e	epilepsy	57502	ncbi_gene	ENSG00000146938	ensembl_gene	NLGN4X	gtr_epilepsy_gene_summary	GTR epilepsy gene summary	gtr_gene_summary	2.0	silver	NLGN4X	resolved	gtr_clinical_testing_utilization	633	43a739bc6aee1e3a
abd234a660c34a37	epilepsy	114548	ncbi_gene	ENSG00000162711	ensembl_gene	NLRP3	gtr_epilepsy_gene_summary	GTR epilepsy gene summary	gtr_gene_summary	2.0	silver	NLRP3	resolved	gtr_clinical_testing_utilization	1311	20110bd700659651
974c65638070e811	epilepsy	4830	ncbi_gene	ENSG00000239672	ensembl_gene	NME1	gtr_epilepsy_gene_summary	GTR epilepsy gene summary	gtr_gene_summary	2.0	silver	NME1	resolved	gtr_clinical_testing_utilization	2527	9f55d3c6ddd66dce
d327622332ba73ff	epilepsy	64802	ncbi_gene	ENSG00000173614	ensembl_gene	NMNAT1	gtr_epilepsy_gene_summary	GTR epilepsy gene summary	gtr_gene_summary	2.0	silver	NMNAT1	resolved	gtr_clinical_testing_utilization	3174	971be0b352f9ff37
d5450c282f26ad5e	epilepsy	23530	ncbi_gene	ENSG00000112992	ensembl_gene	NNT	gtr_epilepsy_gene_summary	GTR epilepsy gene summary	gtr_gene_summary	2.0	silver	NNT	resolved	gtr_clinical_testing_utilization	3175	563b849137e53ca2
4e087b2a693cb672	epilepsy	4838	ncbi_gene	ENSG00000156574	ensembl_gene	NODAL	gtr_epilepsy_gene_summary	GTR epilepsy gene summary	gtr_gene_summary	2.0	silver	NODAL	resolved	gtr_clinical_testing_utilization	3176	66b761d6786e8b99
0c469de96ba22da2	epilepsy	9241	ncbi_gene	ENSG00000183691	ensembl_gene	NOG	gtr_epilepsy_gene_summary	GTR epilepsy gene summary	gtr_gene_summary	2.0	silver	NOG	resolved	gtr_clinical_testing_utilization	1651	b136fb99e88e8a00
eafeaa3c223396bf	epilepsy	8996	ncbi_gene	ENSG00000140939	ensembl_gene	NOL3	gtr_epilepsy_gene_summary	GTR epilepsy gene summary	gtr_gene_summary	2.0	silver	NOL3	resolved	gtr_clinical_testing_utilization	1128	9ef1d14642dc062f
66a54a0b937f9b26	epilepsy	4841	ncbi_gene	ENSG00000147140	ensembl_gene	NONO	gtr_epilepsy_gene_summary	GTR epilepsy gene summary	gtr_gene_summary	2.0	silver	NONO	resolved	gtr_clinical_testing_utilization	790	0ee4f8ef2066e597
a780266ae95c2b63	epilepsy	55505	ncbi_gene	ENSG00000182117	ensembl_gene	NOP10	gtr_epilepsy_gene_summary	GTR epilepsy gene summary	gtr_gene_summary	2.0	silver	NOP10	resolved	gtr_clinical_testing_utilization	2792	8a16eef6713204a9
5c43e58b42db277f	epilepsy	10528	ncbi_gene	ENSG00000101361	ensembl_gene	NOP56	gtr_epilepsy_gene_summary	GTR epilepsy gene summary	gtr_gene_summary	2.0	silver	NOP56	resolved	gtr_clinical_testing_utilization	1805	6733e63543b35cb5
22ad5e1519fee2d9	epilepsy	4842	ncbi_gene	ENSG00000089250	ensembl_gene	NOS1	gtr_epilepsy_gene_summary	GTR epilepsy gene summary	gtr_gene_summary	2.0	silver	NOS1	resolved	gtr_clinical_testing_utilization	2688	adc2f09ceef9ff26
ac8e02fd4e48464e	epilepsy	9722	ncbi_gene	ENSG00000198929	ensembl_gene	NOS1AP	gtr_epilepsy_gene_summary	GTR epilepsy gene summary	gtr_gene_summary	2.0	silver	NOS1AP	resolved	gtr_clinical_testing_utilization	2309	8abc8ee55fe3e53d
1e52c219d6843ecd	epilepsy	4851	ncbi_gene	ENSG00000148400	ensembl_gene	NOTCH1	gtr_epilepsy_gene_summary	GTR epilepsy gene summary	gtr_gene_summary	2.0	silver	NOTCH1	resolved	gtr_clinical_testing_utilization	2310	16331ad7d67b69d7
90e544028ccd0707	epilepsy	4853	ncbi_gene	ENSG00000134250	ensembl_gene	NOTCH2	gtr_epilepsy_gene_summary	GTR epilepsy gene summary	gtr_gene_summary	2.0	silver	NOTCH2	resolved	gtr_clinical_testing_utilization	1652	8d1061e50fb1d786
462683443617e21c	epilepsy	4854	ncbi_gene	ENSG00000074181	ensembl_gene	NOTCH3	gtr_epilepsy_gene_summary	GTR epilepsy gene summary	gtr_gene_summary	2.0	silver	NOTCH3	resolved	gtr_clinical_testing_utilization	720	23d19987075b4d0e
e1e6add02104a9fa	epilepsy	4858	ncbi_gene	ENSG00000104967	ensembl_gene	NOVA2	genes4epilepsy	Genes4Epilepsy	literature_derived	1.0	bronze	NOVA2	resolved		627	7ab16c5fd265acc0
60387a3a3e923082	epilepsy	27035	ncbi_gene	ENSG00000007952	ensembl_gene	NOX1	gtr_epilepsy_gene_summary	GTR epilepsy gene summary	gtr_gene_summary	2.0	silver	NOX1	resolved	gtr_clinical_testing_utilization	2793	28d8be2cbecbfa44
e932c01133ca0f82	epilepsy	23742	ncbi_gene	ENSG00000185823	ensembl_gene	NPAP1	gtr_epilepsy_gene_summary	GTR epilepsy gene summary	gtr_gene_summary	2.0	silver	NPAP1	resolved	gtr_clinical_testing_utilization	3177	2cda4908f00ac420
0bffcd35ff294634	epilepsy	4863	ncbi_gene	ENSG00000149308	ensembl_gene	NPAT	gtr_epilepsy_gene_summary	GTR epilepsy gene summary	gtr_gene_summary	2.0	silver	NPAT	resolved	gtr_clinical_testing_utilization	2794	5f56df12b91d5e16
cc4dee02327d1e94	epilepsy	4864	ncbi_gene	ENSG00000141458	ensembl_gene	NPC1	genes4epilepsy	Genes4Epilepsy	literature_derived	1.0	bronze	NPC1	resolved		628	ae76aaee16495693
cc4dee02327d1e94	epilepsy	4864	ncbi_gene	ENSG00000141458	ensembl_gene	NPC1	gtr_epilepsy_gene_summary	GTR epilepsy gene summary	gtr_gene_summary	2.0	silver	NPC1	resolved	gtr_clinical_testing_utilization	246	2026535d7e246e8e
bf656d0216872e6c	epilepsy	10577	ncbi_gene	ENSG00000119655	ensembl_gene	NPC2	genes4epilepsy	Genes4Epilepsy	literature_derived	1.0	bronze	NPC2	resolved		629	b068f9b2534d986a
bf656d0216872e6c	epilepsy	10577	ncbi_gene	ENSG00000119655	ensembl_gene	NPC2	gtr_epilepsy_gene_summary	GTR epilepsy gene summary	gtr_gene_summary	2.0	silver	NPC2	resolved	gtr_clinical_testing_utilization	247	0d312e8b50b2f89a
1044adcf52551466	epilepsy	4867	ncbi_gene	ENSG00000144061	ensembl_gene	NPHP1	gtr_epilepsy_gene_summary	GTR epilepsy gene summary	gtr_gene_summary	2.0	silver	NPHP1	resolved	gtr_clinical_testing_utilization	576	9bd28a9f92f8fc7f
65eb4c82cd2866f2	epilepsy	27031	ncbi_gene	ENSG00000113971	ensembl_gene	NPHP3	gtr_epilepsy_gene_summary	GTR epilepsy gene summary	gtr_gene_summary	2.0	silver	NPHP3	resolved	gtr_clinical_testing_utilization	1473	7b72a0f998e6cb29
328b9b240f2e1fe3	epilepsy	261734	ncbi_gene	ENSG00000131697	ensembl_gene	NPHP4	gtr_epilepsy_gene_summary	GTR epilepsy gene summary	gtr_gene_summary	2.0	silver	NPHP4	resolved	gtr_clinical_testing_utilization	3178	7a6cfdd242b2b228
42a455d3c98ce351	epilepsy	4868	ncbi_gene	ENSG00000161270	ensembl_gene	NPHS1	gtr_epilepsy_gene_summary	GTR epilepsy gene summary	gtr_gene_summary	2.0	silver	NPHS1	resolved	gtr_clinical_testing_utilization	2047	2019220a00fe353b
094e830d711a6e33	epilepsy	7827	ncbi_gene	ENSG00000116218	ensembl_gene	NPHS2	gtr_epilepsy_gene_summary	GTR epilepsy gene summary	gtr_gene_summary	2.0	silver	NPHS2	resolved	gtr_clinical_testing_utilization	2062	1d68b39688ed1388
82f80f42d5ddb13a	epilepsy	4878	ncbi_gene	ENSG00000175206	ensembl_gene	NPPA	gtr_epilepsy_gene_summary	GTR epilepsy gene summary	gtr_gene_summary	2.0	silver	NPPA	resolved	gtr_clinical_testing_utilization	2311	e450befdb7d8a8dd
c0b4faae4bc13d2b	epilepsy	4880	ncbi_gene	ENSG00000163273	ensembl_gene	NPPC	gtr_epilepsy_gene_summary	GTR epilepsy gene summary	gtr_gene_summary	2.0	silver	NPPC	resolved	gtr_clinical_testing_utilization	2624	981c7162a66de2f0
d0198a8dcefe9147	epilepsy	4882	ncbi_gene	ENSG00000159899	ensembl_gene	NPR2	gtr_epilepsy_gene_summary	GTR epilepsy gene summary	gtr_gene_summary	2.0	silver	NPR2	resolved	gtr_clinical_testing_utilization	2889	f2e54440f666623e
c357348d3cb7dbac	epilepsy	4883	ncbi_gene	ENSG00000113389	ensembl_gene	NPR3	gtr_epilepsy_gene_summary	GTR epilepsy gene summary	gtr_gene_summary	2.0	silver	NPR3	resolved	gtr_clinical_testing_utilization	2625	4fab8b571af4772c
2c952d1c168409ef	epilepsy	10641	ncbi_gene	ENSG00000114388	ensembl_gene	NPRL2	genes4epilepsy	Genes4Epilepsy	literature_derived	1.0	bronze	NPRL2	resolved		630	361cd431280c2a2f
2c952d1c168409ef	epilepsy	10641	ncbi_gene	ENSG00000114388	ensembl_gene	NPRL2	gtr_epilepsy_gene_summary	GTR epilepsy gene summary	gtr_gene_summary	2.0	silver	NPRL2	resolved	gtr_clinical_testing_utilization	125	5558480dce4afd51
e9b90859a01d9066	epilepsy		ensembl_gene	ENSG00000103148	ensembl_gene	NPRL3	epi25_2024_epi_high_confidence	Epi25 2024 EPI high-confidence genes	consortium_wes_burden	3.0	gold	NPRL3	resolved		3	3793552160e9fc99
e9b90859a01d9066	epilepsy	8131	ncbi_gene	ENSG00000103148	ensembl_gene	NPRL3	genes4epilepsy	Genes4Epilepsy	literature_derived	1.0	bronze	NPRL3	resolved		631	079efdb8b6633dd6
e9b90859a01d9066	epilepsy	8131	ncbi_gene	ENSG00000103148	ensembl_gene	NPRL3	gtr_epilepsy_gene_summary	GTR epilepsy gene summary	gtr_gene_summary	2.0	silver	NPRL3	resolved	gtr_clinical_testing_utilization	82	64d92c9bbc166a29
f21a182a31260fd9	epilepsy	4852	ncbi_gene	ENSG00000122585	ensembl_gene	NPY	gtr_epilepsy_gene_summary	GTR epilepsy gene summary	gtr_gene_summary	2.0	silver	NPY	resolved	gtr_clinical_testing_utilization	2795	71016063d28d0cd9
1e721b4bf7d4707e	epilepsy	190	ncbi_gene	ENSG00000169297	ensembl_gene	NR0B1	gtr_epilepsy_gene_summary	GTR epilepsy gene summary	gtr_gene_summary	2.0	silver	NR0B1	resolved	gtr_clinical_testing_utilization	1417	5adba451584d55da
95d9ed7bf92c2ec6	epilepsy	9971	ncbi_gene	ENSG00000012504	ensembl_gene	NR1H4	gtr_epilepsy_gene_summary	GTR epilepsy gene summary	gtr_gene_summary	2.0	silver	NR1H4	resolved	gtr_clinical_testing_utilization	2543	4728a2bf6fb82f25
515d49a1f268a843	epilepsy	7025	ncbi_gene	ENSG00000175745	ensembl_gene	NR2F1	genes4epilepsy	Genes4Epilepsy	literature_derived	1.0	bronze	NR2F1	resolved		632	86d23fbcae85009c
515d49a1f268a843	epilepsy	7025	ncbi_gene	ENSG00000175745	ensembl_gene	NR2F1	gtr_epilepsy_gene_summary	GTR epilepsy gene summary	gtr_gene_summary	2.0	silver	NR2F1	resolved	gtr_clinical_testing_utilization	1740	bc9bb163674a3dd1
ce849d845b755604	epilepsy	7026	ncbi_gene	ENSG00000185551	ensembl_gene	NR2F2	gtr_epilepsy_gene_summary	GTR epilepsy gene summary	gtr_gene_summary	2.0	silver	NR2F2	resolved	gtr_clinical_testing_utilization	2312	6d2704ea9525b2d5
4ad288185b3ce47c	epilepsy	2908	ncbi_gene	ENSG00000113580	ensembl_gene	NR3C1	gtr_epilepsy_gene_summary	GTR epilepsy gene summary	gtr_gene_summary	2.0	silver	NR3C1	resolved	gtr_clinical_testing_utilization	2313	9ff18c0d961db9d3
934b694b4a8bd4a3	epilepsy	4929	ncbi_gene	ENSG00000153234	ensembl_gene	NR4A2	genes4epilepsy	Genes4Epilepsy	literature_derived	1.0	bronze	NR4A2	resolved		633	e21b541745972c71
934b694b4a8bd4a3	epilepsy	4929	ncbi_gene	ENSG00000153234	ensembl_gene	NR4A2	gtr_epilepsy_gene_summary	GTR epilepsy gene summary	gtr_gene_summary	2.0	silver	NR4A2	resolved	gtr_clinical_testing_utilization	1294	86ebee3d5f60e53d
b6a97197546845d5	epilepsy	2516	ncbi_gene	ENSG00000136931	ensembl_gene	NR5A1	gtr_epilepsy_gene_summary	GTR epilepsy gene summary	gtr_gene_summary	2.0	silver	NR5A1	resolved	gtr_clinical_testing_utilization	2189	dd105dc748c76e1a
4d69a500170b2c41	epilepsy	4893	ncbi_gene	ENSG00000213281	ensembl_gene	NRAS	genes4epilepsy	Genes4Epilepsy	literature_derived	1.0	bronze	NRAS	resolved		634	ba74432f16474159
4d69a500170b2c41	epilepsy	4893	ncbi_gene	ENSG00000213281	ensembl_gene	NRAS	gtr_epilepsy_gene_summary	GTR epilepsy gene summary	gtr_gene_summary	2.0	silver	NRAS	resolved	gtr_clinical_testing_utilization	263	84b9fefec9e12436
7d8f5456719b89fb	epilepsy	4898	ncbi_gene	ENSG00000078618	ensembl_gene	NRDC	genes4epilepsy	Genes4Epilepsy	literature_derived	1.0	bronze	NRDC	resolved		635	aad944a3d0e116c6
ec28fc45107c6b46	epilepsy	375387	ncbi_gene	ENSG00000174004	ensembl_gene	NRROS	genes4epilepsy	Genes4Epilepsy	literature_derived	1.0	bronze	NRROS	resolved		636	2315721834ea6714
ec28fc45107c6b46	epilepsy	375387	ncbi_gene	ENSG00000174004	ensembl_gene	NRROS	gtr_epilepsy_gene_summary	GTR epilepsy gene summary	gtr_gene_summary	2.0	silver	NRROS	resolved	gtr_clinical_testing_utilization	3179	fcbb719d4581a4a8
820d5cfbc870f681	epilepsy	4902	ncbi_gene	ENSG00000171119	ensembl_gene	NRTN	gtr_epilepsy_gene_summary	GTR epilepsy gene summary	gtr_gene_summary	2.0	silver	NRTN	resolved	gtr_clinical_testing_utilization	2689	254571c19ff9a4bf
382cbb331144147d	epilepsy	9378	ncbi_gene	ENSG00000179915	ensembl_gene	NRXN1	genes4epilepsy	Genes4Epilepsy	literature_derived	1.0	bronze	NRXN1	resolved		637	c46354437861b345
382cbb331144147d	epilepsy	9378	ncbi_gene	ENSG00000179915	ensembl_gene	NRXN1	gtr_epilepsy_gene_summary	GTR epilepsy gene summary	gtr_gene_summary	2.0	silver	NRXN1	resolved	gtr_clinical_testing_utilization	148	ad14bff66ddc8350
2801a3c94980d2f1	epilepsy	9379	ncbi_gene	ENSG00000110076	ensembl_gene	NRXN2	gtr_epilepsy_gene_summary	GTR epilepsy gene summary	gtr_gene_summary	2.0	silver	NRXN2	resolved	gtr_clinical_testing_utilization	3180	4adab997e0338859
0b71421167f5a70b	epilepsy	9369	ncbi_gene	ENSG00000021645	ensembl_gene	NRXN3	gtr_epilepsy_gene_summary	GTR epilepsy gene summary	gtr_gene_summary	2.0	silver	NRXN3	resolved	gtr_clinical_testing_utilization	1620	9a303b705dd9361e
d587509e45128654	epilepsy	64324	ncbi_gene	ENSG00000165671	ensembl_gene	NSD1	genes4epilepsy	Genes4Epilepsy	literature_derived	1.0	bronze	NSD1	resolved		638	5fda7308ad16fef2
d587509e45128654	epilepsy	64324	ncbi_gene	ENSG00000165671	ensembl_gene	NSD1	gtr_epilepsy_gene_summary	GTR epilepsy gene summary	gtr_gene_summary	2.0	silver	NSD1	resolved	gtr_clinical_testing_utilization	380	fa8392727dfada30
2980241940fa84ba	epilepsy	7468	ncbi_gene	ENSG00000109685	ensembl_gene	NSD2	gtr_epilepsy_gene_summary	GTR epilepsy gene summary	gtr_gene_summary	2.0	silver	NSD2	resolved	gtr_clinical_testing_utilization	3181	1fc37640967e4db3
c9dbed57ee64acc9	epilepsy	50814	ncbi_gene	ENSG00000147383	ensembl_gene	NSDHL	genes4epilepsy	Genes4Epilepsy	literature_derived	1.0	bronze	NSDHL	resolved		639	7944d2eafeff9424
c9dbed57ee64acc9	epilepsy	50814	ncbi_gene	ENSG00000147383	ensembl_gene	NSDHL	gtr_epilepsy_gene_summary	GTR epilepsy gene summary	gtr_gene_summary	2.0	silver	NSDHL	resolved	gtr_clinical_testing_utilization	537	cb726393f9dfe524
82bc72124384bb4f	epilepsy	4905	ncbi_gene	ENSG00000276262	ensembl_gene	NSF	genes4epilepsy	Genes4Epilepsy	literature_derived	1.0	bronze	NSF	resolved		640	eae94fbff9453778
82bc72124384bb4f	epilepsy	4905	ncbi_gene	ENSG00000276262	ensembl_gene	NSF	gtr_epilepsy_gene_summary	GTR epilepsy gene summary	gtr_gene_summary	2.0	silver	NSF	resolved	gtr_clinical_testing_utilization	1621	085cb3466f2817e0
03a8b9e473cb2a9d	epilepsy	84081	ncbi_gene	ENSG00000126653	ensembl_gene	NSRP1	genes4epilepsy	Genes4Epilepsy	literature_derived	1.0	bronze	NSRP1	resolved		641	393a3585f0f24e98
5e9e241c46f1b648	epilepsy	54888	ncbi_gene	ENSG00000037474	ensembl_gene	NSUN2	gtr_epilepsy_gene_summary	GTR epilepsy gene summary	gtr_gene_summary	2.0	silver	NSUN2	resolved	gtr_clinical_testing_utilization	918	d0eeea0ad576ffaa
29637facaee11819	epilepsy	63899	ncbi_gene	ENSG00000178694	ensembl_gene	NSUN3	gtr_epilepsy_gene_summary	GTR epilepsy gene summary	gtr_gene_summary	2.0	silver	NSUN3	resolved	gtr_clinical_testing_utilization	2606	f5b68e693bd47a4f
e6eed33eea068835	epilepsy	22978	ncbi_gene	ENSG00000076685	ensembl_gene	NT5C2	gtr_epilepsy_gene_summary	GTR epilepsy gene summary	gtr_gene_summary	2.0	silver	NT5C2	resolved	gtr_clinical_testing_utilization	1316	faa963a30fe94710
3157bbfb82827739	epilepsy	22854	ncbi_gene	ENSG00000162631	ensembl_gene	NTNG1	gtr_epilepsy_gene_summary	GTR epilepsy gene summary	gtr_gene_summary	2.0	silver	NTNG1	resolved	gtr_clinical_testing_utilization	1113	cf3efb991712a2b0
c2d2858314ca3e58	epilepsy	4914	ncbi_gene	ENSG00000198400	ensembl_gene	NTRK1	gtr_epilepsy_gene_summary	GTR epilepsy gene summary	gtr_gene_summary	2.0	silver	NTRK1	resolved	gtr_clinical_testing_utilization	1523	b6a1ccb0ac773f3f
4ea9298d61faa7bd	epilepsy	4915	ncbi_gene	ENSG00000148053	ensembl_gene	NTRK2	genes4epilepsy	Genes4Epilepsy	literature_derived	1.0	bronze	NTRK2	resolved		642	9757db6c6afb3b2b
4ea9298d61faa7bd	epilepsy	4915	ncbi_gene	ENSG00000148053	ensembl_gene	NTRK2	gtr_epilepsy_gene_summary	GTR epilepsy gene summary	gtr_gene_summary	2.0	silver	NTRK2	resolved	gtr_clinical_testing_utilization	206	985f0b83a0def425
7483fa718cf823a0	epilepsy	80224	ncbi_gene	ENSG00000151413	ensembl_gene	NUBPL	genes4epilepsy	Genes4Epilepsy	literature_derived	1.0	bronze	NUBPL	resolved		643	a72218e4cd0c41a3
7483fa718cf823a0	epilepsy	80224	ncbi_gene	ENSG00000151413	ensembl_gene	NUBPL	gtr_epilepsy_gene_summary	GTR epilepsy gene summary	gtr_gene_summary	2.0	silver	NUBPL	resolved	gtr_clinical_testing_utilization	381	84ae9424ec169d5a
13d300558ab9430a	epilepsy	57122	ncbi_gene	ENSG00000111581	ensembl_gene	NUP107	gtr_epilepsy_gene_summary	GTR epilepsy gene summary	gtr_gene_summary	2.0	silver	NUP107	resolved	gtr_clinical_testing_utilization	3182	eec192df5acb8538
9434bfce13ce4ae9	epilepsy	55746	ncbi_gene	ENSG00000069248	ensembl_gene	NUP133	gtr_epilepsy_gene_summary	GTR epilepsy gene summary	gtr_gene_summary	2.0	silver	NUP133	resolved	gtr_clinical_testing_utilization	2638	48bfcac337358976
df4cd613c79f06bd	epilepsy	8021	ncbi_gene	ENSG00000126883	ensembl_gene	NUP214	genes4epilepsy	Genes4Epilepsy	literature_derived	1.0	bronze	NUP214	resolved		644	80e945e950a8ea31
87e4904a375612fb	epilepsy	23636	ncbi_gene	ENSG00000213024	ensembl_gene	NUP62	gtr_epilepsy_gene_summary	GTR epilepsy gene summary	gtr_gene_summary	2.0	silver	NUP62	resolved	gtr_clinical_testing_utilization	1812	3ddc34221901f12a
ec381e00c87a0ef0	epilepsy	116150	ncbi_gene	ENSG00000153989	ensembl_gene	NUS1	genes4epilepsy	Genes4Epilepsy	literature_derived	1.0	bronze	NUS1	resolved		645	bab0b6a44f00b7ba
ec381e00c87a0ef0	epilepsy	116150	ncbi_gene	ENSG00000153989	ensembl_gene	NUS1	gtr_epilepsy_gene_summary	GTR epilepsy gene summary	gtr_gene_summary	2.0	silver	NUS1	resolved	gtr_clinical_testing_utilization	363	5f878f67b0cc18c3
8f9d3672421d9ff6	epilepsy	10204	ncbi_gene	ENSG00000102898	ensembl_gene	NUTF2	gtr_epilepsy_gene_summary	GTR epilepsy gene summary	gtr_gene_summary	2.0	silver	NUTF2	resolved	gtr_clinical_testing_utilization	2479	59ae91cf859aa09d
e1c9799a1de54024	epilepsy	55998	ncbi_gene	ENSG00000290798	ensembl_gene	NXF5	gtr_epilepsy_gene_summary	GTR epilepsy gene summary	gtr_gene_summary	2.0	silver	NXF5	resolved	gtr_clinical_testing_utilization	2213	e46cff2042c8e365
4467c3408ea51d91	epilepsy	115861	ncbi_gene	ENSG00000171773	ensembl_gene	NXNL1	gtr_epilepsy_gene_summary	GTR epilepsy gene summary	gtr_gene_summary	2.0	silver	NXNL1	resolved	gtr_clinical_testing_utilization	2480	50fcab7f4f0beea6
d0cac817ede06c0e	epilepsy	57523	ncbi_gene	ENSG00000205978	ensembl_gene	NYNRIN	gtr_epilepsy_gene_summary	GTR epilepsy gene summary	gtr_gene_summary	2.0	silver	NYNRIN	resolved	gtr_clinical_testing_utilization	3183	4f0acd9600990085
94c82489102b6ce1	epilepsy	4938	ncbi_gene	ENSG00000089127	ensembl_gene	OAS1	gtr_epilepsy_gene_summary	GTR epilepsy gene summary	gtr_gene_summary	2.0	silver	OAS1	resolved	gtr_clinical_testing_utilization	2227	1767a8c94afc8802
068a972f4b413d73	epilepsy	4942	ncbi_gene	ENSG00000065154	ensembl_gene	OAT	gtr_epilepsy_gene_summary	GTR epilepsy gene summary	gtr_gene_summary	2.0	silver	OAT	resolved	gtr_clinical_testing_utilization	2154	a51e80d3725f703b
44f78759e16285aa	epilepsy	23363	ncbi_gene	ENSG00000124006	ensembl_gene	OBSL1	gtr_epilepsy_gene_summary	GTR epilepsy gene summary	gtr_gene_summary	2.0	silver	OBSL1	resolved	gtr_clinical_testing_utilization	1456	bf5a103459daeffb
5371c1f52bd902d9	epilepsy	4948	ncbi_gene	ENSG00000104044	ensembl_gene	OCA2	gtr_epilepsy_gene_summary	GTR epilepsy gene summary	gtr_gene_summary	2.0	silver	OCA2	resolved	gtr_clinical_testing_utilization	1418	abe579677187fdfb
4a7316686f8af303	epilepsy	100506658	ncbi_gene	ENSG00000197822	ensembl_gene	OCLN	genes4epilepsy	Genes4Epilepsy	literature_derived	1.0	bronze	OCLN	resolved		646	449d1fe9b3c51a8a
4a7316686f8af303	epilepsy	100506658	ncbi_gene	ENSG00000197822	ensembl_gene	OCLN	gtr_epilepsy_gene_summary	GTR epilepsy gene summary	gtr_gene_summary	2.0	silver	OCLN	resolved	gtr_clinical_testing_utilization	418	f5a164da25ea4db2
0f08952324941d80	epilepsy	4952	ncbi_gene	ENSG00000122126	ensembl_gene	OCRL	genes4epilepsy	Genes4Epilepsy	literature_derived	1.0	bronze	OCRL	resolved		647	243f2ad7a5892e45
0f08952324941d80	epilepsy	4952	ncbi_gene	ENSG00000122126	ensembl_gene	OCRL	gtr_epilepsy_gene_summary	GTR epilepsy gene summary	gtr_gene_summary	2.0	silver	OCRL	resolved	gtr_clinical_testing_utilization	323	93f6f8151e9d569d
f9e8eefb1068f22a	epilepsy	8481	ncbi_gene	ENSG00000046651	ensembl_gene	OFD1	genes4epilepsy	Genes4Epilepsy	literature_derived	1.0	bronze	OFD1	resolved		648	d1aa32abc368a541
f9e8eefb1068f22a	epilepsy	8481	ncbi_gene	ENSG00000046651	ensembl_gene	OFD1	gtr_epilepsy_gene_summary	GTR epilepsy gene summary	gtr_gene_summary	2.0	silver	OFD1	resolved	gtr_clinical_testing_utilization	172	4900a7be66110887
8de0b0ff5e100de9	epilepsy	55753	ncbi_gene	ENSG00000197444	ensembl_gene	OGDHL	genes4epilepsy	Genes4Epilepsy	literature_derived	1.0	bronze	OGDHL	resolved		649	0e121c533cffcd1d
5ba2ed0fd8e6e4a4	epilepsy	8473	ncbi_gene	ENSG00000147162	ensembl_gene	OGT	gtr_epilepsy_gene_summary	GTR epilepsy gene summary	gtr_gene_summary	2.0	silver	OGT	resolved	gtr_clinical_testing_utilization	1397	b26c0d1cc68f94f7
ea7cfd0d8cb3af6a	epilepsy	4974	ncbi_gene	ENSG00000291720	ensembl_gene	OMG	gtr_epilepsy_gene_summary	GTR epilepsy gene summary	gtr_gene_summary	2.0	silver	OMG	resolved	gtr_clinical_testing_utilization	2376	2535eb8439bcfa9e
bc69037825234cb0	epilepsy	4976	ncbi_gene	ENSG00000198836	ensembl_gene	OPA1	gtr_epilepsy_gene_summary	GTR epilepsy gene summary	gtr_gene_summary	2.0	silver	OPA1	resolved	gtr_clinical_testing_utilization	452	fa6366dddb49d91f
f4651cdf14e9ee14	epilepsy	80207	ncbi_gene	ENSG00000125741	ensembl_gene	OPA3	gtr_epilepsy_gene_summary	GTR epilepsy gene summary	gtr_gene_summary	2.0	silver	OPA3	resolved	gtr_clinical_testing_utilization	336	b1ded78d50ff40e2
e11cd41faf06c74c	epilepsy	4983	ncbi_gene	ENSG00000079482	ensembl_gene	OPHN1	genes4epilepsy	Genes4Epilepsy	literature_derived	1.0	bronze	OPHN1	resolved		650	05611ea2031e3b93
e11cd41faf06c74c	epilepsy	4983	ncbi_gene	ENSG00000079482	ensembl_gene	OPHN1	gtr_epilepsy_gene_summary	GTR epilepsy gene summary	gtr_gene_summary	2.0	silver	OPHN1	resolved	gtr_clinical_testing_utilization	202	9718bb3adf3e6f87
6a93bbc02313e09b	epilepsy	26254	ncbi_gene	ENSG00000188770	ensembl_gene	OPTC	gtr_epilepsy_gene_summary	GTR epilepsy gene summary	gtr_gene_summary	2.0	silver	OPTC	resolved	gtr_clinical_testing_utilization	2481	5607a8c9eb69e6e8
c28d6632715401f2	epilepsy	10133	ncbi_gene	ENSG00000123240	ensembl_gene	OPTN	gtr_epilepsy_gene_summary	GTR epilepsy gene summary	gtr_gene_summary	2.0	silver	OPTN	resolved	gtr_clinical_testing_utilization	2890	e2199b9d27357ff9
51fcb5b0935aeaf6	epilepsy	343171	ncbi_gene	ENSG00000238243	ensembl_gene	OR2W3	gtr_epilepsy_gene_summary	GTR epilepsy gene summary	gtr_gene_summary	2.0	silver	OR2W3	resolved	gtr_clinical_testing_utilization	2482	dcd688ac619432f1
e6155ffa2ee17668	epilepsy	84876	ncbi_gene	ENSG00000276045	ensembl_gene	ORAI1	gtr_epilepsy_gene_summary	GTR epilepsy gene summary	gtr_gene_summary	2.0	silver	ORAI1	resolved	gtr_clinical_testing_utilization	3184	64955da30f12ee0c
7677f533e4000e5d	epilepsy	4998	ncbi_gene	ENSG00000085840	ensembl_gene	ORC1	gtr_epilepsy_gene_summary	GTR epilepsy gene summary	gtr_gene_summary	2.0	silver	ORC1	resolved	gtr_clinical_testing_utilization	2690	d39223fc70055b81
7de8fd4a65522dd0	epilepsy	5000	ncbi_gene	ENSG00000115947	ensembl_gene	ORC4	gtr_epilepsy_gene_summary	GTR epilepsy gene summary	gtr_gene_summary	2.0	silver	ORC4	resolved	gtr_clinical_testing_utilization	2691	89781ae04aaeea94
d363cfc903b3551b	epilepsy	23594	ncbi_gene	ENSG00000091651	ensembl_gene	ORC6	gtr_epilepsy_gene_summary	GTR epilepsy gene summary	gtr_gene_summary	2.0	silver	ORC6	resolved	gtr_clinical_testing_utilization	2692	3c7b60f1f68190dd
d2a4274e00fdc47e	epilepsy	9885	ncbi_gene	ENSG00000130703	ensembl_gene	OSBPL2	gtr_epilepsy_gene_summary	GTR epilepsy gene summary	gtr_gene_summary	2.0	silver	OSBPL2	resolved	gtr_clinical_testing_utilization	1913	61ae54d2b2fb1f98
bd91a678dcb8ae27	epilepsy	55644	ncbi_gene	ENSG00000291794	ensembl_gene	OSGEP	genes4epilepsy	Genes4Epilepsy	literature_derived	1.0	bronze	OSGEP	resolved		651	f8750c32543110ec
bd91a678dcb8ae27	epilepsy	55644	ncbi_gene	ENSG00000291794	ensembl_gene	OSGEP	gtr_epilepsy_gene_summary	GTR epilepsy gene summary	gtr_gene_summary	2.0	silver	OSGEP	resolved	gtr_clinical_testing_utilization	907	b76ef431312120c3
2eae580af312f9d0	epilepsy	28962	ncbi_gene	ENSG00000081087	ensembl_gene	OSTM1	gtr_epilepsy_gene_summary	GTR epilepsy gene summary	gtr_gene_summary	2.0	silver	OSTM1	resolved	gtr_clinical_testing_utilization	2155	263a3279d2b51aa3
5a697726110870b0	epilepsy	5009	ncbi_gene	ENSG00000036473	ensembl_gene	OTC	gtr_epilepsy_gene_summary	GTR epilepsy gene summary	gtr_gene_summary	2.0	silver	OTC	resolved	gtr_clinical_testing_utilization	211	c49377dcd0ae0c7e
d96a9aa14db31cdb	epilepsy	146183	ncbi_gene	ENSG00000284559	ensembl_gene	OTOA	gtr_epilepsy_gene_summary	GTR epilepsy gene summary	gtr_gene_summary	2.0	silver	OTOA	resolved	gtr_clinical_testing_utilization	1914	549774ce4d2badbc
02b742ef30796e26	epilepsy	9381	ncbi_gene	ENSG00000115155	ensembl_gene	OTOF	gtr_epilepsy_gene_summary	GTR epilepsy gene summary	gtr_gene_summary	2.0	silver	OTOF	resolved	gtr_clinical_testing_utilization	806	22a5ce5398a70831
4e8e3c016a31dc40	epilepsy	340990	ncbi_gene	ENSG00000188162	ensembl_gene	OTOG	gtr_epilepsy_gene_summary	GTR epilepsy gene summary	gtr_gene_summary	2.0	silver	OTOG	resolved	gtr_clinical_testing_utilization	2796	40de091a8e13a595
35f97988c3da560a	epilepsy	283310	ncbi_gene	ENSG00000165899	ensembl_gene	OTOGL	gtr_epilepsy_gene_summary	GTR epilepsy gene summary	gtr_gene_summary	2.0	silver	OTOGL	resolved	gtr_clinical_testing_utilization	2797	f0dd5e5ad4edf4ad
1a8254623e46e679	epilepsy	55593	ncbi_gene	ENSG00000068308	ensembl_gene	OTUD5	genes4epilepsy	Genes4Epilepsy	literature_derived	1.0	bronze	OTUD5	resolved		652	08286692e444671a
d4b87a8a9d57b589	epilepsy	51633	ncbi_gene	ENSG00000155100	ensembl_gene	OTUD6B	genes4epilepsy	Genes4Epilepsy	literature_derived	1.0	bronze	OTUD6B	resolved		653	d37a9cff15c7305f
d4b87a8a9d57b589	epilepsy	51633	ncbi_gene	ENSG00000155100	ensembl_gene	OTUD6B	gtr_epilepsy_gene_summary	GTR epilepsy gene summary	gtr_gene_summary	2.0	silver	OTUD6B	resolved	gtr_clinical_testing_utilization	550	37d51311cfd91205
b3a6a939f24c0988	epilepsy	5015	ncbi_gene	ENSG00000165588	ensembl_gene	OTX2	genes4epilepsy	Genes4Epilepsy	literature_derived	1.0	bronze	OTX2	resolved		654	ca506cd9836937b2
b3a6a939f24c0988	epilepsy	5015	ncbi_gene	ENSG00000165588	ensembl_gene	OTX2	gtr_epilepsy_gene_summary	GTR epilepsy gene summary	gtr_gene_summary	2.0	silver	OTX2	resolved	gtr_clinical_testing_utilization	1611	35a5d6d0aedae4a3
5e9dcbff3b61b494	epilepsy	5018	ncbi_gene	ENSG00000155463	ensembl_gene	OXA1L	gtr_epilepsy_gene_summary	GTR epilepsy gene summary	gtr_gene_summary	2.0	silver	OXA1L	resolved	gtr_clinical_testing_utilization	1796	86e823eed29b64c1
bfda00f16bfc0d76	epilepsy	5019	ncbi_gene	ENSG00000083720	ensembl_gene	OXCT1	gtr_epilepsy_gene_summary	GTR epilepsy gene summary	gtr_gene_summary	2.0	silver	OXCT1	resolved	gtr_clinical_testing_utilization	2544	722803c4efb54478
6e4ab89af602ca50	epilepsy	55074	ncbi_gene	ENSG00000164830	ensembl_gene	OXR1	genes4epilepsy	Genes4Epilepsy	literature_derived	1.0	bronze	OXR1	resolved		655	6fa6c99cb07549cb
6e4ab89af602ca50	epilepsy	55074	ncbi_gene	ENSG00000164830	ensembl_gene	OXR1	gtr_epilepsy_gene_summary	GTR epilepsy gene summary	gtr_gene_summary	2.0	silver	OXR1	resolved	gtr_clinical_testing_utilization	3185	84559520b10a7cb5
da66938cb56cdee4	epilepsy	22953	ncbi_gene	ENSG00000187848	ensembl_gene	P2RX2	gtr_epilepsy_gene_summary	GTR epilepsy gene summary	gtr_gene_summary	2.0	silver	P2RX2	resolved	gtr_clinical_testing_utilization	1915	f7cda1fafabdf908
ef4347ae3d7a5f5c	epilepsy	64175	ncbi_gene	ENSG00000117385	ensembl_gene	P3H1	gtr_epilepsy_gene_summary	GTR epilepsy gene summary	gtr_gene_summary	2.0	silver	P3H1	resolved	gtr_clinical_testing_utilization	2156	7d4de136a3b941ff
062aa526ada9617b	epilepsy	5033	ncbi_gene	ENSG00000122884	ensembl_gene	P4HA1	gtr_epilepsy_gene_summary	GTR epilepsy gene summary	gtr_gene_summary	2.0	silver	P4HA1	resolved	gtr_clinical_testing_utilization	2693	86a7cfd3f5892210
c0888b43b72ee08b	epilepsy	54681	ncbi_gene	ENSG00000178467	ensembl_gene	P4HTM	genes4epilepsy	Genes4Epilepsy	literature_derived	1.0	bronze	P4HTM	resolved		656	195caaa9c3c98830
c0888b43b72ee08b	epilepsy	54681	ncbi_gene	ENSG00000178467	ensembl_gene	P4HTM	gtr_epilepsy_gene_summary	GTR epilepsy gene summary	gtr_gene_summary	2.0	silver	P4HTM	resolved	gtr_clinical_testing_utilization	1268	820cd17af6c2dc34
1ca18623979168c5	epilepsy	8106	ncbi_gene	ENSG00000100836	ensembl_gene	PABPN1	gtr_epilepsy_gene_summary	GTR epilepsy gene summary	gtr_gene_summary	2.0	silver	PABPN1	resolved	gtr_clinical_testing_utilization	3186	67d2c0400f4a3c61
407fe4356a385cb2	epilepsy	55690	ncbi_gene	ENSG00000175115	ensembl_gene	PACS1	genes4epilepsy	Genes4Epilepsy	literature_derived	1.0	bronze	PACS1	resolved		657	2a633f1a3df1e2bf
407fe4356a385cb2	epilepsy	55690	ncbi_gene	ENSG00000175115	ensembl_gene	PACS1	gtr_epilepsy_gene_summary	GTR epilepsy gene summary	gtr_gene_summary	2.0	silver	PACS1	resolved	gtr_clinical_testing_utilization	504	fc3300609bc12f49
6a55e5b329a84114	epilepsy	23241	ncbi_gene	ENSG00000179364	ensembl_gene	PACS2	genes4epilepsy	Genes4Epilepsy	literature_derived	1.0	bronze	PACS2	resolved		658	98ba4906ce5a9577
6a55e5b329a84114	epilepsy	23241	ncbi_gene	ENSG00000179364	ensembl_gene	PACS2	gtr_epilepsy_gene_summary	GTR epilepsy gene summary	gtr_gene_summary	2.0	silver	PACS2	resolved	gtr_clinical_testing_utilization	205	ae96c18d86b4af18
356f43527ce4b80d	epilepsy	5048	ncbi_gene	ENSG00000007168	ensembl_gene	PAFAH1B1	genes4epilepsy	Genes4Epilepsy	literature_derived	1.0	bronze	PAFAH1B1	resolved		659	3e06e7037aa042eb
356f43527ce4b80d	epilepsy	5048	ncbi_gene	ENSG00000007168	ensembl_gene	PAFAH1B1	gtr_epilepsy_gene_summary	GTR epilepsy gene summary	gtr_gene_summary	2.0	silver	PAFAH1B1	resolved	gtr_clinical_testing_utilization	174	6939184794da254f
46d319685269e404	epilepsy	5053	ncbi_gene	ENSG00000171759	ensembl_gene	PAH	genes4epilepsy	Genes4Epilepsy	literature_derived	1.0	bronze	PAH	resolved		660	be5dc437a6d5add1
46d319685269e404	epilepsy	5053	ncbi_gene	ENSG00000171759	ensembl_gene	PAH	gtr_epilepsy_gene_summary	GTR epilepsy gene summary	gtr_gene_summary	2.0	silver	PAH	resolved	gtr_clinical_testing_utilization	579	16db913932864e9a
09176d22a2df94ec	epilepsy	5058	ncbi_gene	ENSG00000149269	ensembl_gene	PAK1	genes4epilepsy	Genes4Epilepsy	literature_derived	1.0	bronze	PAK1	resolved		661	f8e53912b8d3b2e3
09176d22a2df94ec	epilepsy	5058	ncbi_gene	ENSG00000149269	ensembl_gene	PAK1	gtr_epilepsy_gene_summary	GTR epilepsy gene summary	gtr_gene_summary	2.0	silver	PAK1	resolved	gtr_clinical_testing_utilization	2232	159138a8b258dc40
46fee38fa148eca4	epilepsy	5062	ncbi_gene	ENSG00000180370	ensembl_gene	PAK2	genes4epilepsy	Genes4Epilepsy	literature_derived	1.0	bronze	PAK2	resolved		662	accab59beba70014
735309bf68b5f9be	epilepsy	5063	ncbi_gene	ENSG00000077264	ensembl_gene	PAK3	genes4epilepsy	Genes4Epilepsy	literature_derived	1.0	bronze	PAK3	resolved		663	aec42df47b1b8358
735309bf68b5f9be	epilepsy	5063	ncbi_gene	ENSG00000077264	ensembl_gene	PAK3	gtr_epilepsy_gene_summary	GTR epilepsy gene summary	gtr_gene_summary	2.0	silver	PAK3	resolved	gtr_clinical_testing_utilization	189	c96ca42edddf4be2
48c3edf79a5a9a8a	epilepsy	79728	ncbi_gene	ENSG00000083093	ensembl_gene	PALB2	gtr_epilepsy_gene_summary	GTR epilepsy gene summary	gtr_gene_summary	2.0	silver	PALB2	resolved	gtr_clinical_testing_utilization	2798	532796c72242309e
105a5e4ed4b1e836	epilepsy	5064	ncbi_gene	ENSG00000099864	ensembl_gene	PALM	gtr_epilepsy_gene_summary	GTR epilepsy gene summary	gtr_gene_summary	2.0	silver	PALM	resolved	gtr_clinical_testing_utilization	2392	bf851a742f107923
b2a91a6e1946c00f	epilepsy	80025	ncbi_gene	ENSG00000125779	ensembl_gene	PANK2	genes4epilepsy	Genes4Epilepsy	literature_derived	1.0	bronze	PANK2	resolved		664	5b4f26b5ab4c7e09
b2a91a6e1946c00f	epilepsy	80025	ncbi_gene	ENSG00000125779	ensembl_gene	PANK2	gtr_epilepsy_gene_summary	GTR epilepsy gene summary	gtr_gene_summary	2.0	silver	PANK2	resolved	gtr_clinical_testing_utilization	320	bea859ff0877df62
c546f2c44e6a9a23	epilepsy	11315	ncbi_gene	ENSG00000116288	ensembl_gene	PARK7	gtr_epilepsy_gene_summary	GTR epilepsy gene summary	gtr_gene_summary	2.0	silver	PARK7	resolved	gtr_clinical_testing_utilization	1327	194d6232b5a2ed04
215faf73c16fea24	epilepsy	5073	ncbi_gene	ENSG00000274829	ensembl_gene	PARN	gtr_epilepsy_gene_summary	GTR epilepsy gene summary	gtr_gene_summary	2.0	silver	PARN	resolved	gtr_clinical_testing_utilization	2233	4688680c0cf161f2
185cdf5881a45e63	epilepsy	56965	ncbi_gene	ENSG00000137817	ensembl_gene	PARP6	genes4epilepsy	Genes4Epilepsy	literature_derived	1.0	bronze	PARP6	resolved		665	9fd678df7d003746
ead26f905b0eeab4	epilepsy	25973	ncbi_gene	ENSG00000162396	ensembl_gene	PARS2	genes4epilepsy	Genes4Epilepsy	literature_derived	1.0	bronze	PARS2	resolved		666	f85d973455465cdb
ead26f905b0eeab4	epilepsy	25973	ncbi_gene	ENSG00000162396	ensembl_gene	PARS2	gtr_epilepsy_gene_summary	GTR epilepsy gene summary	gtr_gene_summary	2.0	silver	PARS2	resolved	gtr_clinical_testing_utilization	268	50b8a4ef6d72df86
51cbcfd100e4a804	epilepsy	5075	ncbi_gene	ENSG00000125813	ensembl_gene	PAX1	gtr_epilepsy_gene_summary	GTR epilepsy gene summary	gtr_gene_summary	2.0	silver	PAX1	resolved	gtr_clinical_testing_utilization	2694	4b28149a882d000b
1bee50ffafc8a204	epilepsy	5076	ncbi_gene	ENSG00000075891	ensembl_gene	PAX2	gtr_epilepsy_gene_summary	GTR epilepsy gene summary	gtr_gene_summary	2.0	silver	PAX2	resolved	gtr_clinical_testing_utilization	1594	7297761a077ef511
3be1d3480240ddf4	epilepsy	5077	ncbi_gene	ENSG00000135903	ensembl_gene	PAX3	gtr_epilepsy_gene_summary	GTR epilepsy gene summary	gtr_gene_summary	2.0	silver	PAX3	resolved	gtr_clinical_testing_utilization	628	016709d69731c8a4
28a44b6377eb5ff6	epilepsy	5080	ncbi_gene	ENSG00000007372	ensembl_gene	PAX6	genes4epilepsy	Genes4Epilepsy	literature_derived	1.0	bronze	PAX6	resolved		667	b1d9839c2e8c3e8f
28a44b6377eb5ff6	epilepsy	5080	ncbi_gene	ENSG00000007372	ensembl_gene	PAX6	gtr_epilepsy_gene_summary	GTR epilepsy gene summary	gtr_gene_summary	2.0	silver	PAX6	resolved	gtr_clinical_testing_utilization	625	c8ad86933d148883
5407b1ce7e326ba3	epilepsy	5087	ncbi_gene	ENSG00000185630	ensembl_gene	PBX1	gtr_epilepsy_gene_summary	GTR epilepsy gene summary	gtr_gene_summary	2.0	silver	PBX1	resolved	gtr_clinical_testing_utilization	2695	572596b72e660b99
a83134505418adb9	epilepsy	5091	ncbi_gene	ENSG00000173599	ensembl_gene	PC	gtr_epilepsy_gene_summary	GTR epilepsy gene summary	gtr_gene_summary	2.0	silver	PC	resolved	gtr_clinical_testing_utilization	328	da1a097f767f9b93
8ea4e6e1e68ad44b	epilepsy	5092	ncbi_gene	ENSG00000166228	ensembl_gene	PCBD1	gtr_epilepsy_gene_summary	GTR epilepsy gene summary	gtr_gene_summary	2.0	silver	PCBD1	resolved	gtr_clinical_testing_utilization	1524	d42b0494d0d981f1
4781b1da047cde30	epilepsy	5095	ncbi_gene	ENSG00000175198	ensembl_gene	PCCA	genes4epilepsy	Genes4Epilepsy	literature_derived	1.0	bronze	PCCA	resolved		668	47eae4227d7ead20
4781b1da047cde30	epilepsy	5095	ncbi_gene	ENSG00000175198	ensembl_gene	PCCA	gtr_epilepsy_gene_summary	GTR epilepsy gene summary	gtr_gene_summary	2.0	silver	PCCA	resolved	gtr_clinical_testing_utilization	445	c2ec702b51fa48bf
de846cb11791ebfe	epilepsy	5096	ncbi_gene	ENSG00000114054	ensembl_gene	PCCB	genes4epilepsy	Genes4Epilepsy	literature_derived	1.0	bronze	PCCB	resolved		669	d1b0bc9323dc3000
de846cb11791ebfe	epilepsy	5096	ncbi_gene	ENSG00000114054	ensembl_gene	PCCB	gtr_epilepsy_gene_summary	GTR epilepsy gene summary	gtr_gene_summary	2.0	silver	PCCB	resolved	gtr_clinical_testing_utilization	446	a6783072758c355b
89873ad253510eb2	epilepsy	51294	ncbi_gene	ENSG00000113555	ensembl_gene	PCDH12	genes4epilepsy	Genes4Epilepsy	literature_derived	1.0	bronze	PCDH12	resolved		670	8e17a4b52c4bffc8
89873ad253510eb2	epilepsy	51294	ncbi_gene	ENSG00000113555	ensembl_gene	PCDH12	gtr_epilepsy_gene_summary	GTR epilepsy gene summary	gtr_gene_summary	2.0	silver	PCDH12	resolved	gtr_clinical_testing_utilization	1415	318e106962d41bcc
e416fe282a3ca8a1	epilepsy	65217	ncbi_gene	ENSG00000150275	ensembl_gene	PCDH15	gtr_epilepsy_gene_summary	GTR epilepsy gene summary	gtr_gene_summary	2.0	silver	PCDH15	resolved	gtr_clinical_testing_utilization	774	c92e4ccde5bc227c
9beb54e586238ecb	epilepsy	57526	ncbi_gene	ENSG00000165194	ensembl_gene	PCDH19	genes4epilepsy	Genes4Epilepsy	literature_derived	1.0	bronze	PCDH19	resolved		671	39cd927f59cb242c
9beb54e586238ecb	epilepsy	57526	ncbi_gene	ENSG00000165194	ensembl_gene	PCDH19	gtr_epilepsy_gene_summary	GTR epilepsy gene summary	gtr_gene_summary	2.0	silver	PCDH19	resolved	gtr_clinical_testing_utilization	4	988b9e10113eb33e
d222305666c5612d	epilepsy	5099	ncbi_gene	ENSG00000169851	ensembl_gene	PCDH7	gtr_epilepsy_gene_summary	GTR epilepsy gene summary	gtr_gene_summary	2.0	silver	PCDH7	resolved	gtr_clinical_testing_utilization	3187	636eff61f4d3ee52
3a89284302e3e49b	epilepsy	56131	ncbi_gene	ENSG00000291676	ensembl_gene	PCDHB4	gtr_epilepsy_gene_summary	GTR epilepsy gene summary	gtr_gene_summary	2.0	silver	PCDHB4	resolved	gtr_clinical_testing_utilization	1735	2efcb211657c1067
598d65a10d4d6d0b	epilepsy	56098	ncbi_gene	ENSG00000242419	ensembl_gene	PCDHGC4	genes4epilepsy	Genes4Epilepsy	literature_derived	1.0	bronze	PCDHGC4	resolved		672	e5f3a155bb1de71b
2fbf83b949dea147	epilepsy	5105	ncbi_gene	ENSG00000124253	ensembl_gene	PCK1	gtr_epilepsy_gene_summary	GTR epilepsy gene summary	gtr_gene_summary	2.0	silver	PCK1	resolved	gtr_clinical_testing_utilization	1976	327e64fe78b23bf8
fa1fa431d7d33a25	epilepsy	5106	ncbi_gene	ENSG00000285241	ensembl_gene	PCK2	gtr_epilepsy_gene_summary	GTR epilepsy gene summary	gtr_gene_summary	2.0	silver	PCK2	resolved	gtr_clinical_testing_utilization	3188	d3c6ff243ef66190
dbb4c45e04ee8dfd	epilepsy	27445	ncbi_gene	ENSG00000186472	ensembl_gene	PCLO	genes4epilepsy	Genes4Epilepsy	literature_derived	1.0	bronze	PCLO	resolved		673	43f32f753c40a50c
dbb4c45e04ee8dfd	epilepsy	27445	ncbi_gene	ENSG00000186472	ensembl_gene	PCLO	gtr_epilepsy_gene_summary	GTR epilepsy gene summary	gtr_gene_summary	2.0	silver	PCLO	resolved	gtr_clinical_testing_utilization	845	9d46b4d30a0eb43f
7a59559430c0683f	epilepsy	5111	ncbi_gene	ENSG00000132646	ensembl_gene	PCNA	gtr_epilepsy_gene_summary	GTR epilepsy gene summary	gtr_gene_summary	2.0	silver	PCNA	resolved	gtr_clinical_testing_utilization	1640	0d8169aba716c5c4
5006a9d7eaf540f5	epilepsy	5116	ncbi_gene	ENSG00000160299	ensembl_gene	PCNT	gtr_epilepsy_gene_summary	GTR epilepsy gene summary	gtr_gene_summary	2.0	silver	PCNT	resolved	gtr_clinical_testing_utilization	998	fb49cb9d8af20a16
e7211fb24c14961a	epilepsy	5122	ncbi_gene	ENSG00000175426	ensembl_gene	PCSK1	gtr_epilepsy_gene_summary	GTR epilepsy gene summary	gtr_gene_summary	2.0	silver	PCSK1	resolved	gtr_clinical_testing_utilization	2891	aff29e255e1fc832
8d81e4338a819144	epilepsy	5125	ncbi_gene	ENSG00000099139	ensembl_gene	PCSK5	gtr_epilepsy_gene_summary	GTR epilepsy gene summary	gtr_gene_summary	2.0	silver	PCSK5	resolved	gtr_clinical_testing_utilization	2314	c459feb964ba914c
69f24cdd77a77e82	epilepsy	255738	ncbi_gene	ENSG00000169174	ensembl_gene	PCSK9	gtr_epilepsy_gene_summary	GTR epilepsy gene summary	gtr_gene_summary	2.0	silver	PCSK9	resolved	gtr_clinical_testing_utilization	1641	8d9cb4ea6d85afce
1bb879cd439f8e37	epilepsy	5833	ncbi_gene	ENSG00000185813	ensembl_gene	PCYT2	genes4epilepsy	Genes4Epilepsy	literature_derived	1.0	bronze	PCYT2	resolved		674	5ff4957e9fc9dd2b
1bcb8c2f7b041dc0	epilepsy	5133	ncbi_gene	ENSG00000188389	ensembl_gene	PDCD1	gtr_epilepsy_gene_summary	GTR epilepsy gene summary	gtr_gene_summary	2.0	silver	PDCD1	resolved	gtr_clinical_testing_utilization	2799	4154867ba18764df
cc8a0b44f932428d	epilepsy	11235	ncbi_gene	ENSG00000114209	ensembl_gene	PDCD10	genes4epilepsy	Genes4Epilepsy	literature_derived	1.0	bronze	PDCD10	resolved		675	dea20c8edec6a5cc
cc8a0b44f932428d	epilepsy	11235	ncbi_gene	ENSG00000114209	ensembl_gene	PDCD10	gtr_epilepsy_gene_summary	GTR epilepsy gene summary	gtr_gene_summary	2.0	silver	PDCD10	resolved	gtr_clinical_testing_utilization	1288	03d67ef6858d93e8
7fb547beee0023a1	epilepsy	10846	ncbi_gene	ENSG00000112541	ensembl_gene	PDE10A	gtr_epilepsy_gene_summary	GTR epilepsy gene summary	gtr_gene_summary	2.0	silver	PDE10A	resolved	gtr_clinical_testing_utilization	1727	7576b2de31e7037e
0b3bf41ab06adb2e	epilepsy	5138	ncbi_gene	ENSG00000186642	ensembl_gene	PDE2A	genes4epilepsy	Genes4Epilepsy	literature_derived	1.0	bronze	PDE2A	resolved		676	cdb7a6ac16444ef5
0b3bf41ab06adb2e	epilepsy	5138	ncbi_gene	ENSG00000186642	ensembl_gene	PDE2A	gtr_epilepsy_gene_summary	GTR epilepsy gene summary	gtr_gene_summary	2.0	silver	PDE2A	resolved	gtr_clinical_testing_utilization	3189	dedb72dc73b5bd6b
1671d4d5b0746156	epilepsy	5144	ncbi_gene	ENSG00000113448	ensembl_gene	PDE4D	gtr_epilepsy_gene_summary	GTR epilepsy gene summary	gtr_gene_summary	2.0	silver	PDE4D	resolved	gtr_clinical_testing_utilization	1948	b74bbf7742531ebf
70fae4a9093e358a	epilepsy	5147	ncbi_gene	ENSG00000156973	ensembl_gene	PDE6D	gtr_epilepsy_gene_summary	GTR epilepsy gene summary	gtr_gene_summary	2.0	silver	PDE6D	resolved	gtr_clinical_testing_utilization	1736	5d3a226a221ebcac
f87cbe8c2582e6f1	epilepsy	8622	ncbi_gene	ENSG00000284762	ensembl_gene	PDE8B	gtr_epilepsy_gene_summary	GTR epilepsy gene summary	gtr_gene_summary	2.0	silver	PDE8B	resolved	gtr_clinical_testing_utilization	1672	94cc834e43d6047a
be9c9d6e6f231e19	epilepsy	5155	ncbi_gene	ENSG00000100311	ensembl_gene	PDGFB	gtr_epilepsy_gene_summary	GTR epilepsy gene summary	gtr_gene_summary	2.0	silver	PDGFB	resolved	gtr_clinical_testing_utilization	1247	0c9029e61bd8f4f3
1f4085959d7b8550	epilepsy	5159	ncbi_gene	ENSG00000113721	ensembl_gene	PDGFRB	gtr_epilepsy_gene_summary	GTR epilepsy gene summary	gtr_gene_summary	2.0	silver	PDGFRB	resolved	gtr_clinical_testing_utilization	948	2a46c1f2e286e45b
3d87eeee5f94ab81	epilepsy	5160	ncbi_gene	ENSG00000131828	ensembl_gene	PDHA1	genes4epilepsy	Genes4Epilepsy	literature_derived	1.0	bronze	PDHA1	resolved		677	a6fc5b199de35efb
3d87eeee5f94ab81	epilepsy	5160	ncbi_gene	ENSG00000131828	ensembl_gene	PDHA1	gtr_epilepsy_gene_summary	GTR epilepsy gene summary	gtr_gene_summary	2.0	silver	PDHA1	resolved	gtr_clinical_testing_utilization	161	0235c4e11945480d
fc645627b6314f58	epilepsy	5162	ncbi_gene	ENSG00000168291	ensembl_gene	PDHB	gtr_epilepsy_gene_summary	GTR epilepsy gene summary	gtr_gene_summary	2.0	silver	PDHB	resolved	gtr_clinical_testing_utilization	266	e0f36489dcfa88ec
f4bffa7375008c4a	epilepsy	8050	ncbi_gene	ENSG00000110435	ensembl_gene	PDHX	genes4epilepsy	Genes4Epilepsy	literature_derived	1.0	bronze	PDHX	resolved		678	2a48cfb08811dde5
f4bffa7375008c4a	epilepsy	8050	ncbi_gene	ENSG00000110435	ensembl_gene	PDHX	gtr_epilepsy_gene_summary	GTR epilepsy gene summary	gtr_gene_summary	2.0	silver	PDHX	resolved	gtr_clinical_testing_utilization	182	f2145f13f9702189
4a1ff5f14206ec18	epilepsy	27295	ncbi_gene	ENSG00000154553	ensembl_gene	PDLIM3	gtr_epilepsy_gene_summary	GTR epilepsy gene summary	gtr_gene_summary	2.0	silver	PDLIM3	resolved	gtr_clinical_testing_utilization	1701	ba6eba042c853dff
be42533f51538bf2	epilepsy	54704	ncbi_gene	ENSG00000164951	ensembl_gene	PDP1	gtr_epilepsy_gene_summary	GTR epilepsy gene summary	gtr_gene_summary	2.0	silver	PDP1	resolved	gtr_clinical_testing_utilization	166	6d6ae9172a78cd6e
767912e4b0e5de9d	epilepsy	23590	ncbi_gene	ENSG00000148459	ensembl_gene	PDSS1	gtr_epilepsy_gene_summary	GTR epilepsy gene summary	gtr_gene_summary	2.0	silver	PDSS1	resolved	gtr_clinical_testing_utilization	627	d8228110d55a2ab2
665803ac77c10683	epilepsy	57107	ncbi_gene	ENSG00000164494	ensembl_gene	PDSS2	genes4epilepsy	Genes4Epilepsy	literature_derived	1.0	bronze	PDSS2	resolved		679	58aaa06a18d78abd
665803ac77c10683	epilepsy	57107	ncbi_gene	ENSG00000164494	ensembl_gene	PDSS2	gtr_epilepsy_gene_summary	GTR epilepsy gene summary	gtr_gene_summary	2.0	silver	PDSS2	resolved	gtr_clinical_testing_utilization	379	c123476897d4839f
77f7e948f0fb1bb4	epilepsy	3651	ncbi_gene	ENSG00000139515	ensembl_gene	PDX1	gtr_epilepsy_gene_summary	GTR epilepsy gene summary	gtr_gene_summary	2.0	silver	PDX1	resolved	gtr_clinical_testing_utilization	3190	825f5bb9099af86b
d4e51a0e43fbe322	epilepsy	5173	ncbi_gene	ENSG00000101327	ensembl_gene	PDYN	gtr_epilepsy_gene_summary	GTR epilepsy gene summary	gtr_gene_summary	2.0	silver	PDYN	resolved	gtr_clinical_testing_utilization	1237	eb683eeca1b6ec00
6fc8f0ccedd0917c	epilepsy	79955	ncbi_gene	ENSG00000186862	ensembl_gene	PDZD7	gtr_epilepsy_gene_summary	GTR epilepsy gene summary	gtr_gene_summary	2.0	silver	PDZD7	resolved	gtr_clinical_testing_utilization	1362	8b5c7c6bf8ad45f4
11fcd0e9f902dbf0	epilepsy	79834	ncbi_gene	ENSG00000173517	ensembl_gene	PEAK1	gtr_epilepsy_gene_summary	GTR epilepsy gene summary	gtr_gene_summary	2.0	silver	PEAK1	resolved	gtr_clinical_testing_utilization	2483	cc35e97bc843809f
82426e9954b40c23	epilepsy	5184	ncbi_gene	ENSG00000124299	ensembl_gene	PEPD	gtr_epilepsy_gene_summary	GTR epilepsy gene summary	gtr_gene_summary	2.0	silver	PEPD	resolved	gtr_clinical_testing_utilization	2800	c6b72ba134d71ae0
07520f65e3dfed36	epilepsy	100131801	ncbi_gene	ENSG00000229833	ensembl_gene	PET100	genes4epilepsy	Genes4Epilepsy	literature_derived	1.0	bronze	PET100	resolved		680	7cfe676ab91a9159
07520f65e3dfed36	epilepsy	100131801	ncbi_gene	ENSG00000229833	ensembl_gene	PET100	gtr_epilepsy_gene_summary	GTR epilepsy gene summary	gtr_gene_summary	2.0	silver	PET100	resolved	gtr_clinical_testing_utilization	640	3a5142b4e0953d8c
102abaa5fa80d975	epilepsy	100303755	ncbi_gene	ENSG00000232838	ensembl_gene	PET117	gtr_epilepsy_gene_summary	GTR epilepsy gene summary	gtr_gene_summary	2.0	silver	PET117	resolved	gtr_clinical_testing_utilization	2607	a965b16b0c211183
2bc891128cbb4789	epilepsy	5189	ncbi_gene	ENSG00000127980	ensembl_gene	PEX1	genes4epilepsy	Genes4Epilepsy	literature_derived	1.0	bronze	PEX1	resolved		681	c6bb3151aed2c52e
2bc891128cbb4789	epilepsy	5189	ncbi_gene	ENSG00000127980	ensembl_gene	PEX1	gtr_epilepsy_gene_summary	GTR epilepsy gene summary	gtr_gene_summary	2.0	silver	PEX1	resolved	gtr_clinical_testing_utilization	259	686862f4f1605237
2cda22329049f81e	epilepsy	5192	ncbi_gene	ENSG00000157911	ensembl_gene	PEX10	genes4epilepsy	Genes4Epilepsy	literature_derived	1.0	bronze	PEX10	resolved		682	15fcc3371a58c3c2
2cda22329049f81e	epilepsy	5192	ncbi_gene	ENSG00000157911	ensembl_gene	PEX10	gtr_epilepsy_gene_summary	GTR epilepsy gene summary	gtr_gene_summary	2.0	silver	PEX10	resolved	gtr_clinical_testing_utilization	438	ce5d181381cacbcf
3d8b64cf51f13993	epilepsy	8799	ncbi_gene	ENSG00000131779	ensembl_gene	PEX11B	gtr_epilepsy_gene_summary	GTR epilepsy gene summary	gtr_gene_summary	2.0	silver	PEX11B	resolved	gtr_clinical_testing_utilization	1070	6f216a234753060d
8080f159a878f060	epilepsy	5193	ncbi_gene	ENSG00000108733	ensembl_gene	PEX12	genes4epilepsy	Genes4Epilepsy	literature_derived	1.0	bronze	PEX12	resolved		683	ae8550be3afea81e
8080f159a878f060	epilepsy	5193	ncbi_gene	ENSG00000108733	ensembl_gene	PEX12	gtr_epilepsy_gene_summary	GTR epilepsy gene summary	gtr_gene_summary	2.0	silver	PEX12	resolved	gtr_clinical_testing_utilization	439	c7328f2198886c27
b6f0b5d7cd4a0760	epilepsy	5194	ncbi_gene	ENSG00000162928	ensembl_gene	PEX13	genes4epilepsy	Genes4Epilepsy	literature_derived	1.0	bronze	PEX13	resolved		684	423ac4bdd1ce0d60
b6f0b5d7cd4a0760	epilepsy	5194	ncbi_gene	ENSG00000162928	ensembl_gene	PEX13	gtr_epilepsy_gene_summary	GTR epilepsy gene summary	gtr_gene_summary	2.0	silver	PEX13	resolved	gtr_clinical_testing_utilization	364	0fa8b48f675c214a
175490196a3cf702	epilepsy	5195	ncbi_gene	ENSG00000142655	ensembl_gene	PEX14	gtr_epilepsy_gene_summary	GTR epilepsy gene summary	gtr_gene_summary	2.0	silver	PEX14	resolved	gtr_clinical_testing_utilization	610	b7482168448744ec
f15c81166b65a6a3	epilepsy	9409	ncbi_gene	ENSG00000121680	ensembl_gene	PEX16	gtr_epilepsy_gene_summary	GTR epilepsy gene summary	gtr_gene_summary	2.0	silver	PEX16	resolved	gtr_clinical_testing_utilization	371	8449b4412209509c
1aa2922fc41c748b	epilepsy	5824	ncbi_gene	ENSG00000162735	ensembl_gene	PEX19	genes4epilepsy	Genes4Epilepsy	literature_derived	1.0	bronze	PEX19	resolved		685	8902fe4c94c1e52b
1aa2922fc41c748b	epilepsy	5824	ncbi_gene	ENSG00000162735	ensembl_gene	PEX19	gtr_epilepsy_gene_summary	GTR epilepsy gene summary	gtr_gene_summary	2.0	silver	PEX19	resolved	gtr_clinical_testing_utilization	478	0ef6ffe639bef2f4
b8bb0ee722cf9d99	epilepsy	5828	ncbi_gene	ENSG00000164751	ensembl_gene	PEX2	genes4epilepsy	Genes4Epilepsy	literature_derived	1.0	bronze	PEX2	resolved		686	81145cb493e6bd63
b8bb0ee722cf9d99	epilepsy	5828	ncbi_gene	ENSG00000164751	ensembl_gene	PEX2	gtr_epilepsy_gene_summary	GTR epilepsy gene summary	gtr_gene_summary	2.0	silver	PEX2	resolved	gtr_clinical_testing_utilization	340	5925b8dd8f127796
71ff595e70d27a84	epilepsy	55670	ncbi_gene	ENSG00000215193	ensembl_gene	PEX26	genes4epilepsy	Genes4Epilepsy	literature_derived	1.0	bronze	PEX26	resolved		687	c00d0dffa68ef5de
71ff595e70d27a84	epilepsy	55670	ncbi_gene	ENSG00000215193	ensembl_gene	PEX26	gtr_epilepsy_gene_summary	GTR epilepsy gene summary	gtr_gene_summary	2.0	silver	PEX26	resolved	gtr_clinical_testing_utilization	435	d5d76dc7f90cfeff
a077ed8a79161332	epilepsy	8504	ncbi_gene	ENSG00000034693	ensembl_gene	PEX3	genes4epilepsy	Genes4Epilepsy	literature_derived	1.0	bronze	PEX3	resolved		688	7f50f17f1e3ad154
a077ed8a79161332	epilepsy	8504	ncbi_gene	ENSG00000034693	ensembl_gene	PEX3	gtr_epilepsy_gene_summary	GTR epilepsy gene summary	gtr_gene_summary	2.0	silver	PEX3	resolved	gtr_clinical_testing_utilization	365	c12e513aa4676fe6
2e5725b33a1890c4	epilepsy	5830	ncbi_gene	ENSG00000139197	ensembl_gene	PEX5	genes4epilepsy	Genes4Epilepsy	literature_derived	1.0	bronze	PEX5	resolved		689	29d977571ff2f1c7
2e5725b33a1890c4	epilepsy	5830	ncbi_gene	ENSG00000139197	ensembl_gene	PEX5	gtr_epilepsy_gene_summary	GTR epilepsy gene summary	gtr_gene_summary	2.0	silver	PEX5	resolved	gtr_clinical_testing_utilization	468	2337087f180f1bbd
9f7666448849707f	epilepsy	5190	ncbi_gene	ENSG00000124587	ensembl_gene	PEX6	genes4epilepsy	Genes4Epilepsy	literature_derived	1.0	bronze	PEX6	resolved		690	749677d3d4095b93
9f7666448849707f	epilepsy	5190	ncbi_gene	ENSG00000124587	ensembl_gene	PEX6	gtr_epilepsy_gene_summary	GTR epilepsy gene summary	gtr_gene_summary	2.0	silver	PEX6	resolved	gtr_clinical_testing_utilization	343	0a1b51ced2ce3c4f
7b610f6b4d1779db	epilepsy	5191	ncbi_gene	ENSG00000112357	ensembl_gene	PEX7	genes4epilepsy	Genes4Epilepsy	literature_derived	1.0	bronze	PEX7	resolved		691	2b52a1e6e5951cc9
7b610f6b4d1779db	epilepsy	5191	ncbi_gene	ENSG00000112357	ensembl_gene	PEX7	gtr_epilepsy_gene_summary	GTR epilepsy gene summary	gtr_gene_summary	2.0	silver	PEX7	resolved	gtr_clinical_testing_utilization	233	67c7294fae2ed826
1af4829bcaf550dd	epilepsy	5211	ncbi_gene	ENSG00000141959	ensembl_gene	PFKL	gtr_epilepsy_gene_summary	GTR epilepsy gene summary	gtr_gene_summary	2.0	silver	PFKL	resolved	gtr_clinical_testing_utilization	2696	ecf848cefff5479b
7540bf9d33b2ed02	epilepsy	5213	ncbi_gene	ENSG00000152556	ensembl_gene	PFKM	gtr_epilepsy_gene_summary	GTR epilepsy gene summary	gtr_gene_summary	2.0	silver	PFKM	resolved	gtr_clinical_testing_utilization	1103	fdd1215deb9eeb7a
e42fd7020cd26dcf	epilepsy	5216	ncbi_gene	ENSG00000108518	ensembl_gene	PFN1	gtr_epilepsy_gene_summary	GTR epilepsy gene summary	gtr_gene_summary	2.0	silver	PFN1	resolved	gtr_clinical_testing_utilization	2892	113e5268884b050d
bb646c7167c4e340	epilepsy	5224	ncbi_gene	ENSG00000164708	ensembl_gene	PGAM2	gtr_epilepsy_gene_summary	GTR epilepsy gene summary	gtr_gene_summary	2.0	silver	PGAM2	resolved	gtr_clinical_testing_utilization	1843	050657806328d2bc
a130bf7b33173cdf	epilepsy	80055	ncbi_gene	ENSG00000197121	ensembl_gene	PGAP1	gtr_epilepsy_gene_summary	GTR epilepsy gene summary	gtr_gene_summary	2.0	silver	PGAP1	resolved	gtr_clinical_testing_utilization	305	4c98369d392002dc
fae56c5720b188c8	epilepsy	27315	ncbi_gene	ENSG00000148985	ensembl_gene	PGAP2	genes4epilepsy	Genes4Epilepsy	literature_derived	1.0	bronze	PGAP2	resolved		692	b0d52c48fafd713d
fae56c5720b188c8	epilepsy	27315	ncbi_gene	ENSG00000148985	ensembl_gene	PGAP2	gtr_epilepsy_gene_summary	GTR epilepsy gene summary	gtr_gene_summary	2.0	silver	PGAP2	resolved	gtr_clinical_testing_utilization	962	9e2f944b4763d391
1e427dc8920972e6	epilepsy	93210	ncbi_gene	ENSG00000161395	ensembl_gene	PGAP3	genes4epilepsy	Genes4Epilepsy	literature_derived	1.0	bronze	PGAP3	resolved		693	e2643eca7b53b9c1
1e427dc8920972e6	epilepsy	93210	ncbi_gene	ENSG00000161395	ensembl_gene	PGAP3	gtr_epilepsy_gene_summary	GTR epilepsy gene summary	gtr_gene_summary	2.0	silver	PGAP3	resolved	gtr_clinical_testing_utilization	703	d2a45a4b6d460a30
51b2c2fc5c46dbb7	epilepsy	267004	ncbi_gene	267004	unknown_namespace	PGBD3	gtr_epilepsy_gene_summary	GTR epilepsy gene summary	gtr_gene_summary	2.0	silver	PGBD3	symbol_only	gtr_clinical_testing_utilization	2242	996191ac368e8923
8c2de8ff25ed956c	epilepsy	5230	ncbi_gene	ENSG00000102144	ensembl_gene	PGK1	genes4epilepsy	Genes4Epilepsy	literature_derived	1.0	bronze	PGK1	resolved		694	22fe914d40aa0cab
8c2de8ff25ed956c	epilepsy	5230	ncbi_gene	ENSG00000102144	ensembl_gene	PGK1	gtr_epilepsy_gene_summary	GTR epilepsy gene summary	gtr_gene_summary	2.0	silver	PGK1	resolved	gtr_clinical_testing_utilization	482	b93eca5f56733647
0dfed8abb99c5140	epilepsy	5236	ncbi_gene	ENSG00000079739	ensembl_gene	PGM1	gtr_epilepsy_gene_summary	GTR epilepsy gene summary	gtr_gene_summary	2.0	silver	PGM1	resolved	gtr_clinical_testing_utilization	719	8194b645887f89da
724cc4d67c35d780	epilepsy	283209	ncbi_gene	ENSG00000165434	ensembl_gene	PGM2L1	genes4epilepsy	Genes4Epilepsy	literature_derived	1.0	bronze	PGM2L1	resolved		695	46f840f874b5e72b
ba89972ce48380af	epilepsy	5238	ncbi_gene	ENSG00000013375	ensembl_gene	PGM3	gtr_epilepsy_gene_summary	GTR epilepsy gene summary	gtr_gene_summary	2.0	silver	PGM3	resolved	gtr_clinical_testing_utilization	1467	bc4f40fb26b9a95a
3d26f2d283a6bad5	epilepsy	221692	ncbi_gene	ENSG00000112137	ensembl_gene	PHACTR1	genes4epilepsy	Genes4Epilepsy	literature_derived	1.0	bronze	PHACTR1	resolved		696	7309a5211bc009e1
3d26f2d283a6bad5	epilepsy	221692	ncbi_gene	ENSG00000112137	ensembl_gene	PHACTR1	gtr_epilepsy_gene_summary	GTR epilepsy gene summary	gtr_gene_summary	2.0	silver	PHACTR1	resolved	gtr_clinical_testing_utilization	1120	663a9042f8730372
82022b69cd63d46a	epilepsy	1911	ncbi_gene	ENSG00000111752	ensembl_gene	PHC1	gtr_epilepsy_gene_summary	GTR epilepsy gene summary	gtr_gene_summary	2.0	silver	PHC1	resolved	gtr_clinical_testing_utilization	1949	aad6dcc4508b2229
952222ed0e9dc50c	epilepsy	51317	ncbi_gene	ENSG00000135365	ensembl_gene	PHF21A	genes4epilepsy	Genes4Epilepsy	literature_derived	1.0	bronze	PHF21A	resolved		697	b3edbd370eabc581
952222ed0e9dc50c	epilepsy	51317	ncbi_gene	ENSG00000135365	ensembl_gene	PHF21A	gtr_epilepsy_gene_summary	GTR epilepsy gene summary	gtr_gene_summary	2.0	silver	PHF21A	resolved	gtr_clinical_testing_utilization	1190	407b10a75f2dbe0d
7957a29cced9b7c2	epilepsy	23469	ncbi_gene	ENSG00000118482	ensembl_gene	PHF3	gtr_epilepsy_gene_summary	GTR epilepsy gene summary	gtr_gene_summary	2.0	silver	PHF3	resolved	gtr_clinical_testing_utilization	2403	b399f5e99fc159e5
74adbf200db6456a	epilepsy	84295	ncbi_gene	ENSG00000156531	ensembl_gene	PHF6	genes4epilepsy	Genes4Epilepsy	literature_derived	1.0	bronze	PHF6	resolved		698	e94b0176674d8d63
74adbf200db6456a	epilepsy	84295	ncbi_gene	ENSG00000156531	ensembl_gene	PHF6	gtr_epilepsy_gene_summary	GTR epilepsy gene summary	gtr_gene_summary	2.0	silver	PHF6	resolved	gtr_clinical_testing_utilization	22	b8f3d31cbee97353
67eec88b75a76c55	epilepsy	23133	ncbi_gene	ENSG00000172943	ensembl_gene	PHF8	gtr_epilepsy_gene_summary	GTR epilepsy gene summary	gtr_gene_summary	2.0	silver	PHF8	resolved	gtr_clinical_testing_utilization	1137	c4f0afc9bc910e81
76fc3b1233cb3815	epilepsy	26227	ncbi_gene	ENSG00000092621	ensembl_gene	PHGDH	genes4epilepsy	Genes4Epilepsy	literature_derived	1.0	bronze	PHGDH	resolved		699	a638e99f3b20dd8c
76fc3b1233cb3815	epilepsy	26227	ncbi_gene	ENSG00000092621	ensembl_gene	PHGDH	gtr_epilepsy_gene_summary	GTR epilepsy gene summary	gtr_gene_summary	2.0	silver	PHGDH	resolved	gtr_clinical_testing_utilization	216	4db4528cc4cb37c5
df8f1ca33e78ad39	epilepsy	55023	ncbi_gene	ENSG00000146247	ensembl_gene	PHIP	gtr_epilepsy_gene_summary	GTR epilepsy gene summary	gtr_gene_summary	2.0	silver	PHIP	resolved	gtr_clinical_testing_utilization	1977	1a57dbc79b8a94bc
671874183f544f6b	epilepsy	5255	ncbi_gene	ENSG00000067177	ensembl_gene	PHKA1	gtr_epilepsy_gene_summary	GTR epilepsy gene summary	gtr_gene_summary	2.0	silver	PHKA1	resolved	gtr_clinical_testing_utilization	1071	33c9f5e1b4feae3a
57cdc77e0e94ceb2	epilepsy	5256	ncbi_gene	ENSG00000044446	ensembl_gene	PHKA2	gtr_epilepsy_gene_summary	GTR epilepsy gene summary	gtr_gene_summary	2.0	silver	PHKA2	resolved	gtr_clinical_testing_utilization	797	0ac67563f86208f0
5e13fe4f91a088f2	epilepsy	5257	ncbi_gene	ENSG00000102893	ensembl_gene	PHKB	gtr_epilepsy_gene_summary	GTR epilepsy gene summary	gtr_gene_summary	2.0	silver	PHKB	resolved	gtr_clinical_testing_utilization	798	07ecfd08e74b63fa
a7affe8d80d904d0	epilepsy	5261	ncbi_gene	ENSG00000156873	ensembl_gene	PHKG2	gtr_epilepsy_gene_summary	GTR epilepsy gene summary	gtr_gene_summary	2.0	silver	PHKG2	resolved	gtr_clinical_testing_utilization	799	9eec665a53c0e6ae
bb2c4906b6c2e15c	epilepsy	8929	ncbi_gene	ENSG00000109132	ensembl_gene	PHOX2B	gtr_epilepsy_gene_summary	GTR epilepsy gene summary	gtr_gene_summary	2.0	silver	PHOX2B	resolved	gtr_clinical_testing_utilization	3191	9f820e23f6f437ed
6b1daff70e2eed3f	epilepsy	5264	ncbi_gene	ENSG00000107537	ensembl_gene	PHYH	gtr_epilepsy_gene_summary	GTR epilepsy gene summary	gtr_gene_summary	2.0	silver	PHYH	resolved	gtr_clinical_testing_utilization	1806	c32f70c100e3834e
b095926a432e3070	epilepsy	55361	ncbi_gene	ENSG00000155252	ensembl_gene	PI4K2A	genes4epilepsy	Genes4Epilepsy	literature_derived	1.0	bronze	PI4K2A	resolved		700	4c59aed67d61e151
b095926a432e3070	epilepsy	55361	ncbi_gene	ENSG00000155252	ensembl_gene	PI4K2A	gtr_epilepsy_gene_summary	GTR epilepsy gene summary	gtr_gene_summary	2.0	silver	PI4K2A	resolved	gtr_clinical_testing_utilization	3192	30155cb370601882
e3327a1571cde69e	epilepsy	5297	ncbi_gene	ENSG00000241973	ensembl_gene	PI4KA	gtr_epilepsy_gene_summary	GTR epilepsy gene summary	gtr_gene_summary	2.0	silver	PI4KA	resolved	gtr_clinical_testing_utilization	2014	8f2072be3c242844
a4c872760eb9b3f7	epilepsy	10464	ncbi_gene	ENSG00000083535	ensembl_gene	PIBF1	gtr_epilepsy_gene_summary	GTR epilepsy gene summary	gtr_gene_summary	2.0	silver	PIBF1	resolved	gtr_clinical_testing_utilization	3193	0ac05c99742f7873
afa7b9426dfd1a04	epilepsy	55367	ncbi_gene	ENSG00000177595	ensembl_gene	PIDD1	genes4epilepsy	Genes4Epilepsy	literature_derived	1.0	bronze	PIDD1	resolved		701	f946a05f1ff80e2e
0a8a2d27a9fa5f74	epilepsy	9780	ncbi_gene	ENSG00000103335	ensembl_gene	PIEZO1	gtr_epilepsy_gene_summary	GTR epilepsy gene summary	gtr_gene_summary	2.0	silver	PIEZO1	resolved	gtr_clinical_testing_utilization	1844	43091327b23c62e0
61041b2dc2a26a5e	epilepsy	63895	ncbi_gene	ENSG00000154864	ensembl_gene	PIEZO2	gtr_epilepsy_gene_summary	GTR epilepsy gene summary	gtr_gene_summary	2.0	silver	PIEZO2	resolved	gtr_clinical_testing_utilization	2351	baca99d0bd520b9c
0e1d1d5322156040	epilepsy	5277	ncbi_gene	ENSG00000165195	ensembl_gene	PIGA	genes4epilepsy	Genes4Epilepsy	literature_derived	1.0	bronze	PIGA	resolved		702	63cfd7e53c3172d6
0e1d1d5322156040	epilepsy	5277	ncbi_gene	ENSG00000165195	ensembl_gene	PIGA	gtr_epilepsy_gene_summary	GTR epilepsy gene summary	gtr_gene_summary	2.0	silver	PIGA	resolved	gtr_clinical_testing_utilization	38	30565c662bd57acc
c223e3ad7b384f33	epilepsy	9488	ncbi_gene	ENSG00000069943	ensembl_gene	PIGB	genes4epilepsy	Genes4Epilepsy	literature_derived	1.0	bronze	PIGB	resolved		703	d6047e8bc116cd20
c223e3ad7b384f33	epilepsy	9488	ncbi_gene	ENSG00000069943	ensembl_gene	PIGB	gtr_epilepsy_gene_summary	GTR epilepsy gene summary	gtr_gene_summary	2.0	silver	PIGB	resolved	gtr_clinical_testing_utilization	794	6fcf74a6ee7d72b4
ec91d35c29130e6a	epilepsy	5279	ncbi_gene	ENSG00000135845	ensembl_gene	PIGC	genes4epilepsy	Genes4Epilepsy	literature_derived	1.0	bronze	PIGC	resolved		704	a1599a827129d9cb
ec91d35c29130e6a	epilepsy	5279	ncbi_gene	ENSG00000135845	ensembl_gene	PIGC	gtr_epilepsy_gene_summary	GTR epilepsy gene summary	gtr_gene_summary	2.0	silver	PIGC	resolved	gtr_clinical_testing_utilization	2035	9542834df8359eda
84fb540a6c9abf0b	epilepsy	5281	ncbi_gene	ENSG00000151665	ensembl_gene	PIGF	genes4epilepsy	Genes4Epilepsy	literature_derived	1.0	bronze	PIGF	resolved		705	98a12468bf897b04
c44d6525aa6b85d9	epilepsy	54872	ncbi_gene	ENSG00000174227	ensembl_gene	PIGG	genes4epilepsy	Genes4Epilepsy	literature_derived	1.0	bronze	PIGG	resolved		706	d6a3ba6a52b94356
c44d6525aa6b85d9	epilepsy	54872	ncbi_gene	ENSG00000174227	ensembl_gene	PIGG	gtr_epilepsy_gene_summary	GTR epilepsy gene summary	gtr_gene_summary	2.0	silver	PIGG	resolved	gtr_clinical_testing_utilization	190	1f5730071820d9ad
f17b04da87c224fd	epilepsy	5283	ncbi_gene	ENSG00000100564	ensembl_gene	PIGH	genes4epilepsy	Genes4Epilepsy	literature_derived	1.0	bronze	PIGH	resolved		707	5a3079015fc4e852
f17b04da87c224fd	epilepsy	5283	ncbi_gene	ENSG00000100564	ensembl_gene	PIGH	gtr_epilepsy_gene_summary	GTR epilepsy gene summary	gtr_gene_summary	2.0	silver	PIGH	resolved	gtr_clinical_testing_utilization	3194	7b9804a2549e45e5
b793f9df98eea05d	epilepsy	10026	ncbi_gene	ENSG00000142892	ensembl_gene	PIGK	genes4epilepsy	Genes4Epilepsy	literature_derived	1.0	bronze	PIGK	resolved		708	c74fc712435ca324
b793f9df98eea05d	epilepsy	10026	ncbi_gene	ENSG00000142892	ensembl_gene	PIGK	gtr_epilepsy_gene_summary	GTR epilepsy gene summary	gtr_gene_summary	2.0	silver	PIGK	resolved	gtr_clinical_testing_utilization	3195	2d16ff44138f54c0
8e8b730a1fba1670	epilepsy	9487	ncbi_gene	ENSG00000108474	ensembl_gene	PIGL	genes4epilepsy	Genes4Epilepsy	literature_derived	1.0	bronze	PIGL	resolved		709	c453b427d80c4c84
8e8b730a1fba1670	epilepsy	9487	ncbi_gene	ENSG00000108474	ensembl_gene	PIGL	gtr_epilepsy_gene_summary	GTR epilepsy gene summary	gtr_gene_summary	2.0	silver	PIGL	resolved	gtr_clinical_testing_utilization	727	b3c4338dc3d7c48f
17e0ed64bcf02a09	epilepsy	93183	ncbi_gene	ENSG00000143315	ensembl_gene	PIGM	genes4epilepsy	Genes4Epilepsy	literature_derived	1.0	bronze	PIGM	resolved		710	34c5a50af679f6ca
17e0ed64bcf02a09	epilepsy	93183	ncbi_gene	ENSG00000143315	ensembl_gene	PIGM	gtr_epilepsy_gene_summary	GTR epilepsy gene summary	gtr_gene_summary	2.0	silver	PIGM	resolved	gtr_clinical_testing_utilization	561	68be7fa89d90d89e
a2be9022aab94e37	epilepsy	23556	ncbi_gene	ENSG00000197563	ensembl_gene	PIGN	genes4epilepsy	Genes4Epilepsy	literature_derived	1.0	bronze	PIGN	resolved		711	e76af438f3310bd5
a2be9022aab94e37	epilepsy	23556	ncbi_gene	ENSG00000197563	ensembl_gene	PIGN	gtr_epilepsy_gene_summary	GTR epilepsy gene summary	gtr_gene_summary	2.0	silver	PIGN	resolved	gtr_clinical_testing_utilization	79	9cc8c9ced6c2c60b
9f8b22e5572e07eb	epilepsy	84720	ncbi_gene	ENSG00000165282	ensembl_gene	PIGO	genes4epilepsy	Genes4Epilepsy	literature_derived	1.0	bronze	PIGO	resolved		712	829e354caf02f9e4
9f8b22e5572e07eb	epilepsy	84720	ncbi_gene	ENSG00000165282	ensembl_gene	PIGO	gtr_epilepsy_gene_summary	GTR epilepsy gene summary	gtr_gene_summary	2.0	silver	PIGO	resolved	gtr_clinical_testing_utilization	542	55c027a9404651d3
3f7eff80d803145c	epilepsy	51227	ncbi_gene	ENSG00000185808	ensembl_gene	PIGP	genes4epilepsy	Genes4Epilepsy	literature_derived	1.0	bronze	PIGP	resolved		713	34074b412d7546eb
3f7eff80d803145c	epilepsy	51227	ncbi_gene	ENSG00000185808	ensembl_gene	PIGP	gtr_epilepsy_gene_summary	GTR epilepsy gene summary	gtr_gene_summary	2.0	silver	PIGP	resolved	gtr_clinical_testing_utilization	235	285bbc4344367abb
ec72d93d85aae6dd	epilepsy	9091	ncbi_gene	ENSG00000007541	ensembl_gene	PIGQ	genes4epilepsy	Genes4Epilepsy	literature_derived	1.0	bronze	PIGQ	resolved		714	c066999c3b810f9f
ec72d93d85aae6dd	epilepsy	9091	ncbi_gene	ENSG00000007541	ensembl_gene	PIGQ	gtr_epilepsy_gene_summary	GTR epilepsy gene summary	gtr_gene_summary	2.0	silver	PIGQ	resolved	gtr_clinical_testing_utilization	236	85edf1aea35c3223
bcf8ae57d4463c43	epilepsy	94005	ncbi_gene	ENSG00000087111	ensembl_gene	PIGS	genes4epilepsy	Genes4Epilepsy	literature_derived	1.0	bronze	PIGS	resolved		715	2ef0d94ab6f25fa0
bcf8ae57d4463c43	epilepsy	94005	ncbi_gene	ENSG00000087111	ensembl_gene	PIGS	gtr_epilepsy_gene_summary	GTR epilepsy gene summary	gtr_gene_summary	2.0	silver	PIGS	resolved	gtr_clinical_testing_utilization	899	d6635c63c469f563
3cecfcb98a21f256	epilepsy	51604	ncbi_gene	ENSG00000124155	ensembl_gene	PIGT	genes4epilepsy	Genes4Epilepsy	literature_derived	1.0	bronze	PIGT	resolved		716	e9891798a13baeb2
3cecfcb98a21f256	epilepsy	51604	ncbi_gene	ENSG00000124155	ensembl_gene	PIGT	gtr_epilepsy_gene_summary	GTR epilepsy gene summary	gtr_gene_summary	2.0	silver	PIGT	resolved	gtr_clinical_testing_utilization	96	557a05c974ac4440
c7b189ab08eff492	epilepsy	128869	ncbi_gene	ENSG00000101464	ensembl_gene	PIGU	genes4epilepsy	Genes4Epilepsy	literature_derived	1.0	bronze	PIGU	resolved		717	451d23ed94bc42c1
c7b189ab08eff492	epilepsy	128869	ncbi_gene	ENSG00000101464	ensembl_gene	PIGU	gtr_epilepsy_gene_summary	GTR epilepsy gene summary	gtr_gene_summary	2.0	silver	PIGU	resolved	gtr_clinical_testing_utilization	1125	3cf21ad54b8e9ca7
fb4b3c5673924cbb	epilepsy	55650	ncbi_gene	ENSG00000060642	ensembl_gene	PIGV	genes4epilepsy	Genes4Epilepsy	literature_derived	1.0	bronze	PIGV	resolved		718	ad166df9c9ecff9d
fb4b3c5673924cbb	epilepsy	55650	ncbi_gene	ENSG00000060642	ensembl_gene	PIGV	gtr_epilepsy_gene_summary	GTR epilepsy gene summary	gtr_gene_summary	2.0	silver	PIGV	resolved	gtr_clinical_testing_utilization	311	ea11484f407751b6
1d1938f770f18b77	epilepsy	284098	ncbi_gene	ENSG00000275600	ensembl_gene	PIGW	genes4epilepsy	Genes4Epilepsy	literature_derived	1.0	bronze	PIGW	resolved		719	6804b10e2d5cd3c0
1d1938f770f18b77	epilepsy	284098	ncbi_gene	ENSG00000275600	ensembl_gene	PIGW	gtr_epilepsy_gene_summary	GTR epilepsy gene summary	gtr_gene_summary	2.0	silver	PIGW	resolved	gtr_clinical_testing_utilization	978	817806fbb0505a75
23dfa7df19f96dd4	epilepsy	54965	ncbi_gene	ENSG00000163964	ensembl_gene	PIGX	gtr_epilepsy_gene_summary	GTR epilepsy gene summary	gtr_gene_summary	2.0	silver	PIGX	resolved	gtr_clinical_testing_utilization	2352	4771f266b95abd8b
f288e35cda989d04	epilepsy	84992	ncbi_gene	ENSG00000255072	ensembl_gene	PIGY	gtr_epilepsy_gene_summary	GTR epilepsy gene summary	gtr_gene_summary	2.0	silver	PIGY	resolved	gtr_clinical_testing_utilization	1289	875a62127ad9d371
e1be850326b14b9b	epilepsy	118788	ncbi_gene	ENSG00000155629	ensembl_gene	PIK3AP1	gtr_epilepsy_gene_summary	GTR epilepsy gene summary	gtr_gene_summary	2.0	silver	PIK3AP1	resolved	gtr_clinical_testing_utilization	3196	c3ca0cb11bc77175
4254438418a0ff92	epilepsy	5287	ncbi_gene	ENSG00000133056	ensembl_gene	PIK3C2B	genes4epilepsy	Genes4Epilepsy	literature_derived	1.0	bronze	PIK3C2B	resolved		720	5b087679ddf909ae
4406b8002bb18936	epilepsy	5290	ncbi_gene	ENSG00000121879	ensembl_gene	PIK3CA	genes4epilepsy	Genes4Epilepsy	literature_derived	1.0	bronze	PIK3CA	resolved		721	822f374476204a3a
4406b8002bb18936	epilepsy	5290	ncbi_gene	ENSG00000121879	ensembl_gene	PIK3CA	gtr_epilepsy_gene_summary	GTR epilepsy gene summary	gtr_gene_summary	2.0	silver	PIK3CA	resolved	gtr_clinical_testing_utilization	401	ec541f5f5181799f
5120495b177cdd4c	epilepsy	5293	ncbi_gene	ENSG00000171608	ensembl_gene	PIK3CD	gtr_epilepsy_gene_summary	GTR epilepsy gene summary	gtr_gene_summary	2.0	silver	PIK3CD	resolved	gtr_clinical_testing_utilization	1824	6790efa6a723557b
f6b39447a77be61e	epilepsy	5295	ncbi_gene	ENSG00000145675	ensembl_gene	PIK3R1	gtr_epilepsy_gene_summary	GTR epilepsy gene summary	gtr_gene_summary	2.0	silver	PIK3R1	resolved	gtr_clinical_testing_utilization	1642	0b0285c05c3d0d8b
31579e909a4aab02	epilepsy	5296	ncbi_gene	ENSG00000105647	ensembl_gene	PIK3R2	genes4epilepsy	Genes4Epilepsy	literature_derived	1.0	bronze	PIK3R2	resolved		722	d2f61ce34345bc33
31579e909a4aab02	epilepsy	5296	ncbi_gene	ENSG00000105647	ensembl_gene	PIK3R2	gtr_epilepsy_gene_summary	GTR epilepsy gene summary	gtr_gene_summary	2.0	silver	PIK3R2	resolved	gtr_clinical_testing_utilization	387	fda2770c01115605
af81aec18f8e11bf	epilepsy	23533	ncbi_gene	ENSG00000141506	ensembl_gene	PIK3R5	gtr_epilepsy_gene_summary	GTR epilepsy gene summary	gtr_gene_summary	2.0	silver	PIK3R5	resolved	gtr_clinical_testing_utilization	1807	a15cdc6ea6691c43
a376955d41e6ba0b	epilepsy	65018	ncbi_gene	ENSG00000158828	ensembl_gene	PINK1	genes4epilepsy	Genes4Epilepsy	literature_derived	1.0	bronze	PINK1	resolved		723	78ecf572f7d4aefd
a376955d41e6ba0b	epilepsy	65018	ncbi_gene	ENSG00000158828	ensembl_gene	PINK1	gtr_epilepsy_gene_summary	GTR epilepsy gene summary	gtr_gene_summary	2.0	silver	PINK1	resolved	gtr_clinical_testing_utilization	1328	10068e44b3a0cb8c
d587e1816cfb4922	epilepsy	23396	ncbi_gene	ENSG00000186111	ensembl_gene	PIP5K1C	genes4epilepsy	Genes4Epilepsy	literature_derived	1.0	bronze	PIP5K1C	resolved		724	220b74d53a01abba
d587e1816cfb4922	epilepsy	23396	ncbi_gene	ENSG00000186111	ensembl_gene	PIP5K1C	gtr_epilepsy_gene_summary	GTR epilepsy gene summary	gtr_gene_summary	2.0	silver	PIP5K1C	resolved	gtr_clinical_testing_utilization	3197	a45111c7aeb6799e
2f1f9c6f79fb0293	epilepsy	10531	ncbi_gene	ENSG00000107959	ensembl_gene	PITRM1	gtr_epilepsy_gene_summary	GTR epilepsy gene summary	gtr_gene_summary	2.0	silver	PITRM1	resolved	gtr_clinical_testing_utilization	1813	7ddca0345de63734
f5bdf05c1647b475	epilepsy	5307	ncbi_gene	ENSG00000069011	ensembl_gene	PITX1	gtr_epilepsy_gene_summary	GTR epilepsy gene summary	gtr_gene_summary	2.0	silver	PITX1	resolved	gtr_clinical_testing_utilization	2260	e2c821bff0bb7da9
55dc181bca1d2f9d	epilepsy	5308	ncbi_gene	ENSG00000164093	ensembl_gene	PITX2	gtr_epilepsy_gene_summary	GTR epilepsy gene summary	gtr_gene_summary	2.0	silver	PITX2	resolved	gtr_clinical_testing_utilization	2190	9d6565a42341aec2
7368f1041960f242	epilepsy	494513	ncbi_gene	ENSG00000204311	ensembl_gene	PJVK	gtr_epilepsy_gene_summary	GTR epilepsy gene summary	gtr_gene_summary	2.0	silver	PJVK	resolved	gtr_clinical_testing_utilization	1363	0fe28e988e03df01
fda966ae8226cff0	epilepsy	5310	ncbi_gene	ENSG00000008710	ensembl_gene	PKD1	gtr_epilepsy_gene_summary	GTR epilepsy gene summary	gtr_gene_summary	2.0	silver	PKD1	resolved	gtr_clinical_testing_utilization	2191	bfaf4f3dc8fe01ff
322cae10dd63ed8f	epilepsy	5311	ncbi_gene	ENSG00000118762	ensembl_gene	PKD2	gtr_epilepsy_gene_summary	GTR epilepsy gene summary	gtr_gene_summary	2.0	silver	PKD2	resolved	gtr_clinical_testing_utilization	2284	2943566bf82292d1
ab9534fb36f10f4a	epilepsy	91461	ncbi_gene	ENSG00000162878	ensembl_gene	PKDCC	gtr_epilepsy_gene_summary	GTR epilepsy gene summary	gtr_gene_summary	2.0	silver	PKDCC	resolved	gtr_clinical_testing_utilization	2626	69543d0e747d897d
7f5bc97501850946	epilepsy	5314	ncbi_gene	ENSG00000170927	ensembl_gene	PKHD1	gtr_epilepsy_gene_summary	GTR epilepsy gene summary	gtr_gene_summary	2.0	silver	PKHD1	resolved	gtr_clinical_testing_utilization	2048	5bb2b4f1ecf3dae8
8b11b31d99da69fc	epilepsy	93035	ncbi_gene	ENSG00000205038	ensembl_gene	PKHD1L1	gtr_epilepsy_gene_summary	GTR epilepsy gene summary	gtr_gene_summary	2.0	silver	PKHD1L1	resolved	gtr_clinical_testing_utilization	2573	3b4cf34855a9f970
902956840f7b7c27	epilepsy	5313	ncbi_gene	ENSG00000262785	ensembl_gene	PKLR	gtr_epilepsy_gene_summary	GTR epilepsy gene summary	gtr_gene_summary	2.0	silver	PKLR	resolved	gtr_clinical_testing_utilization	1845	89658885124a6618
ddd10ee0aa224b81	epilepsy	5315	ncbi_gene	ENSG00000067225	ensembl_gene	PKM	gtr_epilepsy_gene_summary	GTR epilepsy gene summary	gtr_gene_summary	2.0	silver	PKM	resolved	gtr_clinical_testing_utilization	2484	47e094e1c0768133
8f77530e7c998e22	epilepsy	5318	ncbi_gene	ENSG00000057294	ensembl_gene	PKP2	gtr_epilepsy_gene_summary	GTR epilepsy gene summary	gtr_gene_summary	2.0	silver	PKP2	resolved	gtr_clinical_testing_utilization	1182	abfc7d1936c46b1d
dadf920fce9ba345	epilepsy	8398	ncbi_gene	ENSG00000184381	ensembl_gene	PLA2G6	genes4epilepsy	Genes4Epilepsy	literature_derived	1.0	bronze	PLA2G6	resolved		725	bbb7c8c39c1dfc1b
dadf920fce9ba345	epilepsy	8398	ncbi_gene	ENSG00000184381	ensembl_gene	PLA2G6	gtr_epilepsy_gene_summary	GTR epilepsy gene summary	gtr_gene_summary	2.0	silver	PLA2G6	resolved	gtr_clinical_testing_utilization	321	9b76372ce301f3b8
f9588654f879fa0b	epilepsy	9373	ncbi_gene	ENSG00000137055	ensembl_gene	PLAA	genes4epilepsy	Genes4Epilepsy	literature_derived	1.0	bronze	PLAA	resolved		726	82a34a699a35e094
f9588654f879fa0b	epilepsy	9373	ncbi_gene	ENSG00000137055	ensembl_gene	PLAA	gtr_epilepsy_gene_summary	GTR epilepsy gene summary	gtr_gene_summary	2.0	silver	PLAA	resolved	gtr_clinical_testing_utilization	2036	170df5ca74930699
e55d763c038930af	epilepsy	5325	ncbi_gene	ENSG00000118495	ensembl_gene	PLAGL1	gtr_epilepsy_gene_summary	GTR epilepsy gene summary	gtr_gene_summary	2.0	silver	PLAGL1	resolved	gtr_clinical_testing_utilization	3198	4e5527883d9eba62
283cf46c23bb136e	epilepsy	23236	ncbi_gene	ENSG00000182621	ensembl_gene	PLCB1	genes4epilepsy	Genes4Epilepsy	literature_derived	1.0	bronze	PLCB1	resolved		727	3deb3114d0c44e43
283cf46c23bb136e	epilepsy	23236	ncbi_gene	ENSG00000182621	ensembl_gene	PLCB1	gtr_epilepsy_gene_summary	GTR epilepsy gene summary	gtr_gene_summary	2.0	silver	PLCB1	resolved	gtr_clinical_testing_utilization	46	5bfdf14d10e3d0de
6df1a2aa9ccaaf12	epilepsy	5332	ncbi_gene	ENSG00000101333	ensembl_gene	PLCB4	gtr_epilepsy_gene_summary	GTR epilepsy gene summary	gtr_gene_summary	2.0	silver	PLCB4	resolved	gtr_clinical_testing_utilization	2574	3eaff3bdd486b70e
5fdb209d2a030697	epilepsy	5335	ncbi_gene	ENSG00000124181	ensembl_gene	PLCG1	gtr_epilepsy_gene_summary	GTR epilepsy gene summary	gtr_gene_summary	2.0	silver	PLCG1	resolved	gtr_clinical_testing_utilization	2575	312646e90b4c277c
9488218b9417ebde	epilepsy	5339	ncbi_gene	ENSG00000178209	ensembl_gene	PLEC	gtr_epilepsy_gene_summary	GTR epilepsy gene summary	gtr_gene_summary	2.0	silver	PLEC	resolved	gtr_clinical_testing_utilization	1869	928be7af6c942aca
a9c1b0d64daa1cbd	epilepsy	64857	ncbi_gene	ENSG00000090924	ensembl_gene	PLEKHG2	gtr_epilepsy_gene_summary	GTR epilepsy gene summary	gtr_gene_summary	2.0	silver	PLEKHG2	resolved	gtr_clinical_testing_utilization	1763	2ce600244b8e406d
490854cac8a610d5	epilepsy	57449	ncbi_gene	ENSG00000171680	ensembl_gene	PLEKHG5	gtr_epilepsy_gene_summary	GTR epilepsy gene summary	gtr_gene_summary	2.0	silver	PLEKHG5	resolved	gtr_clinical_testing_utilization	1502	82f104c3a4bc6068
aaacefc3498b7dae	epilepsy	5340	ncbi_gene	ENSG00000122194	ensembl_gene	PLG	gtr_epilepsy_gene_summary	GTR epilepsy gene summary	gtr_gene_summary	2.0	silver	PLG	resolved	gtr_clinical_testing_utilization	2801	a611d87e44addf31
646831a4048d7314	epilepsy	5347	ncbi_gene	ENSG00000166851	ensembl_gene	PLK1	genes4epilepsy	Genes4Epilepsy	literature_derived	1.0	bronze	PLK1	resolved		728	c3cfee7c1a5d7088
a596d9668aa10c40	epilepsy	10733	ncbi_gene	ENSG00000142731	ensembl_gene	PLK4	gtr_epilepsy_gene_summary	GTR epilepsy gene summary	gtr_gene_summary	2.0	silver	PLK4	resolved	gtr_clinical_testing_utilization	1096	02d17825cf48bd0c
8deae59ea774b0af	epilepsy	5350	ncbi_gene	ENSG00000198523	ensembl_gene	PLN	gtr_epilepsy_gene_summary	GTR epilepsy gene summary	gtr_gene_summary	2.0	silver	PLN	resolved	gtr_clinical_testing_utilization	1702	e9d438c1b54d5e57
a655ee9965cbb1a5	epilepsy	5351	ncbi_gene	ENSG00000083444	ensembl_gene	PLOD1	gtr_epilepsy_gene_summary	GTR epilepsy gene summary	gtr_gene_summary	2.0	silver	PLOD1	resolved	gtr_clinical_testing_utilization	2315	e9c25e7697b0755a
9a5456fcce5e84cd	epilepsy	5352	ncbi_gene	ENSG00000152952	ensembl_gene	PLOD2	gtr_epilepsy_gene_summary	GTR epilepsy gene summary	gtr_gene_summary	2.0	silver	PLOD2	resolved	gtr_clinical_testing_utilization	1525	af207968559aee02
340ded3b0bb7edcf	epilepsy	5354	ncbi_gene	ENSG00000123560	ensembl_gene	PLP1	genes4epilepsy	Genes4Epilepsy	literature_derived	1.0	bronze	PLP1	resolved		729	7c306f47a7642112
340ded3b0bb7edcf	epilepsy	5354	ncbi_gene	ENSG00000123560	ensembl_gene	PLP1	gtr_epilepsy_gene_summary	GTR epilepsy gene summary	gtr_gene_summary	2.0	silver	PLP1	resolved	gtr_clinical_testing_utilization	160	d7a69804c13f1e79
154666afaed0e8ac	epilepsy	11212	ncbi_gene	ENSG00000147471	ensembl_gene	PLPBP	genes4epilepsy	Genes4Epilepsy	literature_derived	1.0	bronze	PLPBP	resolved		730	a26fd3ff6d36d87c
154666afaed0e8ac	epilepsy	11212	ncbi_gene	ENSG00000147471	ensembl_gene	PLPBP	gtr_epilepsy_gene_summary	GTR epilepsy gene summary	gtr_gene_summary	2.0	silver	PLPBP	resolved	gtr_clinical_testing_utilization	114	a7c0b9296aae9dd5
82dca45d311d4350	epilepsy	403313	ncbi_gene	ENSG00000205808	ensembl_gene	PLPP6	gtr_epilepsy_gene_summary	GTR epilepsy gene summary	gtr_gene_summary	2.0	silver	PLPP6	resolved	gtr_clinical_testing_utilization	2697	22f3c5caed086ec8
9275d88bbf501137	epilepsy	5357	ncbi_gene	ENSG00000120756	ensembl_gene	PLS1	gtr_epilepsy_gene_summary	GTR epilepsy gene summary	gtr_gene_summary	2.0	silver	PLS1	resolved	gtr_clinical_testing_utilization	2576	046477be2906b48a
63778c314c84ca67	epilepsy	5361	ncbi_gene	ENSG00000114554	ensembl_gene	PLXNA1	genes4epilepsy	Genes4Epilepsy	literature_derived	1.0	bronze	PLXNA1	resolved		731	f9f13cc6b417df12
63778c314c84ca67	epilepsy	5361	ncbi_gene	ENSG00000114554	ensembl_gene	PLXNA1	gtr_epilepsy_gene_summary	GTR epilepsy gene summary	gtr_gene_summary	2.0	silver	PLXNA1	resolved	gtr_clinical_testing_utilization	2893	cd51ee12fa6a6eea
fc93d29ed42329c8	epilepsy	5362	ncbi_gene	ENSG00000076356	ensembl_gene	PLXNA2	gtr_epilepsy_gene_summary	GTR epilepsy gene summary	gtr_gene_summary	2.0	silver	PLXNA2	resolved	gtr_clinical_testing_utilization	2393	3fe0b2617698287b
af98255cdf29ec6e	epilepsy	10154	ncbi_gene	ENSG00000136040	ensembl_gene	PLXNC1	genes4epilepsy	Genes4Epilepsy	literature_derived	1.0	bronze	PLXNC1	resolved		732	cd7f98eb67a9353a
70b5acc0d209530a	epilepsy	23129	ncbi_gene	ENSG00000004399	ensembl_gene	PLXND1	gtr_epilepsy_gene_summary	GTR epilepsy gene summary	gtr_gene_summary	2.0	silver	PLXND1	resolved	gtr_clinical_testing_utilization	1673	0412a860de14c238
e629c285b92021d9	epilepsy	5373	ncbi_gene	ENSG00000140650	ensembl_gene	PMM2	genes4epilepsy	Genes4Epilepsy	literature_derived	1.0	bronze	PMM2	resolved		733	4fec48515d462308
e629c285b92021d9	epilepsy	5373	ncbi_gene	ENSG00000140650	ensembl_gene	PMM2	gtr_epilepsy_gene_summary	GTR epilepsy gene summary	gtr_gene_summary	2.0	silver	PMM2	resolved	gtr_clinical_testing_utilization	221	3c56af9ebbe9ae05
ba1b1aee96979593	epilepsy	5376	ncbi_gene	ENSG00000109099	ensembl_gene	PMP22	gtr_epilepsy_gene_summary	GTR epilepsy gene summary	gtr_gene_summary	2.0	silver	PMP22	resolved	gtr_clinical_testing_utilization	838	863f7b989e0482af
e1a54914be74203e	epilepsy	23203	ncbi_gene	ENSG00000165688	ensembl_gene	PMPCA	gtr_epilepsy_gene_summary	GTR epilepsy gene summary	gtr_gene_summary	2.0	silver	PMPCA	resolved	gtr_clinical_testing_utilization	986	52311d560cd03f3d
6b2b98ffdf1a4dfc	epilepsy	9512	ncbi_gene	ENSG00000105819	ensembl_gene	PMPCB	genes4epilepsy	Genes4Epilepsy	literature_derived	1.0	bronze	PMPCB	resolved		734	d5aaf128ee527fa6
6b2b98ffdf1a4dfc	epilepsy	9512	ncbi_gene	ENSG00000105819	ensembl_gene	PMPCB	gtr_epilepsy_gene_summary	GTR epilepsy gene summary	gtr_gene_summary	2.0	silver	PMPCB	resolved	gtr_clinical_testing_utilization	3199	cb45428fba43d48b
9fb49b44c2983c0b	epilepsy	5395	ncbi_gene	ENSG00000122512	ensembl_gene	PMS2	gtr_epilepsy_gene_summary	GTR epilepsy gene summary	gtr_gene_summary	2.0	silver	PMS2	resolved	gtr_clinical_testing_utilization	2377	7cd2f40a51148966
8ed5cae189cb8a84	epilepsy	25953	ncbi_gene	ENSG00000127838	ensembl_gene	PNKD	gtr_epilepsy_gene_summary	GTR epilepsy gene summary	gtr_gene_summary	2.0	silver	PNKD	resolved	gtr_clinical_testing_utilization	842	73478253e895e207
0933b17cfafe6963	epilepsy	11284	ncbi_gene	ENSG00000039650	ensembl_gene	PNKP	genes4epilepsy	Genes4Epilepsy	literature_derived	1.0	bronze	PNKP	resolved		735	d4753f7122f165cc
0933b17cfafe6963	epilepsy	11284	ncbi_gene	ENSG00000039650	ensembl_gene	PNKP	gtr_epilepsy_gene_summary	GTR epilepsy gene summary	gtr_gene_summary	2.0	silver	PNKP	resolved	gtr_clinical_testing_utilization	31	580637972e3b65c6
e26f262276b1350c	epilepsy	4860	ncbi_gene	ENSG00000198805	ensembl_gene	PNP	gtr_epilepsy_gene_summary	GTR epilepsy gene summary	gtr_gene_summary	2.0	silver	PNP	resolved	gtr_clinical_testing_utilization	1466	09bd373d27ec94af
01cdb1c796e9a395	epilepsy	285848	ncbi_gene	ENSG00000180316	ensembl_gene	PNPLA1	gtr_epilepsy_gene_summary	GTR epilepsy gene summary	gtr_gene_summary	2.0	silver	PNPLA1	resolved	gtr_clinical_testing_utilization	2157	c179f5cd15e5677e
07c19a10f686a4c4	epilepsy	57104	ncbi_gene	ENSG00000177666	ensembl_gene	PNPLA2	gtr_epilepsy_gene_summary	GTR epilepsy gene summary	gtr_gene_summary	2.0	silver	PNPLA2	resolved	gtr_clinical_testing_utilization	2214	56ddc8636efa79e9
867453611c82c750	epilepsy	8228	ncbi_gene	ENSG00000006757	ensembl_gene	PNPLA4	gtr_epilepsy_gene_summary	GTR epilepsy gene summary	gtr_gene_summary	2.0	silver	PNPLA4	resolved	gtr_clinical_testing_utilization	2608	10a7fe701740005f
79bfb6a8e7aba465	epilepsy	10908	ncbi_gene	ENSG00000032444	ensembl_gene	PNPLA6	gtr_epilepsy_gene_summary	GTR epilepsy gene summary	gtr_gene_summary	2.0	silver	PNPLA6	resolved	gtr_clinical_testing_utilization	1632	8602b86d38393a27
0de41fb546d8dc83	epilepsy	50640	ncbi_gene	ENSG00000135241	ensembl_gene	PNPLA8	genes4epilepsy	Genes4Epilepsy	literature_derived	1.0	bronze	PNPLA8	resolved		736	db621533b763efe7
0de41fb546d8dc83	epilepsy	50640	ncbi_gene	ENSG00000135241	ensembl_gene	PNPLA8	gtr_epilepsy_gene_summary	GTR epilepsy gene summary	gtr_gene_summary	2.0	silver	PNPLA8	resolved	gtr_clinical_testing_utilization	975	c9530fdcae6a13d6
e71507cbedad3a19	epilepsy	55163	ncbi_gene	ENSG00000108439	ensembl_gene	PNPO	genes4epilepsy	Genes4Epilepsy	literature_derived	1.0	bronze	PNPO	resolved		737	fc5982f4517d55c5
e71507cbedad3a19	epilepsy	55163	ncbi_gene	ENSG00000108439	ensembl_gene	PNPO	gtr_epilepsy_gene_summary	GTR epilepsy gene summary	gtr_gene_summary	2.0	silver	PNPO	resolved	gtr_clinical_testing_utilization	14	b6f975f9dd07bbca
8f37b997ac96a875	epilepsy	87178	ncbi_gene	ENSG00000138035	ensembl_gene	PNPT1	genes4epilepsy	Genes4Epilepsy	literature_derived	1.0	bronze	PNPT1	resolved		738	523c6861a4969191
8f37b997ac96a875	epilepsy	87178	ncbi_gene	ENSG00000138035	ensembl_gene	PNPT1	gtr_epilepsy_gene_summary	GTR epilepsy gene summary	gtr_gene_summary	2.0	silver	PNPT1	resolved	gtr_clinical_testing_utilization	1099	c121757fd63ffd02
dcb3477e09aa3d99	epilepsy	25886	ncbi_gene	ENSG00000164087	ensembl_gene	POC1A	gtr_epilepsy_gene_summary	GTR epilepsy gene summary	gtr_gene_summary	2.0	silver	POC1A	resolved	gtr_clinical_testing_utilization	2802	1ce34e8c50c38410
b42407912456263f	epilepsy	134359	ncbi_gene	ENSG00000152359	ensembl_gene	POC5	gtr_epilepsy_gene_summary	GTR epilepsy gene summary	gtr_gene_summary	2.0	silver	POC5	resolved	gtr_clinical_testing_utilization	2485	0fbbaf245d608959
7ef04d6ef545b964	epilepsy	5420	ncbi_gene	ENSG00000128567	ensembl_gene	PODXL	gtr_epilepsy_gene_summary	GTR epilepsy gene summary	gtr_gene_summary	2.0	silver	PODXL	resolved	gtr_clinical_testing_utilization	731	0400b62cef1911ee
0e0e75b35acce4f2	epilepsy	23126	ncbi_gene	ENSG00000143442	ensembl_gene	POGZ	genes4epilepsy	Genes4Epilepsy	literature_derived	1.0	bronze	POGZ	resolved		739	76770b504bc01525
0e0e75b35acce4f2	epilepsy	23126	ncbi_gene	ENSG00000143442	ensembl_gene	POGZ	gtr_epilepsy_gene_summary	GTR epilepsy gene summary	gtr_gene_summary	2.0	silver	POGZ	resolved	gtr_clinical_testing_utilization	897	4c7e4c1d484aa601
b7c1e1dd5fd53703	epilepsy	5422	ncbi_gene	ENSG00000101868	ensembl_gene	POLA1	gtr_epilepsy_gene_summary	GTR epilepsy gene summary	gtr_gene_summary	2.0	silver	POLA1	resolved	gtr_clinical_testing_utilization	1950	a5dcd2158896e789
1a9476a17d1b4842	epilepsy	5424	ncbi_gene	ENSG00000062822	ensembl_gene	POLD1	gtr_epilepsy_gene_summary	GTR epilepsy gene summary	gtr_gene_summary	2.0	silver	POLD1	resolved	gtr_clinical_testing_utilization	2698	ef7524c53add7207
165f407492a4491c	epilepsy	5425	ncbi_gene	ENSG00000106628	ensembl_gene	POLD2	gtr_epilepsy_gene_summary	GTR epilepsy gene summary	gtr_gene_summary	2.0	silver	POLD2	resolved	gtr_clinical_testing_utilization	2334	3a05bd63e4b5a4a7
a024c0d3577aa010	epilepsy	10714	ncbi_gene	ENSG00000077514	ensembl_gene	POLD3	gtr_epilepsy_gene_summary	GTR epilepsy gene summary	gtr_gene_summary	2.0	silver	POLD3	resolved	gtr_clinical_testing_utilization	2577	f85de55d0d9801d9
23aca1cff40f5a40	epilepsy	5427	ncbi_gene	ENSG00000100479	ensembl_gene	POLE2	gtr_epilepsy_gene_summary	GTR epilepsy gene summary	gtr_gene_summary	2.0	silver	POLE2	resolved	gtr_clinical_testing_utilization	1731	5e66fdb16a02ea75
b82064d43c8e92b4	epilepsy	5428	ncbi_gene	ENSG00000140521	ensembl_gene	POLG	genes4epilepsy	Genes4Epilepsy	literature_derived	1.0	bronze	POLG	resolved		740	4cee628db3bc99f7
b82064d43c8e92b4	epilepsy	5428	ncbi_gene	ENSG00000140521	ensembl_gene	POLG	gtr_epilepsy_gene_summary	GTR epilepsy gene summary	gtr_gene_summary	2.0	silver	POLG	resolved	gtr_clinical_testing_utilization	9	f4762d5c77982675
b446a1ad20ff4329	epilepsy	11232	ncbi_gene	ENSG00000256525	ensembl_gene	POLG2	genes4epilepsy	Genes4Epilepsy	literature_derived	1.0	bronze	POLG2	resolved		741	cb48a155e2900a71
b446a1ad20ff4329	epilepsy	11232	ncbi_gene	ENSG00000256525	ensembl_gene	POLG2	gtr_epilepsy_gene_summary	GTR epilepsy gene summary	gtr_gene_summary	2.0	silver	POLG2	resolved	gtr_clinical_testing_utilization	390	e4c28aa822ee7af1
3109dcd79794113f	epilepsy	5429	ncbi_gene	ENSG00000170734	ensembl_gene	POLH	gtr_epilepsy_gene_summary	GTR epilepsy gene summary	gtr_gene_summary	2.0	silver	POLH	resolved	gtr_clinical_testing_utilization	1457	dd2afdb8d9bb9340
151bde523f15cd79	epilepsy	25885	ncbi_gene	ENSG00000068654	ensembl_gene	POLR1A	genes4epilepsy	Genes4Epilepsy	literature_derived	1.0	bronze	POLR1A	resolved		742	b09d23a9bb93c32b
151bde523f15cd79	epilepsy	25885	ncbi_gene	ENSG00000068654	ensembl_gene	POLR1A	gtr_epilepsy_gene_summary	GTR epilepsy gene summary	gtr_gene_summary	2.0	silver	POLR1A	resolved	gtr_clinical_testing_utilization	1617	780f87cf01d22c59
c548f4d109f8af07	epilepsy	9533	ncbi_gene	ENSG00000171453	ensembl_gene	POLR1C	gtr_epilepsy_gene_summary	GTR epilepsy gene summary	gtr_gene_summary	2.0	silver	POLR1C	resolved	gtr_clinical_testing_utilization	1139	bb55f0e16e28617c
1998af1e347084fb	epilepsy	51082	ncbi_gene	ENSG00000186184	ensembl_gene	POLR1D	gtr_epilepsy_gene_summary	GTR epilepsy gene summary	gtr_gene_summary	2.0	silver	POLR1D	resolved	gtr_clinical_testing_utilization	1242	3a564aabd384fde9
fe2e90f5ee469dc3	epilepsy	5432	ncbi_gene	ENSG00000102978	ensembl_gene	POLR2C	gtr_epilepsy_gene_summary	GTR epilepsy gene summary	gtr_gene_summary	2.0	silver	POLR2C	resolved	gtr_clinical_testing_utilization	2578	22a3850bfe5798ae
5da913aaeb94f4f5	epilepsy	11128	ncbi_gene	ENSG00000148606	ensembl_gene	POLR3A	gtr_epilepsy_gene_summary	GTR epilepsy gene summary	gtr_gene_summary	2.0	silver	POLR3A	resolved	gtr_clinical_testing_utilization	687	4d2e854db2e00fee
9a3e597adec79eee	epilepsy	55703	ncbi_gene	ENSG00000013503	ensembl_gene	POLR3B	genes4epilepsy	Genes4Epilepsy	literature_derived	1.0	bronze	POLR3B	resolved		743	d9a0a0b45261a434
9a3e597adec79eee	epilepsy	55703	ncbi_gene	ENSG00000013503	ensembl_gene	POLR3B	gtr_epilepsy_gene_summary	GTR epilepsy gene summary	gtr_gene_summary	2.0	silver	POLR3B	resolved	gtr_clinical_testing_utilization	854	009fc368b4dabb64
78e482b3d71b150c	epilepsy	10621	ncbi_gene	ENSG00000132664	ensembl_gene	POLR3F	gtr_epilepsy_gene_summary	GTR epilepsy gene summary	gtr_gene_summary	2.0	silver	POLR3F	resolved	gtr_clinical_testing_utilization	2335	e1523a4bf3a5d86b
eb693308f60248b1	epilepsy	55624	ncbi_gene	ENSG00000085998	ensembl_gene	POMGNT1	genes4epilepsy	Genes4Epilepsy	literature_derived	1.0	bronze	POMGNT1	resolved		744	71269bc6151d79e7
eb693308f60248b1	epilepsy	55624	ncbi_gene	ENSG00000085998	ensembl_gene	POMGNT1	gtr_epilepsy_gene_summary	GTR epilepsy gene summary	gtr_gene_summary	2.0	silver	POMGNT1	resolved	gtr_clinical_testing_utilization	234	9d93a1842cb9d6e4
b1fdc5f4ad664a66	epilepsy	84892	ncbi_gene	ENSG00000144647	ensembl_gene	POMGNT2	genes4epilepsy	Genes4Epilepsy	literature_derived	1.0	bronze	POMGNT2	resolved		745	9c75fe9b6ef9c733
b1fdc5f4ad664a66	epilepsy	84892	ncbi_gene	ENSG00000144647	ensembl_gene	POMGNT2	gtr_epilepsy_gene_summary	GTR epilepsy gene summary	gtr_gene_summary	2.0	silver	POMGNT2	resolved	gtr_clinical_testing_utilization	715	ee48eea3b754daca
2cd39c0f90d06342	epilepsy	84197	ncbi_gene	ENSG00000185900	ensembl_gene	POMK	genes4epilepsy	Genes4Epilepsy	literature_derived	1.0	bronze	POMK	resolved		746	3f3a3bfac340464c
2cd39c0f90d06342	epilepsy	84197	ncbi_gene	ENSG00000185900	ensembl_gene	POMK	gtr_epilepsy_gene_summary	GTR epilepsy gene summary	gtr_gene_summary	2.0	silver	POMK	resolved	gtr_clinical_testing_utilization	840	b49e35bea41b70cc
ecc847d7cfde4cf3	epilepsy	10585	ncbi_gene	ENSG00000130714	ensembl_gene	POMT1	genes4epilepsy	Genes4Epilepsy	literature_derived	1.0	bronze	POMT1	resolved		747	5354e058a48ef787
ecc847d7cfde4cf3	epilepsy	10585	ncbi_gene	ENSG00000130714	ensembl_gene	POMT1	gtr_epilepsy_gene_summary	GTR epilepsy gene summary	gtr_gene_summary	2.0	silver	POMT1	resolved	gtr_clinical_testing_utilization	361	bd43bb4355dae73d
830fed841e0bde74	epilepsy	29954	ncbi_gene	ENSG00000009830	ensembl_gene	POMT2	genes4epilepsy	Genes4Epilepsy	literature_derived	1.0	bronze	POMT2	resolved		748	6a7f7795331d85ae
830fed841e0bde74	epilepsy	29954	ncbi_gene	ENSG00000009830	ensembl_gene	POMT2	gtr_epilepsy_gene_summary	GTR epilepsy gene summary	gtr_gene_summary	2.0	silver	POMT2	resolved	gtr_clinical_testing_utilization	362	111bbedde147a8c4
22ad418826991373	epilepsy	5445	ncbi_gene	ENSG00000105854	ensembl_gene	PON2	gtr_epilepsy_gene_summary	GTR epilepsy gene summary	gtr_gene_summary	2.0	silver	PON2	resolved	gtr_clinical_testing_utilization	1626	904de05b72d66153
2375dbb8e47cfbce	epilepsy	10940	ncbi_gene	ENSG00000104356	ensembl_gene	POP1	gtr_epilepsy_gene_summary	GTR epilepsy gene summary	gtr_gene_summary	2.0	silver	POP1	resolved	gtr_clinical_testing_utilization	2803	83c6b75d57d74a00
d9042ce4b75a7248	epilepsy	11149	ncbi_gene	ENSG00000112276	ensembl_gene	POPDC1	gtr_epilepsy_gene_summary	GTR epilepsy gene summary	gtr_gene_summary	2.0	silver	POPDC1	resolved	gtr_clinical_testing_utilization	2627	802316112cdde8db
a61e08a63a2ad776	epilepsy	5447	ncbi_gene	ENSG00000127948	ensembl_gene	POR	gtr_epilepsy_gene_summary	GTR epilepsy gene summary	gtr_gene_summary	2.0	silver	POR	resolved	gtr_clinical_testing_utilization	1053	2c998e2a3671d99c
5b425fd8697af0da	epilepsy	64840	ncbi_gene	ENSG00000102312	ensembl_gene	PORCN	gtr_epilepsy_gene_summary	GTR epilepsy gene summary	gtr_gene_summary	2.0	silver	PORCN	resolved	gtr_clinical_testing_utilization	1575	c388fffc034216ee
f9b702da89c95e2f	epilepsy	5449	ncbi_gene	ENSG00000064835	ensembl_gene	POU1F1	gtr_epilepsy_gene_summary	GTR epilepsy gene summary	gtr_gene_summary	2.0	silver	POU1F1	resolved	gtr_clinical_testing_utilization	1398	c248bff516069276
c7f743425e5ea4fc	epilepsy	5455	ncbi_gene	ENSG00000198914	ensembl_gene	POU3F3	genes4epilepsy	Genes4Epilepsy	literature_derived	1.0	bronze	POU3F3	resolved		749	2d8ec50d6973b422
88da5d5d4e486359	epilepsy	5456	ncbi_gene	ENSG00000196767	ensembl_gene	POU3F4	gtr_epilepsy_gene_summary	GTR epilepsy gene summary	gtr_gene_summary	2.0	silver	POU3F4	resolved	gtr_clinical_testing_utilization	807	2bee3706b245a5ca
af24dd6da7b23932	epilepsy	5459	ncbi_gene	ENSG00000091010	ensembl_gene	POU4F3	gtr_epilepsy_gene_summary	GTR epilepsy gene summary	gtr_gene_summary	2.0	silver	POU4F3	resolved	gtr_clinical_testing_utilization	1364	aa1adccf7cab5e5c
5e3eab16a060ceab	epilepsy	27068	ncbi_gene	ENSG00000138777	ensembl_gene	PPA2	gtr_epilepsy_gene_summary	GTR epilepsy gene summary	gtr_gene_summary	2.0	silver	PPA2	resolved	gtr_clinical_testing_utilization	2378	a8ca97b96354d7d1
ca876622bac5ec1e	epilepsy	5465	ncbi_gene	ENSG00000186951	ensembl_gene	PPARA	gtr_epilepsy_gene_summary	GTR epilepsy gene summary	gtr_gene_summary	2.0	silver	PPARA	resolved	gtr_clinical_testing_utilization	2545	89b3fa65161ede7a
5f9a09f887b8a014	epilepsy	5467	ncbi_gene	ENSG00000112033	ensembl_gene	PPARD	gtr_epilepsy_gene_summary	GTR epilepsy gene summary	gtr_gene_summary	2.0	silver	PPARD	resolved	gtr_clinical_testing_utilization	2546	eec3afaf7b550649
aeaef22b0243e06c	epilepsy	5468	ncbi_gene	ENSG00000132170	ensembl_gene	PPARG	gtr_epilepsy_gene_summary	GTR epilepsy gene summary	gtr_gene_summary	2.0	silver	PPARG	resolved	gtr_clinical_testing_utilization	2894	75981e7730c888ff
a87ca2e2a86db2f1	epilepsy	10891	ncbi_gene	ENSG00000109819	ensembl_gene	PPARGC1A	gtr_epilepsy_gene_summary	GTR epilepsy gene summary	gtr_gene_summary	2.0	silver	PPARGC1A	resolved	gtr_clinical_testing_utilization	2699	6425a4947a2a2b5e
da059e20e444652b	epilepsy	8541	ncbi_gene	ENSG00000177380	ensembl_gene	PPFIA3	genes4epilepsy	Genes4Epilepsy	literature_derived	1.0	bronze	PPFIA3	resolved		750	deaa6d51b89912d4
f2619188438d0f2a	epilepsy	8496	ncbi_gene	ENSG00000110841	ensembl_gene	PPFIBP1	genes4epilepsy	Genes4Epilepsy	literature_derived	1.0	bronze	PPFIBP1	resolved		751	ba61554e22b85aca
0cfd76b8b93ce78f	epilepsy	5479	ncbi_gene	ENSG00000166794	ensembl_gene	PPIB	gtr_epilepsy_gene_summary	GTR epilepsy gene summary	gtr_gene_summary	2.0	silver	PPIB	resolved	gtr_clinical_testing_utilization	2158	57316d7f6c36fb33
99e9e89d9a2c1871	epilepsy	51645	ncbi_gene	ENSG00000137168	ensembl_gene	PPIL1	genes4epilepsy	Genes4Epilepsy	literature_derived	1.0	bronze	PPIL1	resolved		752	d02e1200dc0e4e89
5eec40b23a8b51fb	epilepsy	5495	ncbi_gene	ENSG00000138032	ensembl_gene	PPM1B	gtr_epilepsy_gene_summary	GTR epilepsy gene summary	gtr_gene_summary	2.0	silver	PPM1B	resolved	gtr_clinical_testing_utilization	3200	81aa47c17ba468a1
2dc7bad1b1bd3908	epilepsy	8493	ncbi_gene	ENSG00000170836	ensembl_gene	PPM1D	gtr_epilepsy_gene_summary	GTR epilepsy gene summary	gtr_gene_summary	2.0	silver	PPM1D	resolved	gtr_clinical_testing_utilization	3201	21c9ec623096444f
f0eed0197c41d2ec	epilepsy	9647	ncbi_gene	ENSG00000100034	ensembl_gene	PPM1F	gtr_epilepsy_gene_summary	GTR epilepsy gene summary	gtr_gene_summary	2.0	silver	PPM1F	resolved	gtr_clinical_testing_utilization	3202	c78cbbdddfb8239c
bf11d90c30cc7dc8	epilepsy	152926	ncbi_gene	ENSG00000163644	ensembl_gene	PPM1K	gtr_epilepsy_gene_summary	GTR epilepsy gene summary	gtr_gene_summary	2.0	silver	PPM1K	resolved	gtr_clinical_testing_utilization	1825	0faf1b3af28224e6
7261a440930ec88d	epilepsy	5498	ncbi_gene	ENSG00000143224	ensembl_gene	PPOX	gtr_epilepsy_gene_summary	GTR epilepsy gene summary	gtr_gene_summary	2.0	silver	PPOX	resolved	gtr_clinical_testing_utilization	3203	bb328f6c20f958f6
3dd6fe133095cc5c	epilepsy	5500	ncbi_gene	ENSG00000213639	ensembl_gene	PPP1CB	gtr_epilepsy_gene_summary	GTR epilepsy gene summary	gtr_gene_summary	2.0	silver	PPP1CB	resolved	gtr_clinical_testing_utilization	2218	1efe2ef239fe39f9
8c8803f76e71ee39	epilepsy	4659	ncbi_gene	ENSG00000058272	ensembl_gene	PPP1R12A	gtr_epilepsy_gene_summary	GTR epilepsy gene summary	gtr_gene_summary	2.0	silver	PPP1R12A	resolved	gtr_clinical_testing_utilization	3204	0dc1fd0bc4c8ee74
613519c7d06c409f	epilepsy	84919	ncbi_gene	ENSG00000158615	ensembl_gene	PPP1R15B	gtr_epilepsy_gene_summary	GTR epilepsy gene summary	gtr_gene_summary	2.0	silver	PPP1R15B	resolved	gtr_clinical_testing_utilization	1612	1746b9ec81e0f80e
136095f3b4214789	epilepsy	10842	ncbi_gene	ENSG00000106341	ensembl_gene	PPP1R17	gtr_epilepsy_gene_summary	GTR epilepsy gene summary	gtr_gene_summary	2.0	silver	PPP1R17	resolved	gtr_clinical_testing_utilization	2547	96d32136aaef6e26
52b1e55f9672d3e6	epilepsy	5507	ncbi_gene	ENSG00000119938	ensembl_gene	PPP1R3C	gtr_epilepsy_gene_summary	GTR epilepsy gene summary	gtr_gene_summary	2.0	silver	PPP1R3C	resolved	gtr_clinical_testing_utilization	3205	8fb2c084134a3a07
faa3267a422af3a4	epilepsy	5515	ncbi_gene	ENSG00000113575	ensembl_gene	PPP2CA	genes4epilepsy	Genes4Epilepsy	literature_derived	1.0	bronze	PPP2CA	resolved		753	da5a2a03fab4c55e
2b6be48cec7d44f9	epilepsy	5518	ncbi_gene	ENSG00000105568	ensembl_gene	PPP2R1A	genes4epilepsy	Genes4Epilepsy	literature_derived	1.0	bronze	PPP2R1A	resolved		754	73b811f684664c87
2b6be48cec7d44f9	epilepsy	5518	ncbi_gene	ENSG00000105568	ensembl_gene	PPP2R1A	gtr_epilepsy_gene_summary	GTR epilepsy gene summary	gtr_gene_summary	2.0	silver	PPP2R1A	resolved	gtr_clinical_testing_utilization	882	5ccf397a58647e94
01034aeb85c9d6e6	epilepsy	5521	ncbi_gene	ENSG00000156475	ensembl_gene	PPP2R2B	gtr_epilepsy_gene_summary	GTR epilepsy gene summary	gtr_gene_summary	2.0	silver	PPP2R2B	resolved	gtr_clinical_testing_utilization	1808	0ab2928e00e8ee92
12e4e5a0e32a087d	epilepsy	5526	ncbi_gene	ENSG00000068971	ensembl_gene	PPP2R5B	gtr_epilepsy_gene_summary	GTR epilepsy gene summary	gtr_gene_summary	2.0	silver	PPP2R5B	resolved	gtr_clinical_testing_utilization	2700	cccf85237378c743
22b0482a23871790	epilepsy	5527	ncbi_gene	ENSG00000078304	ensembl_gene	PPP2R5C	genes4epilepsy	Genes4Epilepsy	literature_derived	1.0	bronze	PPP2R5C	resolved		755	ddc388fb02c6bae4
22b0482a23871790	epilepsy	5527	ncbi_gene	ENSG00000078304	ensembl_gene	PPP2R5C	gtr_epilepsy_gene_summary	GTR epilepsy gene summary	gtr_gene_summary	2.0	silver	PPP2R5C	resolved	gtr_clinical_testing_utilization	2701	3aa5adea0454b7f8
bc79e34169c452c0	epilepsy	5528	ncbi_gene	ENSG00000112640	ensembl_gene	PPP2R5D	genes4epilepsy	Genes4Epilepsy	literature_derived	1.0	bronze	PPP2R5D	resolved		756	0f784e5b56df617d
bc79e34169c452c0	epilepsy	5528	ncbi_gene	ENSG00000112640	ensembl_gene	PPP2R5D	gtr_epilepsy_gene_summary	GTR epilepsy gene summary	gtr_gene_summary	2.0	silver	PPP2R5D	resolved	gtr_clinical_testing_utilization	506	eb70528fde38d9e9
45d7e75d842b41dd	epilepsy	5530	ncbi_gene	ENSG00000138814	ensembl_gene	PPP3CA	genes4epilepsy	Genes4Epilepsy	literature_derived	1.0	bronze	PPP3CA	resolved		757	d9c36b3ac0f8b34b
45d7e75d842b41dd	epilepsy	5530	ncbi_gene	ENSG00000138814	ensembl_gene	PPP3CA	gtr_epilepsy_gene_summary	GTR epilepsy gene summary	gtr_gene_summary	2.0	silver	PPP3CA	resolved	gtr_clinical_testing_utilization	173	c3ab96193ae729d2
b688286ec346ca35	epilepsy	5538	ncbi_gene	ENSG00000131238	ensembl_gene	PPT1	genes4epilepsy	Genes4Epilepsy	literature_derived	1.0	bronze	PPT1	resolved		758	eb877f83ec327df0
b688286ec346ca35	epilepsy	5538	ncbi_gene	ENSG00000131238	ensembl_gene	PPT1	gtr_epilepsy_gene_summary	GTR epilepsy gene summary	gtr_gene_summary	2.0	silver	PPT1	resolved	gtr_clinical_testing_utilization	118	6bb9f38d202697f9
51054b0956b9c0e8	epilepsy	9374	ncbi_gene	ENSG00000221988	ensembl_gene	PPT2	gtr_epilepsy_gene_summary	GTR epilepsy gene summary	gtr_gene_summary	2.0	silver	PPT2	resolved	gtr_clinical_testing_utilization	2203	703b24d00cfe737f
8e117c924aea88eb	epilepsy	10084	ncbi_gene	ENSG00000102103	ensembl_gene	PQBP1	gtr_epilepsy_gene_summary	GTR epilepsy gene summary	gtr_gene_summary	2.0	silver	PQBP1	resolved	gtr_clinical_testing_utilization	294	c602a9361443b5d9
f5b3cf0ad33e27fd	epilepsy	768206	ncbi_gene	ENSG00000214140	ensembl_gene	PRCD	gtr_epilepsy_gene_summary	GTR epilepsy gene summary	gtr_gene_summary	2.0	silver	PRCD	resolved	gtr_clinical_testing_utilization	2106	fb5a3260545fad0c
418eea03abd60386	epilepsy	59336	ncbi_gene	ENSG00000112238	ensembl_gene	PRDM13	gtr_epilepsy_gene_summary	GTR epilepsy gene summary	gtr_gene_summary	2.0	silver	PRDM13	resolved	gtr_clinical_testing_utilization	2804	fe519b7755818f50
f65657638f6fb656	epilepsy	63976	ncbi_gene	ENSG00000142611	ensembl_gene	PRDM16	gtr_epilepsy_gene_summary	GTR epilepsy gene summary	gtr_gene_summary	2.0	silver	PRDM16	resolved	gtr_clinical_testing_utilization	2316	e0e5234deeb4b151
cb79ffb0eedc0abc	epilepsy	11107	ncbi_gene	ENSG00000138738	ensembl_gene	PRDM5	gtr_epilepsy_gene_summary	GTR epilepsy gene summary	gtr_gene_summary	2.0	silver	PRDM5	resolved	gtr_clinical_testing_utilization	1109	e54d081ad6539e28
51edcfca1c14aa50	epilepsy	56978	ncbi_gene	ENSG00000152784	ensembl_gene	PRDM8	genes4epilepsy	Genes4Epilepsy	literature_derived	1.0	bronze	PRDM8	resolved		759	9f8971b71862d046
51edcfca1c14aa50	epilepsy	56978	ncbi_gene	ENSG00000152784	ensembl_gene	PRDM8	gtr_epilepsy_gene_summary	GTR epilepsy gene summary	gtr_gene_summary	2.0	silver	PRDM8	resolved	gtr_clinical_testing_utilization	301	f9cb9be0423f1cee
cea76bf10adbd69c	epilepsy	5052	ncbi_gene	ENSG00000117450	ensembl_gene	PRDX1	gtr_epilepsy_gene_summary	GTR epilepsy gene summary	gtr_gene_summary	2.0	silver	PRDX1	resolved	gtr_clinical_testing_utilization	3206	bfc32a0fce5c5d11
8a67c37bb51bf8df	epilepsy	9581	ncbi_gene	ENSG00000138078	ensembl_gene	PREPL	gtr_epilepsy_gene_summary	GTR epilepsy gene summary	gtr_gene_summary	2.0	silver	PREPL	resolved	gtr_clinical_testing_utilization	1243	89f5727cbc51281f
ab694dea79821bfe	epilepsy	5551	ncbi_gene	ENSG00000180644	ensembl_gene	PRF1	gtr_epilepsy_gene_summary	GTR epilepsy gene summary	gtr_gene_summary	2.0	silver	PRF1	resolved	gtr_clinical_testing_utilization	766	42680ff698fda35b
41e78798485ff76a	epilepsy	144165	ncbi_gene	ENSG00000139174	ensembl_gene	PRICKLE1	gtr_epilepsy_gene_summary	GTR epilepsy gene summary	gtr_gene_summary	2.0	silver	PRICKLE1	resolved	gtr_clinical_testing_utilization	55	dcaf25a890b0d6e8
0c037460b2c3d79e	epilepsy	166336	ncbi_gene	ENSG00000163637	ensembl_gene	PRICKLE2	gtr_epilepsy_gene_summary	GTR epilepsy gene summary	gtr_gene_summary	2.0	silver	PRICKLE2	resolved	gtr_clinical_testing_utilization	122	7d3b969633e9a901
f0010a82348f02f9	epilepsy	145270	ncbi_gene	ENSG00000274089	ensembl_gene	PRIMA1	genes4epilepsy	Genes4Epilepsy	literature_derived	1.0	bronze	PRIMA1	resolved		760	0f20d5313ae12aab
f0010a82348f02f9	epilepsy	145270	ncbi_gene	ENSG00000274089	ensembl_gene	PRIMA1	gtr_epilepsy_gene_summary	GTR epilepsy gene summary	gtr_gene_summary	2.0	silver	PRIMA1	resolved	gtr_clinical_testing_utilization	552	c97083b217fa3091
2b2e880ad159e19a	epilepsy	5566	ncbi_gene	ENSG00000288516	ensembl_gene	PRKACA	gtr_epilepsy_gene_summary	GTR epilepsy gene summary	gtr_gene_summary	2.0	silver	PRKACA	resolved	gtr_clinical_testing_utilization	2609	75ffbc86dedf8a34
0acb48f5fa304d7c	epilepsy	51422	ncbi_gene	ENSG00000106617	ensembl_gene	PRKAG2	gtr_epilepsy_gene_summary	GTR epilepsy gene summary	gtr_gene_summary	2.0	silver	PRKAG2	resolved	gtr_clinical_testing_utilization	1257	b3ec726d8c266f5d
f0fffab9deffb6a7	epilepsy	53632	ncbi_gene	ENSG00000115592	ensembl_gene	PRKAG3	gtr_epilepsy_gene_summary	GTR epilepsy gene summary	gtr_gene_summary	2.0	silver	PRKAG3	resolved	gtr_clinical_testing_utilization	1951	579a8082b41003ec
705f592bfda3488b	epilepsy	5573	ncbi_gene	ENSG00000108946	ensembl_gene	PRKAR1A	gtr_epilepsy_gene_summary	GTR epilepsy gene summary	gtr_gene_summary	2.0	silver	PRKAR1A	resolved	gtr_clinical_testing_utilization	1678	19c1b3f8097fb4d0
f42d9415c08ce559	epilepsy	5575	ncbi_gene	ENSG00000188191	ensembl_gene	PRKAR1B	gtr_epilepsy_gene_summary	GTR epilepsy gene summary	gtr_gene_summary	2.0	silver	PRKAR1B	resolved	gtr_clinical_testing_utilization	2895	8c4f9f496c46351f
828c4dc820e8a8b6	epilepsy	5582	ncbi_gene	ENSG00000126583	ensembl_gene	PRKCG	gtr_epilepsy_gene_summary	GTR epilepsy gene summary	gtr_gene_summary	2.0	silver	PRKCG	resolved	gtr_clinical_testing_utilization	1809	b21825712afa1aff
a2ac343a290f2b3e	epilepsy	5583	ncbi_gene	ENSG00000027075	ensembl_gene	PRKCH	gtr_epilepsy_gene_summary	GTR epilepsy gene summary	gtr_gene_summary	2.0	silver	PRKCH	resolved	gtr_clinical_testing_utilization	2805	1d35b8188f0a37ec
7b9c89ae6a5fd0ad	epilepsy	5584	ncbi_gene	ENSG00000163558	ensembl_gene	PRKCI	gtr_epilepsy_gene_summary	GTR epilepsy gene summary	gtr_gene_summary	2.0	silver	PRKCI	resolved	gtr_clinical_testing_utilization	2486	007081e90147abee
0561ba21c6eea01f	epilepsy	5587	ncbi_gene	ENSG00000184304	ensembl_gene	PRKD1	gtr_epilepsy_gene_summary	GTR epilepsy gene summary	gtr_gene_summary	2.0	silver	PRKD1	resolved	gtr_clinical_testing_utilization	2806	f0a26c4506f2372e
33cecfaa8a501147	epilepsy	5591	ncbi_gene	ENSG00000253729	ensembl_gene	PRKDC	gtr_epilepsy_gene_summary	GTR epilepsy gene summary	gtr_gene_summary	2.0	silver	PRKDC	resolved	gtr_clinical_testing_utilization	750	14d579636bf620df
dde24faa59fcb97e	epilepsy	5592	ncbi_gene	ENSG00000185532	ensembl_gene	PRKG1	gtr_epilepsy_gene_summary	GTR epilepsy gene summary	gtr_gene_summary	2.0	silver	PRKG1	resolved	gtr_clinical_testing_utilization	2317	0bc3d48d1191877c
1134400929b209ea	epilepsy	5071	ncbi_gene	ENSG00000185345	ensembl_gene	PRKN	gtr_epilepsy_gene_summary	GTR epilepsy gene summary	gtr_gene_summary	2.0	silver	PRKN	resolved	gtr_clinical_testing_utilization	1166	bc8df5e194c19e49
b2c2dbc28ea1016f	epilepsy	8575	ncbi_gene	ENSG00000180228	ensembl_gene	PRKRA	gtr_epilepsy_gene_summary	GTR epilepsy gene summary	gtr_gene_summary	2.0	silver	PRKRA	resolved	gtr_clinical_testing_utilization	931	8aa8f8e36c49a01b
41294f437e1127bd	epilepsy	54496	ncbi_gene	ENSG00000132600	ensembl_gene	PRMT7	genes4epilepsy	Genes4Epilepsy	literature_derived	1.0	bronze	PRMT7	resolved		761	0fa2521f09a66123
41294f437e1127bd	epilepsy	54496	ncbi_gene	ENSG00000132600	ensembl_gene	PRMT7	gtr_epilepsy_gene_summary	GTR epilepsy gene summary	gtr_gene_summary	2.0	silver	PRMT7	resolved	gtr_clinical_testing_utilization	369	a99862fd0de78df5
aec434860242f4a0	epilepsy	90826	ncbi_gene	ENSG00000164169	ensembl_gene	PRMT9	genes4epilepsy	Genes4Epilepsy	literature_derived	1.0	bronze	PRMT9	resolved		762	ed693ded2c88780c
095b736b7eb17ab1	epilepsy	5621	ncbi_gene	ENSG00000171867	ensembl_gene	PRNP	genes4epilepsy	Genes4Epilepsy	literature_derived	1.0	bronze	PRNP	resolved		763	cf60007b517cd13d
095b736b7eb17ab1	epilepsy	5621	ncbi_gene	ENSG00000171867	ensembl_gene	PRNP	gtr_epilepsy_gene_summary	GTR epilepsy gene summary	gtr_gene_summary	2.0	silver	PRNP	resolved	gtr_clinical_testing_utilization	1870	06dc06d2e8e50b5a
39312ec66737738f	epilepsy	5624	ncbi_gene	ENSG00000115718	ensembl_gene	PROC	gtr_epilepsy_gene_summary	GTR epilepsy gene summary	gtr_gene_summary	2.0	silver	PROC	resolved	gtr_clinical_testing_utilization	2243	90d41ca075c05526
4f47163badbc5e28	epilepsy	5625	ncbi_gene	ENSG00000100033	ensembl_gene	PRODH	genes4epilepsy	Genes4Epilepsy	literature_derived	1.0	bronze	PRODH	resolved		764	1649d285e36c8d44
4f47163badbc5e28	epilepsy	5625	ncbi_gene	ENSG00000100033	ensembl_gene	PRODH	gtr_epilepsy_gene_summary	GTR epilepsy gene summary	gtr_gene_summary	2.0	silver	PRODH	resolved	gtr_clinical_testing_utilization	879	113fcd7d8b91f22c
ba70e9d61ece60de	epilepsy	60675	ncbi_gene	ENSG00000163421	ensembl_gene	PROK2	gtr_epilepsy_gene_summary	GTR epilepsy gene summary	gtr_gene_summary	2.0	silver	PROK2	resolved	gtr_clinical_testing_utilization	2379	4e95fbcf7ab3729c
3155254e79b62e27	epilepsy	128674	ncbi_gene	ENSG00000101292	ensembl_gene	PROKR2	gtr_epilepsy_gene_summary	GTR epilepsy gene summary	gtr_gene_summary	2.0	silver	PROKR2	resolved	gtr_clinical_testing_utilization	2235	88e29fb1f4453ebf
a78f5c9dca7c4e76	epilepsy	5626	ncbi_gene	ENSG00000175325	ensembl_gene	PROP1	gtr_epilepsy_gene_summary	GTR epilepsy gene summary	gtr_gene_summary	2.0	silver	PROP1	resolved	gtr_clinical_testing_utilization	1095	a30e5d649169c86b
4d9a8d0d6a3715f6	epilepsy	5629	ncbi_gene	ENSG00000117707	ensembl_gene	PROX1	gtr_epilepsy_gene_summary	GTR epilepsy gene summary	gtr_gene_summary	2.0	silver	PROX1	resolved	gtr_clinical_testing_utilization	2487	8228a630b1ffd7e1
6c0e0f08ef15f926	epilepsy	10594	ncbi_gene	ENSG00000274442	ensembl_gene	PRPF8	genes4epilepsy	Genes4Epilepsy	literature_derived	1.0	bronze	PRPF8	resolved		765	cf47f8228d50ee02
4a64f61a925992e3	epilepsy	5630	ncbi_gene	ENSG00000135406	ensembl_gene	PRPH	gtr_epilepsy_gene_summary	GTR epilepsy gene summary	gtr_gene_summary	2.0	silver	PRPH	resolved	gtr_clinical_testing_utilization	2896	5b0716fcf9d6d22a
8b67bd7124cba6f0	epilepsy	5631	ncbi_gene	ENSG00000147224	ensembl_gene	PRPS1	gtr_epilepsy_gene_summary	GTR epilepsy gene summary	gtr_gene_summary	2.0	silver	PRPS1	resolved	gtr_clinical_testing_utilization	354	9795e222cbb0c432
6c2b570b71f79a49	epilepsy	57479	ncbi_gene	ENSG00000126464	ensembl_gene	PRR12	gtr_epilepsy_gene_summary	GTR epilepsy gene summary	gtr_gene_summary	2.0	silver	PRR12	resolved	gtr_clinical_testing_utilization	2404	0e735d101b9fa28d
b80ee49aabd6fc40	epilepsy	112476	ncbi_gene	ENSG00000167371	ensembl_gene	PRRT2	genes4epilepsy	Genes4Epilepsy	literature_derived	1.0	bronze	PRRT2	resolved		766	265518fc226bcac9
b80ee49aabd6fc40	epilepsy	112476	ncbi_gene	ENSG00000167371	ensembl_gene	PRRT2	gtr_epilepsy_gene_summary	GTR epilepsy gene summary	gtr_gene_summary	2.0	silver	PRRT2	resolved	gtr_clinical_testing_utilization	37	9535d8fe5faf3ec3
4d129935cab97300	epilepsy	5396	ncbi_gene	ENSG00000116132	ensembl_gene	PRRX1	gtr_epilepsy_gene_summary	GTR epilepsy gene summary	gtr_gene_summary	2.0	silver	PRRX1	resolved	gtr_clinical_testing_utilization	2210	fcb2d8d27c7f4450
719577670034522a	epilepsy	5644	ncbi_gene	ENSG00000204983	ensembl_gene	PRSS1	gtr_epilepsy_gene_summary	GTR epilepsy gene summary	gtr_gene_summary	2.0	silver	PRSS1	resolved	gtr_clinical_testing_utilization	3207	cb19d2bceed2e206
679ed5de5ed8a46f	epilepsy	8492	ncbi_gene	ENSG00000164099	ensembl_gene	PRSS12	gtr_epilepsy_gene_summary	GTR epilepsy gene summary	gtr_gene_summary	2.0	silver	PRSS12	resolved	gtr_clinical_testing_utilization	1399	9e06de02be2ed81f
8973defe0b802347	epilepsy	5657	ncbi_gene	ENSG00000277804	ensembl_gene	PRTN3	gtr_epilepsy_gene_summary	GTR epilepsy gene summary	gtr_gene_summary	2.0	silver	PRTN3	resolved	gtr_clinical_testing_utilization	3208	d23dce089f88271a
2e056fa0000b4438	epilepsy	58497	ncbi_gene	ENSG00000143363	ensembl_gene	PRUNE1	genes4epilepsy	Genes4Epilepsy	literature_derived	1.0	bronze	PRUNE1	resolved		767	820c5f1596dc5c0a
2e056fa0000b4438	epilepsy	58497	ncbi_gene	ENSG00000143363	ensembl_gene	PRUNE1	gtr_epilepsy_gene_summary	GTR epilepsy gene summary	gtr_gene_summary	2.0	silver	PRUNE1	resolved	gtr_clinical_testing_utilization	1883	11c32c6c1ad62f2d
9d3db345356ee273	epilepsy	57716	ncbi_gene	ENSG00000105227	ensembl_gene	PRX	gtr_epilepsy_gene_summary	GTR epilepsy gene summary	gtr_gene_summary	2.0	silver	PRX	resolved	gtr_clinical_testing_utilization	3209	0a9f0cb7c8924497
2be360dd2a30170c	epilepsy	5660	ncbi_gene	ENSG00000197746	ensembl_gene	PSAP	genes4epilepsy	Genes4Epilepsy	literature_derived	1.0	bronze	PSAP	resolved		768	c59c418d7ce3723b
2be360dd2a30170c	epilepsy	5660	ncbi_gene	ENSG00000197746	ensembl_gene	PSAP	gtr_epilepsy_gene_summary	GTR epilepsy gene summary	gtr_gene_summary	2.0	silver	PSAP	resolved	gtr_clinical_testing_utilization	273	9ee385ad1468a421
d882bf321081e3cc	epilepsy	29968	ncbi_gene	ENSG00000135069	ensembl_gene	PSAT1	genes4epilepsy	Genes4Epilepsy	literature_derived	1.0	bronze	PSAT1	resolved		769	d0ad928252dfd561
d882bf321081e3cc	epilepsy	29968	ncbi_gene	ENSG00000135069	ensembl_gene	PSAT1	gtr_epilepsy_gene_summary	GTR epilepsy gene summary	gtr_gene_summary	2.0	silver	PSAT1	resolved	gtr_clinical_testing_utilization	706	4a63bffa3752e5b5
864f03d31ff16446	epilepsy	5663	ncbi_gene	ENSG00000080815	ensembl_gene	PSEN1	gtr_epilepsy_gene_summary	GTR epilepsy gene summary	gtr_gene_summary	2.0	silver	PSEN1	resolved	gtr_clinical_testing_utilization	903	996f941a3a06179d
987c307470ee5396	epilepsy	5664	ncbi_gene	ENSG00000143801	ensembl_gene	PSEN2	gtr_epilepsy_gene_summary	GTR epilepsy gene summary	gtr_gene_summary	2.0	silver	PSEN2	resolved	gtr_clinical_testing_utilization	1846	1ee3ded67d37dc16
f9af469876edf2da	epilepsy	5684	ncbi_gene	ENSG00000100567	ensembl_gene	PSMA3	gtr_epilepsy_gene_summary	GTR epilepsy gene summary	gtr_gene_summary	2.0	silver	PSMA3	resolved	gtr_clinical_testing_utilization	1561	539f9a298f097cb4
e5802f369601d728	epilepsy	5705	ncbi_gene	ENSG00000087191	ensembl_gene	PSMC5	genes4epilepsy	Genes4Epilepsy	literature_derived	1.0	bronze	PSMC5	resolved		770	4bb6b9676536646a
3b352cf0548b2067	epilepsy	56984	ncbi_gene	ENSG00000128789	ensembl_gene	PSMG2	gtr_epilepsy_gene_summary	GTR epilepsy gene summary	gtr_gene_summary	2.0	silver	PSMG2	resolved	gtr_clinical_testing_utilization	3210	92929d7346c37fee
3c7fe14b3466bdf4	epilepsy	5723	ncbi_gene	ENSG00000146733	ensembl_gene	PSPH	genes4epilepsy	Genes4Epilepsy	literature_derived	1.0	bronze	PSPH	resolved		771	fd10b8f3d4e94507
3c7fe14b3466bdf4	epilepsy	5723	ncbi_gene	ENSG00000146733	ensembl_gene	PSPH	gtr_epilepsy_gene_summary	GTR epilepsy gene summary	gtr_gene_summary	2.0	silver	PSPH	resolved	gtr_clinical_testing_utilization	913	fa25c16370d32695
b03c955e429a08e9	epilepsy	5725	ncbi_gene	ENSG00000011304	ensembl_gene	PTBP1	genes4epilepsy	Genes4Epilepsy	literature_derived	1.0	bronze	PTBP1	resolved		772	9a7afe7b285931cd
6e32020ae41f4f7f	epilepsy	26024	ncbi_gene	ENSG00000106246	ensembl_gene	PTCD1	gtr_epilepsy_gene_summary	GTR epilepsy gene summary	gtr_gene_summary	2.0	silver	PTCD1	resolved	gtr_clinical_testing_utilization	1532	c95a8cd012ac06b6
9373bde155391974	epilepsy	55037	ncbi_gene	ENSG00000132300	ensembl_gene	PTCD3	gtr_epilepsy_gene_summary	GTR epilepsy gene summary	gtr_gene_summary	2.0	silver	PTCD3	resolved	gtr_clinical_testing_utilization	2610	437ebb2eace19772
4da198969854fe5c	epilepsy	5727	ncbi_gene	ENSG00000185920	ensembl_gene	PTCH1	genes4epilepsy	Genes4Epilepsy	literature_derived	1.0	bronze	PTCH1	resolved		773	bab31b18abc2790a
4da198969854fe5c	epilepsy	5727	ncbi_gene	ENSG00000185920	ensembl_gene	PTCH1	gtr_epilepsy_gene_summary	GTR epilepsy gene summary	gtr_gene_summary	2.0	silver	PTCH1	resolved	gtr_clinical_testing_utilization	624	6917a7084e1452f6
56ca621250a01a89	epilepsy	8643	ncbi_gene	ENSG00000117425	ensembl_gene	PTCH2	gtr_epilepsy_gene_summary	GTR epilepsy gene summary	gtr_gene_summary	2.0	silver	PTCH2	resolved	gtr_clinical_testing_utilization	2380	eec5d5de258fc7c4
465c3854662877b1	epilepsy	139411	ncbi_gene	ENSG00000165186	ensembl_gene	PTCHD1	gtr_epilepsy_gene_summary	GTR epilepsy gene summary	gtr_gene_summary	2.0	silver	PTCHD1	resolved	gtr_clinical_testing_utilization	666	d7329b83c2765349
421e1426663eac38	epilepsy	5728	ncbi_gene	ENSG00000284792	ensembl_gene	PTEN	genes4epilepsy	Genes4Epilepsy	literature_derived	1.0	bronze	PTEN	resolved		774	55fc2d3dc443c776
421e1426663eac38	epilepsy	5728	ncbi_gene	ENSG00000284792	ensembl_gene	PTEN	gtr_epilepsy_gene_summary	GTR epilepsy gene summary	gtr_gene_summary	2.0	silver	PTEN	resolved	gtr_clinical_testing_utilization	241	b72a1a8c67474951
6b22be1730745f70	epilepsy	256297	ncbi_gene	ENSG00000168267	ensembl_gene	PTF1A	genes4epilepsy	Genes4Epilepsy	literature_derived	1.0	bronze	PTF1A	resolved		775	ec103f1eaed38d94
6b22be1730745f70	epilepsy	256297	ncbi_gene	ENSG00000168267	ensembl_gene	PTF1A	gtr_epilepsy_gene_summary	GTR epilepsy gene summary	gtr_gene_summary	2.0	silver	PTF1A	resolved	gtr_clinical_testing_utilization	1567	23afc469b3a83c70
7c52246d14955221	epilepsy	5741	ncbi_gene	ENSG00000152266	ensembl_gene	PTH	gtr_epilepsy_gene_summary	GTR epilepsy gene summary	gtr_gene_summary	2.0	silver	PTH	resolved	gtr_clinical_testing_utilization	1764	300ff98c441bc94f
e440213195a106a2	epilepsy	114971	ncbi_gene	ENSG00000110536	ensembl_gene	PTPMT1	genes4epilepsy	Genes4Epilepsy	literature_derived	1.0	bronze	PTPMT1	resolved		776	d24a89093a8c5f2a
292483615e11ad21	epilepsy	5781	ncbi_gene	ENSG00000179295	ensembl_gene	PTPN11	gtr_epilepsy_gene_summary	GTR epilepsy gene summary	gtr_gene_summary	2.0	silver	PTPN11	resolved	gtr_clinical_testing_utilization	451	825c62cb3a5e2c43
477fba14b2d23345	epilepsy	5784	ncbi_gene	ENSG00000152104	ensembl_gene	PTPN14	gtr_epilepsy_gene_summary	GTR epilepsy gene summary	gtr_gene_summary	2.0	silver	PTPN14	resolved	gtr_clinical_testing_utilization	2611	60b6dc74a9f90c01
ed83c19504f6605c	epilepsy	26191	ncbi_gene	ENSG00000134242	ensembl_gene	PTPN22	gtr_epilepsy_gene_summary	GTR epilepsy gene summary	gtr_gene_summary	2.0	silver	PTPN22	resolved	gtr_clinical_testing_utilization	1765	7693175ab6d7a3ef
228677ee0e2c7086	epilepsy	25930	ncbi_gene	ENSG00000076201	ensembl_gene	PTPN23	genes4epilepsy	Genes4Epilepsy	literature_derived	1.0	bronze	PTPN23	resolved		777	e4f4085382fa9232
228677ee0e2c7086	epilepsy	25930	ncbi_gene	ENSG00000076201	ensembl_gene	PTPN23	gtr_epilepsy_gene_summary	GTR epilepsy gene summary	gtr_gene_summary	2.0	silver	PTPN23	resolved	gtr_clinical_testing_utilization	532	46847b24c7825c64
5e97c4624634cf0f	epilepsy	5788	ncbi_gene	ENSG00000262418	ensembl_gene	PTPRC	gtr_epilepsy_gene_summary	GTR epilepsy gene summary	gtr_gene_summary	2.0	silver	PTPRC	resolved	gtr_clinical_testing_utilization	2107	5a2b0a095e2e589c
f6aefc6dfee43848	epilepsy	5789	ncbi_gene	ENSG00000153707	ensembl_gene	PTPRD	gtr_epilepsy_gene_summary	GTR epilepsy gene summary	gtr_gene_summary	2.0	silver	PTPRD	resolved	gtr_clinical_testing_utilization	3211	c3c31edb776bbae0
165033849bf99382	epilepsy	374462	ncbi_gene	ENSG00000139304	ensembl_gene	PTPRQ	gtr_epilepsy_gene_summary	GTR epilepsy gene summary	gtr_gene_summary	2.0	silver	PTPRQ	resolved	gtr_clinical_testing_utilization	1365	cda2fb0300103a79
085985f0169cc269	epilepsy	10076	ncbi_gene	ENSG00000060656	ensembl_gene	PTPRU	gtr_epilepsy_gene_summary	GTR epilepsy gene summary	gtr_gene_summary	2.0	silver	PTPRU	resolved	gtr_clinical_testing_utilization	2488	d169eaf314d5a603
308bed93bb8686fe	epilepsy	51651	ncbi_gene	ENSG00000141378	ensembl_gene	PTRH2	gtr_epilepsy_gene_summary	GTR epilepsy gene summary	gtr_gene_summary	2.0	silver	PTRH2	resolved	gtr_clinical_testing_utilization	1308	9ace95148aacd564
a260339c3aea46c4	epilepsy	5805	ncbi_gene	ENSG00000150787	ensembl_gene	PTS	genes4epilepsy	Genes4Epilepsy	literature_derived	1.0	bronze	PTS	resolved		778	aca6073544db628c
a260339c3aea46c4	epilepsy	5805	ncbi_gene	ENSG00000150787	ensembl_gene	PTS	gtr_epilepsy_gene_summary	GTR epilepsy gene summary	gtr_gene_summary	2.0	silver	PTS	resolved	gtr_clinical_testing_utilization	599	f1e698e980a9822e
b39e4e6d847773ff	epilepsy	22827	ncbi_gene	ENSG00000179950	ensembl_gene	PUF60	genes4epilepsy	Genes4Epilepsy	literature_derived	1.0	bronze	PUF60	resolved		779	6b6bbfe29619bb9e
59980fa8b8787360	epilepsy	9698	ncbi_gene	ENSG00000134644	ensembl_gene	PUM1	genes4epilepsy	Genes4Epilepsy	literature_derived	1.0	bronze	PUM1	resolved		780	fdee3fcaafd84048
59980fa8b8787360	epilepsy	9698	ncbi_gene	ENSG00000134644	ensembl_gene	PUM1	gtr_epilepsy_gene_summary	GTR epilepsy gene summary	gtr_gene_summary	2.0	silver	PUM1	resolved	gtr_clinical_testing_utilization	2037	8cf0984063cbbffc
3b7131bdd19a60d1	epilepsy	5813	ncbi_gene	ENSG00000185129	ensembl_gene	PURA	genes4epilepsy	Genes4Epilepsy	literature_derived	1.0	bronze	PURA	resolved		781	9c9895950e700b11
3b7131bdd19a60d1	epilepsy	5813	ncbi_gene	ENSG00000185129	ensembl_gene	PURA	gtr_epilepsy_gene_summary	GTR epilepsy gene summary	gtr_gene_summary	2.0	silver	PURA	resolved	gtr_clinical_testing_utilization	91	bfcde2b3601abb03
153b5a02c9a65f75	epilepsy	80324	ncbi_gene	ENSG00000177192	ensembl_gene	PUS1	gtr_epilepsy_gene_summary	GTR epilepsy gene summary	gtr_gene_summary	2.0	silver	PUS1	resolved	gtr_clinical_testing_utilization	582	97c4d4f141bfb7c3
6559310562ea63f8	epilepsy	83480	ncbi_gene	ENSG00000110060	ensembl_gene	PUS3	genes4epilepsy	Genes4Epilepsy	literature_derived	1.0	bronze	PUS3	resolved		782	c44ef7696b0ed62f
6559310562ea63f8	epilepsy	83480	ncbi_gene	ENSG00000110060	ensembl_gene	PUS3	gtr_epilepsy_gene_summary	GTR epilepsy gene summary	gtr_gene_summary	2.0	silver	PUS3	resolved	gtr_clinical_testing_utilization	2244	5fad3173351253f1
999bd2a73ab7c569	epilepsy	5831	ncbi_gene	ENSG00000183010	ensembl_gene	PYCR1	gtr_epilepsy_gene_summary	GTR epilepsy gene summary	gtr_gene_summary	2.0	silver	PYCR1	resolved	gtr_clinical_testing_utilization	2159	87fa8b69561c567b
118107a66ade3756	epilepsy	29920	ncbi_gene	ENSG00000143811	ensembl_gene	PYCR2	gtr_epilepsy_gene_summary	GTR epilepsy gene summary	gtr_gene_summary	2.0	silver	PYCR2	resolved	gtr_clinical_testing_utilization	677	2037cf6761d8de6d
89078227635e0bf8	epilepsy	5836	ncbi_gene	ENSG00000100504	ensembl_gene	PYGL	gtr_epilepsy_gene_summary	GTR epilepsy gene summary	gtr_gene_summary	2.0	silver	PYGL	resolved	gtr_clinical_testing_utilization	1238	2c6ab6241920a72a
42f0f81dbd1fd68e	epilepsy	5837	ncbi_gene	ENSG00000068976	ensembl_gene	PYGM	gtr_epilepsy_gene_summary	GTR epilepsy gene summary	gtr_gene_summary	2.0	silver	PYGM	resolved	gtr_clinical_testing_utilization	600	8d6a860bf7f2bd0e
6c3204dc71fa62f2	epilepsy	79912	ncbi_gene	ENSG00000121350	ensembl_gene	PYROXD1	gtr_epilepsy_gene_summary	GTR epilepsy gene summary	gtr_gene_summary	2.0	silver	PYROXD1	resolved	gtr_clinical_testing_utilization	2807	bb9a2e3b1b22d5d2
495ad31c59312f9d	epilepsy	5859	ncbi_gene	ENSG00000172053	ensembl_gene	QARS1	genes4epilepsy	Genes4Epilepsy	literature_derived	1.0	bronze	QARS1	resolved		783	343580b1f8181741
495ad31c59312f9d	epilepsy	5859	ncbi_gene	ENSG00000172053	ensembl_gene	QARS1	gtr_epilepsy_gene_summary	GTR epilepsy gene summary	gtr_gene_summary	2.0	silver	QARS1	resolved	gtr_clinical_testing_utilization	102	f93cb9252c67d4e3
2a0439580ddf7c45	epilepsy	5860	ncbi_gene	ENSG00000151552	ensembl_gene	QDPR	genes4epilepsy	Genes4Epilepsy	literature_derived	1.0	bronze	QDPR	resolved		784	ba886709ea483308
2a0439580ddf7c45	epilepsy	5860	ncbi_gene	ENSG00000151552	ensembl_gene	QDPR	gtr_epilepsy_gene_summary	GTR epilepsy gene summary	gtr_gene_summary	2.0	silver	QDPR	resolved	gtr_clinical_testing_utilization	791	64f88781ed05882e
dcaf139c79e773a6	epilepsy	54870	ncbi_gene	ENSG00000198218	ensembl_gene	QRICH1	gtr_epilepsy_gene_summary	GTR epilepsy gene summary	gtr_gene_summary	2.0	silver	QRICH1	resolved	gtr_clinical_testing_utilization	3212	3573e4654d0fe788
86a7ea8582c137f5	epilepsy	8766	ncbi_gene	ENSG00000103769	ensembl_gene	RAB11A	genes4epilepsy	Genes4Epilepsy	literature_derived	1.0	bronze	RAB11A	resolved		785	3f011ea4a42d3680
86a7ea8582c137f5	epilepsy	8766	ncbi_gene	ENSG00000103769	ensembl_gene	RAB11A	gtr_epilepsy_gene_summary	GTR epilepsy gene summary	gtr_gene_summary	2.0	silver	RAB11A	resolved	gtr_clinical_testing_utilization	966	5334d7d62e11514c
4836b7a2bfb1cf6e	epilepsy	9230	ncbi_gene	ENSG00000185236	ensembl_gene	RAB11B	genes4epilepsy	Genes4Epilepsy	literature_derived	1.0	bronze	RAB11B	resolved		786	30874e1cc0101655
4836b7a2bfb1cf6e	epilepsy	9230	ncbi_gene	ENSG00000185236	ensembl_gene	RAB11B	gtr_epilepsy_gene_summary	GTR epilepsy gene summary	gtr_gene_summary	2.0	silver	RAB11B	resolved	gtr_clinical_testing_utilization	3213	4542601d6be6a840
4c9618da849cb8d7	epilepsy	22931	ncbi_gene	ENSG00000099246	ensembl_gene	RAB18	genes4epilepsy	Genes4Epilepsy	literature_derived	1.0	bronze	RAB18	resolved		787	2e1f3f02449917fb
4c9618da849cb8d7	epilepsy	22931	ncbi_gene	ENSG00000099246	ensembl_gene	RAB18	gtr_epilepsy_gene_summary	GTR epilepsy gene summary	gtr_gene_summary	2.0	silver	RAB18	resolved	gtr_clinical_testing_utilization	543	07f8602427001ec5
28ebf326fa66452e	epilepsy	51715	ncbi_gene	ENSG00000112210	ensembl_gene	RAB23	gtr_epilepsy_gene_summary	GTR epilepsy gene summary	gtr_gene_summary	2.0	silver	RAB23	resolved	gtr_clinical_testing_utilization	801	006b912e6d0ad075
de36d2a9564d3379	epilepsy	5873	ncbi_gene	ENSG00000069974	ensembl_gene	RAB27A	gtr_epilepsy_gene_summary	GTR epilepsy gene summary	gtr_gene_summary	2.0	silver	RAB27A	resolved	gtr_clinical_testing_utilization	1290	0ebb457f586615e6
7bd74d0b67544ed6	epilepsy	8934	ncbi_gene	ENSG00000117280	ensembl_gene	RAB29	gtr_epilepsy_gene_summary	GTR epilepsy gene summary	gtr_gene_summary	2.0	silver	RAB29	resolved	gtr_clinical_testing_utilization	2897	6f69b1ec8058252f
49ff061119a8da32	epilepsy	116442	ncbi_gene	ENSG00000155961	ensembl_gene	RAB39B	genes4epilepsy	Genes4Epilepsy	literature_derived	1.0	bronze	RAB39B	resolved		788	8b5103ea908c107b
49ff061119a8da32	epilepsy	116442	ncbi_gene	ENSG00000155961	ensembl_gene	RAB39B	gtr_epilepsy_gene_summary	GTR epilepsy gene summary	gtr_gene_summary	2.0	silver	RAB39B	resolved	gtr_clinical_testing_utilization	194	f25222728f8a15a3
00b169696186df83	epilepsy	22930	ncbi_gene	ENSG00000115839	ensembl_gene	RAB3GAP1	genes4epilepsy	Genes4Epilepsy	literature_derived	1.0	bronze	RAB3GAP1	resolved		789	dcbd8238f48e8e60
00b169696186df83	epilepsy	22930	ncbi_gene	ENSG00000115839	ensembl_gene	RAB3GAP1	gtr_epilepsy_gene_summary	GTR epilepsy gene summary	gtr_gene_summary	2.0	silver	RAB3GAP1	resolved	gtr_clinical_testing_utilization	531	5ec30fbe70ac261f
98275e5c022c2cab	epilepsy	25782	ncbi_gene	ENSG00000118873	ensembl_gene	RAB3GAP2	genes4epilepsy	Genes4Epilepsy	literature_derived	1.0	bronze	RAB3GAP2	resolved		790	0ea2106567c25dcd
98275e5c022c2cab	epilepsy	25782	ncbi_gene	ENSG00000118873	ensembl_gene	RAB3GAP2	gtr_epilepsy_gene_summary	GTR epilepsy gene summary	gtr_gene_summary	2.0	silver	RAB3GAP2	resolved	gtr_clinical_testing_utilization	402	3a23b9b3aa8feec1
d3e6ccb879ac382c	epilepsy	282808	ncbi_gene	ENSG00000102128	ensembl_gene	RAB40AL	gtr_epilepsy_gene_summary	GTR epilepsy gene summary	gtr_gene_summary	2.0	silver	RAB40AL	resolved	gtr_clinical_testing_utilization	1554	99f90419be2d57d5
e9c1d33154461691	epilepsy	5878	ncbi_gene	ENSG00000108774	ensembl_gene	RAB5C	genes4epilepsy	Genes4Epilepsy	literature_derived	1.0	bronze	RAB5C	resolved		791	e0acbc5cffc80a54
7ebdabc863d26e5a	epilepsy	7879	ncbi_gene	ENSG00000075785	ensembl_gene	RAB7A	gtr_epilepsy_gene_summary	GTR epilepsy gene summary	gtr_gene_summary	2.0	silver	RAB7A	resolved	gtr_clinical_testing_utilization	3214	6904ac597f4f4291
2b1c9b4fa15fc473	epilepsy	23637	ncbi_gene	ENSG00000011454	ensembl_gene	RABGAP1	genes4epilepsy	Genes4Epilepsy	literature_derived	1.0	bronze	RABGAP1	resolved		792	ec5f924e2bf75568
27a1e2afe9ca4452	epilepsy	5879	ncbi_gene	ENSG00000136238	ensembl_gene	RAC1	gtr_epilepsy_gene_summary	GTR epilepsy gene summary	gtr_gene_summary	2.0	silver	RAC1	resolved	gtr_clinical_testing_utilization	1566	af45de792ba5aeee
9736984bc1459ec6	epilepsy	5880	ncbi_gene	ENSG00000128340	ensembl_gene	RAC2	gtr_epilepsy_gene_summary	GTR epilepsy gene summary	gtr_gene_summary	2.0	silver	RAC2	resolved	gtr_clinical_testing_utilization	3215	1273387f32588f5d
d223741838df91cb	epilepsy	5881	ncbi_gene	ENSG00000169750	ensembl_gene	RAC3	genes4epilepsy	Genes4Epilepsy	literature_derived	1.0	bronze	RAC3	resolved		793	d8199a254658fb9f
69cb99852cd68643	epilepsy	5885	ncbi_gene	ENSG00000164754	ensembl_gene	RAD21	gtr_epilepsy_gene_summary	GTR epilepsy gene summary	gtr_gene_summary	2.0	silver	RAD21	resolved	gtr_clinical_testing_utilization	1229	c1b7eda0fe9f16a6
1ff1512e79015323	epilepsy	5887	ncbi_gene	ENSG00000119318	ensembl_gene	RAD23B	gtr_epilepsy_gene_summary	GTR epilepsy gene summary	gtr_gene_summary	2.0	silver	RAD23B	resolved	gtr_clinical_testing_utilization	3216	c7b441b7b947d7e6
354def0c9556be27	epilepsy	10111	ncbi_gene	ENSG00000113522	ensembl_gene	RAD50	gtr_epilepsy_gene_summary	GTR epilepsy gene summary	gtr_gene_summary	2.0	silver	RAD50	resolved	gtr_clinical_testing_utilization	2702	64a0388de651ac96
9acfab724891034b	epilepsy	5888	ncbi_gene	ENSG00000051180	ensembl_gene	RAD51	gtr_epilepsy_gene_summary	GTR epilepsy gene summary	gtr_gene_summary	2.0	silver	RAD51	resolved	gtr_clinical_testing_utilization	2808	3938d9e6e3b25728
ad253233b113cc88	epilepsy	5894	ncbi_gene	ENSG00000132155	ensembl_gene	RAF1	gtr_epilepsy_gene_summary	GTR epilepsy gene summary	gtr_gene_summary	2.0	silver	RAF1	resolved	gtr_clinical_testing_utilization	858	37614891a019c79e
d79552a0dd2149e8	epilepsy	5896	ncbi_gene	ENSG00000166349	ensembl_gene	RAG1	gtr_epilepsy_gene_summary	GTR epilepsy gene summary	gtr_gene_summary	2.0	silver	RAG1	resolved	gtr_clinical_testing_utilization	2108	271883f9381f9201
638a8cf90281b33d	epilepsy	5897	ncbi_gene	ENSG00000175097	ensembl_gene	RAG2	gtr_epilepsy_gene_summary	GTR epilepsy gene summary	gtr_gene_summary	2.0	silver	RAG2	resolved	gtr_clinical_testing_utilization	2109	60a2e511f2bb7197
7a900dcf9f64d304	epilepsy	10743	ncbi_gene	ENSG00000108557	ensembl_gene	RAI1	genes4epilepsy	Genes4Epilepsy	literature_derived	1.0	bronze	RAI1	resolved		794	2996c7c3eb2a1e3c
7a900dcf9f64d304	epilepsy	10743	ncbi_gene	ENSG00000108557	ensembl_gene	RAI1	gtr_epilepsy_gene_summary	GTR epilepsy gene summary	gtr_gene_summary	2.0	silver	RAI1	resolved	gtr_clinical_testing_utilization	288	1bc27b7c8e18febf
5b25e9a16c0ac8b5	epilepsy	5898	ncbi_gene	ENSG00000006451	ensembl_gene	RALA	genes4epilepsy	Genes4Epilepsy	literature_derived	1.0	bronze	RALA	resolved		795	d2d7fc646dfd4b7c
5b25e9a16c0ac8b5	epilepsy	5898	ncbi_gene	ENSG00000006451	ensembl_gene	RALA	gtr_epilepsy_gene_summary	GTR epilepsy gene summary	gtr_gene_summary	2.0	silver	RALA	resolved	gtr_clinical_testing_utilization	3217	c6a4f5fec17ef050
6eca56b89fabe5f6	epilepsy	253959	ncbi_gene	ENSG00000174373	ensembl_gene	RALGAPA1	genes4epilepsy	Genes4Epilepsy	literature_derived	1.0	bronze	RALGAPA1	resolved		796	d8945db3ba65249f
6eca56b89fabe5f6	epilepsy	253959	ncbi_gene	ENSG00000174373	ensembl_gene	RALGAPA1	gtr_epilepsy_gene_summary	GTR epilepsy gene summary	gtr_gene_summary	2.0	silver	RALGAPA1	resolved	gtr_clinical_testing_utilization	1622	88a5e3bb92e38e43
8e3fcaf8d8691fb5	epilepsy	5903	ncbi_gene	ENSG00000153201	ensembl_gene	RANBP2	genes4epilepsy	Genes4Epilepsy	literature_derived	1.0	bronze	RANBP2	resolved		797	f2858de0db8d5d74
8e3fcaf8d8691fb5	epilepsy	5903	ncbi_gene	ENSG00000153201	ensembl_gene	RANBP2	gtr_epilepsy_gene_summary	GTR epilepsy gene summary	gtr_gene_summary	2.0	silver	RANBP2	resolved	gtr_clinical_testing_utilization	732	5dba191ccb9bac32
0c44589d8dd1666b	epilepsy	29098	ncbi_gene	ENSG00000108961	ensembl_gene	RANGRF	gtr_epilepsy_gene_summary	GTR epilepsy gene summary	gtr_gene_summary	2.0	silver	RANGRF	resolved	gtr_clinical_testing_utilization	1150	777aa70722fb402b
9040c83aa22bc351	epilepsy	5906	ncbi_gene	ENSG00000116473	ensembl_gene	RAP1A	gtr_epilepsy_gene_summary	GTR epilepsy gene summary	gtr_gene_summary	2.0	silver	RAP1A	resolved	gtr_clinical_testing_utilization	3218	a1c35642c2df3745
f01795e60bad26f9	epilepsy	5908	ncbi_gene	ENSG00000127314	ensembl_gene	RAP1B	gtr_epilepsy_gene_summary	GTR epilepsy gene summary	gtr_gene_summary	2.0	silver	RAP1B	resolved	gtr_clinical_testing_utilization	3219	463f724a02baacbf
d6559cd518b2daef	epilepsy	9693	ncbi_gene	ENSG00000109756	ensembl_gene	RAPGEF2	genes4epilepsy	Genes4Epilepsy	literature_derived	1.0	bronze	RAPGEF2	resolved		798	2e5e5c470ee26fb2
d6559cd518b2daef	epilepsy	9693	ncbi_gene	ENSG00000109756	ensembl_gene	RAPGEF2	gtr_epilepsy_gene_summary	GTR epilepsy gene summary	gtr_gene_summary	2.0	silver	RAPGEF2	resolved	gtr_clinical_testing_utilization	3220	209c3eaa199a9c1b
1b7b8dda20c0a447	epilepsy	5913	ncbi_gene	ENSG00000165917	ensembl_gene	RAPSN	gtr_epilepsy_gene_summary	GTR epilepsy gene summary	gtr_gene_summary	2.0	silver	RAPSN	resolved	gtr_clinical_testing_utilization	1081	15c59e8c876d5ea8
b3e7b1d89187af80	epilepsy	5915	ncbi_gene	ENSG00000077092	ensembl_gene	RARB	gtr_epilepsy_gene_summary	GTR epilepsy gene summary	gtr_gene_summary	2.0	silver	RARB	resolved	gtr_clinical_testing_utilization	2809	47542d150a6f20bc
b7df4ad09509abd7	epilepsy	5917	ncbi_gene	ENSG00000113643	ensembl_gene	RARS1	gtr_epilepsy_gene_summary	GTR epilepsy gene summary	gtr_gene_summary	2.0	silver	RARS1	resolved	gtr_clinical_testing_utilization	730	92d8aacbdfad5b41
2ffc17fa27f9d564	epilepsy	57038	ncbi_gene	ENSG00000146282	ensembl_gene	RARS2	genes4epilepsy	Genes4Epilepsy	literature_derived	1.0	bronze	RARS2	resolved		799	a7301e1cca6d42e7
2ffc17fa27f9d564	epilepsy	57038	ncbi_gene	ENSG00000146282	ensembl_gene	RARS2	gtr_epilepsy_gene_summary	GTR epilepsy gene summary	gtr_gene_summary	2.0	silver	RARS2	resolved	gtr_clinical_testing_utilization	252	57ab84825bdeadda
a4a586ae92d42787	epilepsy	5921	ncbi_gene	ENSG00000145715	ensembl_gene	RASA1	gtr_epilepsy_gene_summary	GTR epilepsy gene summary	gtr_gene_summary	2.0	silver	RASA1	resolved	gtr_clinical_testing_utilization	1643	90f2298c4d4657ea
b9dce4a21cafad42	epilepsy	5922	ncbi_gene	ENSG00000155903	ensembl_gene	RASA2	gtr_epilepsy_gene_summary	GTR epilepsy gene summary	gtr_gene_summary	2.0	silver	RASA2	resolved	gtr_clinical_testing_utilization	859	ea9e6774d703a5ef
9538dc36430b523c	epilepsy	5925	ncbi_gene	ENSG00000139687	ensembl_gene	RB1	gtr_epilepsy_gene_summary	GTR epilepsy gene summary	gtr_gene_summary	2.0	silver	RB1	resolved	gtr_clinical_testing_utilization	2192	5e912025f1c9924a
e27ff5e6342c8726	epilepsy	5932	ncbi_gene	ENSG00000101773	ensembl_gene	RBBP8	gtr_epilepsy_gene_summary	GTR epilepsy gene summary	gtr_gene_summary	2.0	silver	RBBP8	resolved	gtr_clinical_testing_utilization	1929	0c3c206e2e900431
e35ab6a73fc736d9	epilepsy	54715	ncbi_gene	ENSG00000078328	ensembl_gene	RBFOX1	gtr_epilepsy_gene_summary	GTR epilepsy gene summary	gtr_gene_summary	2.0	silver	RBFOX1	resolved	gtr_clinical_testing_utilization	927	5855f7948c495148
e4b494f76b5ff5bd	epilepsy	146713	ncbi_gene	ENSG00000167281	ensembl_gene	RBFOX3	gtr_epilepsy_gene_summary	GTR epilepsy gene summary	gtr_gene_summary	2.0	silver	RBFOX3	resolved	gtr_clinical_testing_utilization	1801	bb0c14e9c611800e
76e757d7dd0875da	epilepsy	5934	ncbi_gene	ENSG00000103479	ensembl_gene	RBL2	genes4epilepsy	Genes4Epilepsy	literature_derived	1.0	bronze	RBL2	resolved		800	2bc4f168da2349dd
34f359a8a51533af	epilepsy	8241	ncbi_gene	ENSG00000182872	ensembl_gene	RBM10	gtr_epilepsy_gene_summary	GTR epilepsy gene summary	gtr_gene_summary	2.0	silver	RBM10	resolved	gtr_clinical_testing_utilization	1172	167d7f9e03f85716
ef6d79bf4d1fe21d	epilepsy	282996	ncbi_gene	ENSG00000203867	ensembl_gene	RBM20	gtr_epilepsy_gene_summary	GTR epilepsy gene summary	gtr_gene_summary	2.0	silver	RBM20	resolved	gtr_clinical_testing_utilization	1703	a15cfe20a08f2f17
16a12746ebe1b884	epilepsy	9939	ncbi_gene	ENSG00000265241	ensembl_gene	RBM8A	gtr_epilepsy_gene_summary	GTR epilepsy gene summary	gtr_gene_summary	2.0	silver	RBM8A	resolved	gtr_clinical_testing_utilization	1766	bd88c1f8e60f5850
8d36dfe55ad479f8	epilepsy	27303	ncbi_gene	ENSG00000144642	ensembl_gene	RBMS3	gtr_epilepsy_gene_summary	GTR epilepsy gene summary	gtr_gene_summary	2.0	silver	RBMS3	resolved	gtr_clinical_testing_utilization	2489	5eddb5e51cf2d8ac
77376cec719f78b8	epilepsy	27316	ncbi_gene	ENSG00000147274	ensembl_gene	RBMX	gtr_epilepsy_gene_summary	GTR epilepsy gene summary	gtr_gene_summary	2.0	silver	RBMX	resolved	gtr_clinical_testing_utilization	2703	106736ada2fddca9
27686be0be00dc57	epilepsy	3516	ncbi_gene	ENSG00000168214	ensembl_gene	RBPJ	gtr_epilepsy_gene_summary	GTR epilepsy gene summary	gtr_gene_summary	2.0	silver	RBPJ	resolved	gtr_clinical_testing_utilization	1674	59bed90841a6adad
2063ea6ee1813865	epilepsy	55213	ncbi_gene	ENSG00000136144	ensembl_gene	RCBTB1	gtr_epilepsy_gene_summary	GTR epilepsy gene summary	gtr_gene_summary	2.0	silver	RCBTB1	resolved	gtr_clinical_testing_utilization	2704	5b0c1858bb645009
a906135103d03c72	epilepsy	343035	ncbi_gene	ENSG00000198570	ensembl_gene	RD3	gtr_epilepsy_gene_summary	GTR epilepsy gene summary	gtr_gene_summary	2.0	silver	RD3	resolved	gtr_clinical_testing_utilization	2160	26b3badd0feee1e9
5ee1fa2248336886	epilepsy	51109	ncbi_gene	ENSG00000072042	ensembl_gene	RDH11	gtr_epilepsy_gene_summary	GTR epilepsy gene summary	gtr_gene_summary	2.0	silver	RDH11	resolved	gtr_clinical_testing_utilization	2705	1b4abb3281b57588
0b99ce5a1652a014	epilepsy	145226	ncbi_gene	ENSG00000139988	ensembl_gene	RDH12	gtr_epilepsy_gene_summary	GTR epilepsy gene summary	gtr_gene_summary	2.0	silver	RDH12	resolved	gtr_clinical_testing_utilization	2161	94312ff13c6ed8cc
80145683cdd00044	epilepsy	5962	ncbi_gene	ENSG00000137710	ensembl_gene	RDX	gtr_epilepsy_gene_summary	GTR epilepsy gene summary	gtr_gene_summary	2.0	silver	RDX	resolved	gtr_clinical_testing_utilization	1916	4cf562bec3abb4e5
63e1e2f60fb7eb2e	epilepsy	9401	ncbi_gene	ENSG00000160957	ensembl_gene	RECQL4	gtr_epilepsy_gene_summary	GTR epilepsy gene summary	gtr_gene_summary	2.0	silver	RECQL4	resolved	gtr_clinical_testing_utilization	1675	c79512a26c0c8e95
a27da847ec253c85	epilepsy	65055	ncbi_gene	ENSG00000068615	ensembl_gene	REEP1	gtr_epilepsy_gene_summary	GTR epilepsy gene summary	gtr_gene_summary	2.0	silver	REEP1	resolved	gtr_clinical_testing_utilization	1329	79f23173256249a3
f78addcd823b0a25	epilepsy	51308	ncbi_gene	ENSG00000132563	ensembl_gene	REEP2	gtr_epilepsy_gene_summary	GTR epilepsy gene summary	gtr_gene_summary	2.0	silver	REEP2	resolved	gtr_clinical_testing_utilization	1847	b27b7f628420f98f
7d0dd9f239fcd682	epilepsy	5966	ncbi_gene	ENSG00000162924	ensembl_gene	REL	gtr_epilepsy_gene_summary	GTR epilepsy gene summary	gtr_gene_summary	2.0	silver	REL	resolved	gtr_clinical_testing_utilization	2336	48b0c3a6bd8d852c
c640e692e713544f	epilepsy	5649	ncbi_gene	ENSG00000189056	ensembl_gene	RELN	genes4epilepsy	Genes4Epilepsy	literature_derived	1.0	bronze	RELN	resolved		801	7674962c87ace828
c640e692e713544f	epilepsy	5649	ncbi_gene	ENSG00000189056	ensembl_gene	RELN	gtr_epilepsy_gene_summary	GTR epilepsy gene summary	gtr_gene_summary	2.0	silver	RELN	resolved	gtr_clinical_testing_utilization	67	4cfe8b576a56aaf9
2a9df0657a5c2e56	epilepsy	473	ncbi_gene	ENSG00000142599	ensembl_gene	RERE	genes4epilepsy	Genes4Epilepsy	literature_derived	1.0	bronze	RERE	resolved		802	1aa9e5546d852dd0
2a9df0657a5c2e56	epilepsy	473	ncbi_gene	ENSG00000142599	ensembl_gene	RERE	gtr_epilepsy_gene_summary	GTR epilepsy gene summary	gtr_gene_summary	2.0	silver	RERE	resolved	gtr_clinical_testing_utilization	1952	76e9ac7cd3015608
d9e97ada0487a36e	epilepsy	54463	ncbi_gene	ENSG00000154153	ensembl_gene	RETREG1	gtr_epilepsy_gene_summary	GTR epilepsy gene summary	gtr_gene_summary	2.0	silver	RETREG1	resolved	gtr_clinical_testing_utilization	2579	fb69c9a579760d50
910fe0dd94184d73	epilepsy	5980	ncbi_gene	ENSG00000009413	ensembl_gene	REV3L	gtr_epilepsy_gene_summary	GTR epilepsy gene summary	gtr_gene_summary	2.0	silver	REV3L	resolved	gtr_clinical_testing_utilization	2261	7866b386f3134885
e9381255d461f165	epilepsy	5981	ncbi_gene	ENSG00000035928	ensembl_gene	RFC1	gtr_epilepsy_gene_summary	GTR epilepsy gene summary	gtr_gene_summary	2.0	silver	RFC1	resolved	gtr_clinical_testing_utilization	3221	c1c3d2e878e950ac
aa561d8b6cf5318f	epilepsy	91869	ncbi_gene	ENSG00000163933	ensembl_gene	RFT1	genes4epilepsy	Genes4Epilepsy	literature_derived	1.0	bronze	RFT1	resolved		803	d94b26fc9fa57a34
aa561d8b6cf5318f	epilepsy	91869	ncbi_gene	ENSG00000163933	ensembl_gene	RFT1	gtr_epilepsy_gene_summary	GTR epilepsy gene summary	gtr_gene_summary	2.0	silver	RFT1	resolved	gtr_clinical_testing_utilization	678	c86820ae84c76a3e
7356cd947bef334a	epilepsy	5991	ncbi_gene	ENSG00000080298	ensembl_gene	RFX3	genes4epilepsy	Genes4Epilepsy	literature_derived	1.0	bronze	RFX3	resolved		804	662612317901af1d
7356cd947bef334a	epilepsy	5991	ncbi_gene	ENSG00000080298	ensembl_gene	RFX3	gtr_epilepsy_gene_summary	GTR epilepsy gene summary	gtr_gene_summary	2.0	silver	RFX3	resolved	gtr_clinical_testing_utilization	2405	73719b1774dbc8a2
8bad0907dc87fb8c	epilepsy	5993	ncbi_gene	ENSG00000143390	ensembl_gene	RFX5	gtr_epilepsy_gene_summary	GTR epilepsy gene summary	gtr_gene_summary	2.0	silver	RFX5	resolved	gtr_clinical_testing_utilization	2162	05815de2ebdc091f
f10de127bb63ecc4	epilepsy	8625	ncbi_gene	ENSG00000064490	ensembl_gene	RFXANK	gtr_epilepsy_gene_summary	GTR epilepsy gene summary	gtr_gene_summary	2.0	silver	RFXANK	resolved	gtr_clinical_testing_utilization	2163	d46a709a789b97ae
232f4a8b76456013	epilepsy	5994	ncbi_gene	ENSG00000133111	ensembl_gene	RFXAP	gtr_epilepsy_gene_summary	GTR epilepsy gene summary	gtr_gene_summary	2.0	silver	RFXAP	resolved	gtr_clinical_testing_utilization	2164	d751b4bf9a7141aa
2bcc7d4e74a89ef1	epilepsy	9628	ncbi_gene	ENSG00000182732	ensembl_gene	RGS6	gtr_epilepsy_gene_summary	GTR epilepsy gene summary	gtr_gene_summary	2.0	silver	RGS6	resolved	gtr_clinical_testing_utilization	2490	6e4874660373b2eb
5c9d579ac0148e01	epilepsy	440712	ncbi_gene	ENSG00000263961	ensembl_gene	RHEX	gtr_epilepsy_gene_summary	GTR epilepsy gene summary	gtr_gene_summary	2.0	silver	RHEX	resolved	gtr_clinical_testing_utilization	2491	54882390b862d1b7
0f489eecf3775cc2	epilepsy	23221	ncbi_gene	ENSG00000008853	ensembl_gene	RHOBTB2	genes4epilepsy	Genes4Epilepsy	literature_derived	1.0	bronze	RHOBTB2	resolved		805	0960248cd4a231fb
0f489eecf3775cc2	epilepsy	23221	ncbi_gene	ENSG00000008853	ensembl_gene	RHOBTB2	gtr_epilepsy_gene_summary	GTR epilepsy gene summary	gtr_gene_summary	2.0	silver	RHOBTB2	resolved	gtr_clinical_testing_utilization	191	5dcf6488e6abf101
3df9ab3d56bf5d2e	epilepsy	83547	ncbi_gene	ENSG00000274145	ensembl_gene	RILP	gtr_epilepsy_gene_summary	GTR epilepsy gene summary	gtr_gene_summary	2.0	silver	RILP	resolved	gtr_clinical_testing_utilization	3222	3eaf2aeb1c92bf07
c6186ec041fbb52b	epilepsy	22999	ncbi_gene	ENSG00000079841	ensembl_gene	RIMS1	gtr_epilepsy_gene_summary	GTR epilepsy gene summary	gtr_gene_summary	2.0	silver	RIMS1	resolved	gtr_clinical_testing_utilization	2492	f706be5c6387f1c1
8300446be419f393	epilepsy	54101	ncbi_gene	ENSG00000183421	ensembl_gene	RIPK4	gtr_epilepsy_gene_summary	GTR epilepsy gene summary	gtr_gene_summary	2.0	silver	RIPK4	resolved	gtr_clinical_testing_utilization	3223	c1c4550d652e9a3f
552bb2b60671913a	epilepsy	9750	ncbi_gene	ENSG00000111913	ensembl_gene	RIPOR2	gtr_epilepsy_gene_summary	GTR epilepsy gene summary	gtr_gene_summary	2.0	silver	RIPOR2	resolved	gtr_clinical_testing_utilization	2810	6798e7183a2d8eb1
99c3c7f8743da606	epilepsy	6016	ncbi_gene	ENSG00000143622	ensembl_gene	RIT1	gtr_epilepsy_gene_summary	GTR epilepsy gene summary	gtr_gene_summary	2.0	silver	RIT1	resolved	gtr_clinical_testing_utilization	1557	00cda648d238c618
2d3dbf51f5bcc131	epilepsy	6017	ncbi_gene	ENSG00000140522	ensembl_gene	RLBP1	gtr_epilepsy_gene_summary	GTR epilepsy gene summary	gtr_gene_summary	2.0	silver	RLBP1	resolved	gtr_clinical_testing_utilization	1474	b6436ca335655b40
f1e7973cd8278037	epilepsy	51132	ncbi_gene	ENSG00000131263	ensembl_gene	RLIM	gtr_epilepsy_gene_summary	GTR epilepsy gene summary	gtr_gene_summary	2.0	silver	RLIM	resolved	gtr_clinical_testing_utilization	3224	d023ffe2cea2b365
efb2b6be296bc084	epilepsy	55005	ncbi_gene	ENSG00000155906	ensembl_gene	RMND1	genes4epilepsy	Genes4Epilepsy	literature_derived	1.0	bronze	RMND1	resolved		806	09bcb6b57a8678dd
efb2b6be296bc084	epilepsy	55005	ncbi_gene	ENSG00000155906	ensembl_gene	RMND1	gtr_epilepsy_gene_summary	GTR epilepsy gene summary	gtr_gene_summary	2.0	silver	RMND1	resolved	gtr_clinical_testing_utilization	596	e95c30157426fcf0
9788d9a8606191f0	epilepsy	6023	ncbi_gene	ENSG00000277027	ensembl_gene	RMRP	gtr_epilepsy_gene_summary	GTR epilepsy gene summary	gtr_gene_summary	2.0	silver	RMRP	resolved	gtr_clinical_testing_utilization	2063	ff0382782664a16c
a5ff58709f237a35	epilepsy	246243	ncbi_gene	ENSG00000171865	ensembl_gene	RNASEH1	gtr_epilepsy_gene_summary	GTR epilepsy gene summary	gtr_gene_summary	2.0	silver	RNASEH1	resolved	gtr_clinical_testing_utilization	1197	c154904e47aabbfb
9b9f22a0b515e221	epilepsy	10535	ncbi_gene	ENSG00000104889	ensembl_gene	RNASEH2A	genes4epilepsy	Genes4Epilepsy	literature_derived	1.0	bronze	RNASEH2A	resolved		807	8072cc541b8b021e
9b9f22a0b515e221	epilepsy	10535	ncbi_gene	ENSG00000104889	ensembl_gene	RNASEH2A	gtr_epilepsy_gene_summary	GTR epilepsy gene summary	gtr_gene_summary	2.0	silver	RNASEH2A	resolved	gtr_clinical_testing_utilization	344	3991578f082d2c6c
e7f658a980a98d2c	epilepsy	79621	ncbi_gene	ENSG00000136104	ensembl_gene	RNASEH2B	genes4epilepsy	Genes4Epilepsy	literature_derived	1.0	bronze	RNASEH2B	resolved		808	e1829faabefd0523
e7f658a980a98d2c	epilepsy	79621	ncbi_gene	ENSG00000136104	ensembl_gene	RNASEH2B	gtr_epilepsy_gene_summary	GTR epilepsy gene summary	gtr_gene_summary	2.0	silver	RNASEH2B	resolved	gtr_clinical_testing_utilization	332	f868a53dca7a3ca6
c997017d8fe29537	epilepsy	84153	ncbi_gene	ENSG00000172922	ensembl_gene	RNASEH2C	genes4epilepsy	Genes4Epilepsy	literature_derived	1.0	bronze	RNASEH2C	resolved		809	404c62cec25a55b2
c997017d8fe29537	epilepsy	84153	ncbi_gene	ENSG00000172922	ensembl_gene	RNASEH2C	gtr_epilepsy_gene_summary	GTR epilepsy gene summary	gtr_gene_summary	2.0	silver	RNASEH2C	resolved	gtr_clinical_testing_utilization	272	e122ebadd84ba0ee
7e4edc6404c6a10c	epilepsy	8635	ncbi_gene	ENSG00000026297	ensembl_gene	RNASET2	genes4epilepsy	Genes4Epilepsy	literature_derived	1.0	bronze	RNASET2	resolved		810	a659d23244d11651
7e4edc6404c6a10c	epilepsy	8635	ncbi_gene	ENSG00000026297	ensembl_gene	RNASET2	gtr_epilepsy_gene_summary	GTR epilepsy gene summary	gtr_gene_summary	2.0	silver	RNASET2	resolved	gtr_clinical_testing_utilization	873	d97cebb69333c535
3946a2845a011ccc	epilepsy	7737	ncbi_gene	ENSG00000125352	ensembl_gene	RNF113A	genes4epilepsy	Genes4Epilepsy	literature_derived	1.0	bronze	RNF113A	resolved		811	b275d376663e9e18
3946a2845a011ccc	epilepsy	7737	ncbi_gene	ENSG00000125352	ensembl_gene	RNF113A	gtr_epilepsy_gene_summary	GTR epilepsy gene summary	gtr_gene_summary	2.0	silver	RNF113A	resolved	gtr_clinical_testing_utilization	1728	25161f602820eeac
763786007e654db2	epilepsy	54941	ncbi_gene	ENSG00000101695	ensembl_gene	RNF125	gtr_epilepsy_gene_summary	GTR epilepsy gene summary	gtr_gene_summary	2.0	silver	RNF125	resolved	gtr_clinical_testing_utilization	1208	39c7d6cff565e0f8
9d4503b55bacaf64	epilepsy	11342	ncbi_gene	ENSG00000082996	ensembl_gene	RNF13	genes4epilepsy	Genes4Epilepsy	literature_derived	1.0	bronze	RNF13	resolved		812	2cc88581a1d8e6cc
9d4503b55bacaf64	epilepsy	11342	ncbi_gene	ENSG00000082996	ensembl_gene	RNF13	gtr_epilepsy_gene_summary	GTR epilepsy gene summary	gtr_gene_summary	2.0	silver	RNF13	resolved	gtr_clinical_testing_utilization	833	8be9a991a9f3f89d
8609305b8cc9027e	epilepsy	84282	ncbi_gene	ENSG00000181481	ensembl_gene	RNF135	gtr_epilepsy_gene_summary	GTR epilepsy gene summary	gtr_gene_summary	2.0	silver	RNF135	resolved	gtr_clinical_testing_utilization	1251	1763b7c608f581b7
30f4f9aec5d5a277	epilepsy	81790	ncbi_gene	ENSG00000120925	ensembl_gene	RNF170	gtr_epilepsy_gene_summary	GTR epilepsy gene summary	gtr_gene_summary	2.0	silver	RNF170	resolved	gtr_clinical_testing_utilization	1871	151bdf0f475d32f8
2008c393cf27665c	epilepsy	54476	ncbi_gene	ENSG00000011275	ensembl_gene	RNF216	gtr_epilepsy_gene_summary	GTR epilepsy gene summary	gtr_gene_summary	2.0	silver	RNF216	resolved	gtr_clinical_testing_utilization	1235	d156db9f568b15d1
366183b402d5ac38	epilepsy	55072	ncbi_gene	ENSG00000092098	ensembl_gene	RNF31	gtr_epilepsy_gene_summary	GTR epilepsy gene summary	gtr_gene_summary	2.0	silver	RNF31	resolved	gtr_clinical_testing_utilization	2228	5c8ce5e343b09479
9fd1a61ce61fb168	epilepsy	55328	ncbi_gene	ENSG00000184719	ensembl_gene	RNLS	gtr_epilepsy_gene_summary	GTR epilepsy gene summary	gtr_gene_summary	2.0	silver	RNLS	resolved	gtr_clinical_testing_utilization	2493	c98d2d48044382d0
042357d95d166f36	epilepsy	26855	ncbi_gene	26855	unknown_namespace	RNU2-2	genes4epilepsy	Genes4Epilepsy	literature_derived	1.0	bronze	RNU2-2	symbol_only		813	54fd4709ac0da8cc
f3a49fe64176d1c8	epilepsy	26834	ncbi_gene	ENSG00000202538	ensembl_gene	RNU4-2	genes4epilepsy	Genes4Epilepsy	literature_derived	1.0	bronze	RNU4-2	resolved		814	a6e4ccd695449c21
6ca826b5ca902b03	epilepsy	100151683	ncbi_gene	ENSG00000264229	ensembl_gene	RNU4ATAC	genes4epilepsy	Genes4Epilepsy	literature_derived	1.0	bronze	RNU4ATAC	resolved		815	0c174c1e22c319d2
b5ad1879fec64da3	epilepsy	6091	ncbi_gene	ENSG00000169855	ensembl_gene	ROBO1	gtr_epilepsy_gene_summary	GTR epilepsy gene summary	gtr_gene_summary	2.0	silver	ROBO1	resolved	gtr_clinical_testing_utilization	1978	b38eb14981d80d4f
d0f4654fb2c96bef	epilepsy	64221	ncbi_gene	ENSG00000154134	ensembl_gene	ROBO3	gtr_epilepsy_gene_summary	GTR epilepsy gene summary	gtr_gene_summary	2.0	silver	ROBO3	resolved	gtr_clinical_testing_utilization	1953	f7e7e72b2966e8bc
38b8edd627f43922	epilepsy	79641	ncbi_gene	ENSG00000067836	ensembl_gene	ROGDI	genes4epilepsy	Genes4Epilepsy	literature_derived	1.0	bronze	ROGDI	resolved		816	9b6df5c02690e7ee
38b8edd627f43922	epilepsy	79641	ncbi_gene	ENSG00000067836	ensembl_gene	ROGDI	gtr_epilepsy_gene_summary	GTR epilepsy gene summary	gtr_gene_summary	2.0	silver	ROGDI	resolved	gtr_clinical_testing_utilization	71	95bf8ee479624c5d
40f3effcf46f8702	epilepsy	4920	ncbi_gene	ENSG00000169071	ensembl_gene	ROR2	gtr_epilepsy_gene_summary	GTR epilepsy gene summary	gtr_gene_summary	2.0	silver	ROR2	resolved	gtr_clinical_testing_utilization	2262	d2cee498b0aff14a
8e0b02c2fbd7c0f5	epilepsy	6095	ncbi_gene	ENSG00000069667	ensembl_gene	RORA	genes4epilepsy	Genes4Epilepsy	literature_derived	1.0	bronze	RORA	resolved		817	34aa3c5173216dc2
8e0b02c2fbd7c0f5	epilepsy	6095	ncbi_gene	ENSG00000069667	ensembl_gene	RORA	gtr_epilepsy_gene_summary	GTR epilepsy gene summary	gtr_gene_summary	2.0	silver	RORA	resolved	gtr_clinical_testing_utilization	1269	70cec24266542aec
7a0082e866cbf77e	epilepsy	6096	ncbi_gene	ENSG00000198963	ensembl_gene	RORB	genes4epilepsy	Genes4Epilepsy	literature_derived	1.0	bronze	RORB	resolved		818	4f6a529a4154e5da
7a0082e866cbf77e	epilepsy	6096	ncbi_gene	ENSG00000198963	ensembl_gene	RORB	gtr_epilepsy_gene_summary	GTR epilepsy gene summary	gtr_gene_summary	2.0	silver	RORB	resolved	gtr_clinical_testing_utilization	415	f0db36c7b2ed75db
1781be114e1c1649	epilepsy	6102	ncbi_gene	ENSG00000102218	ensembl_gene	RP2	gtr_epilepsy_gene_summary	GTR epilepsy gene summary	gtr_gene_summary	2.0	silver	RP2	resolved	gtr_clinical_testing_utilization	2110	072f019c64ea0670
6edb18f87bdd2213	epilepsy	6121	ncbi_gene	ENSG00000116745	ensembl_gene	RPE65	gtr_epilepsy_gene_summary	GTR epilepsy gene summary	gtr_gene_summary	2.0	silver	RPE65	resolved	gtr_clinical_testing_utilization	1499	3a69c571d552d36b
d23a2c62ca52270a	epilepsy	6103	ncbi_gene	ENSG00000156313	ensembl_gene	RPGR	gtr_epilepsy_gene_summary	GTR epilepsy gene summary	gtr_gene_summary	2.0	silver	RPGR	resolved	gtr_clinical_testing_utilization	2064	9dacd0ee80024fda
6fec3e8ef9de86d7	epilepsy	57096	ncbi_gene	ENSG00000092200	ensembl_gene	RPGRIP1	gtr_epilepsy_gene_summary	GTR epilepsy gene summary	gtr_gene_summary	2.0	silver	RPGRIP1	resolved	gtr_clinical_testing_utilization	2165	b842b0f5e09f9d85
7487a4c6b50f59b7	epilepsy	23322	ncbi_gene	ENSG00000103494	ensembl_gene	RPGRIP1L	gtr_epilepsy_gene_summary	GTR epilepsy gene summary	gtr_gene_summary	2.0	silver	RPGRIP1L	resolved	gtr_clinical_testing_utilization	800	5dbfa9bdeb7b8209
ae0f6574f5257ac2	epilepsy	22895	ncbi_gene	ENSG00000089169	ensembl_gene	RPH3A	genes4epilepsy	Genes4Epilepsy	literature_derived	1.0	bronze	RPH3A	resolved		819	7b4e4d12346efd4b
ae0f6574f5257ac2	epilepsy	22895	ncbi_gene	ENSG00000089169	ensembl_gene	RPH3A	gtr_epilepsy_gene_summary	GTR epilepsy gene summary	gtr_gene_summary	2.0	silver	RPH3A	resolved	gtr_clinical_testing_utilization	1785	b2c64721703de0aa
8533b0bf83f0e939	epilepsy	22934	ncbi_gene	ENSG00000153574	ensembl_gene	RPIA	genes4epilepsy	Genes4Epilepsy	literature_derived	1.0	bronze	RPIA	resolved		820	2d5296d062428167
8533b0bf83f0e939	epilepsy	22934	ncbi_gene	ENSG00000153574	ensembl_gene	RPIA	gtr_epilepsy_gene_summary	GTR epilepsy gene summary	gtr_gene_summary	2.0	silver	RPIA	resolved	gtr_clinical_testing_utilization	901	393736b78b6696b6
694a2c30ff1e31a7	epilepsy	6134	ncbi_gene	ENSG00000147403	ensembl_gene	RPL10	gtr_epilepsy_gene_summary	GTR epilepsy gene summary	gtr_gene_summary	2.0	silver	RPL10	resolved	gtr_clinical_testing_utilization	851	f4c0f809f9f2ac57
8cbef319ce131154	epilepsy	6135	ncbi_gene	ENSG00000142676	ensembl_gene	RPL11	gtr_epilepsy_gene_summary	GTR epilepsy gene summary	gtr_gene_summary	2.0	silver	RPL11	resolved	gtr_clinical_testing_utilization	2277	2492409547743805
37807a2a023a12cf	epilepsy	6139	ncbi_gene	ENSG00000265681	ensembl_gene	RPL17	gtr_epilepsy_gene_summary	GTR epilepsy gene summary	gtr_gene_summary	2.0	silver	RPL17	resolved	gtr_clinical_testing_utilization	3225	f8b5c28463c6feca
5f937106fb084eba	epilepsy	6143	ncbi_gene	ENSG00000108298	ensembl_gene	RPL19	gtr_epilepsy_gene_summary	GTR epilepsy gene summary	gtr_gene_summary	2.0	silver	RPL19	resolved	gtr_clinical_testing_utilization	1979	5a29425a28248eaf
5594eefd8f14ac78	epilepsy	9349	ncbi_gene	ENSG00000125691	ensembl_gene	RPL23	gtr_epilepsy_gene_summary	GTR epilepsy gene summary	gtr_gene_summary	2.0	silver	RPL23	resolved	gtr_clinical_testing_utilization	2811	9c70e3704dfbb79c
7069552a70d74e04	epilepsy	6160	ncbi_gene	ENSG00000071082	ensembl_gene	RPL31	gtr_epilepsy_gene_summary	GTR epilepsy gene summary	gtr_gene_summary	2.0	silver	RPL31	resolved	gtr_clinical_testing_utilization	1980	edd9891bd9835a00
cbabe9da1f11e713	epilepsy	6133	ncbi_gene	ENSG00000163682	ensembl_gene	RPL9	gtr_epilepsy_gene_summary	GTR epilepsy gene summary	gtr_gene_summary	2.0	silver	RPL9	resolved	gtr_clinical_testing_utilization	1981	13dd177844418855
1c8ce285d3e0529c	epilepsy	6185	ncbi_gene	ENSG00000291973	ensembl_gene	RPN2	gtr_epilepsy_gene_summary	GTR epilepsy gene summary	gtr_gene_summary	2.0	silver	RPN2	resolved	gtr_clinical_testing_utilization	2248	a80e7150cecae68d
a6a059920f2357b9	epilepsy	6218	ncbi_gene	ENSG00000182774	ensembl_gene	RPS17	gtr_epilepsy_gene_summary	GTR epilepsy gene summary	gtr_gene_summary	2.0	silver	RPS17	resolved	gtr_clinical_testing_utilization	2812	2179345dbd4051b8
2ea8208f22edc03c	epilepsy	6224	ncbi_gene	ENSG00000008988	ensembl_gene	RPS20	gtr_epilepsy_gene_summary	GTR epilepsy gene summary	gtr_gene_summary	2.0	silver	RPS20	resolved	gtr_clinical_testing_utilization	3226	ab363520d02a8fee
b7f609e3b80a8089	epilepsy	6228	ncbi_gene	ENSG00000186468	ensembl_gene	RPS23	gtr_epilepsy_gene_summary	GTR epilepsy gene summary	gtr_gene_summary	2.0	silver	RPS23	resolved	gtr_clinical_testing_utilization	2278	86695460f74860fc
b37e6c8527502a3a	epilepsy	6231	ncbi_gene	ENSG00000197728	ensembl_gene	RPS26	gtr_epilepsy_gene_summary	GTR epilepsy gene summary	gtr_gene_summary	2.0	silver	RPS26	resolved	gtr_clinical_testing_utilization	2706	29041d3da6101501
fb756b3aef4a0b83	epilepsy	6234	ncbi_gene	ENSG00000233927	ensembl_gene	RPS28	gtr_epilepsy_gene_summary	GTR epilepsy gene summary	gtr_gene_summary	2.0	silver	RPS28	resolved	gtr_clinical_testing_utilization	2707	b014bbd25517b0a4
6e6825ad9124fee8	epilepsy	6194	ncbi_gene	ENSG00000137154	ensembl_gene	RPS6	gtr_epilepsy_gene_summary	GTR epilepsy gene summary	gtr_gene_summary	2.0	silver	RPS6	resolved	gtr_clinical_testing_utilization	3227	31b6c3bfdba7cb43
1277a4421ef731f0	epilepsy	6197	ncbi_gene	ENSG00000177189	ensembl_gene	RPS6KA3	genes4epilepsy	Genes4Epilepsy	literature_derived	1.0	bronze	RPS6KA3	resolved		821	c4850c8c610d89dc
1277a4421ef731f0	epilepsy	6197	ncbi_gene	ENSG00000177189	ensembl_gene	RPS6KA3	gtr_epilepsy_gene_summary	GTR epilepsy gene summary	gtr_gene_summary	2.0	silver	RPS6KA3	resolved	gtr_clinical_testing_utilization	341	a4abb6a4209a1589
77169752f6517b9b	epilepsy	26750	ncbi_gene	ENSG00000136643	ensembl_gene	RPS6KC1	gtr_epilepsy_gene_summary	GTR epilepsy gene summary	gtr_gene_summary	2.0	silver	RPS6KC1	resolved	gtr_clinical_testing_utilization	2386	436e34b70e4daee3
42a95fb892d3726c	epilepsy	10670	ncbi_gene	ENSG00000155876	ensembl_gene	RRAGA	gtr_epilepsy_gene_summary	GTR epilepsy gene summary	gtr_gene_summary	2.0	silver	RRAGA	resolved	gtr_clinical_testing_utilization	2494	59d40e4978ec6577
0c81b2e800eafe01	epilepsy	6237	ncbi_gene	ENSG00000126458	ensembl_gene	RRAS	gtr_epilepsy_gene_summary	GTR epilepsy gene summary	gtr_gene_summary	2.0	silver	RRAS	resolved	gtr_clinical_testing_utilization	860	7288c7440aae0272
4b682b39464840ed	epilepsy	6239	ncbi_gene	ENSG00000124782	ensembl_gene	RREB1	gtr_epilepsy_gene_summary	GTR epilepsy gene summary	gtr_gene_summary	2.0	silver	RREB1	resolved	gtr_clinical_testing_utilization	3228	0c9d0bbfb0369f72
9d7b0f81483106e1	epilepsy	50484	ncbi_gene	ENSG00000048392	ensembl_gene	RRM2B	genes4epilepsy	Genes4Epilepsy	literature_derived	1.0	bronze	RRM2B	resolved		822	294487278f4dff33
9d7b0f81483106e1	epilepsy	50484	ncbi_gene	ENSG00000048392	ensembl_gene	RRM2B	gtr_epilepsy_gene_summary	GTR epilepsy gene summary	gtr_gene_summary	2.0	silver	RRM2B	resolved	gtr_clinical_testing_utilization	229	8243b139a9c7e424
2be4d750b3ccc8c6	epilepsy	6247	ncbi_gene	ENSG00000102104	ensembl_gene	RS1	gtr_epilepsy_gene_summary	GTR epilepsy gene summary	gtr_gene_summary	2.0	silver	RS1	resolved	gtr_clinical_testing_utilization	1419	4076d26b3553e843
f7803f13eb57c51e	epilepsy	51773	ncbi_gene	ENSG00000048649	ensembl_gene	RSF1	genes4epilepsy	Genes4Epilepsy	literature_derived	1.0	bronze	RSF1	resolved		823	d9fbc7a6e9c9a26a
6ff483480d9737c3	epilepsy	89970	ncbi_gene	ENSG00000159579	ensembl_gene	RSPRY1	gtr_epilepsy_gene_summary	GTR epilepsy gene summary	gtr_gene_summary	2.0	silver	RSPRY1	resolved	gtr_clinical_testing_utilization	2813	fa1c8359594f4f3e
2c2f456782a5be4b	epilepsy	83546	ncbi_gene	ENSG00000132026	ensembl_gene	RTBDN	gtr_epilepsy_gene_summary	GTR epilepsy gene summary	gtr_gene_summary	2.0	silver	RTBDN	resolved	gtr_clinical_testing_utilization	2495	cec212f9c8ed2386
fe156057b766aa59	epilepsy	51750	ncbi_gene	ENSG00000258366	ensembl_gene	RTEL1	gtr_epilepsy_gene_summary	GTR epilepsy gene summary	gtr_gene_summary	2.0	silver	RTEL1	resolved	gtr_clinical_testing_utilization	1421	0d2348e0d583a124
ad01bf8c3bb0acc6	epilepsy	6253	ncbi_gene	ENSG00000125744	ensembl_gene	RTN2	gtr_epilepsy_gene_summary	GTR epilepsy gene summary	gtr_gene_summary	2.0	silver	RTN2	resolved	gtr_clinical_testing_utilization	1848	dad8521ed2bd66ed
049a67f49f84773b	epilepsy	84816	ncbi_gene	ENSG00000130347	ensembl_gene	RTN4IP1	genes4epilepsy	Genes4Epilepsy	literature_derived	1.0	bronze	RTN4IP1	resolved		824	0a8b81498d47b46f
049a67f49f84773b	epilepsy	84816	ncbi_gene	ENSG00000130347	ensembl_gene	RTN4IP1	gtr_epilepsy_gene_summary	GTR epilepsy gene summary	gtr_gene_summary	2.0	silver	RTN4IP1	resolved	gtr_clinical_testing_utilization	152	c8b1f6a42608381c
e58ec0dbd819e0af	epilepsy	65078	ncbi_gene	ENSG00000040608	ensembl_gene	RTN4R	gtr_epilepsy_gene_summary	GTR epilepsy gene summary	gtr_gene_summary	2.0	silver	RTN4R	resolved	gtr_clinical_testing_utilization	2814	8cf84ccdaf0b9df8
9524cb201c520f71	epilepsy	25914	ncbi_gene	ENSG00000176225	ensembl_gene	RTTN	genes4epilepsy	Genes4Epilepsy	literature_derived	1.0	bronze	RTTN	resolved		825	897876cba73ca880
9524cb201c520f71	epilepsy	25914	ncbi_gene	ENSG00000176225	ensembl_gene	RTTN	gtr_epilepsy_gene_summary	GTR epilepsy gene summary	gtr_gene_summary	2.0	silver	RTTN	resolved	gtr_clinical_testing_utilization	177	5e24a6a43c007275
6125249b9df96a29	epilepsy	9711	ncbi_gene	ENSG00000145016	ensembl_gene	RUBCN	gtr_epilepsy_gene_summary	GTR epilepsy gene summary	gtr_gene_summary	2.0	silver	RUBCN	resolved	gtr_clinical_testing_utilization	641	ba51e2790c12eeaa
51e036f3f86ade64	epilepsy	860	ncbi_gene	ENSG00000124813	ensembl_gene	RUNX2	gtr_epilepsy_gene_summary	GTR epilepsy gene summary	gtr_gene_summary	2.0	silver	RUNX2	resolved	gtr_clinical_testing_utilization	2193	3f63ffee94d39e15
8bca82f4582979f8	epilepsy	9853	ncbi_gene	ENSG00000198853	ensembl_gene	RUSC2	genes4epilepsy	Genes4Epilepsy	literature_derived	1.0	bronze	RUSC2	resolved		826	9b6e38963184aa09
6256f065d3e9c433	epilepsy	10329	ncbi_gene	ENSG00000118600	ensembl_gene	RXYLT1	genes4epilepsy	Genes4Epilepsy	literature_derived	1.0	bronze	RXYLT1	resolved		827	fa634a06c9bdce44
6256f065d3e9c433	epilepsy	10329	ncbi_gene	ENSG00000118600	ensembl_gene	RXYLT1	gtr_epilepsy_gene_summary	GTR epilepsy gene summary	gtr_gene_summary	2.0	silver	RXYLT1	resolved	gtr_clinical_testing_utilization	961	2edd93a5ecde8dc0
478e469e4eb2ca8e	epilepsy	6261	ncbi_gene	ENSG00000196218	ensembl_gene	RYR1	gtr_epilepsy_gene_summary	GTR epilepsy gene summary	gtr_gene_summary	2.0	silver	RYR1	resolved	gtr_clinical_testing_utilization	1253	0cb570c209287259
230a0db0b623cda4	epilepsy	6262	ncbi_gene	ENSG00000198626	ensembl_gene	RYR2	gtr_epilepsy_gene_summary	GTR epilepsy gene summary	gtr_gene_summary	2.0	silver	RYR2	resolved	gtr_clinical_testing_utilization	544	379d2ee71891fa0d
adbcac8ddf3052b6	epilepsy	6263	ncbi_gene	ENSG00000198838	ensembl_gene	RYR3	genes4epilepsy	Genes4Epilepsy	literature_derived	1.0	bronze	RYR3	resolved		828	1abbe5eaba80aa1b
adbcac8ddf3052b6	epilepsy	6263	ncbi_gene	ENSG00000198838	ensembl_gene	RYR3	gtr_epilepsy_gene_summary	GTR epilepsy gene summary	gtr_gene_summary	2.0	silver	RYR3	resolved	gtr_clinical_testing_utilization	3229	c48aa85b9dfd54c8
8f6cd15545078553	epilepsy	9294	ncbi_gene	ENSG00000267534	ensembl_gene	S1PR2	gtr_epilepsy_gene_summary	GTR epilepsy gene summary	gtr_gene_summary	2.0	silver	S1PR2	resolved	gtr_clinical_testing_utilization	2815	2ca6c77621caa595
df916ecc0b038e16	epilepsy	26278	ncbi_gene	ENSG00000151835	ensembl_gene	SACS	genes4epilepsy	Genes4Epilepsy	literature_derived	1.0	bronze	SACS	resolved		829	a338a35491906c0a
df916ecc0b038e16	epilepsy	26278	ncbi_gene	ENSG00000151835	ensembl_gene	SACS	gtr_epilepsy_gene_summary	GTR epilepsy gene summary	gtr_gene_summary	2.0	silver	SACS	resolved	gtr_clinical_testing_utilization	767	551a2f7558360539
18563a7c1986deae	epilepsy	6299	ncbi_gene	ENSG00000103449	ensembl_gene	SALL1	gtr_epilepsy_gene_summary	GTR epilepsy gene summary	gtr_gene_summary	2.0	silver	SALL1	resolved	gtr_clinical_testing_utilization	822	0d5a328d7d25837a
307b89b9090311bb	epilepsy	57167	ncbi_gene	ENSG00000101115	ensembl_gene	SALL4	gtr_epilepsy_gene_summary	GTR epilepsy gene summary	gtr_gene_summary	2.0	silver	SALL4	resolved	gtr_clinical_testing_utilization	1105	b301bb843229ba5c
36297d94177e14d8	epilepsy	148398	ncbi_gene	ENSG00000187634	ensembl_gene	SAMD11	gtr_epilepsy_gene_summary	GTR epilepsy gene summary	gtr_gene_summary	2.0	silver	SAMD11	resolved	gtr_clinical_testing_utilization	1786	5b9fb7f4d4752e30
b0f7b2fea5eb4d15	epilepsy	401474	ncbi_gene	ENSG00000177570	ensembl_gene	SAMD12	genes4epilepsy	Genes4Epilepsy	literature_derived	1.0	bronze	SAMD12	resolved		830	cd3ff762f2728481
b0f7b2fea5eb4d15	epilepsy	401474	ncbi_gene	ENSG00000177570	ensembl_gene	SAMD12	gtr_epilepsy_gene_summary	GTR epilepsy gene summary	gtr_gene_summary	2.0	silver	SAMD12	resolved	gtr_clinical_testing_utilization	3230	497a02650833cbe1
c62a5e00b07d32e2	epilepsy	201191	ncbi_gene	ENSG00000167100	ensembl_gene	SAMD14	gtr_epilepsy_gene_summary	GTR epilepsy gene summary	gtr_gene_summary	2.0	silver	SAMD14	resolved	gtr_clinical_testing_utilization	3231	9cf9968953840dbb
6da52e1591c2aabd	epilepsy	54809	ncbi_gene	ENSG00000205413	ensembl_gene	SAMD9	gtr_epilepsy_gene_summary	GTR epilepsy gene summary	gtr_gene_summary	2.0	silver	SAMD9	resolved	gtr_clinical_testing_utilization	1767	045ec7d1e248b307
5f5bc451d77b823f	epilepsy	25939	ncbi_gene	ENSG00000101347	ensembl_gene	SAMHD1	genes4epilepsy	Genes4Epilepsy	literature_derived	1.0	bronze	SAMHD1	resolved		831	bee4122d7e1d51f6
5f5bc451d77b823f	epilepsy	25939	ncbi_gene	ENSG00000101347	ensembl_gene	SAMHD1	gtr_epilepsy_gene_summary	GTR epilepsy gene summary	gtr_gene_summary	2.0	silver	SAMHD1	resolved	gtr_clinical_testing_utilization	345	5991248f2dfdb524
74d441d4fafd99ca	epilepsy	6301	ncbi_gene	ENSG00000031698	ensembl_gene	SARS1	gtr_epilepsy_gene_summary	GTR epilepsy gene summary	gtr_gene_summary	2.0	silver	SARS1	resolved	gtr_clinical_testing_utilization	2015	b07f27cac39e7b45
c038ab5e5fea163c	epilepsy	54938	ncbi_gene	ENSG00000283104	ensembl_gene	SARS2	gtr_epilepsy_gene_summary	GTR epilepsy gene summary	gtr_gene_summary	2.0	silver	SARS2	resolved	gtr_clinical_testing_utilization	512	c6d6c6ef38a534f8
01aa68aad77dddfc	epilepsy	163786	ncbi_gene	ENSG00000156876	ensembl_gene	SASS6	gtr_epilepsy_gene_summary	GTR epilepsy gene summary	gtr_gene_summary	2.0	silver	SASS6	resolved	gtr_clinical_testing_utilization	1613	6a65f1267ea7f4bd
a400fc9562144a2d	epilepsy	6304	ncbi_gene	ENSG00000182568	ensembl_gene	SATB1	genes4epilepsy	Genes4Epilepsy	literature_derived	1.0	bronze	SATB1	resolved		832	333ef13abdc08d1e
1099978cf4bb7d20	epilepsy	23314	ncbi_gene	ENSG00000119042	ensembl_gene	SATB2	genes4epilepsy	Genes4Epilepsy	literature_derived	1.0	bronze	SATB2	resolved		833	fc692998332e8537
1099978cf4bb7d20	epilepsy	23314	ncbi_gene	ENSG00000119042	ensembl_gene	SATB2	gtr_epilepsy_gene_summary	GTR epilepsy gene summary	gtr_gene_summary	2.0	silver	SATB2	resolved	gtr_clinical_testing_utilization	475	6f4c192f7cc5f6f0
e04ead50ab3e0743	epilepsy	51119	ncbi_gene	ENSG00000126524	ensembl_gene	SBDS	gtr_epilepsy_gene_summary	GTR epilepsy gene summary	gtr_gene_summary	2.0	silver	SBDS	resolved	gtr_clinical_testing_utilization	3232	f27d345cc7dc80b9
530965fefe1e300d	epilepsy	81846	ncbi_gene	ENSG00000133812	ensembl_gene	SBF2	gtr_epilepsy_gene_summary	GTR epilepsy gene summary	gtr_gene_summary	2.0	silver	SBF2	resolved	gtr_clinical_testing_utilization	3233	b59c81468e335c3e
31de9ae125db1570	epilepsy	6309	ncbi_gene	ENSG00000109929	ensembl_gene	SC5D	gtr_epilepsy_gene_summary	GTR epilepsy gene summary	gtr_gene_summary	2.0	silver	SC5D	resolved	gtr_clinical_testing_utilization	1244	8f8098a81fcaa29b
43fa338debd51daa	epilepsy	57466	ncbi_gene	ENSG00000156304	ensembl_gene	SCAF4	genes4epilepsy	Genes4Epilepsy	literature_derived	1.0	bronze	SCAF4	resolved		834	bfaee8dc4fee1cf5
62572227b3e8e056	epilepsy	192683	ncbi_gene	ENSG00000198794	ensembl_gene	SCAMP5	genes4epilepsy	Genes4Epilepsy	literature_derived	1.0	bronze	SCAMP5	resolved		835	48c49008a9063e5d
ecae0c3f9e9445f3	epilepsy	949	ncbi_gene	ENSG00000073060	ensembl_gene	SCARB1	gtr_epilepsy_gene_summary	GTR epilepsy gene summary	gtr_gene_summary	2.0	silver	SCARB1	resolved	gtr_clinical_testing_utilization	2548	a1c6c91fba46d4f0
17cbda1a5714f7f1	epilepsy	950	ncbi_gene	ENSG00000138760	ensembl_gene	SCARB2	genes4epilepsy	Genes4Epilepsy	literature_derived	1.0	bronze	SCARB2	resolved		836	0d9b20a2ee6e58af
17cbda1a5714f7f1	epilepsy	950	ncbi_gene	ENSG00000138760	ensembl_gene	SCARB2	gtr_epilepsy_gene_summary	GTR epilepsy gene summary	gtr_gene_summary	2.0	silver	SCARB2	resolved	gtr_clinical_testing_utilization	28	38b3b4fa09d359c5
27e2361675b215a7	epilepsy	91179	ncbi_gene	ENSG00000244486	ensembl_gene	SCARF2	gtr_epilepsy_gene_summary	GTR epilepsy gene summary	gtr_gene_summary	2.0	silver	SCARF2	resolved	gtr_clinical_testing_utilization	3234	25bbd71ed3acc480
e32c6424063ddb0b	epilepsy	132320	ncbi_gene	ENSG00000151466	ensembl_gene	SCLT1	gtr_epilepsy_gene_summary	GTR epilepsy gene summary	gtr_gene_summary	2.0	silver	SCLT1	resolved	gtr_clinical_testing_utilization	1627	4f556f172cf16e50
72d739de1dde7837	epilepsy	6336	ncbi_gene	ENSG00000185313	ensembl_gene	SCN10A	genes4epilepsy	Genes4Epilepsy	literature_derived	1.0	bronze	SCN10A	resolved		837	c5bc87b09ccca0b1
72d739de1dde7837	epilepsy	6336	ncbi_gene	ENSG00000185313	ensembl_gene	SCN10A	gtr_epilepsy_gene_summary	GTR epilepsy gene summary	gtr_gene_summary	2.0	silver	SCN10A	resolved	gtr_clinical_testing_utilization	1722	bf9e8b60f96f6d0e
230b3ce1d84a7bc5	epilepsy	11280	ncbi_gene	ENSG00000168356	ensembl_gene	SCN11A	gtr_epilepsy_gene_summary	GTR epilepsy gene summary	gtr_gene_summary	2.0	silver	SCN11A	resolved	gtr_clinical_testing_utilization	3235	91230d32dc7e32b6
b9bff58ea0611f8f	epilepsy		ensembl_gene	ENSG00000144285	ensembl_gene	SCN1A	epi25_2024_epi_high_confidence	Epi25 2024 EPI high-confidence genes	consortium_wes_burden	3.0	gold	SCN1A	resolved		4	a7de29acddaecad9
b9bff58ea0611f8f	epilepsy	6323	ncbi_gene	ENSG00000144285	ensembl_gene	SCN1A	genes4epilepsy	Genes4Epilepsy	literature_derived	1.0	bronze	SCN1A	resolved		838	95f713e8bb5552fe
b9bff58ea0611f8f	epilepsy	6323	ncbi_gene	ENSG00000144285	ensembl_gene	SCN1A	gtr_epilepsy_gene_summary	GTR epilepsy gene summary	gtr_gene_summary	2.0	silver	SCN1A	resolved	gtr_clinical_testing_utilization	1	96431e5630471dbc
d44076b5602ee7a7	epilepsy	6324	ncbi_gene	ENSG00000105711	ensembl_gene	SCN1B	genes4epilepsy	Genes4Epilepsy	literature_derived	1.0	bronze	SCN1B	resolved		839	66d97207d4af99e6
d44076b5602ee7a7	epilepsy	6324	ncbi_gene	ENSG00000105711	ensembl_gene	SCN1B	gtr_epilepsy_gene_summary	GTR epilepsy gene summary	gtr_gene_summary	2.0	silver	SCN1B	resolved	gtr_clinical_testing_utilization	10	bc3561bd8a2c5c86
29e26a5d7ea7c1a1	epilepsy	6326	ncbi_gene	ENSG00000136531	ensembl_gene	SCN2A	genes4epilepsy	Genes4Epilepsy	literature_derived	1.0	bronze	SCN2A	resolved		840	2ab0115db452366d
29e26a5d7ea7c1a1	epilepsy	6326	ncbi_gene	ENSG00000136531	ensembl_gene	SCN2A	gtr_epilepsy_gene_summary	GTR epilepsy gene summary	gtr_gene_summary	2.0	silver	SCN2A	resolved	gtr_clinical_testing_utilization	6	b6d20aae6d780ff5
8733e8f798da38c2	epilepsy	6327	ncbi_gene	ENSG00000149575	ensembl_gene	SCN2B	gtr_epilepsy_gene_summary	GTR epilepsy gene summary	gtr_gene_summary	2.0	silver	SCN2B	resolved	gtr_clinical_testing_utilization	1151	b0011d1c163c5252
3091f3d9f7b3f7d7	epilepsy	6328	ncbi_gene	ENSG00000153253	ensembl_gene	SCN3A	genes4epilepsy	Genes4Epilepsy	literature_derived	1.0	bronze	SCN3A	resolved		841	1f2a762d95fb2dc4
3091f3d9f7b3f7d7	epilepsy	6328	ncbi_gene	ENSG00000153253	ensembl_gene	SCN3A	gtr_epilepsy_gene_summary	GTR epilepsy gene summary	gtr_gene_summary	2.0	silver	SCN3A	resolved	gtr_clinical_testing_utilization	123	a3ddc4adba8674b2
57feb5ed3c36ebc5	epilepsy	55800	ncbi_gene	ENSG00000166257	ensembl_gene	SCN3B	gtr_epilepsy_gene_summary	GTR epilepsy gene summary	gtr_gene_summary	2.0	silver	SCN3B	resolved	gtr_clinical_testing_utilization	863	0382cf29f985cfbe
e17cf6ef35187a75	epilepsy	6329	ncbi_gene	ENSG00000007314	ensembl_gene	SCN4A	gtr_epilepsy_gene_summary	GTR epilepsy gene summary	gtr_gene_summary	2.0	silver	SCN4A	resolved	gtr_clinical_testing_utilization	3236	76654ace897bafd6
18db6d01541b71da	epilepsy	6330	ncbi_gene	ENSG00000177098	ensembl_gene	SCN4B	gtr_epilepsy_gene_summary	GTR epilepsy gene summary	gtr_gene_summary	2.0	silver	SCN4B	resolved	gtr_clinical_testing_utilization	1186	9eba7a18bdb1fab4
7be14d1b1ebd9a42	epilepsy	6331	ncbi_gene	ENSG00000183873	ensembl_gene	SCN5A	gtr_epilepsy_gene_summary	GTR epilepsy gene summary	gtr_gene_summary	2.0	silver	SCN5A	resolved	gtr_clinical_testing_utilization	1121	e91eb971267b9066
dd913637ef870e57	epilepsy	6332	ncbi_gene	ENSG00000136546	ensembl_gene	SCN7A	gtr_epilepsy_gene_summary	GTR epilepsy gene summary	gtr_gene_summary	2.0	silver	SCN7A	resolved	gtr_clinical_testing_utilization	3237	24e9a9eb9d02ffeb
3e1ea8970228d1d6	epilepsy	6334	ncbi_gene	ENSG00000196876	ensembl_gene	SCN8A	genes4epilepsy	Genes4Epilepsy	literature_derived	1.0	bronze	SCN8A	resolved		842	5c80ee9c67fab10c
3e1ea8970228d1d6	epilepsy	6334	ncbi_gene	ENSG00000196876	ensembl_gene	SCN8A	gtr_epilepsy_gene_summary	GTR epilepsy gene summary	gtr_gene_summary	2.0	silver	SCN8A	resolved	gtr_clinical_testing_utilization	20	2dadcb507eebcd18
4e4869837ac2a0d0	epilepsy	6335	ncbi_gene	ENSG00000169432	ensembl_gene	SCN9A	gtr_epilepsy_gene_summary	GTR epilepsy gene summary	gtr_gene_summary	2.0	silver	SCN9A	resolved	gtr_clinical_testing_utilization	83	b3968d9dad2f12d5
91f09ec66a564c87	epilepsy	79005	ncbi_gene	ENSG00000163156	ensembl_gene	SCNM1	gtr_epilepsy_gene_summary	GTR epilepsy gene summary	gtr_gene_summary	2.0	silver	SCNM1	resolved	gtr_clinical_testing_utilization	3238	6c272c4a2e4b7d49
fcb385e6909f24b7	epilepsy	6341	ncbi_gene	ENSG00000133028	ensembl_gene	SCO1	genes4epilepsy	Genes4Epilepsy	literature_derived	1.0	bronze	SCO1	resolved		843	d6a9f014a6116599
fcb385e6909f24b7	epilepsy	6341	ncbi_gene	ENSG00000133028	ensembl_gene	SCO1	gtr_epilepsy_gene_summary	GTR epilepsy gene summary	gtr_gene_summary	2.0	silver	SCO1	resolved	gtr_clinical_testing_utilization	353	19b42acae4537792
6aa336cd28fd8354	epilepsy	9997	ncbi_gene	ENSG00000284194	ensembl_gene	SCO2	genes4epilepsy	Genes4Epilepsy	literature_derived	1.0	bronze	SCO2	resolved		844	33126ecd42b1ed4b
6aa336cd28fd8354	epilepsy	9997	ncbi_gene	ENSG00000284194	ensembl_gene	SCO2	gtr_epilepsy_gene_summary	GTR epilepsy gene summary	gtr_gene_summary	2.0	silver	SCO2	resolved	gtr_clinical_testing_utilization	419	7df113c35cdb1973
df424dc55b488a6c	epilepsy	6342	ncbi_gene	ENSG00000116171	ensembl_gene	SCP2	gtr_epilepsy_gene_summary	GTR epilepsy gene summary	gtr_gene_summary	2.0	silver	SCP2	resolved	gtr_clinical_testing_utilization	2898	ed7302ac7a7f7428
eda4cde72a639b8e	epilepsy	57410	ncbi_gene	ENSG00000142186	ensembl_gene	SCYL1	gtr_epilepsy_gene_summary	GTR epilepsy gene summary	gtr_gene_summary	2.0	silver	SCYL1	resolved	gtr_clinical_testing_utilization	1826	23b7124c507fc93d
42596cdd4091b004	epilepsy	10806	ncbi_gene	ENSG00000276111	ensembl_gene	SDCCAG8	gtr_epilepsy_gene_summary	GTR epilepsy gene summary	gtr_gene_summary	2.0	silver	SDCCAG8	resolved	gtr_clinical_testing_utilization	1475	0d94514ed2c1bac6
1c6b39fcbf6415e2	epilepsy	6389	ncbi_gene	ENSG00000073578	ensembl_gene	SDHA	genes4epilepsy	Genes4Epilepsy	literature_derived	1.0	bronze	SDHA	resolved		845	195539572849da08
1c6b39fcbf6415e2	epilepsy	6389	ncbi_gene	ENSG00000073578	ensembl_gene	SDHA	gtr_epilepsy_gene_summary	GTR epilepsy gene summary	gtr_gene_summary	2.0	silver	SDHA	resolved	gtr_clinical_testing_utilization	637	26be65130443698f
db67126c854f5f77	epilepsy	644096	ncbi_gene	ENSG00000205138	ensembl_gene	SDHAF1	gtr_epilepsy_gene_summary	GTR epilepsy gene summary	gtr_gene_summary	2.0	silver	SDHAF1	resolved	gtr_clinical_testing_utilization	375	684985b3d27ba851
751742cb021e0748	epilepsy	54949	ncbi_gene	ENSG00000167985	ensembl_gene	SDHAF2	gtr_epilepsy_gene_summary	GTR epilepsy gene summary	gtr_gene_summary	2.0	silver	SDHAF2	resolved	gtr_clinical_testing_utilization	1538	b23d3b4b42c9856d
d64826442ba39365	epilepsy	57001	ncbi_gene	ENSG00000196636	ensembl_gene	SDHAF3	gtr_epilepsy_gene_summary	GTR epilepsy gene summary	gtr_gene_summary	2.0	silver	SDHAF3	resolved	gtr_clinical_testing_utilization	2496	23a98483540f0030
ab8e71f77bc83714	epilepsy	135154	ncbi_gene	ENSG00000154079	ensembl_gene	SDHAF4	gtr_epilepsy_gene_summary	GTR epilepsy gene summary	gtr_gene_summary	2.0	silver	SDHAF4	resolved	gtr_clinical_testing_utilization	2497	b0afe855fdfa0c50
651e3b3a0462a8ef	epilepsy	6390	ncbi_gene	ENSG00000117118	ensembl_gene	SDHB	gtr_epilepsy_gene_summary	GTR epilepsy gene summary	gtr_gene_summary	2.0	silver	SDHB	resolved	gtr_clinical_testing_utilization	1539	f87714d3541d5fbe
4dba3fab70605291	epilepsy	6391	ncbi_gene	ENSG00000143252	ensembl_gene	SDHC	gtr_epilepsy_gene_summary	GTR epilepsy gene summary	gtr_gene_summary	2.0	silver	SDHC	resolved	gtr_clinical_testing_utilization	1540	ccf304c5528e6942
277f8584050776f6	epilepsy	6392	ncbi_gene	ENSG00000204370	ensembl_gene	SDHD	gtr_epilepsy_gene_summary	GTR epilepsy gene summary	gtr_gene_summary	2.0	silver	SDHD	resolved	gtr_clinical_testing_utilization	1116	8664aafca514f6d9
d5b4624c8c036626	epilepsy	121214	ncbi_gene	ENSG00000170426	ensembl_gene	SDR9C7	gtr_epilepsy_gene_summary	GTR epilepsy gene summary	gtr_gene_summary	2.0	silver	SDR9C7	resolved	gtr_clinical_testing_utilization	2166	9bafcf504ef933fa
9957f59e00b63942	epilepsy	10483	ncbi_gene	ENSG00000101310	ensembl_gene	SEC23B	gtr_epilepsy_gene_summary	GTR epilepsy gene summary	gtr_gene_summary	2.0	silver	SEC23B	resolved	gtr_clinical_testing_utilization	2899	d9f742695d879970
1aeb4af1ab78f089	epilepsy	9632	ncbi_gene	ENSG00000176986	ensembl_gene	SEC24C	gtr_epilepsy_gene_summary	GTR epilepsy gene summary	gtr_gene_summary	2.0	silver	SEC24C	resolved	gtr_clinical_testing_utilization	3239	a25d0d433672cd29
728d694be014dab3	epilepsy	9871	ncbi_gene	ENSG00000150961	ensembl_gene	SEC24D	gtr_epilepsy_gene_summary	GTR epilepsy gene summary	gtr_gene_summary	2.0	silver	SEC24D	resolved	gtr_clinical_testing_utilization	3240	e5fca1daee7ca507
aeecf7eb7271ed15	epilepsy	22872	ncbi_gene	ENSG00000138674	ensembl_gene	SEC31A	gtr_epilepsy_gene_summary	GTR epilepsy gene summary	gtr_gene_summary	2.0	silver	SEC31A	resolved	gtr_clinical_testing_utilization	3241	3bad11407ce8ea55
5eeaea564dce8a4f	epilepsy	29927	ncbi_gene	ENSG00000058262	ensembl_gene	SEC61A1	gtr_epilepsy_gene_summary	GTR epilepsy gene summary	gtr_gene_summary	2.0	silver	SEC61A1	resolved	gtr_clinical_testing_utilization	2816	db0a6bf5d170988e
7b3fcd8eda3bb9f4	epilepsy	85465	ncbi_gene	ENSG00000138018	ensembl_gene	SELENOI	gtr_epilepsy_gene_summary	GTR epilepsy gene summary	gtr_gene_summary	2.0	silver	SELENOI	resolved	gtr_clinical_testing_utilization	3242	aaab75eecacf0704
88f8f36409ad2181	epilepsy	57190	ncbi_gene	ENSG00000162430	ensembl_gene	SELENON	gtr_epilepsy_gene_summary	GTR epilepsy gene summary	gtr_gene_summary	2.0	silver	SELENON	resolved	gtr_clinical_testing_utilization	1112	29ec86e39b30eee3
40dcde21b9e1f20a	epilepsy	7979	ncbi_gene	ENSG00000127922	ensembl_gene	SEM1	gtr_epilepsy_gene_summary	GTR epilepsy gene summary	gtr_gene_summary	2.0	silver	SEM1	resolved	gtr_clinical_testing_utilization	2194	0719730f7ff11fe5
e2f232460cfa028e	epilepsy	9723	ncbi_gene	ENSG00000170381	ensembl_gene	SEMA3E	gtr_epilepsy_gene_summary	GTR epilepsy gene summary	gtr_gene_summary	2.0	silver	SEMA3E	resolved	gtr_clinical_testing_utilization	1380	9d011628efb05ce3
56711a6144dac898	epilepsy	6405	ncbi_gene	ENSG00000001617	ensembl_gene	SEMA3F	gtr_epilepsy_gene_summary	GTR epilepsy gene summary	gtr_gene_summary	2.0	silver	SEMA3F	resolved	gtr_clinical_testing_utilization	2580	635940680ec07c1b
4940c7eb153d8de7	epilepsy	57556	ncbi_gene	ENSG00000092421	ensembl_gene	SEMA6A	gtr_epilepsy_gene_summary	GTR epilepsy gene summary	gtr_gene_summary	2.0	silver	SEMA6A	resolved	gtr_clinical_testing_utilization	2498	c9ed8146ac96794c
dc87e8ecfd1c74c7	epilepsy	10501	ncbi_gene	ENSG00000167680	ensembl_gene	SEMA6B	genes4epilepsy	Genes4Epilepsy	literature_derived	1.0	bronze	SEMA6B	resolved		846	8dc636fb3af0231b
dc87e8ecfd1c74c7	epilepsy	10501	ncbi_gene	ENSG00000167680	ensembl_gene	SEMA6B	gtr_epilepsy_gene_summary	GTR epilepsy gene summary	gtr_gene_summary	2.0	silver	SEMA6B	resolved	gtr_clinical_testing_utilization	2358	fce8e78bb41bc725
8815d9908942cf25	epilepsy	51091	ncbi_gene	ENSG00000109618	ensembl_gene	SEPSECS	genes4epilepsy	Genes4Epilepsy	literature_derived	1.0	bronze	SEPSECS	resolved		847	6b705aca3b0da868
8815d9908942cf25	epilepsy	51091	ncbi_gene	ENSG00000109618	ensembl_gene	SEPSECS	gtr_epilepsy_gene_summary	GTR epilepsy gene summary	gtr_gene_summary	2.0	silver	SEPSECS	resolved	gtr_clinical_testing_utilization	441	9f9362e15bd57ec2
ad9312ae2197f342	epilepsy	23157	ncbi_gene	ENSG00000125354	ensembl_gene	SEPTIN6	gtr_epilepsy_gene_summary	GTR epilepsy gene summary	gtr_gene_summary	2.0	silver	SEPTIN6	resolved	gtr_clinical_testing_utilization	3243	9cb00ec89f89bb0d
1731b43fc6a248e3	epilepsy	84947	ncbi_gene	ENSG00000122335	ensembl_gene	SERAC1	genes4epilepsy	Genes4Epilepsy	literature_derived	1.0	bronze	SERAC1	resolved		848	50e4e29ab4566b14
1731b43fc6a248e3	epilepsy	84947	ncbi_gene	ENSG00000122335	ensembl_gene	SERAC1	gtr_epilepsy_gene_summary	GTR epilepsy gene summary	gtr_gene_summary	2.0	silver	SERAC1	resolved	gtr_clinical_testing_utilization	256	502ac0d782c06927
c51400a8322ea86c	epilepsy	5269	ncbi_gene	ENSG00000124570	ensembl_gene	SERPINB6	gtr_epilepsy_gene_summary	GTR epilepsy gene summary	gtr_gene_summary	2.0	silver	SERPINB6	resolved	gtr_clinical_testing_utilization	1366	8439b5b2e6667bdf
ee55a436d0233f7e	epilepsy	5176	ncbi_gene	ENSG00000282307	ensembl_gene	SERPINF1	gtr_epilepsy_gene_summary	GTR epilepsy gene summary	gtr_gene_summary	2.0	silver	SERPINF1	resolved	gtr_clinical_testing_utilization	2167	f637296c2455a138
efe46589d02b999b	epilepsy	5274	ncbi_gene	ENSG00000163536	ensembl_gene	SERPINI1	genes4epilepsy	Genes4Epilepsy	literature_derived	1.0	bronze	SERPINI1	resolved		849	b15c5de4fadfa02a
efe46589d02b999b	epilepsy	5274	ncbi_gene	ENSG00000163536	ensembl_gene	SERPINI1	gtr_epilepsy_gene_summary	GTR epilepsy gene summary	gtr_gene_summary	2.0	silver	SERPINI1	resolved	gtr_clinical_testing_utilization	308	10df91cf2e7edd84
559f6304e78143a2	epilepsy	26040	ncbi_gene	ENSG00000152217	ensembl_gene	SETBP1	genes4epilepsy	Genes4Epilepsy	literature_derived	1.0	bronze	SETBP1	resolved		850	232edf705dafe5ee
559f6304e78143a2	epilepsy	26040	ncbi_gene	ENSG00000152217	ensembl_gene	SETBP1	gtr_epilepsy_gene_summary	GTR epilepsy gene summary	gtr_gene_summary	2.0	silver	SETBP1	resolved	gtr_clinical_testing_utilization	707	8cf73370a9c2614d
4b4fc3e2d5f50ea4	epilepsy	9739	ncbi_gene	ENSG00000099381	ensembl_gene	SETD1A	genes4epilepsy	Genes4Epilepsy	literature_derived	1.0	bronze	SETD1A	resolved		851	a1011a20dc85958b
4b4fc3e2d5f50ea4	epilepsy	9739	ncbi_gene	ENSG00000099381	ensembl_gene	SETD1A	gtr_epilepsy_gene_summary	GTR epilepsy gene summary	gtr_gene_summary	2.0	silver	SETD1A	resolved	gtr_clinical_testing_utilization	1132	842806c92083e251
9506bece7efa7f74	epilepsy	23067	ncbi_gene	ENSG00000139718	ensembl_gene	SETD1B	genes4epilepsy	Genes4Epilepsy	literature_derived	1.0	bronze	SETD1B	resolved		852	2e575ce0e72c54e8
9506bece7efa7f74	epilepsy	23067	ncbi_gene	ENSG00000139718	ensembl_gene	SETD1B	gtr_epilepsy_gene_summary	GTR epilepsy gene summary	gtr_gene_summary	2.0	silver	SETD1B	resolved	gtr_clinical_testing_utilization	3244	8a738eaf7e16e05c
9b312276beaaf639	epilepsy	29072	ncbi_gene	ENSG00000181555	ensembl_gene	SETD2	gtr_epilepsy_gene_summary	GTR epilepsy gene summary	gtr_gene_summary	2.0	silver	SETD2	resolved	gtr_clinical_testing_utilization	679	b3d01513c38e4d58
0b330a4c423c147a	epilepsy	55209	ncbi_gene	ENSG00000168137	ensembl_gene	SETD5	genes4epilepsy	Genes4Epilepsy	literature_derived	1.0	bronze	SETD5	resolved		853	3e893b6af53795b9
0b330a4c423c147a	epilepsy	55209	ncbi_gene	ENSG00000168137	ensembl_gene	SETD5	gtr_epilepsy_gene_summary	GTR epilepsy gene summary	gtr_gene_summary	2.0	silver	SETD5	resolved	gtr_clinical_testing_utilization	2038	158ea1fd94424e26
91a9f285911ec1dc	epilepsy	23064	ncbi_gene	ENSG00000107290	ensembl_gene	SETX	gtr_epilepsy_gene_summary	GTR epilepsy gene summary	gtr_gene_summary	2.0	silver	SETX	resolved	gtr_clinical_testing_utilization	1633	4c59970be40a5f07
1dbbb3fc1bf6f7a2	epilepsy	7536	ncbi_gene	ENSG00000168066	ensembl_gene	SF1	genes4epilepsy	Genes4Epilepsy	literature_derived	1.0	bronze	SF1	resolved		854	1f0e0a38f3a049c1
b55db761a59e39b5	epilepsy	23451	ncbi_gene	ENSG00000115524	ensembl_gene	SF3B1	genes4epilepsy	Genes4Epilepsy	literature_derived	1.0	bronze	SF3B1	resolved		855	52147a6fc82beb2e
996be42c16ff2ecd	epilepsy	10262	ncbi_gene	ENSG00000143368	ensembl_gene	SF3B4	gtr_epilepsy_gene_summary	GTR epilepsy gene summary	gtr_gene_summary	2.0	silver	SF3B4	resolved	gtr_clinical_testing_utilization	1660	5ad19ff95edbfab0
ed308a052cedb2a3	epilepsy	119559	ncbi_gene	ENSG00000183605	ensembl_gene	SFXN4	gtr_epilepsy_gene_summary	GTR epilepsy gene summary	gtr_gene_summary	2.0	silver	SFXN4	resolved	gtr_clinical_testing_utilization	2817	59fb128f3164a3d3
de28fda98ee86631	epilepsy	6442	ncbi_gene	ENSG00000108823	ensembl_gene	SGCA	gtr_epilepsy_gene_summary	GTR epilepsy gene summary	gtr_gene_summary	2.0	silver	SGCA	resolved	gtr_clinical_testing_utilization	2111	5034ee39c0b438ee
13ef4ebd88578054	epilepsy	6443	ncbi_gene	ENSG00000163069	ensembl_gene	SGCB	gtr_epilepsy_gene_summary	GTR epilepsy gene summary	gtr_gene_summary	2.0	silver	SGCB	resolved	gtr_clinical_testing_utilization	2112	2ef6b3f3460e5f2f
bbf948e2fdf4de52	epilepsy	6444	ncbi_gene	ENSG00000170624	ensembl_gene	SGCD	gtr_epilepsy_gene_summary	GTR epilepsy gene summary	gtr_gene_summary	2.0	silver	SGCD	resolved	gtr_clinical_testing_utilization	1468	df57f3e843b530df
0191a28b38cc2a26	epilepsy	8910	ncbi_gene	ENSG00000127990	ensembl_gene	SGCE	gtr_epilepsy_gene_summary	GTR epilepsy gene summary	gtr_gene_summary	2.0	silver	SGCE	resolved	gtr_clinical_testing_utilization	470	a29a74d0d447d114
4ae6981bc27625fb	epilepsy	6445	ncbi_gene	ENSG00000102683	ensembl_gene	SGCG	gtr_epilepsy_gene_summary	GTR epilepsy gene summary	gtr_gene_summary	2.0	silver	SGCG	resolved	gtr_clinical_testing_utilization	2113	881792d398d0127b
1344738f058fc3da	epilepsy	8879	ncbi_gene	ENSG00000166224	ensembl_gene	SGPL1	gtr_epilepsy_gene_summary	GTR epilepsy gene summary	gtr_gene_summary	2.0	silver	SGPL1	resolved	gtr_clinical_testing_utilization	2211	6f67802d8f45c43d
26b17cdb015c1987	epilepsy	6448	ncbi_gene	ENSG00000181523	ensembl_gene	SGSH	genes4epilepsy	Genes4Epilepsy	literature_derived	1.0	bronze	SGSH	resolved		856	bbb2f179b9dad5e7
26b17cdb015c1987	epilepsy	6448	ncbi_gene	ENSG00000181523	ensembl_gene	SGSH	gtr_epilepsy_gene_summary	GTR epilepsy gene summary	gtr_gene_summary	2.0	silver	SGSH	resolved	gtr_clinical_testing_utilization	447	b040fce606cc7e04
b1cee35a2a071b37	epilepsy	25970	ncbi_gene	ENSG00000178188	ensembl_gene	SH2B1	gtr_epilepsy_gene_summary	GTR epilepsy gene summary	gtr_gene_summary	2.0	silver	SH2B1	resolved	gtr_clinical_testing_utilization	1400	adbdaf01b38c1c87
e84f63ce744e8122	epilepsy	4068	ncbi_gene	ENSG00000183918	ensembl_gene	SH2D1A	gtr_epilepsy_gene_summary	GTR epilepsy gene summary	gtr_gene_summary	2.0	silver	SH2D1A	resolved	gtr_clinical_testing_utilization	2195	14be56b1970c2f7d
e1c0865a18ef7a3e	epilepsy	79628	ncbi_gene	ENSG00000169247	ensembl_gene	SH3TC2	gtr_epilepsy_gene_summary	GTR epilepsy gene summary	gtr_gene_summary	2.0	silver	SH3TC2	resolved	gtr_clinical_testing_utilization	3245	47cb02da8dd8489c
955d366e85d10ede	epilepsy	50944	ncbi_gene	ENSG00000161681	ensembl_gene	SHANK1	gtr_epilepsy_gene_summary	GTR epilepsy gene summary	gtr_gene_summary	2.0	silver	SHANK1	resolved	gtr_clinical_testing_utilization	2039	57647a799cb8591f
ca1a1077ad83c9ce	epilepsy	22941	ncbi_gene	ENSG00000162105	ensembl_gene	SHANK2	gtr_epilepsy_gene_summary	GTR epilepsy gene summary	gtr_gene_summary	2.0	silver	SHANK2	resolved	gtr_clinical_testing_utilization	1780	cc7b3b84cd8c1172
91e12e42bb702bce	epilepsy	85358	ncbi_gene	ENSG00000292254	ensembl_gene	SHANK3	genes4epilepsy	Genes4Epilepsy	literature_derived	1.0	bronze	SHANK3	resolved		857	8d474e2155a62d5e
91e12e42bb702bce	epilepsy	85358	ncbi_gene	ENSG00000292254	ensembl_gene	SHANK3	gtr_epilepsy_gene_summary	GTR epilepsy gene summary	gtr_gene_summary	2.0	silver	SHANK3	resolved	gtr_clinical_testing_utilization	503	9bc189f18b0096b3
47a27ca691da53e5	epilepsy	6469	ncbi_gene	ENSG00000164690	ensembl_gene	SHH	genes4epilepsy	Genes4Epilepsy	literature_derived	1.0	bronze	SHH	resolved		858	cb8bbaec66207e66
47a27ca691da53e5	epilepsy	6469	ncbi_gene	ENSG00000164690	ensembl_gene	SHH	gtr_epilepsy_gene_summary	GTR epilepsy gene summary	gtr_gene_summary	2.0	silver	SHH	resolved	gtr_clinical_testing_utilization	626	e80bddd8f84f060c
5cb3589c7f970145	epilepsy	6472	ncbi_gene	ENSG00000182199	ensembl_gene	SHMT2	gtr_epilepsy_gene_summary	GTR epilepsy gene summary	gtr_gene_summary	2.0	silver	SHMT2	resolved	gtr_clinical_testing_utilization	2263	5dacb851629231a8
65635f20e778ab36	epilepsy	8036	ncbi_gene	ENSG00000108061	ensembl_gene	SHOC2	gtr_epilepsy_gene_summary	GTR epilepsy gene summary	gtr_gene_summary	2.0	silver	SHOC2	resolved	gtr_clinical_testing_utilization	855	176c5c493ed89a85
2c614fdb737e90a9	epilepsy	6473	ncbi_gene	ENSG00000185960	ensembl_gene	SHOX	gtr_epilepsy_gene_summary	GTR epilepsy gene summary	gtr_gene_summary	2.0	silver	SHOX	resolved	gtr_clinical_testing_utilization	2196	e817864714907d8d
394e6b1e571480c5	epilepsy	57477	ncbi_gene	ENSG00000158352	ensembl_gene	SHROOM4	gtr_epilepsy_gene_summary	GTR epilepsy gene summary	gtr_gene_summary	2.0	silver	SHROOM4	resolved	gtr_clinical_testing_utilization	667	f9d459646bef578a
45a4130c4ef90762	epilepsy	6476	ncbi_gene	ENSG00000090402	ensembl_gene	SI	gtr_epilepsy_gene_summary	GTR epilepsy gene summary	gtr_gene_summary	2.0	silver	SI	resolved	gtr_clinical_testing_utilization	2900	eb71ee464b0a9125
247e9cd0aa83cdec	epilepsy	10280	ncbi_gene	ENSG00000147955	ensembl_gene	SIGMAR1	gtr_epilepsy_gene_summary	GTR epilepsy gene summary	gtr_gene_summary	2.0	silver	SIGMAR1	resolved	gtr_clinical_testing_utilization	2901	95531e11eac46b2d
68799770beab13e7	epilepsy	150094	ncbi_gene	ENSG00000142178	ensembl_gene	SIK1	genes4epilepsy	Genes4Epilepsy	literature_derived	1.0	bronze	SIK1	resolved		859	3364a4cf8702ca9a
68799770beab13e7	epilepsy	150094	ncbi_gene	ENSG00000142178	ensembl_gene	SIK1	gtr_epilepsy_gene_summary	GTR epilepsy gene summary	gtr_gene_summary	2.0	silver	SIK1	resolved	gtr_clinical_testing_utilization	109	41c9af38c2bac423
b42a948ecbe3a33f	epilepsy	64374	ncbi_gene	ENSG00000120725	ensembl_gene	SIL1	gtr_epilepsy_gene_summary	GTR epilepsy gene summary	gtr_gene_summary	2.0	silver	SIL1	resolved	gtr_clinical_testing_utilization	1636	945f40c8e9310a17
817e19eabc91787a	epilepsy	6492	ncbi_gene	ENSG00000112246	ensembl_gene	SIM1	gtr_epilepsy_gene_summary	GTR epilepsy gene summary	gtr_gene_summary	2.0	silver	SIM1	resolved	gtr_clinical_testing_utilization	1544	fc60e94ab82daa74
39854887ae63576d	epilepsy	25942	ncbi_gene	ENSG00000169375	ensembl_gene	SIN3A	gtr_epilepsy_gene_summary	GTR epilepsy gene summary	gtr_gene_summary	2.0	silver	SIN3A	resolved	gtr_clinical_testing_utilization	1768	07e023e3c12929f5
b8e7240bd0150d15	epilepsy	23411	ncbi_gene	ENSG00000096717	ensembl_gene	SIRT1	gtr_epilepsy_gene_summary	GTR epilepsy gene summary	gtr_gene_summary	2.0	silver	SIRT1	resolved	gtr_clinical_testing_utilization	2612	f023f16ce39a561b
e922caa5a6b8d29f	epilepsy	6495	ncbi_gene	ENSG00000126778	ensembl_gene	SIX1	gtr_epilepsy_gene_summary	GTR epilepsy gene summary	gtr_gene_summary	2.0	silver	SIX1	resolved	gtr_clinical_testing_utilization	1367	f3ff5c995456ec37
54f90370cfea6989	epilepsy	6496	ncbi_gene	ENSG00000138083	ensembl_gene	SIX3	genes4epilepsy	Genes4Epilepsy	literature_derived	1.0	bronze	SIX3	resolved		860	fa86beb69c7aa968
54f90370cfea6989	epilepsy	6496	ncbi_gene	ENSG00000138083	ensembl_gene	SIX3	gtr_epilepsy_gene_summary	GTR epilepsy gene summary	gtr_gene_summary	2.0	silver	SIX3	resolved	gtr_clinical_testing_utilization	486	3b2ae3bc5d9277e1
6cdc730c66212d1f	epilepsy	147912	ncbi_gene	ENSG00000177045	ensembl_gene	SIX5	gtr_epilepsy_gene_summary	GTR epilepsy gene summary	gtr_gene_summary	2.0	silver	SIX5	resolved	gtr_clinical_testing_utilization	1645	2c9819dcd0e3bf95
8f920f114a4606a4	epilepsy	6497	ncbi_gene	ENSG00000157933	ensembl_gene	SKI	gtr_epilepsy_gene_summary	GTR epilepsy gene summary	gtr_gene_summary	2.0	silver	SKI	resolved	gtr_clinical_testing_utilization	1737	ae70efc91257aff4
626ed4a93cfddb48	epilepsy	6499	ncbi_gene	ENSG00000204351	ensembl_gene	SKIC2	gtr_epilepsy_gene_summary	GTR epilepsy gene summary	gtr_gene_summary	2.0	silver	SKIC2	resolved	gtr_clinical_testing_utilization	2168	9572d048c664cd17
cc8282dd960fbb37	epilepsy	9652	ncbi_gene	ENSG00000198677	ensembl_gene	SKIC3	gtr_epilepsy_gene_summary	GTR epilepsy gene summary	gtr_gene_summary	2.0	silver	SKIC3	resolved	gtr_clinical_testing_utilization	2169	036ef19a54cdd96e
e33856e716b1a8a5	epilepsy	6554	ncbi_gene	ENSG00000100652	ensembl_gene	SLC10A1	gtr_epilepsy_gene_summary	GTR epilepsy gene summary	gtr_gene_summary	2.0	silver	SLC10A1	resolved	gtr_clinical_testing_utilization	3246	0cc752d240accf9a
8923888ab9c8bfef	epilepsy	6557	ncbi_gene	ENSG00000074803	ensembl_gene	SLC12A1	gtr_epilepsy_gene_summary	GTR epilepsy gene summary	gtr_gene_summary	2.0	silver	SLC12A1	resolved	gtr_clinical_testing_utilization	758	62d128e0fc95cf88
d244f738e7fdf659	epilepsy	6558	ncbi_gene	ENSG00000064651	ensembl_gene	SLC12A2	gtr_epilepsy_gene_summary	GTR epilepsy gene summary	gtr_gene_summary	2.0	silver	SLC12A2	resolved	gtr_clinical_testing_utilization	3247	84507b503bc0f5b4
72b73891960d7565	epilepsy	6559	ncbi_gene	ENSG00000070915	ensembl_gene	SLC12A3	gtr_epilepsy_gene_summary	GTR epilepsy gene summary	gtr_gene_summary	2.0	silver	SLC12A3	resolved	gtr_clinical_testing_utilization	832	1e59d6c6d246ce4f
7fc2abf1f6c927fd	epilepsy	57468	ncbi_gene	ENSG00000124140	ensembl_gene	SLC12A5	genes4epilepsy	Genes4Epilepsy	literature_derived	1.0	bronze	SLC12A5	resolved		861	b8927331547aeb9e
7fc2abf1f6c927fd	epilepsy	57468	ncbi_gene	ENSG00000124140	ensembl_gene	SLC12A5	gtr_epilepsy_gene_summary	GTR epilepsy gene summary	gtr_gene_summary	2.0	silver	SLC12A5	resolved	gtr_clinical_testing_utilization	80	4f952126bb56854a
d542fbd41546218e	epilepsy	9990	ncbi_gene	ENSG00000140199	ensembl_gene	SLC12A6	gtr_epilepsy_gene_summary	GTR epilepsy gene summary	gtr_gene_summary	2.0	silver	SLC12A6	resolved	gtr_clinical_testing_utilization	777	05a06ef0dca8be0c
247ba2c55c74513d	epilepsy	284111	ncbi_gene	ENSG00000141485	ensembl_gene	SLC13A5	genes4epilepsy	Genes4Epilepsy	literature_derived	1.0	bronze	SLC13A5	resolved		862	8178331497b305dd
247ba2c55c74513d	epilepsy	284111	ncbi_gene	ENSG00000141485	ensembl_gene	SLC13A5	gtr_epilepsy_gene_summary	GTR epilepsy gene summary	gtr_gene_summary	2.0	silver	SLC13A5	resolved	gtr_clinical_testing_utilization	48	bd3d64f7ac24de29
e09c04c74f58dab9	epilepsy	6566	ncbi_gene	ENSG00000155380	ensembl_gene	SLC16A1	gtr_epilepsy_gene_summary	GTR epilepsy gene summary	gtr_gene_summary	2.0	silver	SLC16A1	resolved	gtr_clinical_testing_utilization	914	3b6a4fb664698232
ff350c910f0207bc	epilepsy	6567	ncbi_gene	ENSG00000147100	ensembl_gene	SLC16A2	genes4epilepsy	Genes4Epilepsy	literature_derived	1.0	bronze	SLC16A2	resolved		863	852974586581707a
ff350c910f0207bc	epilepsy	6567	ncbi_gene	ENSG00000147100	ensembl_gene	SLC16A2	gtr_epilepsy_gene_summary	GTR epilepsy gene summary	gtr_gene_summary	2.0	silver	SLC16A2	resolved	gtr_clinical_testing_utilization	264	50ef747ad885d46e
4502dbe0da7df894	epilepsy	26503	ncbi_gene	ENSG00000119899	ensembl_gene	SLC17A5	gtr_epilepsy_gene_summary	GTR epilepsy gene summary	gtr_gene_summary	2.0	silver	SLC17A5	resolved	gtr_clinical_testing_utilization	460	61eb0648fc073cf1
c85440ecf919a025	epilepsy	246213	ncbi_gene	ENSG00000179520	ensembl_gene	SLC17A8	gtr_epilepsy_gene_summary	GTR epilepsy gene summary	gtr_gene_summary	2.0	silver	SLC17A8	resolved	gtr_clinical_testing_utilization	1368	d09e82f7b1178cab
71e72b115c0a72ae	epilepsy	6571	ncbi_gene	ENSG00000165646	ensembl_gene	SLC18A2	gtr_epilepsy_gene_summary	GTR epilepsy gene summary	gtr_gene_summary	2.0	silver	SLC18A2	resolved	gtr_clinical_testing_utilization	3248	0cf2c2c5b5bac8be
e2e9d067eea4d97a	epilepsy	6573	ncbi_gene	ENSG00000173638	ensembl_gene	SLC19A1	gtr_epilepsy_gene_summary	GTR epilepsy gene summary	gtr_gene_summary	2.0	silver	SLC19A1	resolved	gtr_clinical_testing_utilization	2250	22cc45e6b2881a06
7f1505689698d89c	epilepsy	10560	ncbi_gene	ENSG00000117479	ensembl_gene	SLC19A2	gtr_epilepsy_gene_summary	GTR epilepsy gene summary	gtr_gene_summary	2.0	silver	SLC19A2	resolved	gtr_clinical_testing_utilization	1115	c6d973fec781ddd7
917c18ca811247ec	epilepsy	80704	ncbi_gene	ENSG00000135917	ensembl_gene	SLC19A3	genes4epilepsy	Genes4Epilepsy	literature_derived	1.0	bronze	SLC19A3	resolved		864	3266494934fa9b51
917c18ca811247ec	epilepsy	80704	ncbi_gene	ENSG00000135917	ensembl_gene	SLC19A3	gtr_epilepsy_gene_summary	GTR epilepsy gene summary	gtr_gene_summary	2.0	silver	SLC19A3	resolved	gtr_clinical_testing_utilization	176	f545f3235e9504d5
f3318c710e9c63fc	epilepsy	6505	ncbi_gene	ENSG00000106688	ensembl_gene	SLC1A1	gtr_epilepsy_gene_summary	GTR epilepsy gene summary	gtr_gene_summary	2.0	silver	SLC1A1	resolved	gtr_clinical_testing_utilization	1401	2b513e66ac9c1931
7a29ac43fae48b50	epilepsy	6506	ncbi_gene	ENSG00000110436	ensembl_gene	SLC1A2	genes4epilepsy	Genes4Epilepsy	literature_derived	1.0	bronze	SLC1A2	resolved		865	1a3dd8ad9e12b102
7a29ac43fae48b50	epilepsy	6506	ncbi_gene	ENSG00000110436	ensembl_gene	SLC1A2	gtr_epilepsy_gene_summary	GTR epilepsy gene summary	gtr_gene_summary	2.0	silver	SLC1A2	resolved	gtr_clinical_testing_utilization	171	e3d072ab98c378d1
7dadbadf7be6e393	epilepsy	6507	ncbi_gene	ENSG00000079215	ensembl_gene	SLC1A3	gtr_epilepsy_gene_summary	GTR epilepsy gene summary	gtr_gene_summary	2.0	silver	SLC1A3	resolved	gtr_clinical_testing_utilization	713	04129e626ae19c80
879ffa64b71c2b86	epilepsy	6509	ncbi_gene	ENSG00000115902	ensembl_gene	SLC1A4	genes4epilepsy	Genes4Epilepsy	literature_derived	1.0	bronze	SLC1A4	resolved		866	4750bc931cb69b3f
879ffa64b71c2b86	epilepsy	6509	ncbi_gene	ENSG00000115902	ensembl_gene	SLC1A4	gtr_epilepsy_gene_summary	GTR epilepsy gene summary	gtr_gene_summary	2.0	silver	SLC1A4	resolved	gtr_clinical_testing_utilization	1330	e208e77d3d69d9e4
601b002ceb5061bd	epilepsy	6510	ncbi_gene	ENSG00000105281	ensembl_gene	SLC1A5	gtr_epilepsy_gene_summary	GTR epilepsy gene summary	gtr_gene_summary	2.0	silver	SLC1A5	resolved	gtr_clinical_testing_utilization	2499	3959c64c144c4cb7
031cf18d05b3d711	epilepsy	6575	ncbi_gene	ENSG00000168575	ensembl_gene	SLC20A2	gtr_epilepsy_gene_summary	GTR epilepsy gene summary	gtr_gene_summary	2.0	silver	SLC20A2	resolved	gtr_clinical_testing_utilization	1263	b4d52e520e32eeb9
f716e0eba0d457f7	epilepsy	6584	ncbi_gene	ENSG00000197375	ensembl_gene	SLC22A5	genes4epilepsy	Genes4Epilepsy	literature_derived	1.0	bronze	SLC22A5	resolved		867	5285031caef220c7
f716e0eba0d457f7	epilepsy	6584	ncbi_gene	ENSG00000197375	ensembl_gene	SLC22A5	gtr_epilepsy_gene_summary	GTR epilepsy gene summary	gtr_gene_summary	2.0	silver	SLC22A5	resolved	gtr_clinical_testing_utilization	771	67f2369c91565a5f
a588a57a86df2e36	epilepsy	6576	ncbi_gene	ENSG00000100075	ensembl_gene	SLC25A1	genes4epilepsy	Genes4Epilepsy	literature_derived	1.0	bronze	SLC25A1	resolved		868	235f7ed5f94367f9
a588a57a86df2e36	epilepsy	6576	ncbi_gene	ENSG00000100075	ensembl_gene	SLC25A1	gtr_epilepsy_gene_summary	GTR epilepsy gene summary	gtr_gene_summary	2.0	silver	SLC25A1	resolved	gtr_clinical_testing_utilization	657	fedfd30791ebac7f
820c0731528cb724	epilepsy	1468	ncbi_gene	ENSG00000183048	ensembl_gene	SLC25A10	gtr_epilepsy_gene_summary	GTR epilepsy gene summary	gtr_gene_summary	2.0	silver	SLC25A10	resolved	gtr_clinical_testing_utilization	3249	f4c6160d0cf26a22
d62d10f3cb2fce7f	epilepsy	8604	ncbi_gene	ENSG00000115840	ensembl_gene	SLC25A12	genes4epilepsy	Genes4Epilepsy	literature_derived	1.0	bronze	SLC25A12	resolved		869	895d938ce962bec5
d62d10f3cb2fce7f	epilepsy	8604	ncbi_gene	ENSG00000115840	ensembl_gene	SLC25A12	gtr_epilepsy_gene_summary	GTR epilepsy gene summary	gtr_gene_summary	2.0	silver	SLC25A12	resolved	gtr_clinical_testing_utilization	73	459c48a816e22f5e
a77806e8b3d5580a	epilepsy	10165	ncbi_gene	ENSG00000004864	ensembl_gene	SLC25A13	gtr_epilepsy_gene_summary	GTR epilepsy gene summary	gtr_gene_summary	2.0	silver	SLC25A13	resolved	gtr_clinical_testing_utilization	803	7ce400da73e88488
a595d08cf2f67d32	epilepsy	10166	ncbi_gene	ENSG00000102743	ensembl_gene	SLC25A15	gtr_epilepsy_gene_summary	GTR epilepsy gene summary	gtr_gene_summary	2.0	silver	SLC25A15	resolved	gtr_clinical_testing_utilization	169	a37e26fc468a91c7
9d075e6bb0c83645	epilepsy	60386	ncbi_gene	ENSG00000125454	ensembl_gene	SLC25A19	gtr_epilepsy_gene_summary	GTR epilepsy gene summary	gtr_gene_summary	2.0	silver	SLC25A19	resolved	gtr_clinical_testing_utilization	617	a18df9cabc550b55
4a781ae13028f6c0	epilepsy	788	ncbi_gene	ENSG00000178537	ensembl_gene	SLC25A20	gtr_epilepsy_gene_summary	GTR epilepsy gene summary	gtr_gene_summary	2.0	silver	SLC25A20	resolved	gtr_clinical_testing_utilization	324	3bd3643cc1eb8b0d
386c7b3576f8999c	epilepsy	79751	ncbi_gene	ENSG00000177542	ensembl_gene	SLC25A22	genes4epilepsy	Genes4Epilepsy	literature_derived	1.0	bronze	SLC25A22	resolved		870	cfb7ddf8f4cd1622
386c7b3576f8999c	epilepsy	79751	ncbi_gene	ENSG00000177542	ensembl_gene	SLC25A22	gtr_epilepsy_gene_summary	GTR epilepsy gene summary	gtr_gene_summary	2.0	silver	SLC25A22	resolved	gtr_clinical_testing_utilization	66	73f7542add0f2502
865d98978da99e9d	epilepsy	115286	ncbi_gene	ENSG00000144741	ensembl_gene	SLC25A26	gtr_epilepsy_gene_summary	GTR epilepsy gene summary	gtr_gene_summary	2.0	silver	SLC25A26	resolved	gtr_clinical_testing_utilization	1849	2b16e10425aedf94
dfbe888fb58ed66b	epilepsy	5250	ncbi_gene	ENSG00000075415	ensembl_gene	SLC25A3	gtr_epilepsy_gene_summary	GTR epilepsy gene summary	gtr_gene_summary	2.0	silver	SLC25A3	resolved	gtr_clinical_testing_utilization	1122	97a57bea33a4fe7a
df555d50c9469c1a	epilepsy	81034	ncbi_gene	ENSG00000164933	ensembl_gene	SLC25A32	gtr_epilepsy_gene_summary	GTR epilepsy gene summary	gtr_gene_summary	2.0	silver	SLC25A32	resolved	gtr_clinical_testing_utilization	1556	a0d9bcc5b558fa09
27cc7563b7db252a	epilepsy	84275	ncbi_gene	ENSG00000171612	ensembl_gene	SLC25A33	gtr_epilepsy_gene_summary	GTR epilepsy gene summary	gtr_gene_summary	2.0	silver	SLC25A33	resolved	gtr_clinical_testing_utilization	2500	da297045113049a9
3d50e135c131f396	epilepsy	54977	ncbi_gene	ENSG00000144659	ensembl_gene	SLC25A38	gtr_epilepsy_gene_summary	GTR epilepsy gene summary	gtr_gene_summary	2.0	silver	SLC25A38	resolved	gtr_clinical_testing_utilization	2264	5a4b8e6de80b4372
4b0dca00763c4e1e	epilepsy	291	ncbi_gene	ENSG00000151729	ensembl_gene	SLC25A4	gtr_epilepsy_gene_summary	GTR epilepsy gene summary	gtr_gene_summary	2.0	silver	SLC25A4	resolved	gtr_clinical_testing_utilization	593	51e91c30a39039d4
ce590be8b067e047	epilepsy	55972	ncbi_gene	ENSG00000075303	ensembl_gene	SLC25A40	gtr_epilepsy_gene_summary	GTR epilepsy gene summary	gtr_gene_summary	2.0	silver	SLC25A40	resolved	gtr_clinical_testing_utilization	2501	f7244a1d14246209
02f8ab118a992057	epilepsy	284439	ncbi_gene	ENSG00000181035	ensembl_gene	SLC25A42	gtr_epilepsy_gene_summary	GTR epilepsy gene summary	gtr_gene_summary	2.0	silver	SLC25A42	resolved	gtr_clinical_testing_utilization	2581	c643420d4aaaf0bb
e5d6745b5a9fb32a	epilepsy	91137	ncbi_gene	ENSG00000164209	ensembl_gene	SLC25A46	gtr_epilepsy_gene_summary	GTR epilepsy gene summary	gtr_gene_summary	2.0	silver	SLC25A46	resolved	gtr_clinical_testing_utilization	1336	14dc8be12a980c2d
418e1f125a1ba9ed	epilepsy	10861	ncbi_gene	ENSG00000145217	ensembl_gene	SLC26A1	gtr_epilepsy_gene_summary	GTR epilepsy gene summary	gtr_gene_summary	2.0	silver	SLC26A1	resolved	gtr_clinical_testing_utilization	3250	dfdc4ffb73fbde0a
bacfba1a96154f7c	epilepsy	1836	ncbi_gene	ENSG00000155850	ensembl_gene	SLC26A2	gtr_epilepsy_gene_summary	GTR epilepsy gene summary	gtr_gene_summary	2.0	silver	SLC26A2	resolved	gtr_clinical_testing_utilization	1426	ab5b517d1278e978
c6621e48044eac87	epilepsy	5172	ncbi_gene	ENSG00000091137	ensembl_gene	SLC26A4	gtr_epilepsy_gene_summary	GTR epilepsy gene summary	gtr_gene_summary	2.0	silver	SLC26A4	resolved	gtr_clinical_testing_utilization	606	5fc283086e86c817
58ae22bdc892d602	epilepsy	375611	ncbi_gene	ENSG00000170615	ensembl_gene	SLC26A5	gtr_epilepsy_gene_summary	GTR epilepsy gene summary	gtr_gene_summary	2.0	silver	SLC26A5	resolved	gtr_clinical_testing_utilization	1369	a0445ab93fa15dea
8952de573d480cc1	epilepsy	10999	ncbi_gene	ENSG00000167114	ensembl_gene	SLC27A4	gtr_epilepsy_gene_summary	GTR epilepsy gene summary	gtr_gene_summary	2.0	silver	SLC27A4	resolved	gtr_clinical_testing_utilization	2170	a2f79610efe5b901
91ccc833856953d3	epilepsy	10998	ncbi_gene	ENSG00000083807	ensembl_gene	SLC27A5	gtr_epilepsy_gene_summary	GTR epilepsy gene summary	gtr_gene_summary	2.0	silver	SLC27A5	resolved	gtr_clinical_testing_utilization	1416	9925d9f0324b9835
4794b24e401a5232	epilepsy	55315	ncbi_gene	ENSG00000198246	ensembl_gene	SLC29A3	gtr_epilepsy_gene_summary	GTR epilepsy gene summary	gtr_gene_summary	2.0	silver	SLC29A3	resolved	gtr_clinical_testing_utilization	3251	8b8bb62d5e6e7285
6f679636103fdeb4	epilepsy	222962	ncbi_gene	ENSG00000164638	ensembl_gene	SLC29A4	gtr_epilepsy_gene_summary	GTR epilepsy gene summary	gtr_gene_summary	2.0	silver	SLC29A4	resolved	gtr_clinical_testing_utilization	2708	a1a8708559707ce8
38eb0fb04563f1fd	epilepsy	6513	ncbi_gene	ENSG00000117394	ensembl_gene	SLC2A1	genes4epilepsy	Genes4Epilepsy	literature_derived	1.0	bronze	SLC2A1	resolved		871	cab4baee9e7e9cf9
38eb0fb04563f1fd	epilepsy	6513	ncbi_gene	ENSG00000117394	ensembl_gene	SLC2A1	gtr_epilepsy_gene_summary	GTR epilepsy gene summary	gtr_gene_summary	2.0	silver	SLC2A1	resolved	gtr_clinical_testing_utilization	5	84eabde69137cc6f
fc6d723704620746	epilepsy	81031	ncbi_gene	ENSG00000197496	ensembl_gene	SLC2A10	gtr_epilepsy_gene_summary	GTR epilepsy gene summary	gtr_gene_summary	2.0	silver	SLC2A10	resolved	gtr_clinical_testing_utilization	1503	10bc2a91b8398b64
71482594c3a9363d	epilepsy	6514	ncbi_gene	ENSG00000163581	ensembl_gene	SLC2A2	gtr_epilepsy_gene_summary	GTR epilepsy gene summary	gtr_gene_summary	2.0	silver	SLC2A2	resolved	gtr_clinical_testing_utilization	1850	71d58ce1bfba754c
627793c4361fca62	epilepsy	55532	ncbi_gene	ENSG00000196660	ensembl_gene	SLC30A10	gtr_epilepsy_gene_summary	GTR epilepsy gene summary	gtr_gene_summary	2.0	silver	SLC30A10	resolved	gtr_clinical_testing_utilization	1167	abf94fbbb9aa2ef0
7856f0742f482181	epilepsy	140679	ncbi_gene	ENSG00000101438	ensembl_gene	SLC32A1	genes4epilepsy	Genes4Epilepsy	literature_derived	1.0	bronze	SLC32A1	resolved		872	e906ebd2234ac855
2b36141977d4f665	epilepsy	9197	ncbi_gene	ENSG00000169359	ensembl_gene	SLC33A1	gtr_epilepsy_gene_summary	GTR epilepsy gene summary	gtr_gene_summary	2.0	silver	SLC33A1	resolved	gtr_clinical_testing_utilization	1104	c204b9f612e35626
ffa15e9b35966698	epilepsy	10559	ncbi_gene	ENSG00000164414	ensembl_gene	SLC35A1	genes4epilepsy	Genes4Epilepsy	literature_derived	1.0	bronze	SLC35A1	resolved		873	d10973dea43a124e
ffa15e9b35966698	epilepsy	10559	ncbi_gene	ENSG00000164414	ensembl_gene	SLC35A1	gtr_epilepsy_gene_summary	GTR epilepsy gene summary	gtr_gene_summary	2.0	silver	SLC35A1	resolved	gtr_clinical_testing_utilization	939	7c3e6544e1987014
ac8ffac5d704c108	epilepsy	7355	ncbi_gene	ENSG00000292209	ensembl_gene	SLC35A2	genes4epilepsy	Genes4Epilepsy	literature_derived	1.0	bronze	SLC35A2	resolved		874	13d36422c9f1c058
ac8ffac5d704c108	epilepsy	7355	ncbi_gene	ENSG00000292209	ensembl_gene	SLC35A2	gtr_epilepsy_gene_summary	GTR epilepsy gene summary	gtr_gene_summary	2.0	silver	SLC35A2	resolved	gtr_clinical_testing_utilization	41	897dc162bddcfcdb
d8967952822de74b	epilepsy	23443	ncbi_gene	ENSG00000117620	ensembl_gene	SLC35A3	genes4epilepsy	Genes4Epilepsy	literature_derived	1.0	bronze	SLC35A3	resolved		875	4daa5b43f9b912d8
d8967952822de74b	epilepsy	23443	ncbi_gene	ENSG00000117620	ensembl_gene	SLC35A3	gtr_epilepsy_gene_summary	GTR epilepsy gene summary	gtr_gene_summary	2.0	silver	SLC35A3	resolved	gtr_clinical_testing_utilization	127	211e0548f9d66391
ae3e809d62ab0038	epilepsy	55343	ncbi_gene	ENSG00000181830	ensembl_gene	SLC35C1	gtr_epilepsy_gene_summary	GTR epilepsy gene summary	gtr_gene_summary	2.0	silver	SLC35C1	resolved	gtr_clinical_testing_utilization	538	e0ab7ad3c179414c
99cd4bce68d6a4b0	epilepsy	23169	ncbi_gene	ENSG00000116704	ensembl_gene	SLC35D1	gtr_epilepsy_gene_summary	GTR epilepsy gene summary	gtr_gene_summary	2.0	silver	SLC35D1	resolved	gtr_clinical_testing_utilization	2902	71bb1ed1030cd8f0
4a4d8796bed15d84	epilepsy	2542	ncbi_gene	ENSG00000281500	ensembl_gene	SLC37A4	gtr_epilepsy_gene_summary	GTR epilepsy gene summary	gtr_gene_summary	2.0	silver	SLC37A4	resolved	gtr_clinical_testing_utilization	337	0ba0c4649917ea19
ebe05b320328d5bf	epilepsy	10991	ncbi_gene	ENSG00000188338	ensembl_gene	SLC38A3	genes4epilepsy	Genes4Epilepsy	literature_derived	1.0	bronze	SLC38A3	resolved		876	91912c48c296eb7f
05236ad0d4e7cfd9	epilepsy	91252	ncbi_gene	ENSG00000165915	ensembl_gene	SLC39A13	gtr_epilepsy_gene_summary	GTR epilepsy gene summary	gtr_gene_summary	2.0	silver	SLC39A13	resolved	gtr_clinical_testing_utilization	3252	3bcc6f8b290b5aa1
748727b8dc472f24	epilepsy	23516	ncbi_gene	ENSG00000104635	ensembl_gene	SLC39A14	gtr_epilepsy_gene_summary	GTR epilepsy gene summary	gtr_gene_summary	2.0	silver	SLC39A14	resolved	gtr_clinical_testing_utilization	2818	e72690bfcc1829aa
b3ea771266c83ec1	epilepsy	55630	ncbi_gene	ENSG00000147804	ensembl_gene	SLC39A4	gtr_epilepsy_gene_summary	GTR epilepsy gene summary	gtr_gene_summary	2.0	silver	SLC39A4	resolved	gtr_clinical_testing_utilization	1500	48d6de3c95b9da9e
439e261bdde03752	epilepsy	7922	ncbi_gene	ENSG00000229802	ensembl_gene	SLC39A7	gtr_epilepsy_gene_summary	GTR epilepsy gene summary	gtr_gene_summary	2.0	silver	SLC39A7	resolved	gtr_clinical_testing_utilization	2337	dd7ec61c447dc142
00a45bd81b1db1b6	epilepsy	64116	ncbi_gene	ENSG00000138821	ensembl_gene	SLC39A8	genes4epilepsy	Genes4Epilepsy	literature_derived	1.0	bronze	SLC39A8	resolved		877	fd8fe0a289002895
00a45bd81b1db1b6	epilepsy	64116	ncbi_gene	ENSG00000138821	ensembl_gene	SLC39A8	gtr_epilepsy_gene_summary	GTR epilepsy gene summary	gtr_gene_summary	2.0	silver	SLC39A8	resolved	gtr_clinical_testing_utilization	1129	40130d7d92ad1826
d0ca0f193767dce6	epilepsy	30061	ncbi_gene	ENSG00000138449	ensembl_gene	SLC40A1	gtr_epilepsy_gene_summary	GTR epilepsy gene summary	gtr_gene_summary	2.0	silver	SLC40A1	resolved	gtr_clinical_testing_utilization	2549	c53b1172b80bf428
426535b80a1ffc0d	epilepsy	80736	ncbi_gene	ENSG00000228263	ensembl_gene	SLC44A4	gtr_epilepsy_gene_summary	GTR epilepsy gene summary	gtr_gene_summary	2.0	silver	SLC44A4	resolved	gtr_clinical_testing_utilization	2709	b018f097720d239b
73b8c4b6f9a2aad7	epilepsy	50651	ncbi_gene	ENSG00000162426	ensembl_gene	SLC45A1	genes4epilepsy	Genes4Epilepsy	literature_derived	1.0	bronze	SLC45A1	resolved		878	17ea837dd68dccd8
73b8c4b6f9a2aad7	epilepsy	50651	ncbi_gene	ENSG00000162426	ensembl_gene	SLC45A1	gtr_epilepsy_gene_summary	GTR epilepsy gene summary	gtr_gene_summary	2.0	silver	SLC45A1	resolved	gtr_clinical_testing_utilization	2040	ee7e884f40122e5c
dd5deb5c874f5d1e	epilepsy	113235	ncbi_gene	ENSG00000076351	ensembl_gene	SLC46A1	genes4epilepsy	Genes4Epilepsy	literature_derived	1.0	bronze	SLC46A1	resolved		879	6e29c936af529024
dd5deb5c874f5d1e	epilepsy	113235	ncbi_gene	ENSG00000076351	ensembl_gene	SLC46A1	gtr_epilepsy_gene_summary	GTR epilepsy gene summary	gtr_gene_summary	2.0	silver	SLC46A1	resolved	gtr_clinical_testing_utilization	461	9c919dc7ec0aae17
412d2cd337748c01	epilepsy	6521	ncbi_gene	ENSG00000004939	ensembl_gene	SLC4A1	gtr_epilepsy_gene_summary	GTR epilepsy gene summary	gtr_gene_summary	2.0	silver	SLC4A1	resolved	gtr_clinical_testing_utilization	2381	dc2834f238335218
ba68f3b97f9d5433	epilepsy	57282	ncbi_gene	ENSG00000144290	ensembl_gene	SLC4A10	genes4epilepsy	Genes4Epilepsy	literature_derived	1.0	bronze	SLC4A10	resolved		880	bc252513cc04a5cf
ba68f3b97f9d5433	epilepsy	57282	ncbi_gene	ENSG00000144290	ensembl_gene	SLC4A10	gtr_epilepsy_gene_summary	GTR epilepsy gene summary	gtr_gene_summary	2.0	silver	SLC4A10	resolved	gtr_clinical_testing_utilization	1738	b864b1e1babee11e
0ec1ea90e3f319a2	epilepsy	83959	ncbi_gene	ENSG00000088836	ensembl_gene	SLC4A11	gtr_epilepsy_gene_summary	GTR epilepsy gene summary	gtr_gene_summary	2.0	silver	SLC4A11	resolved	gtr_clinical_testing_utilization	1493	7943054df78bd9de
31125b891846ea8f	epilepsy	8671	ncbi_gene	ENSG00000080493	ensembl_gene	SLC4A4	gtr_epilepsy_gene_summary	GTR epilepsy gene summary	gtr_gene_summary	2.0	silver	SLC4A4	resolved	gtr_clinical_testing_utilization	2819	8571b952969b11b6
df6151bbd81d6177	epilepsy	9497	ncbi_gene	ENSG00000033867	ensembl_gene	SLC4A7	gtr_epilepsy_gene_summary	GTR epilepsy gene summary	gtr_gene_summary	2.0	silver	SLC4A7	resolved	gtr_clinical_testing_utilization	2502	37f7b4bd9bfbe262
8c7c98796dd0cf84	epilepsy	123264	ncbi_gene	ENSG00000186198	ensembl_gene	SLC51B	gtr_epilepsy_gene_summary	GTR epilepsy gene summary	gtr_gene_summary	2.0	silver	SLC51B	resolved	gtr_clinical_testing_utilization	1560	e460bce6ba93563d
948762366d9939e9	epilepsy	79581	ncbi_gene	ENSG00000185803	ensembl_gene	SLC52A2	gtr_epilepsy_gene_summary	GTR epilepsy gene summary	gtr_gene_summary	2.0	silver	SLC52A2	resolved	gtr_clinical_testing_utilization	1055	a84245c0ddb7b2fc
11db295515cf7f57	epilepsy	113278	ncbi_gene	ENSG00000101276	ensembl_gene	SLC52A3	gtr_epilepsy_gene_summary	GTR epilepsy gene summary	gtr_gene_summary	2.0	silver	SLC52A3	resolved	gtr_clinical_testing_utilization	2582	4573fa32634e7980
aae28fefc1ec1aa4	epilepsy	6528	ncbi_gene	ENSG00000105641	ensembl_gene	SLC5A5	gtr_epilepsy_gene_summary	GTR epilepsy gene summary	gtr_gene_summary	2.0	silver	SLC5A5	resolved	gtr_clinical_testing_utilization	2820	5c5526d6bd064673
fa4a74f661edda17	epilepsy	8884	ncbi_gene	ENSG00000138074	ensembl_gene	SLC5A6	genes4epilepsy	Genes4Epilepsy	literature_derived	1.0	bronze	SLC5A6	resolved		881	3af247d9ef1d7063
ad10eda5d65365b0	epilepsy	60482	ncbi_gene	ENSG00000115665	ensembl_gene	SLC5A7	gtr_epilepsy_gene_summary	GTR epilepsy gene summary	gtr_gene_summary	2.0	silver	SLC5A7	resolved	gtr_clinical_testing_utilization	2353	c5856c3e41793929
7ebfb4a2dc458569	epilepsy	200010	ncbi_gene	ENSG00000117834	ensembl_gene	SLC5A9	gtr_epilepsy_gene_summary	GTR epilepsy gene summary	gtr_gene_summary	2.0	silver	SLC5A9	resolved	gtr_clinical_testing_utilization	2710	e6b038d208d79427
6f541f113f35285b	epilepsy	6529	ncbi_gene	ENSG00000157103	ensembl_gene	SLC6A1	genes4epilepsy	Genes4Epilepsy	literature_derived	1.0	bronze	SLC6A1	resolved		882	976853157790b812
6f541f113f35285b	epilepsy	6529	ncbi_gene	ENSG00000157103	ensembl_gene	SLC6A1	gtr_epilepsy_gene_summary	GTR epilepsy gene summary	gtr_gene_summary	2.0	silver	SLC6A1	resolved	gtr_clinical_testing_utilization	74	7833eaac513f6297
68e10469af6d4ce4	epilepsy	55117	ncbi_gene	ENSG00000072041	ensembl_gene	SLC6A15	gtr_epilepsy_gene_summary	GTR epilepsy gene summary	gtr_gene_summary	2.0	silver	SLC6A15	resolved	gtr_clinical_testing_utilization	2503	6938409877eb980f
98d1c71388ca273f	epilepsy	388662	ncbi_gene	ENSG00000197106	ensembl_gene	SLC6A17	gtr_epilepsy_gene_summary	GTR epilepsy gene summary	gtr_gene_summary	2.0	silver	SLC6A17	resolved	gtr_clinical_testing_utilization	1954	3735a0a9bba5b0a5
e2c729f774a4453b	epilepsy	340024	ncbi_gene	ENSG00000174358	ensembl_gene	SLC6A19	gtr_epilepsy_gene_summary	GTR epilepsy gene summary	gtr_gene_summary	2.0	silver	SLC6A19	resolved	gtr_clinical_testing_utilization	1202	3ac7a9203ae47904
50a30af56100d14e	epilepsy	6531	ncbi_gene	ENSG00000142319	ensembl_gene	SLC6A3	gtr_epilepsy_gene_summary	GTR epilepsy gene summary	gtr_gene_summary	2.0	silver	SLC6A3	resolved	gtr_clinical_testing_utilization	1331	400d2d49e3b0f2b5
fe7016b3288da3dd	epilepsy	6532	ncbi_gene	ENSG00000108576	ensembl_gene	SLC6A4	gtr_epilepsy_gene_summary	GTR epilepsy gene summary	gtr_gene_summary	2.0	silver	SLC6A4	resolved	gtr_clinical_testing_utilization	3253	49c5cb68533e8686
2e196594988c7e53	epilepsy	9152	ncbi_gene	ENSG00000165970	ensembl_gene	SLC6A5	gtr_epilepsy_gene_summary	GTR epilepsy gene summary	gtr_gene_summary	2.0	silver	SLC6A5	resolved	gtr_clinical_testing_utilization	739	b295c63dfa46ade8
9ceaf91da24313b7	epilepsy	6535	ncbi_gene	ENSG00000130821	ensembl_gene	SLC6A8	genes4epilepsy	Genes4Epilepsy	literature_derived	1.0	bronze	SLC6A8	resolved		883	82a745751d7e135b
9ceaf91da24313b7	epilepsy	6535	ncbi_gene	ENSG00000130821	ensembl_gene	SLC6A8	gtr_epilepsy_gene_summary	GTR epilepsy gene summary	gtr_gene_summary	2.0	silver	SLC6A8	resolved	gtr_clinical_testing_utilization	129	00b2f02c20971601
f6a56cf1d92eed1d	epilepsy	6536	ncbi_gene	ENSG00000196517	ensembl_gene	SLC6A9	gtr_epilepsy_gene_summary	GTR epilepsy gene summary	gtr_gene_summary	2.0	silver	SLC6A9	resolved	gtr_clinical_testing_utilization	1769	964a742a0d388228
6d3de5cacbd43ad1	epilepsy	157724	ncbi_gene	ENSG00000164893	ensembl_gene	SLC7A13	gtr_epilepsy_gene_summary	GTR epilepsy gene summary	gtr_gene_summary	2.0	silver	SLC7A13	resolved	gtr_clinical_testing_utilization	2613	aef7a926267af8d1
35f54fe5b1d92268	epilepsy	84138	ncbi_gene	ENSG00000103061	ensembl_gene	SLC7A6OS	genes4epilepsy	Genes4Epilepsy	literature_derived	1.0	bronze	SLC7A6OS	resolved		884	c50f4c2d1646045c
c5a97eedc669913c	epilepsy	9056	ncbi_gene	ENSG00000155465	ensembl_gene	SLC7A7	gtr_epilepsy_gene_summary	GTR epilepsy gene summary	gtr_gene_summary	2.0	silver	SLC7A7	resolved	gtr_clinical_testing_utilization	1501	7dc817ec11b9538f
13584862d5339b4e	epilepsy	6548	ncbi_gene	ENSG00000090020	ensembl_gene	SLC9A1	gtr_epilepsy_gene_summary	GTR epilepsy gene summary	gtr_gene_summary	2.0	silver	SLC9A1	resolved	gtr_clinical_testing_utilization	1872	9a3e4b028d2b7252
f95aa1ddd0534a14	epilepsy	10479	ncbi_gene	ENSG00000198689	ensembl_gene	SLC9A6	genes4epilepsy	Genes4Epilepsy	literature_derived	1.0	bronze	SLC9A6	resolved		885	94356a70b0caf0db
f95aa1ddd0534a14	epilepsy	10479	ncbi_gene	ENSG00000198689	ensembl_gene	SLC9A6	gtr_epilepsy_gene_summary	GTR epilepsy gene summary	gtr_gene_summary	2.0	silver	SLC9A6	resolved	gtr_clinical_testing_utilization	140	f3dc4d877464deac
659a852de58452a2	epilepsy	285195	ncbi_gene	ENSG00000181804	ensembl_gene	SLC9A9	gtr_epilepsy_gene_summary	GTR epilepsy gene summary	gtr_gene_summary	2.0	silver	SLC9A9	resolved	gtr_clinical_testing_utilization	495	12bd437b92c6d681
2d1793263b7c375c	epilepsy	6578	ncbi_gene	ENSG00000174640	ensembl_gene	SLCO2A1	gtr_epilepsy_gene_summary	GTR epilepsy gene summary	gtr_gene_summary	2.0	silver	SLCO2A1	resolved	gtr_clinical_testing_utilization	2628	74049f6887a3c6e5
e00201aa14483366	epilepsy	81796	ncbi_gene	ENSG00000137571	ensembl_gene	SLCO5A1	gtr_epilepsy_gene_summary	GTR epilepsy gene summary	gtr_gene_summary	2.0	silver	SLCO5A1	resolved	gtr_clinical_testing_utilization	2629	f5a693b37726c715
a56c879cd30cf4a2	epilepsy	55719	ncbi_gene	ENSG00000119906	ensembl_gene	SLF2	gtr_epilepsy_gene_summary	GTR epilepsy gene summary	gtr_gene_summary	2.0	silver	SLF2	resolved	gtr_clinical_testing_utilization	2614	eebac4cab93dff4d
1b2bf3202f6481e3	epilepsy	6586	ncbi_gene	ENSG00000184347	ensembl_gene	SLIT3	gtr_epilepsy_gene_summary	GTR epilepsy gene summary	gtr_gene_summary	2.0	silver	SLIT3	resolved	gtr_clinical_testing_utilization	2903	0a17be4941cf3c0b
b0d067d7238e442e	epilepsy	114798	ncbi_gene	ENSG00000178235	ensembl_gene	SLITRK1	gtr_epilepsy_gene_summary	GTR epilepsy gene summary	gtr_gene_summary	2.0	silver	SLITRK1	resolved	gtr_clinical_testing_utilization	2821	52e87c974a2e36e5
8c1214e3d1ebc1e8	epilepsy	84189	ncbi_gene	ENSG00000184564	ensembl_gene	SLITRK6	gtr_epilepsy_gene_summary	GTR epilepsy gene summary	gtr_gene_summary	2.0	silver	SLITRK6	resolved	gtr_clinical_testing_utilization	1917	01249b25fb15ef9b
c0478eb6a0c38966	epilepsy	7871	ncbi_gene	ENSG00000163681	ensembl_gene	SLMAP	gtr_epilepsy_gene_summary	GTR epilepsy gene summary	gtr_gene_summary	2.0	silver	SLMAP	resolved	gtr_clinical_testing_utilization	1704	33d8fcc5c7156871
69bb068cf910e416	epilepsy	4086	ncbi_gene	ENSG00000170365	ensembl_gene	SMAD1	gtr_epilepsy_gene_summary	GTR epilepsy gene summary	gtr_gene_summary	2.0	silver	SMAD1	resolved	gtr_clinical_testing_utilization	3254	4947fd7e36ea3365
7757764454ec0a6d	epilepsy	4087	ncbi_gene	ENSG00000175387	ensembl_gene	SMAD2	gtr_epilepsy_gene_summary	GTR epilepsy gene summary	gtr_gene_summary	2.0	silver	SMAD2	resolved	gtr_clinical_testing_utilization	954	4dfd9858f9f0a87a
8c96344d7b7fb445	epilepsy	4088	ncbi_gene	ENSG00000166949	ensembl_gene	SMAD3	gtr_epilepsy_gene_summary	GTR epilepsy gene summary	gtr_gene_summary	2.0	silver	SMAD3	resolved	gtr_clinical_testing_utilization	1653	940ef12da09dcc8b
342ee8a6e6de8769	epilepsy	4089	ncbi_gene	ENSG00000141646	ensembl_gene	SMAD4	gtr_epilepsy_gene_summary	GTR epilepsy gene summary	gtr_gene_summary	2.0	silver	SMAD4	resolved	gtr_clinical_testing_utilization	816	4cc33cd726ebdb62
49714a5174569f86	epilepsy	4091	ncbi_gene	ENSG00000137834	ensembl_gene	SMAD6	gtr_epilepsy_gene_summary	GTR epilepsy gene summary	gtr_gene_summary	2.0	silver	SMAD6	resolved	gtr_clinical_testing_utilization	2318	885ad0e389aecd55
8073550a7432e137	epilepsy	6594	ncbi_gene	ENSG00000102038	ensembl_gene	SMARCA1	genes4epilepsy	Genes4Epilepsy	literature_derived	1.0	bronze	SMARCA1	resolved		886	a0d24d7a470f5f58
2bce83a2289c325f	epilepsy	6595	ncbi_gene	ENSG00000080503	ensembl_gene	SMARCA2	genes4epilepsy	Genes4Epilepsy	literature_derived	1.0	bronze	SMARCA2	resolved		887	91753df1bfcf43bc
2bce83a2289c325f	epilepsy	6595	ncbi_gene	ENSG00000080503	ensembl_gene	SMARCA2	gtr_epilepsy_gene_summary	GTR epilepsy gene summary	gtr_gene_summary	2.0	silver	SMARCA2	resolved	gtr_clinical_testing_utilization	539	b4156f1c80484ec2
199389bea5d5c32e	epilepsy	6597	ncbi_gene	ENSG00000127616	ensembl_gene	SMARCA4	genes4epilepsy	Genes4Epilepsy	literature_derived	1.0	bronze	SMARCA4	resolved		888	7bcbb8190f342983
199389bea5d5c32e	epilepsy	6597	ncbi_gene	ENSG00000127616	ensembl_gene	SMARCA4	gtr_epilepsy_gene_summary	GTR epilepsy gene summary	gtr_gene_summary	2.0	silver	SMARCA4	resolved	gtr_clinical_testing_utilization	712	471f5be20b24abce
11b0bb75a51ac302	epilepsy	50485	ncbi_gene	ENSG00000138375	ensembl_gene	SMARCAL1	gtr_epilepsy_gene_summary	GTR epilepsy gene summary	gtr_gene_summary	2.0	silver	SMARCAL1	resolved	gtr_clinical_testing_utilization	1448	1e780474c5155532
4a25ca7196776a27	epilepsy	6598	ncbi_gene	ENSG00000099956	ensembl_gene	SMARCB1	genes4epilepsy	Genes4Epilepsy	literature_derived	1.0	bronze	SMARCB1	resolved		889	bdd5faba3700ca4a
4a25ca7196776a27	epilepsy	6598	ncbi_gene	ENSG00000099956	ensembl_gene	SMARCB1	gtr_epilepsy_gene_summary	GTR epilepsy gene summary	gtr_gene_summary	2.0	silver	SMARCB1	resolved	gtr_clinical_testing_utilization	695	c023ba6ca2e848bc
73e97a658474a1a0	epilepsy	6599	ncbi_gene	ENSG00000173473	ensembl_gene	SMARCC1	gtr_epilepsy_gene_summary	GTR epilepsy gene summary	gtr_gene_summary	2.0	silver	SMARCC1	resolved	gtr_clinical_testing_utilization	2904	d32855ae9ecea48b
74700655e75bfa76	epilepsy	6601	ncbi_gene	ENSG00000139613	ensembl_gene	SMARCC2	genes4epilepsy	Genes4Epilepsy	literature_derived	1.0	bronze	SMARCC2	resolved		890	2e1037506e25645f
74700655e75bfa76	epilepsy	6601	ncbi_gene	ENSG00000139613	ensembl_gene	SMARCC2	gtr_epilepsy_gene_summary	GTR epilepsy gene summary	gtr_gene_summary	2.0	silver	SMARCC2	resolved	gtr_clinical_testing_utilization	2905	6ef02cb03a7e166f
49a7f79d9827490c	epilepsy	6605	ncbi_gene	ENSG00000073584	ensembl_gene	SMARCE1	genes4epilepsy	Genes4Epilepsy	literature_derived	1.0	bronze	SMARCE1	resolved		891	f5705cddc5d24005
49a7f79d9827490c	epilepsy	6605	ncbi_gene	ENSG00000073584	ensembl_gene	SMARCE1	gtr_epilepsy_gene_summary	GTR epilepsy gene summary	gtr_gene_summary	2.0	silver	SMARCE1	resolved	gtr_clinical_testing_utilization	1258	0e3bc16e82ad460b
b66943cec5677ccb	epilepsy	8243	ncbi_gene	ENSG00000072501	ensembl_gene	SMC1A	genes4epilepsy	Genes4Epilepsy	literature_derived	1.0	bronze	SMC1A	resolved		892	0ad708b594abfd1b
b66943cec5677ccb	epilepsy	8243	ncbi_gene	ENSG00000072501	ensembl_gene	SMC1A	gtr_epilepsy_gene_summary	GTR epilepsy gene summary	gtr_gene_summary	2.0	silver	SMC1A	resolved	gtr_clinical_testing_utilization	85	6a9e8bd47af02f71
d0ffc14ea8bdec4f	epilepsy	9126	ncbi_gene	ENSG00000108055	ensembl_gene	SMC3	gtr_epilepsy_gene_summary	GTR epilepsy gene summary	gtr_gene_summary	2.0	silver	SMC3	resolved	gtr_clinical_testing_utilization	696	58ab6260d09e687a
f544ac26de6b24c3	epilepsy	23137	ncbi_gene	ENSG00000198887	ensembl_gene	SMC5	gtr_epilepsy_gene_summary	GTR epilepsy gene summary	gtr_gene_summary	2.0	silver	SMC5	resolved	gtr_clinical_testing_utilization	2615	2d1f6ddf5336b219
23f64ff9ae9dc0f7	epilepsy	23347	ncbi_gene	ENSG00000101596	ensembl_gene	SMCHD1	gtr_epilepsy_gene_summary	GTR epilepsy gene summary	gtr_gene_summary	2.0	silver	SMCHD1	resolved	gtr_clinical_testing_utilization	3255	1203938491297e00
2977d66590aad490	epilepsy	56006	ncbi_gene	ENSG00000105771	ensembl_gene	SMG9	gtr_epilepsy_gene_summary	GTR epilepsy gene summary	gtr_gene_summary	2.0	silver	SMG9	resolved	gtr_clinical_testing_utilization	1770	c2774c3c4370c8db
976af2eac690cf64	epilepsy	6606	ncbi_gene	ENSG00000275349	ensembl_gene	SMN1	gtr_epilepsy_gene_summary	GTR epilepsy gene summary	gtr_gene_summary	2.0	silver	SMN1	resolved	gtr_clinical_testing_utilization	2114	aadef668f4437370
897ddf1eaa9627cb	epilepsy	6608	ncbi_gene	ENSG00000128602	ensembl_gene	SMO	gtr_epilepsy_gene_summary	GTR epilepsy gene summary	gtr_gene_summary	2.0	silver	SMO	resolved	gtr_clinical_testing_utilization	1851	c3f07b2ce8c68d0d
2ee6d02436194c56	epilepsy	64093	ncbi_gene	ENSG00000198732	ensembl_gene	SMOC1	gtr_epilepsy_gene_summary	GTR epilepsy gene summary	gtr_gene_summary	2.0	silver	SMOC1	resolved	gtr_clinical_testing_utilization	2822	4eb0d63bfb321292
f0ea1cb46d55352f	epilepsy	6609	ncbi_gene	ENSG00000166311	ensembl_gene	SMPD1	gtr_epilepsy_gene_summary	GTR epilepsy gene summary	gtr_gene_summary	2.0	silver	SMPD1	resolved	gtr_clinical_testing_utilization	753	72717b6d0de3e879
f2f9811b21d6d36d	epilepsy	55627	ncbi_gene	ENSG00000136699	ensembl_gene	SMPD4	gtr_epilepsy_gene_summary	GTR epilepsy gene summary	gtr_gene_summary	2.0	silver	SMPD4	resolved	gtr_clinical_testing_utilization	1676	b03c04628848bad0
c1c08f81b866b0c6	epilepsy	23676	ncbi_gene	ENSG00000091482	ensembl_gene	SMPX	gtr_epilepsy_gene_summary	GTR epilepsy gene summary	gtr_gene_summary	2.0	silver	SMPX	resolved	gtr_clinical_testing_utilization	1370	a8763189d0bc6090
bd3ce742150d3460	epilepsy	6611	ncbi_gene	ENSG00000102172	ensembl_gene	SMS	genes4epilepsy	Genes4Epilepsy	literature_derived	1.0	bronze	SMS	resolved		893	6384b7016ada99c1
bd3ce742150d3460	epilepsy	6611	ncbi_gene	ENSG00000102172	ensembl_gene	SMS	gtr_epilepsy_gene_summary	GTR epilepsy gene summary	gtr_gene_summary	2.0	silver	SMS	resolved	gtr_clinical_testing_utilization	208	e084312a87f2e569
6ae94723deed1944	epilepsy	6591	ncbi_gene	ENSG00000019549	ensembl_gene	SNAI2	gtr_epilepsy_gene_summary	GTR epilepsy gene summary	gtr_gene_summary	2.0	silver	SNAI2	resolved	gtr_clinical_testing_utilization	922	e9e3ae25a49acd83
85a0bd462d64c667	epilepsy	6616	ncbi_gene	ENSG00000132639	ensembl_gene	SNAP25	genes4epilepsy	Genes4Epilepsy	literature_derived	1.0	bronze	SNAP25	resolved		894	86ed6ec6d20a54e4
85a0bd462d64c667	epilepsy	6616	ncbi_gene	ENSG00000132639	ensembl_gene	SNAP25	gtr_epilepsy_gene_summary	GTR epilepsy gene summary	gtr_gene_summary	2.0	silver	SNAP25	resolved	gtr_clinical_testing_utilization	159	a05daaaf3b5d9c1b
2a4042852f2060db	epilepsy	9342	ncbi_gene	ENSG00000099940	ensembl_gene	SNAP29	genes4epilepsy	Genes4Epilepsy	literature_derived	1.0	bronze	SNAP29	resolved		895	bd4a45259fff8865
2a4042852f2060db	epilepsy	9342	ncbi_gene	ENSG00000099940	ensembl_gene	SNAP29	gtr_epilepsy_gene_summary	GTR epilepsy gene summary	gtr_gene_summary	2.0	silver	SNAP29	resolved	gtr_clinical_testing_utilization	545	e3702a34008075d7
03085747c8613b82	epilepsy	6622	ncbi_gene	ENSG00000145335	ensembl_gene	SNCA	gtr_epilepsy_gene_summary	GTR epilepsy gene summary	gtr_gene_summary	2.0	silver	SNCA	resolved	gtr_clinical_testing_utilization	1332	58f7250f0790eb70
6c49fe34e55e0290	epilepsy	11267	ncbi_gene	ENSG00000159210	ensembl_gene	SNF8	genes4epilepsy	Genes4Epilepsy	literature_derived	1.0	bronze	SNF8	resolved		896	948d13c932d9b277
5122b67b736d0858	epilepsy	79753	ncbi_gene	ENSG00000163877	ensembl_gene	SNIP1	genes4epilepsy	Genes4Epilepsy	literature_derived	1.0	bronze	SNIP1	resolved		897	78dfc29c589b373a
5122b67b736d0858	epilepsy	79753	ncbi_gene	ENSG00000163877	ensembl_gene	SNIP1	gtr_epilepsy_gene_summary	GTR epilepsy gene summary	gtr_gene_summary	2.0	silver	SNIP1	resolved	gtr_clinical_testing_utilization	231	b707bd02746cd71e
876b49b1fbb00870	epilepsy	727676	ncbi_gene	ENSG00000200463	ensembl_gene	SNORD118	genes4epilepsy	Genes4Epilepsy	literature_derived	1.0	bronze	SNORD118	resolved		898	a586dbf209fbcfae
876b49b1fbb00870	epilepsy	727676	ncbi_gene	ENSG00000200463	ensembl_gene	SNORD118	gtr_epilepsy_gene_summary	GTR epilepsy gene summary	gtr_gene_summary	2.0	silver	SNORD118	resolved	gtr_clinical_testing_utilization	1743	281d86ddbe22fec0
f3f1e1c538d674c0	epilepsy	6638	ncbi_gene	ENSG00000128739	ensembl_gene	SNRPN	gtr_epilepsy_gene_summary	GTR epilepsy gene summary	gtr_gene_summary	2.0	silver	SNRPN	resolved	gtr_clinical_testing_utilization	1118	2f3b3fb638eb3c00
35f9fad23d91a512	epilepsy	6640	ncbi_gene	ENSG00000101400	ensembl_gene	SNTA1	gtr_epilepsy_gene_summary	GTR epilepsy gene summary	gtr_gene_summary	2.0	silver	SNTA1	resolved	gtr_clinical_testing_utilization	1187	4405f9b095fbab6f
a34e74de3653d476	epilepsy	22938	ncbi_gene	ENSG00000100603	ensembl_gene	SNW1	genes4epilepsy	Genes4Epilepsy	literature_derived	1.0	bronze	SNW1	resolved		899	32d437dbca4399fd
7d57c0c432e16c22	epilepsy	29887	ncbi_gene	ENSG00000086300	ensembl_gene	SNX10	gtr_epilepsy_gene_summary	GTR epilepsy gene summary	gtr_gene_summary	2.0	silver	SNX10	resolved	gtr_clinical_testing_utilization	3256	d2fb7efdcf767438
c17f27fad563cbdd	epilepsy	57231	ncbi_gene	ENSG00000135317	ensembl_gene	SNX14	gtr_epilepsy_gene_summary	GTR epilepsy gene summary	gtr_gene_summary	2.0	silver	SNX14	resolved	gtr_clinical_testing_utilization	356	46efe7b96d565449
d7055df7dd2ffcd0	epilepsy	81609	ncbi_gene	ENSG00000143376	ensembl_gene	SNX27	genes4epilepsy	Genes4Epilepsy	literature_derived	1.0	bronze	SNX27	resolved		900	a02742ea1047ca7f
d7055df7dd2ffcd0	epilepsy	81609	ncbi_gene	ENSG00000143376	ensembl_gene	SNX27	gtr_epilepsy_gene_summary	GTR epilepsy gene summary	gtr_gene_summary	2.0	silver	SNX27	resolved	gtr_clinical_testing_utilization	1272	09b3c01bbd0a0a8d
8a976180dbbc2a23	epilepsy	8724	ncbi_gene	ENSG00000112335	ensembl_gene	SNX3	gtr_epilepsy_gene_summary	GTR epilepsy gene summary	gtr_gene_summary	2.0	silver	SNX3	resolved	gtr_clinical_testing_utilization	2504	eb1c1a750a9ac189
96047e2657a40006	epilepsy	55084	ncbi_gene	ENSG00000112320	ensembl_gene	SOBP	gtr_epilepsy_gene_summary	GTR epilepsy gene summary	gtr_gene_summary	2.0	silver	SOBP	resolved	gtr_clinical_testing_utilization	3257	f32398b0ebd43f5b
886797f3960f3f0d	epilepsy	6647	ncbi_gene	ENSG00000142168	ensembl_gene	SOD1	gtr_epilepsy_gene_summary	GTR epilepsy gene summary	gtr_gene_summary	2.0	silver	SOD1	resolved	gtr_clinical_testing_utilization	2906	cb469997590c6a96
5a5930ff918822ed	epilepsy	6651	ncbi_gene	ENSG00000159140	ensembl_gene	SON	genes4epilepsy	Genes4Epilepsy	literature_derived	1.0	bronze	SON	resolved		901	f2f4844a0d031eb5
5a5930ff918822ed	epilepsy	6651	ncbi_gene	ENSG00000159140	ensembl_gene	SON	gtr_epilepsy_gene_summary	GTR epilepsy gene summary	gtr_gene_summary	2.0	silver	SON	resolved	gtr_clinical_testing_utilization	728	df674cc6519c2588
2cc871317a570e74	epilepsy	6654	ncbi_gene	ENSG00000115904	ensembl_gene	SOS1	gtr_epilepsy_gene_summary	GTR epilepsy gene summary	gtr_gene_summary	2.0	silver	SOS1	resolved	gtr_clinical_testing_utilization	605	381e146b1e215015
a0b8e67d7a0c27a0	epilepsy	6655	ncbi_gene	ENSG00000100485	ensembl_gene	SOS2	gtr_epilepsy_gene_summary	GTR epilepsy gene summary	gtr_gene_summary	2.0	silver	SOS2	resolved	gtr_clinical_testing_utilization	1142	1f3024857240c2f9
95aedaf0a85a4344	epilepsy	50964	ncbi_gene	ENSG00000167941	ensembl_gene	SOST	gtr_epilepsy_gene_summary	GTR epilepsy gene summary	gtr_gene_summary	2.0	silver	SOST	resolved	gtr_clinical_testing_utilization	2279	e1d8b01a62043c78
ce776da15242929e	epilepsy	6656	ncbi_gene	ENSG00000182968	ensembl_gene	SOX1	gtr_epilepsy_gene_summary	GTR epilepsy gene summary	gtr_gene_summary	2.0	silver	SOX1	resolved	gtr_clinical_testing_utilization	2505	dce2f98a0c2bf938
75634f76ec586694	epilepsy	6663	ncbi_gene	ENSG00000100146	ensembl_gene	SOX10	gtr_epilepsy_gene_summary	GTR epilepsy gene summary	gtr_gene_summary	2.0	silver	SOX10	resolved	gtr_clinical_testing_utilization	510	134b7d79b2f55e01
98b5cded07e5c2d6	epilepsy	6664	ncbi_gene	ENSG00000176887	ensembl_gene	SOX11	genes4epilepsy	Genes4Epilepsy	literature_derived	1.0	bronze	SOX11	resolved		902	371804f2778b2504
98b5cded07e5c2d6	epilepsy	6664	ncbi_gene	ENSG00000176887	ensembl_gene	SOX11	gtr_epilepsy_gene_summary	GTR epilepsy gene summary	gtr_gene_summary	2.0	silver	SOX11	resolved	gtr_clinical_testing_utilization	898	e0cc0fff3576e358
66fd6b76caf4e2b5	epilepsy	64321	ncbi_gene	ENSG00000164736	ensembl_gene	SOX17	gtr_epilepsy_gene_summary	GTR epilepsy gene summary	gtr_gene_summary	2.0	silver	SOX17	resolved	gtr_clinical_testing_utilization	2016	48b3c2eab7b694ed
3f992610652370b8	epilepsy	6657	ncbi_gene	ENSG00000181449	ensembl_gene	SOX2	genes4epilepsy	Genes4Epilepsy	literature_derived	1.0	bronze	SOX2	resolved		903	a140b2432cbe313a
3f992610652370b8	epilepsy	6657	ncbi_gene	ENSG00000181449	ensembl_gene	SOX2	gtr_epilepsy_gene_summary	GTR epilepsy gene summary	gtr_gene_summary	2.0	silver	SOX2	resolved	gtr_clinical_testing_utilization	1046	06ab1d614a3b11ad
05b29934bcd55933	epilepsy	6658	ncbi_gene	ENSG00000134595	ensembl_gene	SOX3	gtr_epilepsy_gene_summary	GTR epilepsy gene summary	gtr_gene_summary	2.0	silver	SOX3	resolved	gtr_clinical_testing_utilization	779	22cb3c75da21cec5
95c6989f8adb4a7d	epilepsy	6659	ncbi_gene	ENSG00000124766	ensembl_gene	SOX4	gtr_epilepsy_gene_summary	GTR epilepsy gene summary	gtr_gene_summary	2.0	silver	SOX4	resolved	gtr_clinical_testing_utilization	2907	2c6457b088d1f04c
001f9320fb13276a	epilepsy	6660	ncbi_gene	ENSG00000134532	ensembl_gene	SOX5	gtr_epilepsy_gene_summary	GTR epilepsy gene summary	gtr_gene_summary	2.0	silver	SOX5	resolved	gtr_clinical_testing_utilization	2041	cf3f2dbe76e5a413
13a66721254378b0	epilepsy	83595	ncbi_gene	ENSG00000171056	ensembl_gene	SOX7	gtr_epilepsy_gene_summary	GTR epilepsy gene summary	gtr_gene_summary	2.0	silver	SOX7	resolved	gtr_clinical_testing_utilization	2908	534ef946552c7195
6b713f3245ac9553	epilepsy	6662	ncbi_gene	ENSG00000125398	ensembl_gene	SOX9	gtr_epilepsy_gene_summary	GTR epilepsy gene summary	gtr_gene_summary	2.0	silver	SOX9	resolved	gtr_clinical_testing_utilization	1542	13bee917de1455ab
77f2697058a2349a	epilepsy	3431	ncbi_gene	ENSG00000135899	ensembl_gene	SP110	gtr_epilepsy_gene_summary	GTR epilepsy gene summary	gtr_gene_summary	2.0	silver	SP110	resolved	gtr_clinical_testing_utilization	2171	2cbefc7eb7b33462
4319f7f287132625	epilepsy	100131390	ncbi_gene	ENSG00000217236	ensembl_gene	SP9	genes4epilepsy	Genes4Epilepsy	literature_derived	1.0	bronze	SP9	resolved		904	b02d0cead209ff52
37714131d03f0d4c	epilepsy	6678	ncbi_gene	ENSG00000113140	ensembl_gene	SPARC	gtr_epilepsy_gene_summary	GTR epilepsy gene summary	gtr_gene_summary	2.0	silver	SPARC	resolved	gtr_clinical_testing_utilization	2823	01b24fc9e762d6a7
b9b3e1092264ce01	epilepsy	23111	ncbi_gene	ENSG00000133104	ensembl_gene	SPART	gtr_epilepsy_gene_summary	GTR epilepsy gene summary	gtr_gene_summary	2.0	silver	SPART	resolved	gtr_clinical_testing_utilization	1852	023dd5c622e4c580
a5cb14151a87daa4	epilepsy	6683	ncbi_gene	ENSG00000021574	ensembl_gene	SPAST	gtr_epilepsy_gene_summary	GTR epilepsy gene summary	gtr_gene_summary	2.0	silver	SPAST	resolved	gtr_clinical_testing_utilization	738	edc1e3e41195257c
6efcb6eeea4cff7f	epilepsy	55812	ncbi_gene	ENSG00000042317	ensembl_gene	SPATA7	gtr_epilepsy_gene_summary	GTR epilepsy gene summary	gtr_gene_summary	2.0	silver	SPATA7	resolved	gtr_clinical_testing_utilization	2172	e6dd3f31024f5b09
8d4c8a037392b021	epilepsy	23384	ncbi_gene	ENSG00000100014	ensembl_gene	SPECC1L	gtr_epilepsy_gene_summary	GTR epilepsy gene summary	gtr_gene_summary	2.0	silver	SPECC1L	resolved	gtr_clinical_testing_utilization	1654	c8532e10d9ce236d
2201ce145b502fae	epilepsy	10290	ncbi_gene	ENSG00000072195	ensembl_gene	SPEG	gtr_epilepsy_gene_summary	GTR epilepsy gene summary	gtr_gene_summary	2.0	silver	SPEG	resolved	gtr_clinical_testing_utilization	3258	96b6a895db9fb8e2
b61579be64d6410f	epilepsy	80208	ncbi_gene	ENSG00000104133	ensembl_gene	SPG11	gtr_epilepsy_gene_summary	GTR epilepsy gene summary	gtr_gene_summary	2.0	silver	SPG11	resolved	gtr_clinical_testing_utilization	782	5e89d1e275f8f1b9
fdb593f5cd48b697	epilepsy	51324	ncbi_gene	ENSG00000090487	ensembl_gene	SPG21	gtr_epilepsy_gene_summary	GTR epilepsy gene summary	gtr_gene_summary	2.0	silver	SPG21	resolved	gtr_clinical_testing_utilization	1100	7c342e237b271484
e268e6c3dbff23c2	epilepsy	6687	ncbi_gene	ENSG00000197912	ensembl_gene	SPG7	gtr_epilepsy_gene_summary	GTR epilepsy gene summary	gtr_gene_summary	2.0	silver	SPG7	resolved	gtr_clinical_testing_utilization	612	ba32ebe0f55e2e83
938d2f0a01b219c8	epilepsy	6690	ncbi_gene	ENSG00000164266	ensembl_gene	SPINK1	gtr_epilepsy_gene_summary	GTR epilepsy gene summary	gtr_gene_summary	2.0	silver	SPINK1	resolved	gtr_clinical_testing_utilization	3259	474cbad8e296417c
6187fe7fc98efcdc	epilepsy	11005	ncbi_gene	ENSG00000133710	ensembl_gene	SPINK5	gtr_epilepsy_gene_summary	GTR epilepsy gene summary	gtr_gene_summary	2.0	silver	SPINK5	resolved	gtr_clinical_testing_utilization	3260	15ac7f8f8828a94f
23be236f24ff6518	epilepsy	51490	ncbi_gene	ENSG00000198917	ensembl_gene	SPOUT1	genes4epilepsy	Genes4Epilepsy	literature_derived	1.0	bronze	SPOUT1	resolved		905	03f83c85c211d057
0e396df97570c04a	epilepsy	6694	ncbi_gene	ENSG00000072080	ensembl_gene	SPP2	gtr_epilepsy_gene_summary	GTR epilepsy gene summary	gtr_gene_summary	2.0	silver	SPP2	resolved	gtr_clinical_testing_utilization	1787	0fc4e69002b630ea
949e043ee87300cf	epilepsy	84888	ncbi_gene	ENSG00000138600	ensembl_gene	SPPL2A	gtr_epilepsy_gene_summary	GTR epilepsy gene summary	gtr_gene_summary	2.0	silver	SPPL2A	resolved	gtr_clinical_testing_utilization	2338	5d46c6e38c76bafa
aca87982c1f5355a	epilepsy	6697	ncbi_gene	ENSG00000116096	ensembl_gene	SPR	genes4epilepsy	Genes4Epilepsy	literature_derived	1.0	bronze	SPR	resolved		906	fe9137d7108300b4
aca87982c1f5355a	epilepsy	6697	ncbi_gene	ENSG00000116096	ensembl_gene	SPR	gtr_epilepsy_gene_summary	GTR epilepsy gene summary	gtr_gene_summary	2.0	silver	SPR	resolved	gtr_clinical_testing_utilization	618	2d9bf62bfcb48f6d
69d89cd040df91f9	epilepsy	161742	ncbi_gene	ENSG00000166068	ensembl_gene	SPRED1	gtr_epilepsy_gene_summary	GTR epilepsy gene summary	gtr_gene_summary	2.0	silver	SPRED1	resolved	gtr_clinical_testing_utilization	673	6f456103dc242762
605ef43626af79d9	epilepsy	81848	ncbi_gene	ENSG00000187678	ensembl_gene	SPRY4	gtr_epilepsy_gene_summary	GTR epilepsy gene summary	gtr_gene_summary	2.0	silver	SPRY4	resolved	gtr_clinical_testing_utilization	1266	d44e4d1fd9f0b36b
de961fa2681dafe8	epilepsy	6709	ncbi_gene	ENSG00000197694	ensembl_gene	SPTAN1	genes4epilepsy	Genes4Epilepsy	literature_derived	1.0	bronze	SPTAN1	resolved		907	434e233d30d00c75
de961fa2681dafe8	epilepsy	6709	ncbi_gene	ENSG00000197694	ensembl_gene	SPTAN1	gtr_epilepsy_gene_summary	GTR epilepsy gene summary	gtr_gene_summary	2.0	silver	SPTAN1	resolved	gtr_clinical_testing_utilization	40	a6749b1dd6639dd8
062503d2aabafc33	epilepsy	6711	ncbi_gene	ENSG00000115306	ensembl_gene	SPTBN1	genes4epilepsy	Genes4Epilepsy	literature_derived	1.0	bronze	SPTBN1	resolved		908	327b86e0f0c84053
758b889f12815e84	epilepsy	6712	ncbi_gene	ENSG00000173898	ensembl_gene	SPTBN2	gtr_epilepsy_gene_summary	GTR epilepsy gene summary	gtr_gene_summary	2.0	silver	SPTBN2	resolved	gtr_clinical_testing_utilization	1810	71ddfdd515ae0800
189087e2673be079	epilepsy	57731	ncbi_gene	ENSG00000160460	ensembl_gene	SPTBN4	genes4epilepsy	Genes4Epilepsy	literature_derived	1.0	bronze	SPTBN4	resolved		909	bb513714abf5e813
189087e2673be079	epilepsy	57731	ncbi_gene	ENSG00000160460	ensembl_gene	SPTBN4	gtr_epilepsy_gene_summary	GTR epilepsy gene summary	gtr_gene_summary	2.0	silver	SPTBN4	resolved	gtr_clinical_testing_utilization	2824	06ba576bc4e4487e
1f390ca5b2876ac3	epilepsy	8878	ncbi_gene	ENSG00000161011	ensembl_gene	SQSTM1	gtr_epilepsy_gene_summary	GTR epilepsy gene summary	gtr_gene_summary	2.0	silver	SQSTM1	resolved	gtr_clinical_testing_utilization	1873	6972351bea486a7c
7fc47290a8644304	epilepsy	10847	ncbi_gene	ENSG00000080603	ensembl_gene	SRCAP	genes4epilepsy	Genes4Epilepsy	literature_derived	1.0	bronze	SRCAP	resolved		910	aa05eb66be3fd75b
7fc47290a8644304	epilepsy	10847	ncbi_gene	ENSG00000080603	ensembl_gene	SRCAP	gtr_epilepsy_gene_summary	GTR epilepsy gene summary	gtr_gene_summary	2.0	silver	SRCAP	resolved	gtr_clinical_testing_utilization	955	c03816c6a84e1fc7
e4bc287701e245ec	epilepsy	79644	ncbi_gene	ENSG00000128039	ensembl_gene	SRD5A3	gtr_epilepsy_gene_summary	GTR epilepsy gene summary	gtr_gene_summary	2.0	silver	SRD5A3	resolved	gtr_clinical_testing_utilization	414	11c6f2f91654bc15
a9049fa6a6f1440e	epilepsy	6721	ncbi_gene	ENSG00000198911	ensembl_gene	SREBF2	gtr_epilepsy_gene_summary	GTR epilepsy gene summary	gtr_gene_summary	2.0	silver	SREBF2	resolved	gtr_clinical_testing_utilization	2506	5e585b2ffff92874
0f7b592389f000a6	epilepsy	23380	ncbi_gene	ENSG00000266028	ensembl_gene	SRGAP2	gtr_epilepsy_gene_summary	GTR epilepsy gene summary	gtr_gene_summary	2.0	silver	SRGAP2	resolved	gtr_clinical_testing_utilization	3261	b8c645c7dde2d0dc
f237b19d320b1755	epilepsy	6734	ncbi_gene	ENSG00000182934	ensembl_gene	SRPRA	gtr_epilepsy_gene_summary	GTR epilepsy gene summary	gtr_gene_summary	2.0	silver	SRPRA	resolved	gtr_clinical_testing_utilization	2359	0a03e6f226de25ed
eac9e38f0aa4425d	epilepsy	27286	ncbi_gene	ENSG00000102359	ensembl_gene	SRPX2	gtr_epilepsy_gene_summary	GTR epilepsy gene summary	gtr_gene_summary	2.0	silver	SRPX2	resolved	gtr_clinical_testing_utilization	92	109b528af2da4e97
b6f4dd23035e9c5a	epilepsy	6736	ncbi_gene	ENSG00000184895	ensembl_gene	SRY	gtr_epilepsy_gene_summary	GTR epilepsy gene summary	gtr_gene_summary	2.0	silver	SRY	resolved	gtr_clinical_testing_utilization	2197	d67eb945e69a24e8
ad4245e8c383cd7c	epilepsy	23145	ncbi_gene	ENSG00000197558	ensembl_gene	SSPOP	genes4epilepsy	Genes4Epilepsy	literature_derived	1.0	bronze	SSPOP	resolved		911	db36f28813774638
e5ae32d4e806bf1a	epilepsy	6747	ncbi_gene	ENSG00000114850	ensembl_gene	SSR3	gtr_epilepsy_gene_summary	GTR epilepsy gene summary	gtr_gene_summary	2.0	silver	SSR3	resolved	gtr_clinical_testing_utilization	2249	185551193500f0b4
e5028eb777d2449a	epilepsy	6748	ncbi_gene	ENSG00000180879	ensembl_gene	SSR4	gtr_epilepsy_gene_summary	GTR epilepsy gene summary	gtr_gene_summary	2.0	silver	SSR4	resolved	gtr_clinical_testing_utilization	1144	901109b3846699e8
fb418a9e88d7d2b2	epilepsy	6755	ncbi_gene	ENSG00000162009	ensembl_gene	SSTR5	gtr_epilepsy_gene_summary	GTR epilepsy gene summary	gtr_gene_summary	2.0	silver	SSTR5	resolved	gtr_clinical_testing_utilization	3262	3efb445567388d90
fb5e69e4433cb839	epilepsy	6487	ncbi_gene	ENSG00000126091	ensembl_gene	ST3GAL3	genes4epilepsy	Genes4Epilepsy	literature_derived	1.0	bronze	ST3GAL3	resolved		912	b1c6db1d9570f091
fb5e69e4433cb839	epilepsy	6487	ncbi_gene	ENSG00000126091	ensembl_gene	ST3GAL3	gtr_epilepsy_gene_summary	GTR epilepsy gene summary	gtr_gene_summary	2.0	silver	ST3GAL3	resolved	gtr_clinical_testing_utilization	70	4667c18fa35444dc
34481937698fbc4e	epilepsy	8869	ncbi_gene	ENSG00000115525	ensembl_gene	ST3GAL5	genes4epilepsy	Genes4Epilepsy	literature_derived	1.0	bronze	ST3GAL5	resolved		913	a023e725ef009466
34481937698fbc4e	epilepsy	8869	ncbi_gene	ENSG00000115525	ensembl_gene	ST3GAL5	gtr_epilepsy_gene_summary	GTR epilepsy gene summary	gtr_gene_summary	2.0	silver	ST3GAL5	resolved	gtr_clinical_testing_utilization	242	9374d07811ff8429
5790145bdec51e07	epilepsy	7982	ncbi_gene	ENSG00000004866	ensembl_gene	ST7	gtr_epilepsy_gene_summary	GTR epilepsy gene summary	gtr_gene_summary	2.0	silver	ST7	resolved	gtr_clinical_testing_utilization	3263	de28b849829c2301
9ba8a0a12d4a2709	epilepsy	8128	ncbi_gene	ENSG00000140557	ensembl_gene	ST8SIA2	gtr_epilepsy_gene_summary	GTR epilepsy gene summary	gtr_gene_summary	2.0	silver	ST8SIA2	resolved	gtr_clinical_testing_utilization	3264	9098c586208ccd0f
987b7306d4c3978b	epilepsy	246329	ncbi_gene	ENSG00000185482	ensembl_gene	STAC3	gtr_epilepsy_gene_summary	GTR epilepsy gene summary	gtr_gene_summary	2.0	silver	STAC3	resolved	gtr_clinical_testing_utilization	1955	91e2bb85ce9e3415
3ee527551946dd04	epilepsy	10274	ncbi_gene	ENSG00000118007	ensembl_gene	STAG1	genes4epilepsy	Genes4Epilepsy	literature_derived	1.0	bronze	STAG1	resolved		914	f8f5a2d5e70013b2
3ee527551946dd04	epilepsy	10274	ncbi_gene	ENSG00000118007	ensembl_gene	STAG1	gtr_epilepsy_gene_summary	GTR epilepsy gene summary	gtr_gene_summary	2.0	silver	STAG1	resolved	gtr_clinical_testing_utilization	2245	3d332a49b7bce7fa
193c72e853b7a7be	epilepsy	10617	ncbi_gene	ENSG00000124356	ensembl_gene	STAMBP	genes4epilepsy	Genes4Epilepsy	literature_derived	1.0	bronze	STAMBP	resolved		915	928666dfc4d5ce60
193c72e853b7a7be	epilepsy	10617	ncbi_gene	ENSG00000124356	ensembl_gene	STAMBP	gtr_epilepsy_gene_summary	GTR epilepsy gene summary	gtr_gene_summary	2.0	silver	STAMBP	resolved	gtr_clinical_testing_utilization	619	16099cf41630ef6e
7f0a183ebecfc4ba	epilepsy	26228	ncbi_gene	ENSG00000035720	ensembl_gene	STAP1	gtr_epilepsy_gene_summary	GTR epilepsy gene summary	gtr_gene_summary	2.0	silver	STAP1	resolved	gtr_clinical_testing_utilization	2319	c8d503d5d340438f
158d465f519af678	epilepsy	6770	ncbi_gene	ENSG00000147465	ensembl_gene	STAR	gtr_epilepsy_gene_summary	GTR epilepsy gene summary	gtr_gene_summary	2.0	silver	STAR	resolved	gtr_clinical_testing_utilization	1072	32f4d3f8f2039ca4
dbd9c3d3a0c5ccc6	epilepsy	56910	ncbi_gene	ENSG00000084090	ensembl_gene	STARD7	genes4epilepsy	Genes4Epilepsy	literature_derived	1.0	bronze	STARD7	resolved		916	1d2a4b2b5013dfc8
b0e4f56c8c29cb33	epilepsy	57519	ncbi_gene	ENSG00000159433	ensembl_gene	STARD9	gtr_epilepsy_gene_summary	GTR epilepsy gene summary	gtr_gene_summary	2.0	silver	STARD9	resolved	gtr_clinical_testing_utilization	1788	d90ad9f4d1c4798f
da00068637f19eda	epilepsy	6772	ncbi_gene	ENSG00000115415	ensembl_gene	STAT1	gtr_epilepsy_gene_summary	GTR epilepsy gene summary	gtr_gene_summary	2.0	silver	STAT1	resolved	gtr_clinical_testing_utilization	3265	05fc3c72ac31f744
174a531ae51dd4ad	epilepsy	6773	ncbi_gene	ENSG00000170581	ensembl_gene	STAT2	gtr_epilepsy_gene_summary	GTR epilepsy gene summary	gtr_gene_summary	2.0	silver	STAT2	resolved	gtr_clinical_testing_utilization	1853	cbd1268714375cfe
34eeee44b5de92bb	epilepsy	26872	ncbi_gene	ENSG00000164647	ensembl_gene	STEAP1	gtr_epilepsy_gene_summary	GTR epilepsy gene summary	gtr_gene_summary	2.0	silver	STEAP1	resolved	gtr_clinical_testing_utilization	2507	e3853406e1764c26
74818b2d6672c589	epilepsy	261729	ncbi_gene	ENSG00000157214	ensembl_gene	STEAP2	gtr_epilepsy_gene_summary	GTR epilepsy gene summary	gtr_gene_summary	2.0	silver	STEAP2	resolved	gtr_clinical_testing_utilization	2508	edd9009ba573b916
867191fbc526fba7	epilepsy	63932	ncbi_gene	ENSG00000018610	ensembl_gene	STEEP1	genes4epilepsy	Genes4Epilepsy	literature_derived	1.0	bronze	STEEP1	resolved		917	05171c4219d3f2c9
df1052bb5ec1511b	epilepsy	6491	ncbi_gene	ENSG00000123473	ensembl_gene	STIL	gtr_epilepsy_gene_summary	GTR epilepsy gene summary	gtr_gene_summary	2.0	silver	STIL	resolved	gtr_clinical_testing_utilization	1207	1ba21a0f5f4f72eb
abf1dd39911a729d	epilepsy	6786	ncbi_gene	ENSG00000167323	ensembl_gene	STIM1	gtr_epilepsy_gene_summary	GTR epilepsy gene summary	gtr_gene_summary	2.0	silver	STIM1	resolved	gtr_clinical_testing_utilization	2017	5d22d875e898c567
87119c04eb98690c	epilepsy	23012	ncbi_gene	ENSG00000211455	ensembl_gene	STK38L	gtr_epilepsy_gene_summary	GTR epilepsy gene summary	gtr_gene_summary	2.0	silver	STK38L	resolved	gtr_clinical_testing_utilization	2509	b2f5bb9f4b221cd8
0d15b2d91d4a320a	epilepsy	6789	ncbi_gene	ENSG00000101109	ensembl_gene	STK4	gtr_epilepsy_gene_summary	GTR epilepsy gene summary	gtr_gene_summary	2.0	silver	STK4	resolved	gtr_clinical_testing_utilization	2115	74f9564eec6f2379
18f8737ec90d984a	epilepsy	79991	ncbi_gene	ENSG00000107960	ensembl_gene	STN1	gtr_epilepsy_gene_summary	GTR epilepsy gene summary	gtr_gene_summary	2.0	silver	STN1	resolved	gtr_clinical_testing_utilization	2382	078f4d52d252f864
67605a4156929514	epilepsy	64220	ncbi_gene	ENSG00000288257	ensembl_gene	STRA6	gtr_epilepsy_gene_summary	GTR epilepsy gene summary	gtr_gene_summary	2.0	silver	STRA6	resolved	gtr_clinical_testing_utilization	2825	4afe6aec32862910
50971ef2efbf3618	epilepsy	92335	ncbi_gene	ENSG00000266173	ensembl_gene	STRADA	genes4epilepsy	Genes4Epilepsy	literature_derived	1.0	bronze	STRADA	resolved		918	6ef7f406994149b3
50971ef2efbf3618	epilepsy	92335	ncbi_gene	ENSG00000266173	ensembl_gene	STRADA	gtr_epilepsy_gene_summary	GTR epilepsy gene summary	gtr_gene_summary	2.0	silver	STRADA	resolved	gtr_clinical_testing_utilization	158	d6bc740dacab579b
2babf9e0eb48ce44	epilepsy	161497	ncbi_gene	ENSG00000242866	ensembl_gene	STRC	gtr_epilepsy_gene_summary	GTR epilepsy gene summary	gtr_gene_summary	2.0	silver	STRC	resolved	gtr_clinical_testing_utilization	1371	66ecf696cf04afc3
ab7f12b0dcc83c8c	epilepsy	412	ncbi_gene	ENSG00000101846	ensembl_gene	STS	gtr_epilepsy_gene_summary	GTR epilepsy gene summary	gtr_gene_summary	2.0	silver	STS	resolved	gtr_clinical_testing_utilization	2198	56727a96795492a4
381ba22bcd400aac	epilepsy	3703	ncbi_gene	ENSG00000134910	ensembl_gene	STT3A	gtr_epilepsy_gene_summary	GTR epilepsy gene summary	gtr_gene_summary	2.0	silver	STT3A	resolved	gtr_clinical_testing_utilization	1558	f42390278ca17898
fa083b81cf447b4d	epilepsy	201595	ncbi_gene	ENSG00000163527	ensembl_gene	STT3B	gtr_epilepsy_gene_summary	GTR epilepsy gene summary	gtr_gene_summary	2.0	silver	STT3B	resolved	gtr_clinical_testing_utilization	2550	3edf00712cd9eac4
35f3b557541949de	epilepsy	10273	ncbi_gene	ENSG00000103266	ensembl_gene	STUB1	gtr_epilepsy_gene_summary	GTR epilepsy gene summary	gtr_gene_summary	2.0	silver	STUB1	resolved	gtr_clinical_testing_utilization	1236	86ac93a5206c70ec
dc257e7f53de15d6	epilepsy	8676	ncbi_gene	ENSG00000135604	ensembl_gene	STX11	gtr_epilepsy_gene_summary	GTR epilepsy gene summary	gtr_gene_summary	2.0	silver	STX11	resolved	gtr_clinical_testing_utilization	1047	e1a4572edc4705cb
882c364473fb9748	epilepsy	8675	ncbi_gene	ENSG00000124222	ensembl_gene	STX16	gtr_epilepsy_gene_summary	GTR epilepsy gene summary	gtr_gene_summary	2.0	silver	STX16	resolved	gtr_clinical_testing_utilization	3266	3f835c9f01c9fdd8
4ce07be62721ba69	epilepsy	6804	ncbi_gene	ENSG00000106089	ensembl_gene	STX1A	genes4epilepsy	Genes4Epilepsy	literature_derived	1.0	bronze	STX1A	resolved		919	a5e3a18dda4e41c6
4ce07be62721ba69	epilepsy	6804	ncbi_gene	ENSG00000106089	ensembl_gene	STX1A	gtr_epilepsy_gene_summary	GTR epilepsy gene summary	gtr_gene_summary	2.0	silver	STX1A	resolved	gtr_clinical_testing_utilization	3267	f878b7e3d4a794fc
8974c769fe26c680	epilepsy		ensembl_gene	ENSG00000099365	ensembl_gene	STX1B	epi25_2024_epi_high_confidence	Epi25 2024 EPI high-confidence genes	consortium_wes_burden	3.0	gold	STX1B	resolved		5	042ce5479730af8f
8974c769fe26c680	epilepsy	112755	ncbi_gene	ENSG00000099365	ensembl_gene	STX1B	genes4epilepsy	Genes4Epilepsy	literature_derived	1.0	bronze	STX1B	resolved		920	b3e21a3f4b637ec0
8974c769fe26c680	epilepsy	112755	ncbi_gene	ENSG00000099365	ensembl_gene	STX1B	gtr_epilepsy_gene_summary	GTR epilepsy gene summary	gtr_gene_summary	2.0	silver	STX1B	resolved	gtr_clinical_testing_utilization	58	30a8bc4c09b4c08d
d065dfd9bc0a4642	epilepsy	6809	ncbi_gene	ENSG00000166900	ensembl_gene	STX3	gtr_epilepsy_gene_summary	GTR epilepsy gene summary	gtr_gene_summary	2.0	silver	STX3	resolved	gtr_clinical_testing_utilization	1723	6e64d0ff4b4e7259
17d9817f2a9079ab	epilepsy	6812	ncbi_gene	ENSG00000136854	ensembl_gene	STXBP1	genes4epilepsy	Genes4Epilepsy	literature_derived	1.0	bronze	STXBP1	resolved		921	3bff6f5d911ae81e
17d9817f2a9079ab	epilepsy	6812	ncbi_gene	ENSG00000136854	ensembl_gene	STXBP1	gtr_epilepsy_gene_summary	GTR epilepsy gene summary	gtr_gene_summary	2.0	silver	STXBP1	resolved	gtr_clinical_testing_utilization	12	ec9b5030484f6e4f
09c749fbb7e31157	epilepsy	6813	ncbi_gene	ENSG00000076944	ensembl_gene	STXBP2	gtr_epilepsy_gene_summary	GTR epilepsy gene summary	gtr_gene_summary	2.0	silver	STXBP2	resolved	gtr_clinical_testing_utilization	1476	4d0b9af73fea1061
be966ed7d3f138dc	epilepsy	134957	ncbi_gene	ENSG00000164506	ensembl_gene	STXBP5	gtr_epilepsy_gene_summary	GTR epilepsy gene summary	gtr_gene_summary	2.0	silver	STXBP5	resolved	gtr_clinical_testing_utilization	2406	187e1d35d42ae4dd
53c9f68e3b4b6a0d	epilepsy	51657	ncbi_gene	ENSG00000127952	ensembl_gene	STYXL1	gtr_epilepsy_gene_summary	GTR epilepsy gene summary	gtr_gene_summary	2.0	silver	STYXL1	resolved	gtr_clinical_testing_utilization	3268	39c78ed1e717045c
e2089dab42057d99	epilepsy	8803	ncbi_gene	ENSG00000136143	ensembl_gene	SUCLA2	genes4epilepsy	Genes4Epilepsy	literature_derived	1.0	bronze	SUCLA2	resolved		922	fab94f91de700252
e2089dab42057d99	epilepsy	8803	ncbi_gene	ENSG00000136143	ensembl_gene	SUCLA2	gtr_epilepsy_gene_summary	GTR epilepsy gene summary	gtr_gene_summary	2.0	silver	SUCLA2	resolved	gtr_clinical_testing_utilization	289	c42df00a241f1b26
8df0e106006ed610	epilepsy	8802	ncbi_gene	ENSG00000163541	ensembl_gene	SUCLG1	genes4epilepsy	Genes4Epilepsy	literature_derived	1.0	bronze	SUCLG1	resolved		923	1ffbf3350d513917
8df0e106006ed610	epilepsy	8802	ncbi_gene	ENSG00000163541	ensembl_gene	SUCLG1	gtr_epilepsy_gene_summary	GTR epilepsy gene summary	gtr_gene_summary	2.0	silver	SUCLG1	resolved	gtr_clinical_testing_utilization	450	73377c1ebb885909
9f9c1268a0a05383	epilepsy	8801	ncbi_gene	ENSG00000172340	ensembl_gene	SUCLG2	gtr_epilepsy_gene_summary	GTR epilepsy gene summary	gtr_gene_summary	2.0	silver	SUCLG2	resolved	gtr_clinical_testing_utilization	2265	df82eac5f72f1da9
a51c5091def8d753	epilepsy	51430	ncbi_gene	ENSG00000094975	ensembl_gene	SUCO	gtr_epilepsy_gene_summary	GTR epilepsy gene summary	gtr_gene_summary	2.0	silver	SUCO	resolved	gtr_clinical_testing_utilization	1890	2462bcff396af9bf
26a7a4970e3314ca	epilepsy	51684	ncbi_gene	ENSG00000107882	ensembl_gene	SUFU	gtr_epilepsy_gene_summary	GTR epilepsy gene summary	gtr_gene_summary	2.0	silver	SUFU	resolved	gtr_clinical_testing_utilization	970	32331546b35b77cd
09536568b04ce142	epilepsy	23213	ncbi_gene	ENSG00000137573	ensembl_gene	SULF1	gtr_epilepsy_gene_summary	GTR epilepsy gene summary	gtr_gene_summary	2.0	silver	SULF1	resolved	gtr_clinical_testing_utilization	2630	926abe5f6eab16ed
9f06abae7746e5b7	epilepsy	285362	ncbi_gene	ENSG00000144455	ensembl_gene	SUMF1	genes4epilepsy	Genes4Epilepsy	literature_derived	1.0	bronze	SUMF1	resolved		924	fd35739cdb8955d9
9f06abae7746e5b7	epilepsy	285362	ncbi_gene	ENSG00000144455	ensembl_gene	SUMF1	gtr_epilepsy_gene_summary	GTR epilepsy gene summary	gtr_gene_summary	2.0	silver	SUMF1	resolved	gtr_clinical_testing_utilization	761	e4727f7039b6c985
bcfee537184be533	epilepsy	6821	ncbi_gene	ENSG00000139531	ensembl_gene	SUOX	genes4epilepsy	Genes4Epilepsy	literature_derived	1.0	bronze	SUOX	resolved		925	090766f758956fac
bcfee537184be533	epilepsy	6821	ncbi_gene	ENSG00000139531	ensembl_gene	SUOX	gtr_epilepsy_gene_summary	GTR epilepsy gene summary	gtr_gene_summary	2.0	silver	SUOX	resolved	gtr_clinical_testing_utilization	238	70d3d8583c82ba35
9c3008445c26f6a1	epilepsy	6834	ncbi_gene	ENSG00000280627	ensembl_gene	SURF1	genes4epilepsy	Genes4Epilepsy	literature_derived	1.0	bronze	SURF1	resolved		926	8fcddc600af7988f
9c3008445c26f6a1	epilepsy	6834	ncbi_gene	ENSG00000280627	ensembl_gene	SURF1	gtr_epilepsy_gene_summary	GTR epilepsy gene summary	gtr_gene_summary	2.0	silver	SURF1	resolved	gtr_clinical_testing_utilization	316	6890328a8cd47f3c
393df274e2f4d11d	epilepsy	23512	ncbi_gene	ENSG00000178691	ensembl_gene	SUZ12	gtr_epilepsy_gene_summary	GTR epilepsy gene summary	gtr_gene_summary	2.0	silver	SUZ12	resolved	gtr_clinical_testing_utilization	1918	4fbf78098b40b738
f060cd85ddc29a0c	epilepsy	9900	ncbi_gene	ENSG00000159164	ensembl_gene	SV2A	gtr_epilepsy_gene_summary	GTR epilepsy gene summary	gtr_gene_summary	2.0	silver	SV2A	resolved	gtr_clinical_testing_utilization	3269	efc32391524537b3
4f805556cc8d4ac9	epilepsy	6850	ncbi_gene	ENSG00000165025	ensembl_gene	SYK	gtr_epilepsy_gene_summary	GTR epilepsy gene summary	gtr_gene_summary	2.0	silver	SYK	resolved	gtr_clinical_testing_utilization	2826	1bb3bea21975d429
e18fbb7388ae1d6c	epilepsy	6853	ncbi_gene	ENSG00000008056	ensembl_gene	SYN1	genes4epilepsy	Genes4Epilepsy	literature_derived	1.0	bronze	SYN1	resolved		927	ac9485edd4a6a967
e18fbb7388ae1d6c	epilepsy	6853	ncbi_gene	ENSG00000008056	ensembl_gene	SYN1	gtr_epilepsy_gene_summary	GTR epilepsy gene summary	gtr_gene_summary	2.0	silver	SYN1	resolved	gtr_clinical_testing_utilization	33	0851516159460aea
40fa2198a2542f96	epilepsy	6854	ncbi_gene	ENSG00000157152	ensembl_gene	SYN2	gtr_epilepsy_gene_summary	GTR epilepsy gene summary	gtr_gene_summary	2.0	silver	SYN2	resolved	gtr_clinical_testing_utilization	3270	ab90113ed3071b7f
8679d0f5c7391000	epilepsy	23345	ncbi_gene	ENSG00000131018	ensembl_gene	SYNE1	genes4epilepsy	Genes4Epilepsy	literature_derived	1.0	bronze	SYNE1	resolved		928	9d59b3668c9cfbc3
8679d0f5c7391000	epilepsy	23345	ncbi_gene	ENSG00000131018	ensembl_gene	SYNE1	gtr_epilepsy_gene_summary	GTR epilepsy gene summary	gtr_gene_summary	2.0	silver	SYNE1	resolved	gtr_clinical_testing_utilization	856	bae095c70a37888b
317c9e1bc1e9b9fd	epilepsy	163183	ncbi_gene	ENSG00000181392	ensembl_gene	SYNE4	gtr_epilepsy_gene_summary	GTR epilepsy gene summary	gtr_gene_summary	2.0	silver	SYNE4	resolved	gtr_clinical_testing_utilization	1088	499082a6f93a866d
b79175a17ddb7f33	epilepsy		ensembl_gene	ENSG00000197283	ensembl_gene	SYNGAP1	epi25_2024_epi_high_confidence	Epi25 2024 EPI high-confidence genes	consortium_wes_burden	3.0	gold	SYNGAP1	resolved		6	b009193432c58896
b79175a17ddb7f33	epilepsy	8831	ncbi_gene	ENSG00000197283	ensembl_gene	SYNGAP1	genes4epilepsy	Genes4Epilepsy	literature_derived	1.0	bronze	SYNGAP1	resolved		929	0f2c3ce73d6ddfca
b79175a17ddb7f33	epilepsy	8831	ncbi_gene	ENSG00000197283	ensembl_gene	SYNGAP1	gtr_epilepsy_gene_summary	GTR epilepsy gene summary	gtr_gene_summary	2.0	silver	SYNGAP1	resolved	gtr_clinical_testing_utilization	17	ae621cce07a99a9f
5e64c09cae49e61c	epilepsy	8867	ncbi_gene	ENSG00000159082	ensembl_gene	SYNJ1	genes4epilepsy	Genes4Epilepsy	literature_derived	1.0	bronze	SYNJ1	resolved		930	f0147d75f741aaf1
5e64c09cae49e61c	epilepsy	8867	ncbi_gene	ENSG00000159082	ensembl_gene	SYNJ1	gtr_epilepsy_gene_summary	GTR epilepsy gene summary	gtr_gene_summary	2.0	silver	SYNJ1	resolved	gtr_clinical_testing_utilization	77	4a9740a688b3c511
5ee5a1841b0837f1	epilepsy	11346	ncbi_gene	ENSG00000171992	ensembl_gene	SYNPO	gtr_epilepsy_gene_summary	GTR epilepsy gene summary	gtr_gene_summary	2.0	silver	SYNPO	resolved	gtr_clinical_testing_utilization	2639	35a18583cab5a750
c4095ef08a5b4e65	epilepsy	6855	ncbi_gene	ENSG00000102003	ensembl_gene	SYP	gtr_epilepsy_gene_summary	GTR epilepsy gene summary	gtr_gene_summary	2.0	silver	SYP	resolved	gtr_clinical_testing_utilization	293	6bd24390e61d3cb3
3a5f8d619822b111	epilepsy	6857	ncbi_gene	ENSG00000067715	ensembl_gene	SYT1	genes4epilepsy	Genes4Epilepsy	literature_derived	1.0	bronze	SYT1	resolved		931	5c3d97f8c57dd47f
3a5f8d619822b111	epilepsy	6857	ncbi_gene	ENSG00000067715	ensembl_gene	SYT1	gtr_epilepsy_gene_summary	GTR epilepsy gene summary	gtr_gene_summary	2.0	silver	SYT1	resolved	gtr_clinical_testing_utilization	2354	0591b88d9817addf
576fa08419211752	epilepsy	255928	ncbi_gene	ENSG00000143469	ensembl_gene	SYT14	gtr_epilepsy_gene_summary	GTR epilepsy gene summary	gtr_gene_summary	2.0	silver	SYT14	resolved	gtr_clinical_testing_utilization	1874	0d89110c3deb7f42
125992dca6708719	epilepsy	127833	ncbi_gene	ENSG00000143858	ensembl_gene	SYT2	gtr_epilepsy_gene_summary	GTR epilepsy gene summary	gtr_gene_summary	2.0	silver	SYT2	resolved	gtr_clinical_testing_utilization	1724	c8039b852ba947b7
91fa9ab0818f785e	epilepsy	94121	ncbi_gene	ENSG00000102362	ensembl_gene	SYTL4	gtr_epilepsy_gene_summary	GTR epilepsy gene summary	gtr_gene_summary	2.0	silver	SYTL4	resolved	gtr_clinical_testing_utilization	2510	cc57fcdbfbeb4f41
b38685bbdde8b4a4	epilepsy	23334	ncbi_gene	ENSG00000198198	ensembl_gene	SZT2	genes4epilepsy	Genes4Epilepsy	literature_derived	1.0	bronze	SZT2	resolved		932	7845908aaa4c5084
b38685bbdde8b4a4	epilepsy	23334	ncbi_gene	ENSG00000198198	ensembl_gene	SZT2	gtr_epilepsy_gene_summary	GTR epilepsy gene summary	gtr_gene_summary	2.0	silver	SZT2	resolved	gtr_clinical_testing_utilization	68	ddda0fc1a536670f
824f45d648aedb94	epilepsy	6866	ncbi_gene	ENSG00000166863	ensembl_gene	TAC3	gtr_epilepsy_gene_summary	GTR epilepsy gene summary	gtr_gene_summary	2.0	silver	TAC3	resolved	gtr_clinical_testing_utilization	1956	ba44ae14094cd3e9
e34a520037029fd2	epilepsy	51204	ncbi_gene	ENSG00000136463	ensembl_gene	TACO1	gtr_epilepsy_gene_summary	GTR epilepsy gene summary	gtr_gene_summary	2.0	silver	TACO1	resolved	gtr_clinical_testing_utilization	497	d1892975b0bd3c11
08e7760a7807c747	epilepsy	6869	ncbi_gene	ENSG00000115353	ensembl_gene	TACR1	gtr_epilepsy_gene_summary	GTR epilepsy gene summary	gtr_gene_summary	2.0	silver	TACR1	resolved	gtr_clinical_testing_utilization	2511	6e3c596d762161d9
5666e1bdb6f66164	epilepsy	6870	ncbi_gene	ENSG00000169836	ensembl_gene	TACR3	gtr_epilepsy_gene_summary	GTR epilepsy gene summary	gtr_gene_summary	2.0	silver	TACR3	resolved	gtr_clinical_testing_utilization	3271	f1900172dcc1e720
44944904499466f8	epilepsy	6872	ncbi_gene	ENSG00000147133	ensembl_gene	TAF1	gtr_epilepsy_gene_summary	GTR epilepsy gene summary	gtr_gene_summary	2.0	silver	TAF1	resolved	gtr_clinical_testing_utilization	565	6bf4b89df8a04792
705c67e2dc3b8a70	epilepsy	9013	ncbi_gene	ENSG00000103168	ensembl_gene	TAF1C	genes4epilepsy	Genes4Epilepsy	literature_derived	1.0	bronze	TAF1C	resolved		933	311c0092fa507c07
705c67e2dc3b8a70	epilepsy	9013	ncbi_gene	ENSG00000103168	ensembl_gene	TAF1C	gtr_epilepsy_gene_summary	GTR epilepsy gene summary	gtr_gene_summary	2.0	silver	TAF1C	resolved	gtr_clinical_testing_utilization	3272	4eef3c0a67570949
d85c04121d5c0d44	epilepsy	6873	ncbi_gene	ENSG00000064313	ensembl_gene	TAF2	gtr_epilepsy_gene_summary	GTR epilepsy gene summary	gtr_gene_summary	2.0	silver	TAF2	resolved	gtr_clinical_testing_utilization	1957	c898f76ff56a1142
218b7e590d732e3b	epilepsy	6878	ncbi_gene	ENSG00000106290	ensembl_gene	TAF6	gtr_epilepsy_gene_summary	GTR epilepsy gene summary	gtr_gene_summary	2.0	silver	TAF6	resolved	gtr_clinical_testing_utilization	3273	38610fb52806a8dd
5c6f1e1b55b0d36a	epilepsy	129685	ncbi_gene	ENSG00000137413	ensembl_gene	TAF8	genes4epilepsy	Genes4Epilepsy	literature_derived	1.0	bronze	TAF8	resolved		934	6cb1202c7334fc50
67b0e24930eac5b2	epilepsy	6901	ncbi_gene	ENSG00000102125	ensembl_gene	TAFAZZIN	gtr_epilepsy_gene_summary	GTR epilepsy gene summary	gtr_gene_summary	2.0	silver	TAFAZZIN	resolved	gtr_clinical_testing_utilization	578	abb8c1351a83d892
723b816e323ddea6	epilepsy	6888	ncbi_gene	ENSG00000177156	ensembl_gene	TALDO1	gtr_epilepsy_gene_summary	GTR epilepsy gene summary	gtr_gene_summary	2.0	silver	TALDO1	resolved	gtr_clinical_testing_utilization	2583	e7063075baac00ea
73a0be89a4e701dd	epilepsy	26115	ncbi_gene	ENSG00000170921	ensembl_gene	TANC2	genes4epilepsy	Genes4Epilepsy	literature_derived	1.0	bronze	TANC2	resolved		935	1e32da358958b71f
73a0be89a4e701dd	epilepsy	26115	ncbi_gene	ENSG00000170921	ensembl_gene	TANC2	gtr_epilepsy_gene_summary	GTR epilepsy gene summary	gtr_gene_summary	2.0	silver	TANC2	resolved	gtr_clinical_testing_utilization	3274	b64b9d6c049eacd2
72b0584b909aa9bb	epilepsy	128989	ncbi_gene	ENSG00000183597	ensembl_gene	TANGO2	genes4epilepsy	Genes4Epilepsy	literature_derived	1.0	bronze	TANGO2	resolved		936	db55f63dd345cab6
72b0584b909aa9bb	epilepsy	128989	ncbi_gene	ENSG00000183597	ensembl_gene	TANGO2	gtr_epilepsy_gene_summary	GTR epilepsy gene summary	gtr_gene_summary	2.0	silver	TANGO2	resolved	gtr_clinical_testing_utilization	681	5e599a8ac68b11bf
93ad77fe8d9184af	epilepsy	57551	ncbi_gene	ENSG00000160551	ensembl_gene	TAOK1	genes4epilepsy	Genes4Epilepsy	literature_derived	1.0	bronze	TAOK1	resolved		937	140cd888638b7ee3
93ad77fe8d9184af	epilepsy	57551	ncbi_gene	ENSG00000160551	ensembl_gene	TAOK1	gtr_epilepsy_gene_summary	GTR epilepsy gene summary	gtr_gene_summary	2.0	silver	TAOK1	resolved	gtr_clinical_testing_utilization	2407	19ab3877b1bb65da
96f9355ef51160c8	epilepsy	9344	ncbi_gene	ENSG00000149930	ensembl_gene	TAOK2	gtr_epilepsy_gene_summary	GTR epilepsy gene summary	gtr_gene_summary	2.0	silver	TAOK2	resolved	gtr_clinical_testing_utilization	2339	69e0f0f27bc6dbd9
4b1c81f7297b8c78	epilepsy	202018	ncbi_gene	ENSG00000169762	ensembl_gene	TAPT1	gtr_epilepsy_gene_summary	GTR epilepsy gene summary	gtr_gene_summary	2.0	silver	TAPT1	resolved	gtr_clinical_testing_utilization	2631	c320ca1bf5730520
f7ac5466cf6ddabd	epilepsy	23435	ncbi_gene	ENSG00000120948	ensembl_gene	TARDBP	gtr_epilepsy_gene_summary	GTR epilepsy gene summary	gtr_gene_summary	2.0	silver	TARDBP	resolved	gtr_clinical_testing_utilization	1854	5cbf178b5519f110
810af23e2a067d56	epilepsy	80222	ncbi_gene	ENSG00000143374	ensembl_gene	TARS2	genes4epilepsy	Genes4Epilepsy	literature_derived	1.0	bronze	TARS2	resolved		938	b3b5c648fbdedbc1
810af23e2a067d56	epilepsy	80222	ncbi_gene	ENSG00000143374	ensembl_gene	TARS2	gtr_epilepsy_gene_summary	GTR epilepsy gene summary	gtr_gene_summary	2.0	silver	TARS2	resolved	gtr_clinical_testing_utilization	2179	3d08d9d3535e4aaa
b550c5ee3a793ca9	epilepsy	6898	ncbi_gene	ENSG00000198650	ensembl_gene	TAT	gtr_epilepsy_gene_summary	GTR epilepsy gene summary	gtr_gene_summary	2.0	silver	TAT	resolved	gtr_clinical_testing_utilization	1101	3f5569c32542099d
312e332c23dc316d	epilepsy	128637	ncbi_gene	ENSG00000125875	ensembl_gene	TBC1D20	genes4epilepsy	Genes4Epilepsy	literature_derived	1.0	bronze	TBC1D20	resolved		939	5d79281ab653c3f6
312e332c23dc316d	epilepsy	128637	ncbi_gene	ENSG00000125875	ensembl_gene	TBC1D20	gtr_epilepsy_gene_summary	GTR epilepsy gene summary	gtr_gene_summary	2.0	silver	TBC1D20	resolved	gtr_clinical_testing_utilization	1092	4f3e9333baa23760
94579f1a3dd2dcb6	epilepsy	55773	ncbi_gene	ENSG00000036054	ensembl_gene	TBC1D23	gtr_epilepsy_gene_summary	GTR epilepsy gene summary	gtr_gene_summary	2.0	silver	TBC1D23	resolved	gtr_clinical_testing_utilization	2018	84d03ce03e03ce34
97d043cbfdef0077	epilepsy	57465	ncbi_gene	ENSG00000162065	ensembl_gene	TBC1D24	genes4epilepsy	Genes4Epilepsy	literature_derived	1.0	bronze	TBC1D24	resolved		940	58a9467be66e1d53
97d043cbfdef0077	epilepsy	57465	ncbi_gene	ENSG00000162065	ensembl_gene	TBC1D24	gtr_epilepsy_gene_summary	GTR epilepsy gene summary	gtr_gene_summary	2.0	silver	TBC1D24	resolved	gtr_clinical_testing_utilization	29	1c41a41825852b4d
ff6099443469b732	epilepsy	23102	ncbi_gene	ENSG00000167202	ensembl_gene	TBC1D2B	genes4epilepsy	Genes4Epilepsy	literature_derived	1.0	bronze	TBC1D2B	resolved		941	b68bf66ad8c5f245
32f2ddf637c7f0ef	epilepsy	221322	ncbi_gene	ENSG00000146350	ensembl_gene	TBC1D32	gtr_epilepsy_gene_summary	GTR epilepsy gene summary	gtr_gene_summary	2.0	silver	TBC1D32	resolved	gtr_clinical_testing_utilization	2512	922f2a68deb8603b
51ee940d3301bf69	epilepsy	51256	ncbi_gene	ENSG00000145979	ensembl_gene	TBC1D7	genes4epilepsy	Genes4Epilepsy	literature_derived	1.0	bronze	TBC1D7	resolved		942	5827ea45fbbb1135
51ee940d3301bf69	epilepsy	51256	ncbi_gene	ENSG00000145979	ensembl_gene	TBC1D7	gtr_epilepsy_gene_summary	GTR epilepsy gene summary	gtr_gene_summary	2.0	silver	TBC1D7	resolved	gtr_clinical_testing_utilization	2266	1b8768e9d1bb2834
26b381877127746b	epilepsy	6904	ncbi_gene	ENSG00000141556	ensembl_gene	TBCD	genes4epilepsy	Genes4Epilepsy	literature_derived	1.0	bronze	TBCD	resolved		943	7261171983c8c7d2
26b381877127746b	epilepsy	6904	ncbi_gene	ENSG00000141556	ensembl_gene	TBCD	gtr_epilepsy_gene_summary	GTR epilepsy gene summary	gtr_gene_summary	2.0	silver	TBCD	resolved	gtr_clinical_testing_utilization	708	b44cc2e5a252df9e
697d29d1590260b5	epilepsy	6905	ncbi_gene	ENSG00000284770	ensembl_gene	TBCE	gtr_epilepsy_gene_summary	GTR epilepsy gene summary	gtr_gene_summary	2.0	silver	TBCE	resolved	gtr_clinical_testing_utilization	682	67773b7f4db9a592
9a6fc797241f04ac	epilepsy	93627	ncbi_gene	ENSG00000145348	ensembl_gene	TBCK	genes4epilepsy	Genes4Epilepsy	literature_derived	1.0	bronze	TBCK	resolved		944	8be182667394bd49
9a6fc797241f04ac	epilepsy	93627	ncbi_gene	ENSG00000145348	ensembl_gene	TBCK	gtr_epilepsy_gene_summary	GTR epilepsy gene summary	gtr_gene_summary	2.0	silver	TBCK	resolved	gtr_clinical_testing_utilization	680	7dde7470c2819b41
922a3ce642d36184	epilepsy	29110	ncbi_gene	ENSG00000183735	ensembl_gene	TBK1	gtr_epilepsy_gene_summary	GTR epilepsy gene summary	gtr_gene_summary	2.0	silver	TBK1	resolved	gtr_clinical_testing_utilization	1855	0a31fb314a12d725
a675a73ed5d8313e	epilepsy	79718	ncbi_gene	ENSG00000177565	ensembl_gene	TBL1XR1	genes4epilepsy	Genes4Epilepsy	literature_derived	1.0	bronze	TBL1XR1	resolved		945	40100d1b9a7a85b0
a675a73ed5d8313e	epilepsy	79718	ncbi_gene	ENSG00000177565	ensembl_gene	TBL1XR1	gtr_epilepsy_gene_summary	GTR epilepsy gene summary	gtr_gene_summary	2.0	silver	TBL1XR1	resolved	gtr_clinical_testing_utilization	546	4e4a7db79f44b01b
13bc82890402fb21	epilepsy	6908	ncbi_gene	ENSG00000112592	ensembl_gene	TBP	gtr_epilepsy_gene_summary	GTR epilepsy gene summary	gtr_gene_summary	2.0	silver	TBP	resolved	gtr_clinical_testing_utilization	2252	7086bf61ad86e381
90b7e4cca2ba799b	epilepsy	10716	ncbi_gene	ENSG00000136535	ensembl_gene	TBR1	gtr_epilepsy_gene_summary	GTR epilepsy gene summary	gtr_gene_summary	2.0	silver	TBR1	resolved	gtr_clinical_testing_utilization	2042	23cbd70089a65fe3
ca2317fd71e6a180	epilepsy	6899	ncbi_gene	ENSG00000184058	ensembl_gene	TBX1	gtr_epilepsy_gene_summary	GTR epilepsy gene summary	gtr_gene_summary	2.0	silver	TBX1	resolved	gtr_clinical_testing_utilization	523	c6525ed2bdef136e
76bcef4c7cc8d703	epilepsy	9096	ncbi_gene	ENSG00000112837	ensembl_gene	TBX18	gtr_epilepsy_gene_summary	GTR epilepsy gene summary	gtr_gene_summary	2.0	silver	TBX18	resolved	gtr_clinical_testing_utilization	3275	8498042113e0bdaa
aeace947f8d80842	epilepsy	9095	ncbi_gene	ENSG00000143178	ensembl_gene	TBX19	genes4epilepsy	Genes4Epilepsy	literature_derived	1.0	bronze	TBX19	resolved		946	9e6bf3da49dd6b04
aeace947f8d80842	epilepsy	9095	ncbi_gene	ENSG00000143178	ensembl_gene	TBX19	gtr_epilepsy_gene_summary	GTR epilepsy gene summary	gtr_gene_summary	2.0	silver	TBX19	resolved	gtr_clinical_testing_utilization	3276	326a28994ecdc1af
e15bfe38610d7f54	epilepsy	57057	ncbi_gene	ENSG00000164532	ensembl_gene	TBX20	gtr_epilepsy_gene_summary	GTR epilepsy gene summary	gtr_gene_summary	2.0	silver	TBX20	resolved	gtr_clinical_testing_utilization	2320	b44ba82b0b41c1af
6acaff0743c6caba	epilepsy	6926	ncbi_gene	ENSG00000135111	ensembl_gene	TBX3	gtr_epilepsy_gene_summary	GTR epilepsy gene summary	gtr_gene_summary	2.0	silver	TBX3	resolved	gtr_clinical_testing_utilization	1494	d125cc2ac762b3a1
8c713c56337705e9	epilepsy	6910	ncbi_gene	ENSG00000089225	ensembl_gene	TBX5	gtr_epilepsy_gene_summary	GTR epilepsy gene summary	gtr_gene_summary	2.0	silver	TBX5	resolved	gtr_clinical_testing_utilization	1082	c8cbc59b1a4a4a98
8441563418f641eb	epilepsy	8557	ncbi_gene	ENSG00000173991	ensembl_gene	TCAP	gtr_epilepsy_gene_summary	GTR epilepsy gene summary	gtr_gene_summary	2.0	silver	TCAP	resolved	gtr_clinical_testing_utilization	1705	870c2897284b1c59
d714c7b50641a86a	epilepsy	9338	ncbi_gene	ENSG00000172465	ensembl_gene	TCEAL1	genes4epilepsy	Genes4Epilepsy	literature_derived	1.0	bronze	TCEAL1	resolved		947	3f435e574981ab4d
05adffeafcdc9bab	epilepsy	6938	ncbi_gene	ENSG00000140262	ensembl_gene	TCF12	gtr_epilepsy_gene_summary	GTR epilepsy gene summary	gtr_gene_summary	2.0	silver	TCF12	resolved	gtr_clinical_testing_utilization	2827	00f827d09b242e1f
b7f3a828297a602d	epilepsy	6942	ncbi_gene	ENSG00000276461	ensembl_gene	TCF20	gtr_epilepsy_gene_summary	GTR epilepsy gene summary	gtr_gene_summary	2.0	silver	TCF20	resolved	gtr_clinical_testing_utilization	2640	2fe1edd00253a6e9
31912716e1aa3a55	epilepsy	6925	ncbi_gene	ENSG00000196628	ensembl_gene	TCF4	genes4epilepsy	Genes4Epilepsy	literature_derived	1.0	bronze	TCF4	resolved		948	9e16b1c22e968b71
31912716e1aa3a55	epilepsy	6925	ncbi_gene	ENSG00000196628	ensembl_gene	TCF4	gtr_epilepsy_gene_summary	GTR epilepsy gene summary	gtr_gene_summary	2.0	silver	TCF4	resolved	gtr_clinical_testing_utilization	18	7d1442039f79c690
bd4bd1402b1eff38	epilepsy	10312	ncbi_gene	ENSG00000110719	ensembl_gene	TCIRG1	gtr_epilepsy_gene_summary	GTR epilepsy gene summary	gtr_gene_summary	2.0	silver	TCIRG1	resolved	gtr_clinical_testing_utilization	817	3f394f43094c39a6
431e23a2ff052450	epilepsy	6947	ncbi_gene	ENSG00000134827	ensembl_gene	TCN1	gtr_epilepsy_gene_summary	GTR epilepsy gene summary	gtr_gene_summary	2.0	silver	TCN1	resolved	gtr_clinical_testing_utilization	2212	3718a3ccec0d447c
1f6bb657d68753f9	epilepsy	6948	ncbi_gene	ENSG00000185339	ensembl_gene	TCN2	gtr_epilepsy_gene_summary	GTR epilepsy gene summary	gtr_gene_summary	2.0	silver	TCN2	resolved	gtr_clinical_testing_utilization	3277	1a741be172dfb048
305a0316d7afb162	epilepsy	6949	ncbi_gene	ENSG00000070814	ensembl_gene	TCOF1	gtr_epilepsy_gene_summary	GTR epilepsy gene summary	gtr_gene_summary	2.0	silver	TCOF1	resolved	gtr_clinical_testing_utilization	1245	c60ba5e7518df585
8879fdc70b84fda2	epilepsy	6950	ncbi_gene	ENSG00000120438	ensembl_gene	TCP1	genes4epilepsy	Genes4Epilepsy	literature_derived	1.0	bronze	TCP1	resolved		949	9e85d122e14c7fd2
fbc9bb4f80969959	epilepsy	79600	ncbi_gene	ENSG00000204852	ensembl_gene	TCTN1	gtr_epilepsy_gene_summary	GTR epilepsy gene summary	gtr_gene_summary	2.0	silver	TCTN1	resolved	gtr_clinical_testing_utilization	1477	33f63abbca813609
09b2d0f4658e2211	epilepsy	79867	ncbi_gene	ENSG00000168778	ensembl_gene	TCTN2	gtr_epilepsy_gene_summary	GTR epilepsy gene summary	gtr_gene_summary	2.0	silver	TCTN2	resolved	gtr_clinical_testing_utilization	1478	a7746a391bfbaaa4
74624ff39d49125f	epilepsy	26123	ncbi_gene	ENSG00000119977	ensembl_gene	TCTN3	gtr_epilepsy_gene_summary	GTR epilepsy gene summary	gtr_gene_summary	2.0	silver	TCTN3	resolved	gtr_clinical_testing_utilization	749	0e33a1c2cb0de2fd
d6f5bbaf0c51d18f	epilepsy	55775	ncbi_gene	ENSG00000042088	ensembl_gene	TDP1	gtr_epilepsy_gene_summary	GTR epilepsy gene summary	gtr_gene_summary	2.0	silver	TDP1	resolved	gtr_clinical_testing_utilization	2584	e02ccec8ea35c655
2ea07feb5a47e7aa	epilepsy	51567	ncbi_gene	ENSG00000111802	ensembl_gene	TDP2	genes4epilepsy	Genes4Epilepsy	literature_derived	1.0	bronze	TDP2	resolved		950	73ce13f2fce4969a
2ea07feb5a47e7aa	epilepsy	51567	ncbi_gene	ENSG00000111802	ensembl_gene	TDP2	gtr_epilepsy_gene_summary	GTR epilepsy gene summary	gtr_gene_summary	2.0	silver	TDP2	resolved	gtr_clinical_testing_utilization	524	33eb970476c3ba19
75bfa3f96cb9a1f3	epilepsy	9895	ncbi_gene	ENSG00000196663	ensembl_gene	TECPR2	gtr_epilepsy_gene_summary	GTR epilepsy gene summary	gtr_gene_summary	2.0	silver	TECPR2	resolved	gtr_clinical_testing_utilization	426	01e297b2775a53e6
aa6f5c5d250d516c	epilepsy	9524	ncbi_gene	ENSG00000099797	ensembl_gene	TECR	gtr_epilepsy_gene_summary	GTR epilepsy gene summary	gtr_gene_summary	2.0	silver	TECR	resolved	gtr_clinical_testing_utilization	949	3f0faebdc8069612
c1e8868dc97f7d5b	epilepsy	253017	ncbi_gene	ENSG00000205678	ensembl_gene	TECRL	gtr_epilepsy_gene_summary	GTR epilepsy gene summary	gtr_gene_summary	2.0	silver	TECRL	resolved	gtr_clinical_testing_utilization	2321	352cb6aff97f017a
c822729f5837a7b3	epilepsy	7007	ncbi_gene	ENSG00000109927	ensembl_gene	TECTA	gtr_epilepsy_gene_summary	GTR epilepsy gene summary	gtr_gene_summary	2.0	silver	TECTA	resolved	gtr_clinical_testing_utilization	1372	aeaaa58dc0a04661
a2896a7a20580268	epilepsy	7010	ncbi_gene	ENSG00000120156	ensembl_gene	TEK	gtr_epilepsy_gene_summary	GTR epilepsy gene summary	gtr_gene_summary	2.0	silver	TEK	resolved	gtr_clinical_testing_utilization	2616	6c76ef077ab402dc
c5704c9949410932	epilepsy	9894	ncbi_gene	ENSG00000100726	ensembl_gene	TELO2	genes4epilepsy	Genes4Epilepsy	literature_derived	1.0	bronze	TELO2	resolved		951	278c26b529cd202c
391deab06c78a9d8	epilepsy	26011	ncbi_gene	ENSG00000149256	ensembl_gene	TENM4	gtr_epilepsy_gene_summary	GTR epilepsy gene summary	gtr_gene_summary	2.0	silver	TENM4	resolved	gtr_clinical_testing_utilization	2909	32f9ad17ea0148ec
93e04e1239af9dfe	epilepsy	7012	ncbi_gene	ENSG00000270141	ensembl_gene	TERC	gtr_epilepsy_gene_summary	GTR epilepsy gene summary	gtr_gene_summary	2.0	silver	TERC	resolved	gtr_clinical_testing_utilization	2340	17f725f29902c36f
b829fa57c6ac8d5e	epilepsy	54386	ncbi_gene	ENSG00000166848	ensembl_gene	TERF2IP	gtr_epilepsy_gene_summary	GTR epilepsy gene summary	gtr_gene_summary	2.0	silver	TERF2IP	resolved	gtr_clinical_testing_utilization	2828	caaf96243a7474c2
6f5ba2c8eb496582	epilepsy	7015	ncbi_gene	ENSG00000164362	ensembl_gene	TERT	gtr_epilepsy_gene_summary	GTR epilepsy gene summary	gtr_gene_summary	2.0	silver	TERT	resolved	gtr_clinical_testing_utilization	1958	15a6c70fdebbc3ab
8588f7de40ff1a4a	epilepsy	200424	ncbi_gene	ENSG00000187605	ensembl_gene	TET3	genes4epilepsy	Genes4Epilepsy	literature_derived	1.0	bronze	TET3	resolved		952	78d7c6e303ed88da
d56534910eaf106c	epilepsy	7018	ncbi_gene	ENSG00000091513	ensembl_gene	TF	gtr_epilepsy_gene_summary	GTR epilepsy gene summary	gtr_gene_summary	2.0	silver	TF	resolved	gtr_clinical_testing_utilization	2065	51edba68805651ac
4f0e3a9a50d8bc40	epilepsy	7019	ncbi_gene	ENSG00000108064	ensembl_gene	TFAM	gtr_epilepsy_gene_summary	GTR epilepsy gene summary	gtr_gene_summary	2.0	silver	TFAM	resolved	gtr_clinical_testing_utilization	3278	76516e41c46e4f31
ba908b3e2e5e7b87	epilepsy	7020	ncbi_gene	ENSG00000137203	ensembl_gene	TFAP2A	gtr_epilepsy_gene_summary	GTR epilepsy gene summary	gtr_gene_summary	2.0	silver	TFAP2A	resolved	gtr_clinical_testing_utilization	1165	188d7bc18e9d83cd
b4b46cab22bd0c69	epilepsy	51106	ncbi_gene	ENSG00000029639	ensembl_gene	TFB1M	gtr_epilepsy_gene_summary	GTR epilepsy gene summary	gtr_gene_summary	2.0	silver	TFB1M	resolved	gtr_clinical_testing_utilization	1797	18653a511e2f5ab7
53f75f62db64bdbb	epilepsy	7030	ncbi_gene	ENSG00000068323	ensembl_gene	TFE3	genes4epilepsy	Genes4Epilepsy	literature_derived	1.0	bronze	TFE3	resolved		953	b66e0af01db4bb1c
64aa62849f4cc20a	epilepsy	10342	ncbi_gene	ENSG00000114354	ensembl_gene	TFG	gtr_epilepsy_gene_summary	GTR epilepsy gene summary	gtr_gene_summary	2.0	silver	TFG	resolved	gtr_clinical_testing_utilization	1856	b025cc4b26293194
6fa0ce5b565d7b17	epilepsy	7036	ncbi_gene	ENSG00000106327	ensembl_gene	TFR2	gtr_epilepsy_gene_summary	GTR epilepsy gene summary	gtr_gene_summary	2.0	silver	TFR2	resolved	gtr_clinical_testing_utilization	2551	44aa4b56bb8d3232
a2098adf7efc79b7	epilepsy	7038	ncbi_gene	ENSG00000042832	ensembl_gene	TG	gtr_epilepsy_gene_summary	GTR epilepsy gene summary	gtr_gene_summary	2.0	silver	TG	resolved	gtr_clinical_testing_utilization	2829	9af425f1480c2889
b85ff60bb3ee1c96	epilepsy	23483	ncbi_gene	ENSG00000088451	ensembl_gene	TGDS	gtr_epilepsy_gene_summary	GTR epilepsy gene summary	gtr_gene_summary	2.0	silver	TGDS	resolved	gtr_clinical_testing_utilization	1223	cf74de9548c16e40
74c695c6623ad032	epilepsy	7042	ncbi_gene	ENSG00000092969	ensembl_gene	TGFB2	gtr_epilepsy_gene_summary	GTR epilepsy gene summary	gtr_gene_summary	2.0	silver	TGFB2	resolved	gtr_clinical_testing_utilization	2322	5625a719796bbf8b
2dd0c7f2af6111b3	epilepsy	7043	ncbi_gene	ENSG00000119699	ensembl_gene	TGFB3	gtr_epilepsy_gene_summary	GTR epilepsy gene summary	gtr_gene_summary	2.0	silver	TGFB3	resolved	gtr_clinical_testing_utilization	893	057a776bcecc77cc
2410f9af75c147ba	epilepsy	7046	ncbi_gene	ENSG00000106799	ensembl_gene	TGFBR1	gtr_epilepsy_gene_summary	GTR epilepsy gene summary	gtr_gene_summary	2.0	silver	TGFBR1	resolved	gtr_clinical_testing_utilization	1526	21fa26386e78f801
5748cd0385d2c4e0	epilepsy	7048	ncbi_gene	ENSG00000163513	ensembl_gene	TGFBR2	gtr_epilepsy_gene_summary	GTR epilepsy gene summary	gtr_gene_summary	2.0	silver	TGFBR2	resolved	gtr_clinical_testing_utilization	1527	bffe510d62e55f91
221c3a2a34829a34	epilepsy	7050	ncbi_gene	ENSG00000177426	ensembl_gene	TGIF1	genes4epilepsy	Genes4Epilepsy	literature_derived	1.0	bronze	TGIF1	resolved		954	35aee89558b0d161
221c3a2a34829a34	epilepsy	7050	ncbi_gene	ENSG00000177426	ensembl_gene	TGIF1	gtr_epilepsy_gene_summary	GTR epilepsy gene summary	gtr_gene_summary	2.0	silver	TGIF1	resolved	gtr_clinical_testing_utilization	1126	495be5f3db9d7658
f6ca1acf5c1b4aee	epilepsy	7051	ncbi_gene	ENSG00000285348	ensembl_gene	TGM1	gtr_epilepsy_gene_summary	GTR epilepsy gene summary	gtr_gene_summary	2.0	silver	TGM1	resolved	gtr_clinical_testing_utilization	2173	1ec2a31a73185633
9bcb33cc24975d17	epilepsy	343641	ncbi_gene	ENSG00000166948	ensembl_gene	TGM6	gtr_epilepsy_gene_summary	GTR epilepsy gene summary	gtr_gene_summary	2.0	silver	TGM6	resolved	gtr_clinical_testing_utilization	1811	e3e5b4b6c0894de2
10afb7ed93978c74	epilepsy	7054	ncbi_gene	ENSG00000180176	ensembl_gene	TH	gtr_epilepsy_gene_summary	GTR epilepsy gene summary	gtr_gene_summary	2.0	silver	TH	resolved	gtr_clinical_testing_utilization	760	ef8eeab8bf6b6977
cb47adb751986f20	epilepsy	55145	ncbi_gene	ENSG00000131931	ensembl_gene	THAP1	gtr_epilepsy_gene_summary	GTR epilepsy gene summary	gtr_gene_summary	2.0	silver	THAP1	resolved	gtr_clinical_testing_utilization	1317	2f709ac6a6fd884a
1c5675f499b7d81c	epilepsy	57215	ncbi_gene	ENSG00000168286	ensembl_gene	THAP11	gtr_epilepsy_gene_summary	GTR epilepsy gene summary	gtr_gene_summary	2.0	silver	THAP11	resolved	gtr_clinical_testing_utilization	1679	39a30a642c18d756
66864c939139df8f	epilepsy	7057	ncbi_gene	ENSG00000137801	ensembl_gene	THBS1	gtr_epilepsy_gene_summary	GTR epilepsy gene summary	gtr_gene_summary	2.0	silver	THBS1	resolved	gtr_clinical_testing_utilization	1776	2fea9a4864fc8bcb
ce7b63812bf7ff99	epilepsy	54974	ncbi_gene	ENSG00000113272	ensembl_gene	THG1L	genes4epilepsy	Genes4Epilepsy	literature_derived	1.0	bronze	THG1L	resolved		955	b546564c70af8d3a
8995230e32cc807d	epilepsy	57187	ncbi_gene	ENSG00000125676	ensembl_gene	THOC2	genes4epilepsy	Genes4Epilepsy	literature_derived	1.0	bronze	THOC2	resolved		956	1eb4ae4228208086
8995230e32cc807d	epilepsy	57187	ncbi_gene	ENSG00000125676	ensembl_gene	THOC2	gtr_epilepsy_gene_summary	GTR epilepsy gene summary	gtr_gene_summary	2.0	silver	THOC2	resolved	gtr_clinical_testing_utilization	1552	5989c5f6f94e8d86
5264b20f3d15764f	epilepsy	7068	ncbi_gene	ENSG00000151090	ensembl_gene	THRB	gtr_epilepsy_gene_summary	GTR epilepsy gene summary	gtr_gene_summary	2.0	silver	THRB	resolved	gtr_clinical_testing_utilization	2830	ee9e2dbb5a4d7053
5ba3c7a1df4d1be5	epilepsy	7072	ncbi_gene	ENSG00000116001	ensembl_gene	TIA1	gtr_epilepsy_gene_summary	GTR epilepsy gene summary	gtr_gene_summary	2.0	silver	TIA1	resolved	gtr_clinical_testing_utilization	3279	d6287f94c1dbfb85
c279ce90a67c8379	epilepsy	7074	ncbi_gene	ENSG00000156299	ensembl_gene	TIAM1	genes4epilepsy	Genes4Epilepsy	literature_derived	1.0	bronze	TIAM1	resolved		957	941c3047b1104795
d538952fcfb2f3a6	epilepsy	92609	ncbi_gene	ENSG00000105197	ensembl_gene	TIMM50	genes4epilepsy	Genes4Epilepsy	literature_derived	1.0	bronze	TIMM50	resolved		958	ceae2da072c0c1fa
d538952fcfb2f3a6	epilepsy	92609	ncbi_gene	ENSG00000105197	ensembl_gene	TIMM50	gtr_epilepsy_gene_summary	GTR epilepsy gene summary	gtr_gene_summary	2.0	silver	TIMM50	resolved	gtr_clinical_testing_utilization	1623	4dbd699558bff714
f74422fe283ccfa2	epilepsy	1678	ncbi_gene	ENSG00000126953	ensembl_gene	TIMM8A	gtr_epilepsy_gene_summary	GTR epilepsy gene summary	gtr_gene_summary	2.0	silver	TIMM8A	resolved	gtr_clinical_testing_utilization	318	3b9c86b41c010748
dc932e192b3bdf21	epilepsy	51300	ncbi_gene	ENSG00000113845	ensembl_gene	TIMMDC1	genes4epilepsy	Genes4Epilepsy	literature_derived	1.0	bronze	TIMMDC1	resolved		959	07c3557964686d11
dc932e192b3bdf21	epilepsy	51300	ncbi_gene	ENSG00000113845	ensembl_gene	TIMMDC1	gtr_epilepsy_gene_summary	GTR epilepsy gene summary	gtr_gene_summary	2.0	silver	TIMMDC1	resolved	gtr_clinical_testing_utilization	1563	01bcb61e00c0b79c
b23c64ec71d3ae39	epilepsy	26277	ncbi_gene	ENSG00000284915	ensembl_gene	TINF2	gtr_epilepsy_gene_summary	GTR epilepsy gene summary	gtr_gene_summary	2.0	silver	TINF2	resolved	gtr_clinical_testing_utilization	2831	1675536da78fdcf2
a80f149ce13ba7a1	epilepsy	9414	ncbi_gene	ENSG00000119139	ensembl_gene	TJP2	gtr_epilepsy_gene_summary	GTR epilepsy gene summary	gtr_gene_summary	2.0	silver	TJP2	resolved	gtr_clinical_testing_utilization	1310	2ed131c83ed4d3d8
c65c9fd2889e71d2	epilepsy	7084	ncbi_gene	ENSG00000166548	ensembl_gene	TK2	genes4epilepsy	Genes4Epilepsy	literature_derived	1.0	bronze	TK2	resolved		960	befa52245276edc5
c65c9fd2889e71d2	epilepsy	7084	ncbi_gene	ENSG00000166548	ensembl_gene	TK2	gtr_epilepsy_gene_summary	GTR epilepsy gene summary	gtr_gene_summary	2.0	silver	TK2	resolved	gtr_clinical_testing_utilization	327	742ce76314b2bb8c
ef6f65f869a88dd4	epilepsy	7086	ncbi_gene	ENSG00000163931	ensembl_gene	TKT	gtr_epilepsy_gene_summary	GTR epilepsy gene summary	gtr_gene_summary	2.0	silver	TKT	resolved	gtr_clinical_testing_utilization	2910	511f127953fc1976
4de2f58a68bb152c	epilepsy	219902	ncbi_gene	ENSG00000181264	ensembl_gene	TLCD5	gtr_epilepsy_gene_summary	GTR epilepsy gene summary	gtr_gene_summary	2.0	silver	TLCD5	resolved	gtr_clinical_testing_utilization	2513	995cdcf64496b35c
412c645c93320a23	epilepsy	11011	ncbi_gene	ENSG00000146872	ensembl_gene	TLK2	genes4epilepsy	Genes4Epilepsy	literature_derived	1.0	bronze	TLK2	resolved		961	05b6c5711ac69a72
62bd3dd5a70005d7	epilepsy	7094	ncbi_gene	ENSG00000137076	ensembl_gene	TLN1	gtr_epilepsy_gene_summary	GTR epilepsy gene summary	gtr_gene_summary	2.0	silver	TLN1	resolved	gtr_clinical_testing_utilization	2711	c2ffb6d7b03b7655
65932e4b09970118	epilepsy	7099	ncbi_gene	ENSG00000136869	ensembl_gene	TLR4	gtr_epilepsy_gene_summary	GTR epilepsy gene summary	gtr_gene_summary	2.0	silver	TLR4	resolved	gtr_clinical_testing_utilization	2514	1c5e17ea345274df
c6730e5e6acf7de7	epilepsy	79853	ncbi_gene	ENSG00000168955	ensembl_gene	TM4SF20	gtr_epilepsy_gene_summary	GTR epilepsy gene summary	gtr_gene_summary	2.0	silver	TM4SF20	resolved	gtr_clinical_testing_utilization	2832	91c3815673cc046c
477762e1f0cd8ece	epilepsy	117531	ncbi_gene	ENSG00000165091	ensembl_gene	TMC1	gtr_epilepsy_gene_summary	GTR epilepsy gene summary	gtr_gene_summary	2.0	silver	TMC1	resolved	gtr_clinical_testing_utilization	1373	fe6a1d38e3e6b2ff
ec4fca9d7ee9d2da	epilepsy	23423	ncbi_gene	ENSG00000166557	ensembl_gene	TMED3	gtr_epilepsy_gene_summary	GTR epilepsy gene summary	gtr_gene_summary	2.0	silver	TMED3	resolved	gtr_clinical_testing_utilization	2515	2c5be718764fcc05
443726f01f6641ba	epilepsy	51014	ncbi_gene	ENSG00000134970	ensembl_gene	TMED7	gtr_epilepsy_gene_summary	GTR epilepsy gene summary	gtr_gene_summary	2.0	silver	TMED7	resolved	gtr_clinical_testing_utilization	2516	91e9160c78fd2e65
2d6ce4d35248f935	epilepsy	54664	ncbi_gene	ENSG00000106460	ensembl_gene	TMEM106B	genes4epilepsy	Genes4Epilepsy	literature_derived	1.0	bronze	TMEM106B	resolved		962	d5b3eb38916d5d1a
2d6ce4d35248f935	epilepsy	54664	ncbi_gene	ENSG00000106460	ensembl_gene	TMEM106B	gtr_epilepsy_gene_summary	GTR epilepsy gene summary	gtr_gene_summary	2.0	silver	TMEM106B	resolved	gtr_clinical_testing_utilization	3280	783ee286794a5cc0
e8f7534ffb7fa302	epilepsy	283953	ncbi_gene	ENSG00000232258	ensembl_gene	TMEM114	gtr_epilepsy_gene_summary	GTR epilepsy gene summary	gtr_gene_summary	2.0	silver	TMEM114	resolved	gtr_clinical_testing_utilization	2517	7415f10779caa0c9
b5acc066b0b6c265	epilepsy	84233	ncbi_gene	ENSG00000171202	ensembl_gene	TMEM126A	gtr_epilepsy_gene_summary	GTR epilepsy gene summary	gtr_gene_summary	2.0	silver	TMEM126A	resolved	gtr_clinical_testing_utilization	1677	95189e0b0ba2e73c
8f767a77d1784337	epilepsy	55863	ncbi_gene	ENSG00000171204	ensembl_gene	TMEM126B	gtr_epilepsy_gene_summary	GTR epilepsy gene summary	gtr_gene_summary	2.0	silver	TMEM126B	resolved	gtr_clinical_testing_utilization	1564	c93354fce1964d53
96da182d9fa2acb0	epilepsy	51524	ncbi_gene	ENSG00000149483	ensembl_gene	TMEM138	gtr_epilepsy_gene_summary	GTR epilepsy gene summary	gtr_gene_summary	2.0	silver	TMEM138	resolved	gtr_clinical_testing_utilization	1085	9554fe2e77834161
a195069ee0fc4f06	epilepsy	55858	ncbi_gene	ENSG00000134851	ensembl_gene	TMEM165	gtr_epilepsy_gene_summary	GTR epilepsy gene summary	gtr_gene_summary	2.0	silver	TMEM165	resolved	gtr_clinical_testing_utilization	940	d4bacb24110d5001
31f0851feea67586	epilepsy	153339	ncbi_gene	ENSG00000174695	ensembl_gene	TMEM167A	genes4epilepsy	Genes4Epilepsy	literature_derived	1.0	bronze	TMEM167A	resolved		963	bea0a6c1ec234a47
3e0d2d20acde15db	epilepsy	25829	ncbi_gene	ENSG00000198792	ensembl_gene	TMEM184B	genes4epilepsy	Genes4Epilepsy	literature_derived	1.0	bronze	TMEM184B	resolved		964	e522c6fbb67addff
a6263379610b4a0f	epilepsy	51259	ncbi_gene	ENSG00000187049	ensembl_gene	TMEM216	gtr_epilepsy_gene_summary	GTR epilepsy gene summary	gtr_gene_summary	2.0	silver	TMEM216	resolved	gtr_clinical_testing_utilization	772	ddffd35ebe01ab32
1f000af8bf2dea88	epilepsy	84065	ncbi_gene	ENSG00000186501	ensembl_gene	TMEM222	genes4epilepsy	Genes4Epilepsy	literature_derived	1.0	bronze	TMEM222	resolved		965	9e0c4f7ca9320bbe
737bc34093031f94	epilepsy	29058	ncbi_gene	ENSG00000089063	ensembl_gene	TMEM230	gtr_epilepsy_gene_summary	GTR epilepsy gene summary	gtr_gene_summary	2.0	silver	TMEM230	resolved	gtr_clinical_testing_utilization	3281	6a5b74840e9fba09
cde464fe940fa129	epilepsy	79583	ncbi_gene	ENSG00000205084	ensembl_gene	TMEM231	gtr_epilepsy_gene_summary	GTR epilepsy gene summary	gtr_gene_summary	2.0	silver	TMEM231	resolved	gtr_clinical_testing_utilization	1479	62cfba1044835ead
8d4aa288e43b8f29	epilepsy	65062	ncbi_gene	ENSG00000155755	ensembl_gene	TMEM237	gtr_epilepsy_gene_summary	GTR epilepsy gene summary	gtr_gene_summary	2.0	silver	TMEM237	resolved	gtr_clinical_testing_utilization	1086	2ffaf31aa3f77784
99f6fab8f34d973c	epilepsy	339453	ncbi_gene	ENSG00000205090	ensembl_gene	TMEM240	gtr_epilepsy_gene_summary	GTR epilepsy gene summary	gtr_gene_summary	2.0	silver	TMEM240	resolved	gtr_clinical_testing_utilization	1827	32f05bef7dcf5bfc
4240fa9025cfeb9d	epilepsy	55151	ncbi_gene	ENSG00000095209	ensembl_gene	TMEM38B	gtr_epilepsy_gene_summary	GTR epilepsy gene summary	gtr_gene_summary	2.0	silver	TMEM38B	resolved	gtr_clinical_testing_utilization	1490	0e43b2f3e053fd80
6028678a237f9f6c	epilepsy	79188	ncbi_gene	ENSG00000170876	ensembl_gene	TMEM43	gtr_epilepsy_gene_summary	GTR epilepsy gene summary	gtr_gene_summary	2.0	silver	TMEM43	resolved	gtr_clinical_testing_utilization	888	cc5773aed714363c
582861ea116f6116	epilepsy	55362	ncbi_gene	ENSG00000137216	ensembl_gene	TMEM63B	genes4epilepsy	Genes4Epilepsy	literature_derived	1.0	bronze	TMEM63B	resolved		966	b284702807e7b119
7c608d51645855b8	epilepsy	157378	ncbi_gene	ENSG00000164983	ensembl_gene	TMEM65	gtr_epilepsy_gene_summary	GTR epilepsy gene summary	gtr_gene_summary	2.0	silver	TMEM65	resolved	gtr_clinical_testing_utilization	1629	c533fb5183d8fb2f
36dfab472da87c22	epilepsy	91147	ncbi_gene	ENSG00000164953	ensembl_gene	TMEM67	gtr_epilepsy_gene_summary	GTR epilepsy gene summary	gtr_gene_summary	2.0	silver	TMEM67	resolved	gtr_clinical_testing_utilization	611	30455da9b8acdd4a
a5bab589f4b7c152	epilepsy	54968	ncbi_gene	ENSG00000175606	ensembl_gene	TMEM70	genes4epilepsy	Genes4Epilepsy	literature_derived	1.0	bronze	TMEM70	resolved		967	9d6e099febaa0045
a5bab589f4b7c152	epilepsy	54968	ncbi_gene	ENSG00000175606	ensembl_gene	TMEM70	gtr_epilepsy_gene_summary	GTR epilepsy gene summary	gtr_gene_summary	2.0	silver	TMEM70	resolved	gtr_clinical_testing_utilization	754	59cdf4317bc8ba80
c7e751fc210d7b94	epilepsy	259236	ncbi_gene	ENSG00000181585	ensembl_gene	TMIE	gtr_epilepsy_gene_summary	GTR epilepsy gene summary	gtr_gene_summary	2.0	silver	TMIE	resolved	gtr_clinical_testing_utilization	1374	a2daf31fc5f857b4
62b85df9f295de92	epilepsy	55217	ncbi_gene	ENSG00000185973	ensembl_gene	TMLHE	gtr_epilepsy_gene_summary	GTR epilepsy gene summary	gtr_gene_summary	2.0	silver	TMLHE	resolved	gtr_clinical_testing_utilization	1402	2ff5fbee1acfd237
0f59ce5ceb62c9bb	epilepsy	7112	ncbi_gene	ENSG00000120802	ensembl_gene	TMPO	gtr_epilepsy_gene_summary	GTR epilepsy gene summary	gtr_gene_summary	2.0	silver	TMPO	resolved	gtr_clinical_testing_utilization	1706	c3c38b4f4650ae0c
26d8a35373586aaa	epilepsy	64699	ncbi_gene	ENSG00000160183	ensembl_gene	TMPRSS3	gtr_epilepsy_gene_summary	GTR epilepsy gene summary	gtr_gene_summary	2.0	silver	TMPRSS3	resolved	gtr_clinical_testing_utilization	1375	4f7e0fc4ed079f30
5e093f909503e3cb	epilepsy	160418	ncbi_gene	ENSG00000139324	ensembl_gene	TMTC3	genes4epilepsy	Genes4Epilepsy	literature_derived	1.0	bronze	TMTC3	resolved		968	65ed88f52b25d1c1
5e093f909503e3cb	epilepsy	160418	ncbi_gene	ENSG00000139324	ensembl_gene	TMTC3	gtr_epilepsy_gene_summary	GTR epilepsy gene summary	gtr_gene_summary	2.0	silver	TMTC3	resolved	gtr_clinical_testing_utilization	979	d1432d44331c167c
ba5f2a86263825c6	epilepsy	51075	ncbi_gene	ENSG00000213593	ensembl_gene	TMX2	genes4epilepsy	Genes4Epilepsy	literature_derived	1.0	bronze	TMX2	resolved		969	ab9ac64f01809241
ba5f2a86263825c6	epilepsy	51075	ncbi_gene	ENSG00000213593	ensembl_gene	TMX2	gtr_epilepsy_gene_summary	GTR epilepsy gene summary	gtr_gene_summary	2.0	silver	TMX2	resolved	gtr_clinical_testing_utilization	2267	ccb385a6cad73254
8924004a8be2c496	epilepsy	3371	ncbi_gene	ENSG00000041982	ensembl_gene	TNC	gtr_epilepsy_gene_summary	GTR epilepsy gene summary	gtr_gene_summary	2.0	silver	TNC	resolved	gtr_clinical_testing_utilization	1919	e66d0fd62d713357
71a913c277592284	epilepsy	4982	ncbi_gene	ENSG00000164761	ensembl_gene	TNFRSF11B	gtr_epilepsy_gene_summary	GTR epilepsy gene summary	gtr_gene_summary	2.0	silver	TNFRSF11B	resolved	gtr_clinical_testing_utilization	2712	04fcd1655e0bd338
aba0c800d0c86afe	epilepsy	27242	ncbi_gene	ENSG00000146072	ensembl_gene	TNFRSF21	gtr_epilepsy_gene_summary	GTR epilepsy gene summary	gtr_gene_summary	2.0	silver	TNFRSF21	resolved	gtr_clinical_testing_utilization	2713	a08893003a4f957d
561aa3a408252379	epilepsy	8771	ncbi_gene	ENSG00000243509	ensembl_gene	TNFRSF6B	gtr_epilepsy_gene_summary	GTR epilepsy gene summary	gtr_gene_summary	2.0	silver	TNFRSF6B	resolved	gtr_clinical_testing_utilization	2229	ca83fbe6049b784b
3dc0d1e87b3bbff0	epilepsy	3604	ncbi_gene	ENSG00000049249	ensembl_gene	TNFRSF9	gtr_epilepsy_gene_summary	GTR epilepsy gene summary	gtr_gene_summary	2.0	silver	TNFRSF9	resolved	gtr_clinical_testing_utilization	2341	9dfcf10e5650dc12
aa59a0c1cf010f0d	epilepsy	8600	ncbi_gene	ENSG00000120659	ensembl_gene	TNFSF11	gtr_epilepsy_gene_summary	GTR epilepsy gene summary	gtr_gene_summary	2.0	silver	TNFSF11	resolved	gtr_clinical_testing_utilization	2174	15a239a86ac72502
bb474fe367a34941	epilepsy	8742	ncbi_gene	ENSG00000239697	ensembl_gene	TNFSF12	gtr_epilepsy_gene_summary	GTR epilepsy gene summary	gtr_gene_summary	2.0	silver	TNFSF12	resolved	gtr_clinical_testing_utilization	2205	de0b6e6fdbc40edd
baad57ebe987f4c3	epilepsy	23043	ncbi_gene	ENSG00000154310	ensembl_gene	TNIK	gtr_epilepsy_gene_summary	GTR epilepsy gene summary	gtr_gene_summary	2.0	silver	TNIK	resolved	gtr_clinical_testing_utilization	2833	373575a58bfc90ea
c14911dff9c66ff6	epilepsy	10188	ncbi_gene	ENSG00000061938	ensembl_gene	TNK2	genes4epilepsy	Genes4Epilepsy	literature_derived	1.0	bronze	TNK2	resolved		970	183ddb09df320096
c14911dff9c66ff6	epilepsy	10188	ncbi_gene	ENSG00000061938	ensembl_gene	TNK2	gtr_epilepsy_gene_summary	GTR epilepsy gene summary	gtr_gene_summary	2.0	silver	TNK2	resolved	gtr_clinical_testing_utilization	1381	f5c9945dd01d6cb8
5f79e482877d588c	epilepsy	7134	ncbi_gene	ENSG00000114854	ensembl_gene	TNNC1	gtr_epilepsy_gene_summary	GTR epilepsy gene summary	gtr_gene_summary	2.0	silver	TNNC1	resolved	gtr_clinical_testing_utilization	1707	4676508533e35320
67c46a64bf95c7b7	epilepsy	7136	ncbi_gene	ENSG00000130598	ensembl_gene	TNNI2	gtr_epilepsy_gene_summary	GTR epilepsy gene summary	gtr_gene_summary	2.0	silver	TNNI2	resolved	gtr_clinical_testing_utilization	3282	c132ebfeebad349a
6a9a81c2614bec6f	epilepsy	7137	ncbi_gene	ENSG00000129991	ensembl_gene	TNNI3	gtr_epilepsy_gene_summary	GTR epilepsy gene summary	gtr_gene_summary	2.0	silver	TNNI3	resolved	gtr_clinical_testing_utilization	1708	bf580560ccb966e0
5cec188cdcd229fa	epilepsy	7138	ncbi_gene	ENSG00000105048	ensembl_gene	TNNT1	gtr_epilepsy_gene_summary	GTR epilepsy gene summary	gtr_gene_summary	2.0	silver	TNNT1	resolved	gtr_clinical_testing_utilization	2019	b5e65fe6303ecbae
136312593c2b79f7	epilepsy	7139	ncbi_gene	ENSG00000118194	ensembl_gene	TNNT2	gtr_epilepsy_gene_summary	GTR epilepsy gene summary	gtr_gene_summary	2.0	silver	TNNT2	resolved	gtr_clinical_testing_utilization	1709	b592ea673d8f8c1d
106ef7b2b951bbff	epilepsy	7140	ncbi_gene	ENSG00000288250	ensembl_gene	TNNT3	gtr_epilepsy_gene_summary	GTR epilepsy gene summary	gtr_gene_summary	2.0	silver	TNNT3	resolved	gtr_clinical_testing_utilization	1891	6cb652b54898efc6
836ac146f2709cf6	epilepsy	3842	ncbi_gene	ENSG00000083312	ensembl_gene	TNPO1	gtr_epilepsy_gene_summary	GTR epilepsy gene summary	gtr_gene_summary	2.0	silver	TNPO1	resolved	gtr_clinical_testing_utilization	2518	f7d7ef3a6ba30a54
c07e518deeabcbc0	epilepsy	30000	ncbi_gene	ENSG00000105576	ensembl_gene	TNPO2	genes4epilepsy	Genes4Epilepsy	literature_derived	1.0	bronze	TNPO2	resolved		971	5dbd5bb495eadd38
7e6393d8e023590e	epilepsy	27327	ncbi_gene	ENSG00000090905	ensembl_gene	TNRC6A	genes4epilepsy	Genes4Epilepsy	literature_derived	1.0	bronze	TNRC6A	resolved		972	a66058fc5783caf3
7e6393d8e023590e	epilepsy	27327	ncbi_gene	ENSG00000090905	ensembl_gene	TNRC6A	gtr_epilepsy_gene_summary	GTR epilepsy gene summary	gtr_gene_summary	2.0	silver	TNRC6A	resolved	gtr_clinical_testing_utilization	3283	5d4d1c1e95bd4f12
1d669daca60b9df5	epilepsy	23112	ncbi_gene	ENSG00000100354	ensembl_gene	TNRC6B	gtr_epilepsy_gene_summary	GTR epilepsy gene summary	gtr_gene_summary	2.0	silver	TNRC6B	resolved	gtr_clinical_testing_utilization	2408	9eb0b8cf12ddd06c
17564d644cadb32a	epilepsy	23371	ncbi_gene	ENSG00000111077	ensembl_gene	TNS2	gtr_epilepsy_gene_summary	GTR epilepsy gene summary	gtr_gene_summary	2.0	silver	TNS2	resolved	gtr_clinical_testing_utilization	1892	426101be40a425a1
9bb162dc13ba8980	epilepsy	7148	ncbi_gene	ENSG00000168477	ensembl_gene	TNXB	gtr_epilepsy_gene_summary	GTR epilepsy gene summary	gtr_gene_summary	2.0	silver	TNXB	resolved	gtr_clinical_testing_utilization	2066	5b0e984f321f1a74
c6bdcc77b358f961	epilepsy	114034	ncbi_gene	ENSG00000132773	ensembl_gene	TOE1	gtr_epilepsy_gene_summary	GTR epilepsy gene summary	gtr_gene_summary	2.0	silver	TOE1	resolved	gtr_clinical_testing_utilization	1413	7b90f266b95060f2
db2d8b707e140cf2	epilepsy	116447	ncbi_gene	ENSG00000184428	ensembl_gene	TOP1MT	gtr_epilepsy_gene_summary	GTR epilepsy gene summary	gtr_gene_summary	2.0	silver	TOP1MT	resolved	gtr_clinical_testing_utilization	2617	1788ca751c975d80
1861c6cc8a219c78	epilepsy	7155	ncbi_gene	ENSG00000077097	ensembl_gene	TOP2B	gtr_epilepsy_gene_summary	GTR epilepsy gene summary	gtr_gene_summary	2.0	silver	TOP2B	resolved	gtr_clinical_testing_utilization	2230	8043747e5def3ae9
7d2cfce42b8d2b2b	epilepsy	1861	ncbi_gene	ENSG00000136827	ensembl_gene	TOR1A	gtr_epilepsy_gene_summary	GTR epilepsy gene summary	gtr_gene_summary	2.0	silver	TOR1A	resolved	gtr_clinical_testing_utilization	1318	cf0e203871662901
303c6124d12b1979	epilepsy	26092	ncbi_gene	ENSG00000143337	ensembl_gene	TOR1AIP1	gtr_epilepsy_gene_summary	GTR epilepsy gene summary	gtr_gene_summary	2.0	silver	TOR1AIP1	resolved	gtr_clinical_testing_utilization	1857	896467f9663b917f
5dea268ac6f86d01	epilepsy	7157	ncbi_gene	ENSG00000141510	ensembl_gene	TP53	gtr_epilepsy_gene_summary	GTR epilepsy gene summary	gtr_gene_summary	2.0	silver	TP53	resolved	gtr_clinical_testing_utilization	1531	910b89d42779710b
bba1f5ffc261bba8	epilepsy	112858	ncbi_gene	ENSG00000172315	ensembl_gene	TP53RK	gtr_epilepsy_gene_summary	GTR epilepsy gene summary	gtr_gene_summary	2.0	silver	TP53RK	resolved	gtr_clinical_testing_utilization	1291	d4aacf3bb78b0cb0
a461615fbb16d8ec	epilepsy	8626	ncbi_gene	ENSG00000073282	ensembl_gene	TP63	gtr_epilepsy_gene_summary	GTR epilepsy gene summary	gtr_gene_summary	2.0	silver	TP63	resolved	gtr_clinical_testing_utilization	1106	0a69a446ff463e75
1c71c40434cb6e98	epilepsy	7167	ncbi_gene	ENSG00000111669	ensembl_gene	TPI1	gtr_epilepsy_gene_summary	GTR epilepsy gene summary	gtr_gene_summary	2.0	silver	TPI1	resolved	gtr_clinical_testing_utilization	2911	86a1b016117ed74c
afe6395c7ead3b3f	epilepsy	27010	ncbi_gene	ENSG00000196511	ensembl_gene	TPK1	genes4epilepsy	Genes4Epilepsy	literature_derived	1.0	bronze	TPK1	resolved		973	e2f07652d2ee1e59
afe6395c7ead3b3f	epilepsy	27010	ncbi_gene	ENSG00000196511	ensembl_gene	TPK1	gtr_epilepsy_gene_summary	GTR epilepsy gene summary	gtr_gene_summary	2.0	silver	TPK1	resolved	gtr_clinical_testing_utilization	820	b2c71756563156f1
3bd9762bffe9a2ea	epilepsy	7168	ncbi_gene	ENSG00000140416	ensembl_gene	TPM1	gtr_epilepsy_gene_summary	GTR epilepsy gene summary	gtr_gene_summary	2.0	silver	TPM1	resolved	gtr_clinical_testing_utilization	1710	078beb9ff8d42299
4b0a9108ff13febe	epilepsy	7169	ncbi_gene	ENSG00000198467	ensembl_gene	TPM2	gtr_epilepsy_gene_summary	GTR epilepsy gene summary	gtr_gene_summary	2.0	silver	TPM2	resolved	gtr_clinical_testing_utilization	2020	952db356ddf3efcf
da0abc13b3be5f1a	epilepsy	7170	ncbi_gene	ENSG00000143549	ensembl_gene	TPM3	gtr_epilepsy_gene_summary	GTR epilepsy gene summary	gtr_gene_summary	2.0	silver	TPM3	resolved	gtr_clinical_testing_utilization	2021	d239d5c1480dcf80
ab67dab880c5f36a	epilepsy	1200	ncbi_gene	ENSG00000166340	ensembl_gene	TPP1	genes4epilepsy	Genes4Epilepsy	literature_derived	1.0	bronze	TPP1	resolved		974	7ec375ad68be5508
ab67dab880c5f36a	epilepsy	1200	ncbi_gene	ENSG00000166340	ensembl_gene	TPP1	gtr_epilepsy_gene_summary	GTR epilepsy gene summary	gtr_gene_summary	2.0	silver	TPP1	resolved	gtr_clinical_testing_utilization	115	58c07eeacb224aaa
5bbc4062b5ef1f65	epilepsy	51002	ncbi_gene	ENSG00000291480	ensembl_gene	TPRKB	gtr_epilepsy_gene_summary	GTR epilepsy gene summary	gtr_gene_summary	2.0	silver	TPRKB	resolved	gtr_clinical_testing_utilization	2043	71604f5ea565a2df
cda1deca0faccd86	epilepsy	286262	ncbi_gene	ENSG00000176058	ensembl_gene	TPRN	gtr_epilepsy_gene_summary	GTR epilepsy gene summary	gtr_gene_summary	2.0	silver	TPRN	resolved	gtr_clinical_testing_utilization	990	340df3b152d8a6f3
bbfd9e5c96e5f5ca	epilepsy	6434	ncbi_gene	ENSG00000136527	ensembl_gene	TRA2B	genes4epilepsy	Genes4Epilepsy	literature_derived	1.0	bronze	TRA2B	resolved		975	f8a7e90dbf3b96fc
a16cfff2a311cd6e	epilepsy	26146	ncbi_gene	26146	unknown_namespace	TRAF3IP1	gtr_epilepsy_gene_summary	GTR epilepsy gene summary	gtr_gene_summary	2.0	silver	TRAF3IP1	unresolved	gtr_clinical_testing_utilization	3284	09805e3cf7c8598f
e7e7cd293efa000c	epilepsy	10758	ncbi_gene	ENSG00000056972	ensembl_gene	TRAF3IP2	gtr_epilepsy_gene_summary	GTR epilepsy gene summary	gtr_gene_summary	2.0	silver	TRAF3IP2	resolved	gtr_clinical_testing_utilization	3285	838a30f17f1978ae
770f7e42d0ee12b8	epilepsy	7189	ncbi_gene	ENSG00000175104	ensembl_gene	TRAF6	gtr_epilepsy_gene_summary	GTR epilepsy gene summary	gtr_gene_summary	2.0	silver	TRAF6	resolved	gtr_clinical_testing_utilization	3286	6fcaf7e8b762faef
630769bc8d4d478f	epilepsy	84231	ncbi_gene	ENSG00000131653	ensembl_gene	TRAF7	genes4epilepsy	Genes4Epilepsy	literature_derived	1.0	bronze	TRAF7	resolved		976	8da668eb8157265e
f0444d69c3fe6ea8	epilepsy	10293	ncbi_gene	ENSG00000183763	ensembl_gene	TRAIP	gtr_epilepsy_gene_summary	GTR epilepsy gene summary	gtr_gene_summary	2.0	silver	TRAIP	resolved	gtr_clinical_testing_utilization	1814	fbd2d75e87e53efa
9ee75f8e8cfb9049	epilepsy	22906	ncbi_gene	ENSG00000182606	ensembl_gene	TRAK1	genes4epilepsy	Genes4Epilepsy	literature_derived	1.0	bronze	TRAK1	resolved		977	947b7dadbba249f8
9ee75f8e8cfb9049	epilepsy	22906	ncbi_gene	ENSG00000182606	ensembl_gene	TRAK1	gtr_epilepsy_gene_summary	GTR epilepsy gene summary	gtr_gene_summary	2.0	silver	TRAK1	resolved	gtr_clinical_testing_utilization	795	9458bf5d76b82488
3e8bf3be70e339e1	epilepsy	10131	ncbi_gene	ENSG00000126602	ensembl_gene	TRAP1	gtr_epilepsy_gene_summary	GTR epilepsy gene summary	gtr_gene_summary	2.0	silver	TRAP1	resolved	gtr_clinical_testing_utilization	1875	2d6672b75b9c40e6
a1c8fe820e75291d	epilepsy	7109	ncbi_gene	ENSG00000160218	ensembl_gene	TRAPPC10	genes4epilepsy	Genes4Epilepsy	literature_derived	1.0	bronze	TRAPPC10	resolved		978	490507abfee94c3b
a1c8fe820e75291d	epilepsy	7109	ncbi_gene	ENSG00000160218	ensembl_gene	TRAPPC10	gtr_epilepsy_gene_summary	GTR epilepsy gene summary	gtr_gene_summary	2.0	silver	TRAPPC10	resolved	gtr_clinical_testing_utilization	2199	6b5d6b45b26c9a23
8f378d43ba32daf3	epilepsy	60684	ncbi_gene	ENSG00000168538	ensembl_gene	TRAPPC11	genes4epilepsy	Genes4Epilepsy	literature_derived	1.0	bronze	TRAPPC11	resolved		979	44392c579e8c7627
8f378d43ba32daf3	epilepsy	60684	ncbi_gene	ENSG00000168538	ensembl_gene	TRAPPC11	gtr_epilepsy_gene_summary	GTR epilepsy gene summary	gtr_gene_summary	2.0	silver	TRAPPC11	resolved	gtr_clinical_testing_utilization	763	3f9859ebd9fd1758
a12fbbd82477b65d	epilepsy	51112	ncbi_gene	ENSG00000274891	ensembl_gene	TRAPPC12	genes4epilepsy	Genes4Epilepsy	literature_derived	1.0	bronze	TRAPPC12	resolved		980	3d2aa96a913b0e61
7d3d105b7b445c91	epilepsy	27095	ncbi_gene	ENSG00000054116	ensembl_gene	TRAPPC3	gtr_epilepsy_gene_summary	GTR epilepsy gene summary	gtr_gene_summary	2.0	silver	TRAPPC3	resolved	gtr_clinical_testing_utilization	2834	54d16dbb16defdd5
10a5e70c8b274407	epilepsy	51399	ncbi_gene	ENSG00000196655	ensembl_gene	TRAPPC4	genes4epilepsy	Genes4Epilepsy	literature_derived	1.0	bronze	TRAPPC4	resolved		981	4a1e197478a7a887
10a5e70c8b274407	epilepsy	51399	ncbi_gene	ENSG00000196655	ensembl_gene	TRAPPC4	gtr_epilepsy_gene_summary	GTR epilepsy gene summary	gtr_gene_summary	2.0	silver	TRAPPC4	resolved	gtr_clinical_testing_utilization	2234	d0bb155c9ef95355
ef1d0333d16f5d49	epilepsy	79090	ncbi_gene	ENSG00000007255	ensembl_gene	TRAPPC6A	gtr_epilepsy_gene_summary	GTR epilepsy gene summary	gtr_gene_summary	2.0	silver	TRAPPC6A	resolved	gtr_clinical_testing_utilization	2519	4e1e0e8f8c3c0915
996324293bf37b5f	epilepsy	122553	ncbi_gene	ENSG00000182400	ensembl_gene	TRAPPC6B	genes4epilepsy	Genes4Epilepsy	literature_derived	1.0	bronze	TRAPPC6B	resolved		982	8e5731d0895882d0
996324293bf37b5f	epilepsy	122553	ncbi_gene	ENSG00000182400	ensembl_gene	TRAPPC6B	gtr_epilepsy_gene_summary	GTR epilepsy gene summary	gtr_gene_summary	2.0	silver	TRAPPC6B	resolved	gtr_clinical_testing_utilization	1739	b1aaed7026020ad1
e0105c7f6286f5f3	epilepsy	83696	ncbi_gene	ENSG00000167632	ensembl_gene	TRAPPC9	gtr_epilepsy_gene_summary	GTR epilepsy gene summary	gtr_gene_summary	2.0	silver	TRAPPC9	resolved	gtr_clinical_testing_utilization	686	4b0c4e76ded3c0ca
48c4b7013183452c	epilepsy	10345	ncbi_gene	ENSG00000186439	ensembl_gene	TRDN	gtr_epilepsy_gene_summary	GTR epilepsy gene summary	gtr_gene_summary	2.0	silver	TRDN	resolved	gtr_clinical_testing_utilization	896	630b898ff0577dfd
3789bf7a0ad4e6f1	epilepsy	54209	ncbi_gene	ENSG00000095970	ensembl_gene	TREM2	genes4epilepsy	Genes4Epilepsy	literature_derived	1.0	bronze	TREM2	resolved		983	979db123fff3d16a
3789bf7a0ad4e6f1	epilepsy	54209	ncbi_gene	ENSG00000095970	ensembl_gene	TREM2	gtr_epilepsy_gene_summary	GTR epilepsy gene summary	gtr_gene_summary	2.0	silver	TREM2	resolved	gtr_clinical_testing_utilization	1203	7b05cc6e8c74c1ed
45c7d3e4edd09929	epilepsy	11277	ncbi_gene	ENSG00000213689	ensembl_gene	TREX1	genes4epilepsy	Genes4Epilepsy	literature_derived	1.0	bronze	TREX1	resolved		984	2dbf2bf89a74e853
45c7d3e4edd09929	epilepsy	11277	ncbi_gene	ENSG00000213689	ensembl_gene	TREX1	gtr_epilepsy_gene_summary	GTR epilepsy gene summary	gtr_gene_summary	2.0	silver	TREX1	resolved	gtr_clinical_testing_utilization	407	65e4f8253c6a2daf
262b72144c28b7f1	epilepsy	7200	ncbi_gene	ENSG00000170893	ensembl_gene	TRH	gtr_epilepsy_gene_summary	GTR epilepsy gene summary	gtr_gene_summary	2.0	silver	TRH	resolved	gtr_clinical_testing_utilization	2835	773b9cafbd7e55e3
bcb5708aa08ed196	epilepsy	10346	ncbi_gene	ENSG00000132274	ensembl_gene	TRIM22	gtr_epilepsy_gene_summary	GTR epilepsy gene summary	gtr_gene_summary	2.0	silver	TRIM22	resolved	gtr_clinical_testing_utilization	2836	49596f03282c9be4
610cb7c109bf21b5	epilepsy	10155	ncbi_gene	ENSG00000130726	ensembl_gene	TRIM28	gtr_epilepsy_gene_summary	GTR epilepsy gene summary	gtr_gene_summary	2.0	silver	TRIM28	resolved	gtr_clinical_testing_utilization	3287	dd547db6d295dce9
82bbef848404a33f	epilepsy	22954	ncbi_gene	ENSG00000119401	ensembl_gene	TRIM32	gtr_epilepsy_gene_summary	GTR epilepsy gene summary	gtr_gene_summary	2.0	silver	TRIM32	resolved	gtr_clinical_testing_utilization	1480	d341e1a01d30235e
82c96c6b5d4e759e	epilepsy	4591	ncbi_gene	ENSG00000108395	ensembl_gene	TRIM37	gtr_epilepsy_gene_summary	GTR epilepsy gene summary	gtr_gene_summary	2.0	silver	TRIM37	resolved	gtr_clinical_testing_utilization	2268	f2063f24be9aff1b
babc68be776d366c	epilepsy	84676	ncbi_gene	ENSG00000158022	ensembl_gene	TRIM63	gtr_epilepsy_gene_summary	GTR epilepsy gene summary	gtr_gene_summary	2.0	silver	TRIM63	resolved	gtr_clinical_testing_utilization	2323	9bdeaf35998eb5a5
a7783580fdd30725	epilepsy	81603	ncbi_gene	ENSG00000171206	ensembl_gene	TRIM8	genes4epilepsy	Genes4Epilepsy	literature_derived	1.0	bronze	TRIM8	resolved		985	f911d95367f9e94e
a7783580fdd30725	epilepsy	81603	ncbi_gene	ENSG00000171206	ensembl_gene	TRIM8	gtr_epilepsy_gene_summary	GTR epilepsy gene summary	gtr_gene_summary	2.0	silver	TRIM8	resolved	gtr_clinical_testing_utilization	1982	e23cbc3995cfba9f
e9765ecc96092c17	epilepsy	7204	ncbi_gene	ENSG00000038382	ensembl_gene	TRIO	genes4epilepsy	Genes4Epilepsy	literature_derived	1.0	bronze	TRIO	resolved		986	7dbb8618adc3821c
e9765ecc96092c17	epilepsy	7204	ncbi_gene	ENSG00000038382	ensembl_gene	TRIO	gtr_epilepsy_gene_summary	GTR epilepsy gene summary	gtr_gene_summary	2.0	silver	TRIO	resolved	gtr_clinical_testing_utilization	711	44ba7995000badd4
cb1f96b824e05dce	epilepsy	11078	ncbi_gene	ENSG00000100106	ensembl_gene	TRIOBP	gtr_epilepsy_gene_summary	GTR epilepsy gene summary	gtr_gene_summary	2.0	silver	TRIOBP	resolved	gtr_clinical_testing_utilization	1376	5ba82f303ac70769
c6d5083bd7b7fd19	epilepsy	9320	ncbi_gene	ENSG00000153827	ensembl_gene	TRIP12	genes4epilepsy	Genes4Epilepsy	literature_derived	1.0	bronze	TRIP12	resolved		987	7faf0136f60b3ce4
c6d5083bd7b7fd19	epilepsy	9320	ncbi_gene	ENSG00000153827	ensembl_gene	TRIP12	gtr_epilepsy_gene_summary	GTR epilepsy gene summary	gtr_gene_summary	2.0	silver	TRIP12	resolved	gtr_clinical_testing_utilization	3288	312541ab397f0aed
1721129308c83d38	epilepsy	9319	ncbi_gene	ENSG00000071539	ensembl_gene	TRIP13	gtr_epilepsy_gene_summary	GTR epilepsy gene summary	gtr_gene_summary	2.0	silver	TRIP13	resolved	gtr_clinical_testing_utilization	3289	0fff1a49ae63c902
fc34250c64108057	epilepsy	9325	ncbi_gene	ENSG00000103671	ensembl_gene	TRIP4	gtr_epilepsy_gene_summary	GTR epilepsy gene summary	gtr_gene_summary	2.0	silver	TRIP4	resolved	gtr_clinical_testing_utilization	1959	6432f7b2a43a696c
fdf1687812988da6	epilepsy	54802	ncbi_gene	ENSG00000043514	ensembl_gene	TRIT1	genes4epilepsy	Genes4Epilepsy	literature_derived	1.0	bronze	TRIT1	resolved		988	c6df6d25e7bf5e0a
fdf1687812988da6	epilepsy	54802	ncbi_gene	ENSG00000043514	ensembl_gene	TRIT1	gtr_epilepsy_gene_summary	GTR epilepsy gene summary	gtr_gene_summary	2.0	silver	TRIT1	resolved	gtr_clinical_testing_utilization	1495	602fe1965721a61c
8e14e346a0085387	epilepsy	55621	ncbi_gene	ENSG00000104907	ensembl_gene	TRMT1	genes4epilepsy	Genes4Epilepsy	literature_derived	1.0	bronze	TRMT1	resolved		989	aa24668a602f7fa8
5dea2bd6cbee1759	epilepsy	93587	ncbi_gene	ENSG00000145331	ensembl_gene	TRMT10A	genes4epilepsy	Genes4Epilepsy	literature_derived	1.0	bronze	TRMT10A	resolved		990	0cd2994ce3bb947e
5dea2bd6cbee1759	epilepsy	93587	ncbi_gene	ENSG00000145331	ensembl_gene	TRMT10A	gtr_epilepsy_gene_summary	GTR epilepsy gene summary	gtr_gene_summary	2.0	silver	TRMT10A	resolved	gtr_clinical_testing_utilization	3290	e03df2bed8c7cae5
8dde42b0c671b033	epilepsy	57570	ncbi_gene	ENSG00000126814	ensembl_gene	TRMT5	gtr_epilepsy_gene_summary	GTR epilepsy gene summary	gtr_gene_summary	2.0	silver	TRMT5	resolved	gtr_clinical_testing_utilization	2585	8dbb01bf7ee58ad5
9424bfee1af72148	epilepsy	55687	ncbi_gene	ENSG00000100416	ensembl_gene	TRMU	gtr_epilepsy_gene_summary	GTR epilepsy gene summary	gtr_gene_summary	2.0	silver	TRMU	resolved	gtr_clinical_testing_utilization	1031	c1bfd0f3151e2c29
0370cf6eca90855e	epilepsy	51095	ncbi_gene	ENSG00000072756	ensembl_gene	TRNT1	gtr_epilepsy_gene_summary	GTR epilepsy gene summary	gtr_gene_summary	2.0	silver	TRNT1	resolved	gtr_clinical_testing_utilization	783	f4b85e76a74848a7
684b887e2299200b	epilepsy	7222	ncbi_gene	ENSG00000138741	ensembl_gene	TRPC3	gtr_epilepsy_gene_summary	GTR epilepsy gene summary	gtr_gene_summary	2.0	silver	TRPC3	resolved	gtr_clinical_testing_utilization	2528	f77606c1555b8a13
0b40109e74917eb6	epilepsy	7225	ncbi_gene	ENSG00000137672	ensembl_gene	TRPC6	gtr_epilepsy_gene_summary	GTR epilepsy gene summary	gtr_gene_summary	2.0	silver	TRPC6	resolved	gtr_clinical_testing_utilization	1584	5b85f3c82ecb714d
eaa5508436f8491d	epilepsy	80036	ncbi_gene	ENSG00000083067	ensembl_gene	TRPM3	genes4epilepsy	Genes4Epilepsy	literature_derived	1.0	bronze	TRPM3	resolved		991	0a3fcc9176934a3d
7f6f2fe72926fb7b	epilepsy	54795	ncbi_gene	ENSG00000130529	ensembl_gene	TRPM4	gtr_epilepsy_gene_summary	GTR epilepsy gene summary	gtr_gene_summary	2.0	silver	TRPM4	resolved	gtr_clinical_testing_utilization	1711	6180e438113933c7
0bed40ab7350e37c	epilepsy	140803	ncbi_gene	ENSG00000119121	ensembl_gene	TRPM6	genes4epilepsy	Genes4Epilepsy	literature_derived	1.0	bronze	TRPM6	resolved		992	3fadf33c6d6c3f63
0bed40ab7350e37c	epilepsy	140803	ncbi_gene	ENSG00000119121	ensembl_gene	TRPM6	gtr_epilepsy_gene_summary	GTR epilepsy gene summary	gtr_gene_summary	2.0	silver	TRPM6	resolved	gtr_clinical_testing_utilization	725	6a9f853fc9abcf8f
410bd61e946b91c8	epilepsy	7227	ncbi_gene	ENSG00000104447	ensembl_gene	TRPS1	gtr_epilepsy_gene_summary	GTR epilepsy gene summary	gtr_gene_summary	2.0	silver	TRPS1	resolved	gtr_clinical_testing_utilization	1110	116034b6a72c9864
289eac6b3b522db3	epilepsy	59341	ncbi_gene	ENSG00000111199	ensembl_gene	TRPV4	gtr_epilepsy_gene_summary	GTR epilepsy gene summary	gtr_gene_summary	2.0	silver	TRPV4	resolved	gtr_clinical_testing_utilization	1403	5a88673d14b3bbb2
1c00357d4e084491	epilepsy	8295	ncbi_gene	ENSG00000196367	ensembl_gene	TRRAP	genes4epilepsy	Genes4Epilepsy	literature_derived	1.0	bronze	TRRAP	resolved		993	cad6ea76d4e60050
1c00357d4e084491	epilepsy	8295	ncbi_gene	ENSG00000196367	ensembl_gene	TRRAP	gtr_epilepsy_gene_summary	GTR epilepsy gene summary	gtr_gene_summary	2.0	silver	TRRAP	resolved	gtr_clinical_testing_utilization	3291	39f181de37a3570c
a66f13bf0a408c20	epilepsy	7248	ncbi_gene	ENSG00000165699	ensembl_gene	TSC1	genes4epilepsy	Genes4Epilepsy	literature_derived	1.0	bronze	TSC1	resolved		994	eb3482d180b066bd
a66f13bf0a408c20	epilepsy	7248	ncbi_gene	ENSG00000165699	ensembl_gene	TSC1	gtr_epilepsy_gene_summary	GTR epilepsy gene summary	gtr_gene_summary	2.0	silver	TSC1	resolved	gtr_clinical_testing_utilization	113	cfa01bbac2719ab5
ec9770ac73177c8e	epilepsy	7249	ncbi_gene	ENSG00000103197	ensembl_gene	TSC2	genes4epilepsy	Genes4Epilepsy	literature_derived	1.0	bronze	TSC2	resolved		995	cf150f92da3aa7d2
ec9770ac73177c8e	epilepsy	7249	ncbi_gene	ENSG00000103197	ensembl_gene	TSC2	gtr_epilepsy_gene_summary	GTR epilepsy gene summary	gtr_gene_summary	2.0	silver	TSC2	resolved	gtr_clinical_testing_utilization	94	20b8c9345894208a
bbcaa6e05de3460f	epilepsy	116461	ncbi_gene	ENSG00000198860	ensembl_gene	TSEN15	genes4epilepsy	Genes4Epilepsy	literature_derived	1.0	bronze	TSEN15	resolved		996	a88fdb35d9b8ae5e
bbcaa6e05de3460f	epilepsy	116461	ncbi_gene	ENSG00000198860	ensembl_gene	TSEN15	gtr_epilepsy_gene_summary	GTR epilepsy gene summary	gtr_gene_summary	2.0	silver	TSEN15	resolved	gtr_clinical_testing_utilization	685	f570d28f6b87c30b
bcba1affd9500b86	epilepsy	80746	ncbi_gene	ENSG00000154743	ensembl_gene	TSEN2	genes4epilepsy	Genes4Epilepsy	literature_derived	1.0	bronze	TSEN2	resolved		997	cd5a59f9553f1ab7
bcba1affd9500b86	epilepsy	80746	ncbi_gene	ENSG00000154743	ensembl_gene	TSEN2	gtr_epilepsy_gene_summary	GTR epilepsy gene summary	gtr_gene_summary	2.0	silver	TSEN2	resolved	gtr_clinical_testing_utilization	613	1276c15a992c5bef
0e39ec52df41fb98	epilepsy	79042	ncbi_gene	ENSG00000278622	ensembl_gene	TSEN34	genes4epilepsy	Genes4Epilepsy	literature_derived	1.0	bronze	TSEN34	resolved		998	f5dc9ff4ea4e566d
0e39ec52df41fb98	epilepsy	79042	ncbi_gene	ENSG00000278622	ensembl_gene	TSEN34	gtr_epilepsy_gene_summary	GTR epilepsy gene summary	gtr_gene_summary	2.0	silver	TSEN34	resolved	gtr_clinical_testing_utilization	802	dcf95282b25018e1
011b15afaf159d89	epilepsy	283989	ncbi_gene	ENSG00000182173	ensembl_gene	TSEN54	genes4epilepsy	Genes4Epilepsy	literature_derived	1.0	bronze	TSEN54	resolved		999	c32cdc5f6ae661e9
011b15afaf159d89	epilepsy	283989	ncbi_gene	ENSG00000182173	ensembl_gene	TSEN54	gtr_epilepsy_gene_summary	GTR epilepsy gene summary	gtr_gene_summary	2.0	silver	TSEN54	resolved	gtr_clinical_testing_utilization	225	4a2f077f7c139436
fd9eddbfe353f93d	epilepsy	10102	ncbi_gene	ENSG00000123297	ensembl_gene	TSFM	genes4epilepsy	Genes4Epilepsy	literature_derived	1.0	bronze	TSFM	resolved		1000	680d017df490be49
fd9eddbfe353f93d	epilepsy	10102	ncbi_gene	ENSG00000123297	ensembl_gene	TSFM	gtr_epilepsy_gene_summary	GTR epilepsy gene summary	gtr_gene_summary	2.0	silver	TSFM	resolved	gtr_clinical_testing_utilization	260	a0d6ba18122a140a
52b59865310ba9d7	epilepsy	7253	ncbi_gene	ENSG00000165409	ensembl_gene	TSHR	gtr_epilepsy_gene_summary	GTR epilepsy gene summary	gtr_gene_summary	2.0	silver	TSHR	resolved	gtr_clinical_testing_utilization	2837	e385abfbb1087b89
eeb6456f61bdff9f	epilepsy	10194	ncbi_gene	ENSG00000179981	ensembl_gene	TSHZ1	gtr_epilepsy_gene_summary	GTR epilepsy gene summary	gtr_gene_summary	2.0	silver	TSHZ1	resolved	gtr_clinical_testing_utilization	2714	9a07d2379f71efc0
fb29c23928aa45bc	epilepsy	57616	ncbi_gene	ENSG00000121297	ensembl_gene	TSHZ3	gtr_epilepsy_gene_summary	GTR epilepsy gene summary	gtr_gene_summary	2.0	silver	TSHZ3	resolved	gtr_clinical_testing_utilization	2409	8210f8d85c1d7dc3
af8a0bbf2d6830ef	epilepsy	7102	ncbi_gene	ENSG00000156298	ensembl_gene	TSPAN7	gtr_epilepsy_gene_summary	GTR epilepsy gene summary	gtr_gene_summary	2.0	silver	TSPAN7	resolved	gtr_clinical_testing_utilization	668	3bba633ed7be7539
b704666f306a5706	epilepsy	54084	ncbi_gene	ENSG00000175894	ensembl_gene	TSPEAR	gtr_epilepsy_gene_summary	GTR epilepsy gene summary	gtr_gene_summary	2.0	silver	TSPEAR	resolved	gtr_clinical_testing_utilization	2838	72e340d5599bfe21
0d523c70780dec83	epilepsy	7259	ncbi_gene	ENSG00000189241	ensembl_gene	TSPYL1	genes4epilepsy	Genes4Epilepsy	literature_derived	1.0	bronze	TSPYL1	resolved		1001	741830c06a19026c
31b89c78d23e3488	epilepsy	90121	ncbi_gene	ENSG00000158526	ensembl_gene	TSR2	gtr_epilepsy_gene_summary	GTR epilepsy gene summary	gtr_gene_summary	2.0	silver	TSR2	resolved	gtr_clinical_testing_utilization	2715	47be77166137b75e
724018267e9690ef	epilepsy	146057	ncbi_gene	ENSG00000128881	ensembl_gene	TTBK2	gtr_epilepsy_gene_summary	GTR epilepsy gene summary	gtr_gene_summary	2.0	silver	TTBK2	resolved	gtr_clinical_testing_utilization	1299	4ab4c984b9eac808
b5102b23fd6a47c5	epilepsy	151613	ncbi_gene	ENSG00000163728	ensembl_gene	TTC14	gtr_epilepsy_gene_summary	GTR epilepsy gene summary	gtr_gene_summary	2.0	silver	TTC14	resolved	gtr_clinical_testing_utilization	2520	13da92075fa65c15
bb98ba80dc2415ef	epilepsy	54902	ncbi_gene	ENSG00000011295	ensembl_gene	TTC19	gtr_epilepsy_gene_summary	GTR epilepsy gene summary	gtr_gene_summary	2.0	silver	TTC19	resolved	gtr_clinical_testing_utilization	491	8fa9f230dd1650e3
d961d6e8279d7247	epilepsy	23331	ncbi_gene	ENSG00000100154	ensembl_gene	TTC28	gtr_epilepsy_gene_summary	GTR epilepsy gene summary	gtr_gene_summary	2.0	silver	TTC28	resolved	gtr_clinical_testing_utilization	2716	7705c2d78bc7475e
275a7c2a67888c9f	epilepsy	91875	ncbi_gene	ENSG00000136319	ensembl_gene	TTC5	genes4epilepsy	Genes4Epilepsy	literature_derived	1.0	bronze	TTC5	resolved		1002	72227a2e5a988634
9ec52119c6b40913	epilepsy	57217	ncbi_gene	ENSG00000068724	ensembl_gene	TTC7A	gtr_epilepsy_gene_summary	GTR epilepsy gene summary	gtr_gene_summary	2.0	silver	TTC7A	resolved	gtr_clinical_testing_utilization	2116	b12d0a06913f503c
425cb943c789d666	epilepsy	123016	ncbi_gene	ENSG00000165533	ensembl_gene	TTC8	gtr_epilepsy_gene_summary	GTR epilepsy gene summary	gtr_gene_summary	2.0	silver	TTC8	resolved	gtr_clinical_testing_utilization	2117	427ae4b410dd6a86
4d2dd32fe2f9af11	epilepsy	80185	ncbi_gene	ENSG00000129696	ensembl_gene	TTI2	gtr_epilepsy_gene_summary	GTR epilepsy gene summary	gtr_gene_summary	2.0	silver	TTI2	resolved	gtr_clinical_testing_utilization	1960	30477b53a5287e7e
b2d92ce94a46a373	epilepsy	7273	ncbi_gene	ENSG00000155657	ensembl_gene	TTN	gtr_epilepsy_gene_summary	GTR epilepsy gene summary	gtr_gene_summary	2.0	silver	TTN	resolved	gtr_clinical_testing_utilization	959	3d8d8dd6f52fbd72
50225b3f87fd28d7	epilepsy	7274	ncbi_gene	ENSG00000137561	ensembl_gene	TTPA	gtr_epilepsy_gene_summary	GTR epilepsy gene summary	gtr_gene_summary	2.0	silver	TTPA	resolved	gtr_clinical_testing_utilization	1052	4fe72bd56cef4cdb
a5b4d3a17f98211a	epilepsy	7276	ncbi_gene	ENSG00000118271	ensembl_gene	TTR	gtr_epilepsy_gene_summary	GTR epilepsy gene summary	gtr_gene_summary	2.0	silver	TTR	resolved	gtr_clinical_testing_utilization	904	afe7abfe01cf83aa
a63a517d8feaffc9	epilepsy	7275	ncbi_gene	ENSG00000166402	ensembl_gene	TUB	gtr_epilepsy_gene_summary	GTR epilepsy gene summary	gtr_gene_summary	2.0	silver	TUB	resolved	gtr_clinical_testing_utilization	2912	46609d05a7ae12f2
971902956ebbabc4	epilepsy	7846	ncbi_gene	ENSG00000167552	ensembl_gene	TUBA1A	genes4epilepsy	Genes4Epilepsy	literature_derived	1.0	bronze	TUBA1A	resolved		1003	4415e1cc2f96cec5
971902956ebbabc4	epilepsy	7846	ncbi_gene	ENSG00000167552	ensembl_gene	TUBA1A	gtr_epilepsy_gene_summary	GTR epilepsy gene summary	gtr_gene_summary	2.0	silver	TUBA1A	resolved	gtr_clinical_testing_utilization	203	dc3ec5f2b4a2ca75
1cf84a5fb347d437	epilepsy	112714	ncbi_gene	ENSG00000292120	ensembl_gene	TUBA3E	gtr_epilepsy_gene_summary	GTR epilepsy gene summary	gtr_gene_summary	2.0	silver	TUBA3E	resolved	gtr_clinical_testing_utilization	2022	4803fb6fc5d25dfb
467a7d7bb0889fa0	epilepsy	51807	ncbi_gene	ENSG00000183785	ensembl_gene	TUBA8	genes4epilepsy	Genes4Epilepsy	literature_derived	1.0	bronze	TUBA8	resolved		1004	2cde4d1e0e148a52
467a7d7bb0889fa0	epilepsy	51807	ncbi_gene	ENSG00000183785	ensembl_gene	TUBA8	gtr_epilepsy_gene_summary	GTR epilepsy gene summary	gtr_gene_summary	2.0	silver	TUBA8	resolved	gtr_clinical_testing_utilization	306	2026fa3bfcc797ec
d17d0e381c756548	epilepsy	203068	ncbi_gene	ENSG00000235067	ensembl_gene	TUBB	genes4epilepsy	Genes4Epilepsy	literature_derived	1.0	bronze	TUBB	resolved		1005	bd15bf146087ac2a
d17d0e381c756548	epilepsy	203068	ncbi_gene	ENSG00000235067	ensembl_gene	TUBB	gtr_epilepsy_gene_summary	GTR epilepsy gene summary	gtr_gene_summary	2.0	silver	TUBB	resolved	gtr_clinical_testing_utilization	3292	3326171fe3911b1c
72aaa73eb6815caa	epilepsy	7280	ncbi_gene	ENSG00000137267	ensembl_gene	TUBB2A	genes4epilepsy	Genes4Epilepsy	literature_derived	1.0	bronze	TUBB2A	resolved		1006	98396e7f0de8727d
72aaa73eb6815caa	epilepsy	7280	ncbi_gene	ENSG00000137267	ensembl_gene	TUBB2A	gtr_epilepsy_gene_summary	GTR epilepsy gene summary	gtr_gene_summary	2.0	silver	TUBB2A	resolved	gtr_clinical_testing_utilization	350	6276c00bd5655119
3cffcbdea0df99ae	epilepsy	347733	ncbi_gene	ENSG00000137285	ensembl_gene	TUBB2B	genes4epilepsy	Genes4Epilepsy	literature_derived	1.0	bronze	TUBB2B	resolved		1007	942ac23caca0c563
3cffcbdea0df99ae	epilepsy	347733	ncbi_gene	ENSG00000137285	ensembl_gene	TUBB2B	gtr_epilepsy_gene_summary	GTR epilepsy gene summary	gtr_gene_summary	2.0	silver	TUBB2B	resolved	gtr_clinical_testing_utilization	209	faab2c0b2db15727
a8304dcf91047ae2	epilepsy	10381	ncbi_gene	ENSG00000258947	ensembl_gene	TUBB3	genes4epilepsy	Genes4Epilepsy	literature_derived	1.0	bronze	TUBB3	resolved		1008	bffee093c649e403
a8304dcf91047ae2	epilepsy	10381	ncbi_gene	ENSG00000258947	ensembl_gene	TUBB3	gtr_epilepsy_gene_summary	GTR epilepsy gene summary	gtr_gene_summary	2.0	silver	TUBB3	resolved	gtr_clinical_testing_utilization	403	463f5bad17f2ffd6
2f00d61bf630c20f	epilepsy	10382	ncbi_gene	ENSG00000104833	ensembl_gene	TUBB4A	genes4epilepsy	Genes4Epilepsy	literature_derived	1.0	bronze	TUBB4A	resolved		1009	dec59d2fa94f04fc
2f00d61bf630c20f	epilepsy	10382	ncbi_gene	ENSG00000104833	ensembl_gene	TUBB4A	gtr_epilepsy_gene_summary	GTR epilepsy gene summary	gtr_gene_summary	2.0	silver	TUBB4A	resolved	gtr_clinical_testing_utilization	249	3f456b049479bd1e
31f40626175738d9	epilepsy	10383	ncbi_gene	ENSG00000188229	ensembl_gene	TUBB4B	gtr_epilepsy_gene_summary	GTR epilepsy gene summary	gtr_gene_summary	2.0	silver	TUBB4B	resolved	gtr_clinical_testing_utilization	2552	94517dc678b59354
faec710e9e711936	epilepsy	7283	ncbi_gene	ENSG00000131462	ensembl_gene	TUBG1	genes4epilepsy	Genes4Epilepsy	literature_derived	1.0	bronze	TUBG1	resolved		1010	f27c96426127deba
faec710e9e711936	epilepsy	7283	ncbi_gene	ENSG00000131462	ensembl_gene	TUBG1	gtr_epilepsy_gene_summary	GTR epilepsy gene summary	gtr_gene_summary	2.0	silver	TUBG1	resolved	gtr_clinical_testing_utilization	392	8bb722e7e118f638
2b8ade0b39873a50	epilepsy	10844	ncbi_gene	ENSG00000130640	ensembl_gene	TUBGCP2	genes4epilepsy	Genes4Epilepsy	literature_derived	1.0	bronze	TUBGCP2	resolved		1011	90323de7e87fc25d
2b8ade0b39873a50	epilepsy	10844	ncbi_gene	ENSG00000130640	ensembl_gene	TUBGCP2	gtr_epilepsy_gene_summary	GTR epilepsy gene summary	gtr_gene_summary	2.0	silver	TUBGCP2	resolved	gtr_clinical_testing_utilization	2269	0feae8363b78ec45
1f5ed57dedea9c2c	epilepsy	27229	ncbi_gene	ENSG00000137822	ensembl_gene	TUBGCP4	gtr_epilepsy_gene_summary	GTR epilepsy gene summary	gtr_gene_summary	2.0	silver	TUBGCP4	resolved	gtr_clinical_testing_utilization	1124	24b5211580afd267
e6b42479505aa25b	epilepsy	85378	ncbi_gene	ENSG00000128159	ensembl_gene	TUBGCP6	genes4epilepsy	Genes4Epilepsy	literature_derived	1.0	bronze	TUBGCP6	resolved		1012	16daa3d8c6ba6312
e6b42479505aa25b	epilepsy	85378	ncbi_gene	ENSG00000128159	ensembl_gene	TUBGCP6	gtr_epilepsy_gene_summary	GTR epilepsy gene summary	gtr_gene_summary	2.0	silver	TUBGCP6	resolved	gtr_clinical_testing_utilization	869	e387ebcbf757dade
e42860c205fce802	epilepsy	7284	ncbi_gene	ENSG00000178952	ensembl_gene	TUFM	gtr_epilepsy_gene_summary	GTR epilepsy gene summary	gtr_gene_summary	2.0	silver	TUFM	resolved	gtr_clinical_testing_utilization	835	0ccd174868e1e4d0
072ae5e1b060a0fa	epilepsy	7287	ncbi_gene	ENSG00000112041	ensembl_gene	TULP1	gtr_epilepsy_gene_summary	GTR epilepsy gene summary	gtr_gene_summary	2.0	silver	TULP1	resolved	gtr_clinical_testing_utilization	2175	a649edf4c837fe25
2d09b6cb78eaf2bb	epilepsy	7991	ncbi_gene	ENSG00000104723	ensembl_gene	TUSC3	gtr_epilepsy_gene_summary	GTR epilepsy gene summary	gtr_gene_summary	2.0	silver	TUSC3	resolved	gtr_clinical_testing_utilization	735	79f759119adfe0a2
0e6ff0c1c3cc69f0	epilepsy	7291	ncbi_gene	ENSG00000122691	ensembl_gene	TWIST1	gtr_epilepsy_gene_summary	GTR epilepsy gene summary	gtr_gene_summary	2.0	silver	TWIST1	resolved	gtr_clinical_testing_utilization	824	f7de3573d288aa83
e8102fb44433d847	epilepsy	117581	ncbi_gene	ENSG00000288335	ensembl_gene	TWIST2	gtr_epilepsy_gene_summary	GTR epilepsy gene summary	gtr_gene_summary	2.0	silver	TWIST2	resolved	gtr_clinical_testing_utilization	2717	8dc8c5bb67154f34
974e63e01baabefe	epilepsy	56652	ncbi_gene	ENSG00000107815	ensembl_gene	TWNK	genes4epilepsy	Genes4Epilepsy	literature_derived	1.0	bronze	TWNK	resolved		1013	e85ab05ae9362b19
974e63e01baabefe	epilepsy	56652	ncbi_gene	ENSG00000107815	ensembl_gene	TWNK	gtr_epilepsy_gene_summary	GTR epilepsy gene summary	gtr_gene_summary	2.0	silver	TWNK	resolved	gtr_clinical_testing_utilization	210	5fcc1df8bc3286ac
7b8a74a99d97dd4c	epilepsy	25828	ncbi_gene	ENSG00000100348	ensembl_gene	TXN2	gtr_epilepsy_gene_summary	GTR epilepsy gene summary	gtr_gene_summary	2.0	silver	TXN2	resolved	gtr_clinical_testing_utilization	900	571f417c66b329ef
650f038bf98f34d4	epilepsy	10907	ncbi_gene	ENSG00000141759	ensembl_gene	TXNL4A	gtr_epilepsy_gene_summary	GTR epilepsy gene summary	gtr_gene_summary	2.0	silver	TXNL4A	resolved	gtr_clinical_testing_utilization	1655	55834176284a36c3
b983ab09bb001534	epilepsy	1890	ncbi_gene	ENSG00000025708	ensembl_gene	TYMP	gtr_epilepsy_gene_summary	GTR epilepsy gene summary	gtr_gene_summary	2.0	silver	TYMP	resolved	gtr_clinical_testing_utilization	431	b1347de2e821aaa5
3268704f088e54f0	epilepsy	7299	ncbi_gene	ENSG00000077498	ensembl_gene	TYR	gtr_epilepsy_gene_summary	GTR epilepsy gene summary	gtr_gene_summary	2.0	silver	TYR	resolved	gtr_clinical_testing_utilization	1438	054d287c8a799311
ad7d59602755c794	epilepsy	7305	ncbi_gene	ENSG00000011600	ensembl_gene	TYROBP	gtr_epilepsy_gene_summary	GTR epilepsy gene summary	gtr_gene_summary	2.0	silver	TYROBP	resolved	gtr_clinical_testing_utilization	1204	61111fab1221e380
8414bcf46f0f264f	epilepsy	11338	ncbi_gene	ENSG00000063244	ensembl_gene	U2AF2	genes4epilepsy	Genes4Epilepsy	literature_derived	1.0	bronze	U2AF2	resolved		1014	23f66cd654d9650f
8414bcf46f0f264f	epilepsy	11338	ncbi_gene	ENSG00000063244	ensembl_gene	U2AF2	gtr_epilepsy_gene_summary	GTR epilepsy gene summary	gtr_gene_summary	2.0	silver	U2AF2	resolved	gtr_clinical_testing_utilization	3293	e0f4f31952983a07
899579e508f2b259	epilepsy	7317	ncbi_gene	ENSG00000130985	ensembl_gene	UBA1	gtr_epilepsy_gene_summary	GTR epilepsy gene summary	gtr_gene_summary	2.0	silver	UBA1	resolved	gtr_clinical_testing_utilization	3294	5b3869b9116d75ea
a0cb20da064d9a58	epilepsy	79876	ncbi_gene	ENSG00000081307	ensembl_gene	UBA5	genes4epilepsy	Genes4Epilepsy	literature_derived	1.0	bronze	UBA5	resolved		1015	2193d94bd56f516d
a0cb20da064d9a58	epilepsy	79876	ncbi_gene	ENSG00000081307	ensembl_gene	UBA5	gtr_epilepsy_gene_summary	GTR epilepsy gene summary	gtr_gene_summary	2.0	silver	UBA5	resolved	gtr_clinical_testing_utilization	81	84cbe6d884340497
a79adbfc5ddbd07e	epilepsy	337867	ncbi_gene	ENSG00000134882	ensembl_gene	UBAC2	gtr_epilepsy_gene_summary	GTR epilepsy gene summary	gtr_gene_summary	2.0	silver	UBAC2	resolved	gtr_clinical_testing_utilization	3295	b4fe0f0cc0d252ac
3d496b87425ece44	epilepsy	9898	ncbi_gene	ENSG00000143569	ensembl_gene	UBAP2L	genes4epilepsy	Genes4Epilepsy	literature_derived	1.0	bronze	UBAP2L	resolved		1016	05f876ee69cbacbe
1356d68346af0910	epilepsy	7314	ncbi_gene	ENSG00000170315	ensembl_gene	UBB	gtr_epilepsy_gene_summary	GTR epilepsy gene summary	gtr_gene_summary	2.0	silver	UBB	resolved	gtr_clinical_testing_utilization	1614	fa7af770dba56903
036497ac6cbffd55	epilepsy	7319	ncbi_gene	ENSG00000077721	ensembl_gene	UBE2A	genes4epilepsy	Genes4Epilepsy	literature_derived	1.0	bronze	UBE2A	resolved		1017	db63840e7cc26910
036497ac6cbffd55	epilepsy	7319	ncbi_gene	ENSG00000077721	ensembl_gene	UBE2A	gtr_epilepsy_gene_summary	GTR epilepsy gene summary	gtr_gene_summary	2.0	silver	UBE2A	resolved	gtr_clinical_testing_utilization	298	ca9c6db6e620394f
31499a336cc175df	epilepsy	7337	ncbi_gene	ENSG00000114062	ensembl_gene	UBE3A	genes4epilepsy	Genes4Epilepsy	literature_derived	1.0	bronze	UBE3A	resolved		1018	e8146b45fb7cfe33
31499a336cc175df	epilepsy	7337	ncbi_gene	ENSG00000114062	ensembl_gene	UBE3A	gtr_epilepsy_gene_summary	GTR epilepsy gene summary	gtr_gene_summary	2.0	silver	UBE3A	resolved	gtr_clinical_testing_utilization	104	5f90fb9037383d18
782067b1a842859a	epilepsy	89910	ncbi_gene	ENSG00000151148	ensembl_gene	UBE3B	gtr_epilepsy_gene_summary	GTR epilepsy gene summary	gtr_gene_summary	2.0	silver	UBE3B	resolved	gtr_clinical_testing_utilization	3296	e7a4dbb3c47b3d49
7e61ddb0971d289e	epilepsy	29978	ncbi_gene	ENSG00000188021	ensembl_gene	UBQLN2	gtr_epilepsy_gene_summary	GTR epilepsy gene summary	gtr_gene_summary	2.0	silver	UBQLN2	resolved	gtr_clinical_testing_utilization	1858	9294e29a46a7cf87
582e049b4de5c49a	epilepsy	197131	ncbi_gene	ENSG00000159459	ensembl_gene	UBR1	gtr_epilepsy_gene_summary	GTR epilepsy gene summary	gtr_gene_summary	2.0	silver	UBR1	resolved	gtr_clinical_testing_utilization	926	97b1d2f1cc222efd
540c2082e48306a7	epilepsy	23352	ncbi_gene	ENSG00000127481	ensembl_gene	UBR4	gtr_epilepsy_gene_summary	GTR epilepsy gene summary	gtr_gene_summary	2.0	silver	UBR4	resolved	gtr_clinical_testing_utilization	2529	4711971a42531cc5
c5ef611b69b3af7c	epilepsy	51366	ncbi_gene	ENSG00000104517	ensembl_gene	UBR5	genes4epilepsy	Genes4Epilepsy	literature_derived	1.0	bronze	UBR5	resolved		1019	302a42294d040c1e
c5ef611b69b3af7c	epilepsy	51366	ncbi_gene	ENSG00000104517	ensembl_gene	UBR5	gtr_epilepsy_gene_summary	GTR epilepsy gene summary	gtr_gene_summary	2.0	silver	UBR5	resolved	gtr_clinical_testing_utilization	1798	4328f1c274ca8d48
7ab64a9b37f2e5f8	epilepsy	55148	ncbi_gene	ENSG00000012963	ensembl_gene	UBR7	genes4epilepsy	Genes4Epilepsy	literature_derived	1.0	bronze	UBR7	resolved		1020	15b421d7a49fd725
1bab6cdc63a30c2b	epilepsy	7343	ncbi_gene	ENSG00000108312	ensembl_gene	UBTF	genes4epilepsy	Genes4Epilepsy	literature_derived	1.0	bronze	UBTF	resolved		1021	97d080dba743de4b
1bab6cdc63a30c2b	epilepsy	7343	ncbi_gene	ENSG00000108312	ensembl_gene	UBTF	gtr_epilepsy_gene_summary	GTR epilepsy gene summary	gtr_gene_summary	2.0	silver	UBTF	resolved	gtr_clinical_testing_utilization	1224	699a0f621f1e93d6
d34020e2618783a4	epilepsy	7345	ncbi_gene	ENSG00000154277	ensembl_gene	UCHL1	gtr_epilepsy_gene_summary	GTR epilepsy gene summary	gtr_gene_summary	2.0	silver	UCHL1	resolved	gtr_clinical_testing_utilization	2586	be4df216b9996a75
bd037e883661192e	epilepsy	7351	ncbi_gene	ENSG00000175567	ensembl_gene	UCP2	gtr_epilepsy_gene_summary	GTR epilepsy gene summary	gtr_gene_summary	2.0	silver	UCP2	resolved	gtr_clinical_testing_utilization	1884	ce2d5e0f66101c32
d530b7d5a766b935	epilepsy	51506	ncbi_gene	ENSG00000143222	ensembl_gene	UFC1	genes4epilepsy	Genes4Epilepsy	literature_derived	1.0	bronze	UFC1	resolved		1022	6c8d688951a2d0dc
d530b7d5a766b935	epilepsy	51506	ncbi_gene	ENSG00000143222	ensembl_gene	UFC1	gtr_epilepsy_gene_summary	GTR epilepsy gene summary	gtr_gene_summary	2.0	silver	UFC1	resolved	gtr_clinical_testing_utilization	1885	bcf3ede45fad1dd0
30563ab99bd86448	epilepsy	7353	ncbi_gene	ENSG00000070010	ensembl_gene	UFD1	gtr_epilepsy_gene_summary	GTR epilepsy gene summary	gtr_gene_summary	2.0	silver	UFD1	resolved	gtr_clinical_testing_utilization	3297	dc75cfd6b9558e81
cfea3de5f3425fd2	epilepsy	51569	ncbi_gene	ENSG00000120686	ensembl_gene	UFM1	genes4epilepsy	Genes4Epilepsy	literature_derived	1.0	bronze	UFM1	resolved		1023	1991d76216487110
cfea3de5f3425fd2	epilepsy	51569	ncbi_gene	ENSG00000120686	ensembl_gene	UFM1	gtr_epilepsy_gene_summary	GTR epilepsy gene summary	gtr_gene_summary	2.0	silver	UFM1	resolved	gtr_clinical_testing_utilization	1886	4d11c8a2ca1a97c3
3203b39847bc4cd1	epilepsy	55325	ncbi_gene	ENSG00000109775	ensembl_gene	UFSP2	genes4epilepsy	Genes4Epilepsy	literature_derived	1.0	bronze	UFSP2	resolved		1024	2de6397b731fdf1d
78854ae47f1266db	epilepsy	7358	ncbi_gene	ENSG00000109814	ensembl_gene	UGDH	genes4epilepsy	Genes4Epilepsy	literature_derived	1.0	bronze	UGDH	resolved		1025	f436b935a8df182d
78854ae47f1266db	epilepsy	7358	ncbi_gene	ENSG00000109814	ensembl_gene	UGDH	gtr_epilepsy_gene_summary	GTR epilepsy gene summary	gtr_gene_summary	2.0	silver	UGDH	resolved	gtr_clinical_testing_utilization	548	731e5ea3078b5800
ef9224076fd32027	epilepsy	56886	ncbi_gene	ENSG00000136731	ensembl_gene	UGGT1	genes4epilepsy	Genes4Epilepsy	literature_derived	1.0	bronze	UGGT1	resolved		1026	d4ab3c95f52e90c0
231d9bbaec09f324	epilepsy	7360	ncbi_gene	ENSG00000169764	ensembl_gene	UGP2	genes4epilepsy	Genes4Epilepsy	literature_derived	1.0	bronze	UGP2	resolved		1027	3e426afee8aae61e
231d9bbaec09f324	epilepsy	7360	ncbi_gene	ENSG00000169764	ensembl_gene	UGP2	gtr_epilepsy_gene_summary	GTR epilepsy gene summary	gtr_gene_summary	2.0	silver	UGP2	resolved	gtr_clinical_testing_utilization	658	565d2f47a0db7f46
0a4b259332edff07	epilepsy	54658	ncbi_gene	ENSG00000241635	ensembl_gene	UGT1A1	gtr_epilepsy_gene_summary	GTR epilepsy gene summary	gtr_gene_summary	2.0	silver	UGT1A1	resolved	gtr_clinical_testing_utilization	2553	1720546c13e54248
6aad83ceffc9fb6b	epilepsy	7372	ncbi_gene	ENSG00000114491	ensembl_gene	UMPS	genes4epilepsy	Genes4Epilepsy	literature_derived	1.0	bronze	UMPS	resolved		1028	535cd2c82751c323
6aad83ceffc9fb6b	epilepsy	7372	ncbi_gene	ENSG00000114491	ensembl_gene	UMPS	gtr_epilepsy_gene_summary	GTR epilepsy gene summary	gtr_gene_summary	2.0	silver	UMPS	resolved	gtr_clinical_testing_utilization	1961	34fc15fb3a76622d
59147b3134f75a25	epilepsy	23025	ncbi_gene	ENSG00000130477	ensembl_gene	UNC13A	genes4epilepsy	Genes4Epilepsy	literature_derived	1.0	bronze	UNC13A	resolved		1029	18f3843a32def867
59147b3134f75a25	epilepsy	23025	ncbi_gene	ENSG00000130477	ensembl_gene	UNC13A	gtr_epilepsy_gene_summary	GTR epilepsy gene summary	gtr_gene_summary	2.0	silver	UNC13A	resolved	gtr_clinical_testing_utilization	1789	97b91cebac341ebc
04b4ea341927b812	epilepsy	201294	ncbi_gene	ENSG00000092929	ensembl_gene	UNC13D	gtr_epilepsy_gene_summary	GTR epilepsy gene summary	gtr_gene_summary	2.0	silver	UNC13D	resolved	gtr_clinical_testing_utilization	1481	8716601eb91959d2
1f5735c7058df863	epilepsy	55898	ncbi_gene	ENSG00000140553	ensembl_gene	UNC45A	gtr_epilepsy_gene_summary	GTR epilepsy gene summary	gtr_gene_summary	2.0	silver	UNC45A	resolved	gtr_clinical_testing_utilization	2342	11d21ab2647a4cc4
036ab30f00bec7ae	epilepsy	57578	ncbi_gene	ENSG00000133958	ensembl_gene	UNC79	genes4epilepsy	Genes4Epilepsy	literature_derived	1.0	bronze	UNC79	resolved		1030	ac77241b4c1dfc36
903fa4dacd258392	epilepsy	285175	ncbi_gene	ENSG00000144406	ensembl_gene	UNC80	genes4epilepsy	Genes4Epilepsy	literature_derived	1.0	bronze	UNC80	resolved		1031	a4fa1ad6d9afc388
903fa4dacd258392	epilepsy	285175	ncbi_gene	ENSG00000144406	ensembl_gene	UNC80	gtr_epilepsy_gene_summary	GTR epilepsy gene summary	gtr_gene_summary	2.0	silver	UNC80	resolved	gtr_clinical_testing_utilization	878	74243768a1ee6437
be44065ef0cd266f	epilepsy	7374	ncbi_gene	ENSG00000076248	ensembl_gene	UNG	gtr_epilepsy_gene_summary	GTR epilepsy gene summary	gtr_gene_summary	2.0	silver	UNG	resolved	gtr_clinical_testing_utilization	2176	30380a1b17bca92f
22bec20da8314940	epilepsy	51733	ncbi_gene	ENSG00000100024	ensembl_gene	UPB1	gtr_epilepsy_gene_summary	GTR epilepsy gene summary	gtr_gene_summary	2.0	silver	UPB1	resolved	gtr_clinical_testing_utilization	1225	e6920ed2b129deff
cefa00dc454f565d	epilepsy	65109	ncbi_gene	ENSG00000125351	ensembl_gene	UPF3B	genes4epilepsy	Genes4Epilepsy	literature_derived	1.0	bronze	UPF3B	resolved		1032	e9618f4eb2fe4cf3
cefa00dc454f565d	epilepsy	65109	ncbi_gene	ENSG00000125351	ensembl_gene	UPF3B	gtr_epilepsy_gene_summary	GTR epilepsy gene summary	gtr_gene_summary	2.0	silver	UPF3B	resolved	gtr_clinical_testing_utilization	852	c28545381965e8ed
2e2bdc1b5005111b	epilepsy	55245	ncbi_gene	ENSG00000101019	ensembl_gene	UQCC1	gtr_epilepsy_gene_summary	GTR epilepsy gene summary	gtr_gene_summary	2.0	silver	UQCC1	resolved	gtr_clinical_testing_utilization	2521	d70801ec555aeff6
cabe8ecfcfacf7dc	epilepsy	84300	ncbi_gene	ENSG00000137288	ensembl_gene	UQCC2	gtr_epilepsy_gene_summary	GTR epilepsy gene summary	gtr_gene_summary	2.0	silver	UQCC2	resolved	gtr_clinical_testing_utilization	3298	7b8224be107f51bf
58d4c8969c7def77	epilepsy	790955	ncbi_gene	ENSG00000204922	ensembl_gene	UQCC3	gtr_epilepsy_gene_summary	GTR epilepsy gene summary	gtr_gene_summary	2.0	silver	UQCC3	resolved	gtr_clinical_testing_utilization	1962	876694ee10aa470b
47caf6f0c0a611b5	epilepsy	29796	ncbi_gene	ENSG00000184076	ensembl_gene	UQCR10	gtr_epilepsy_gene_summary	GTR epilepsy gene summary	gtr_gene_summary	2.0	silver	UQCR10	resolved	gtr_clinical_testing_utilization	2522	476a4d20dd674cc5
4888ce8697098b1c	epilepsy	10975	ncbi_gene	ENSG00000127540	ensembl_gene	UQCR11	gtr_epilepsy_gene_summary	GTR epilepsy gene summary	gtr_gene_summary	2.0	silver	UQCR11	resolved	gtr_clinical_testing_utilization	2523	2e082f6e4821605e
735f134035dd9d82	epilepsy	7381	ncbi_gene	ENSG00000156467	ensembl_gene	UQCRB	gtr_epilepsy_gene_summary	GTR epilepsy gene summary	gtr_gene_summary	2.0	silver	UQCRB	resolved	gtr_clinical_testing_utilization	836	4be2c47b722e1074
4a2a5335fad9eb44	epilepsy	7385	ncbi_gene	ENSG00000140740	ensembl_gene	UQCRC2	gtr_epilepsy_gene_summary	GTR epilepsy gene summary	gtr_gene_summary	2.0	silver	UQCRC2	resolved	gtr_clinical_testing_utilization	1536	1bcf9586d2ef5535
f93d26af5603087c	epilepsy	27089	ncbi_gene	ENSG00000164405	ensembl_gene	UQCRQ	gtr_epilepsy_gene_summary	GTR epilepsy gene summary	gtr_gene_summary	2.0	silver	UQCRQ	resolved	gtr_clinical_testing_utilization	649	5e9e327ef3d23840
09e33c739fa035fb	epilepsy	131669	ncbi_gene	ENSG00000159650	ensembl_gene	UROC1	gtr_epilepsy_gene_summary	GTR epilepsy gene summary	gtr_gene_summary	2.0	silver	UROC1	resolved	gtr_clinical_testing_utilization	1963	e1e016d0dadfc548
1e5337253bdefa30	epilepsy	79650	ncbi_gene	ENSG00000103005	ensembl_gene	USB1	gtr_epilepsy_gene_summary	GTR epilepsy gene summary	gtr_gene_summary	2.0	silver	USB1	resolved	gtr_clinical_testing_utilization	3299	13833ee978f6903d
beef9e8b8f93fbde	epilepsy	10083	ncbi_gene	ENSG00000006611	ensembl_gene	USH1C	gtr_epilepsy_gene_summary	GTR epilepsy gene summary	gtr_gene_summary	2.0	silver	USH1C	resolved	gtr_clinical_testing_utilization	614	bee3514398d669d5
f270a5cff338e533	epilepsy	124590	ncbi_gene	ENSG00000182040	ensembl_gene	USH1G	gtr_epilepsy_gene_summary	GTR epilepsy gene summary	gtr_gene_summary	2.0	silver	USH1G	resolved	gtr_clinical_testing_utilization	808	9db94e2e1d7307d5
95b9d4f6629133c2	epilepsy	7399	ncbi_gene	ENSG00000042781	ensembl_gene	USH2A	gtr_epilepsy_gene_summary	GTR epilepsy gene summary	gtr_gene_summary	2.0	silver	USH2A	resolved	gtr_clinical_testing_utilization	601	95a87de6e442cf7e
a1cc2f6e5d0cb955	epilepsy	11274	ncbi_gene	ENSG00000184979	ensembl_gene	USP18	genes4epilepsy	Genes4Epilepsy	literature_derived	1.0	bronze	USP18	resolved		1033	d1d4307cf3e80ee6
a1cc2f6e5d0cb955	epilepsy	11274	ncbi_gene	ENSG00000184979	ensembl_gene	USP18	gtr_epilepsy_gene_summary	GTR epilepsy gene summary	gtr_gene_summary	2.0	silver	USP18	resolved	gtr_clinical_testing_utilization	1615	48043be083129cb4
545da007adf8632b	epilepsy	389856	ncbi_gene	ENSG00000273820	ensembl_gene	USP27X	gtr_epilepsy_gene_summary	GTR epilepsy gene summary	gtr_gene_summary	2.0	silver	USP27X	resolved	gtr_clinical_testing_utilization	1964	1bde4260a087ccf4
28851f0bbaf8ba14	epilepsy	54532	ncbi_gene	ENSG00000145390	ensembl_gene	USP53	gtr_epilepsy_gene_summary	GTR epilepsy gene summary	gtr_gene_summary	2.0	silver	USP53	resolved	gtr_clinical_testing_utilization	3300	5ee9e6b589036032
47f0437f502ad7b5	epilepsy	7874	ncbi_gene	ENSG00000187555	ensembl_gene	USP7	gtr_epilepsy_gene_summary	GTR epilepsy gene summary	gtr_gene_summary	2.0	silver	USP7	resolved	gtr_clinical_testing_utilization	3301	3983404b1a107652
091914bc97f62872	epilepsy	9101	ncbi_gene	ENSG00000138592	ensembl_gene	USP8	gtr_epilepsy_gene_summary	GTR epilepsy gene summary	gtr_gene_summary	2.0	silver	USP8	resolved	gtr_clinical_testing_utilization	1876	33f804b47dec742a
f7f738ade30e8826	epilepsy	8239	ncbi_gene	ENSG00000124486	ensembl_gene	USP9X	genes4epilepsy	Genes4Epilepsy	literature_derived	1.0	bronze	USP9X	resolved		1034	c941b2513b8d98a9
f7f738ade30e8826	epilepsy	8239	ncbi_gene	ENSG00000124486	ensembl_gene	USP9X	gtr_epilepsy_gene_summary	GTR epilepsy gene summary	gtr_gene_summary	2.0	silver	USP9X	resolved	gtr_clinical_testing_utilization	1231	4abe7f315906a9aa
ade84bd3d26fdc10	epilepsy	84916	ncbi_gene	ENSG00000262788	ensembl_gene	UTP4	gtr_epilepsy_gene_summary	GTR epilepsy gene summary	gtr_gene_summary	2.0	silver	UTP4	resolved	gtr_clinical_testing_utilization	3302	122f2208f4ce25ea
d454999a7a9507f2	epilepsy	6843	ncbi_gene	ENSG00000139190	ensembl_gene	VAMP1	gtr_epilepsy_gene_summary	GTR epilepsy gene summary	gtr_gene_summary	2.0	silver	VAMP1	resolved	gtr_clinical_testing_utilization	1634	4dbee39e54f5c1b8
91379fb2f96088d4	epilepsy	6844	ncbi_gene	ENSG00000220205	ensembl_gene	VAMP2	genes4epilepsy	Genes4Epilepsy	literature_derived	1.0	bronze	VAMP2	resolved		1035	f0da380ac8966191
91379fb2f96088d4	epilepsy	6844	ncbi_gene	ENSG00000220205	ensembl_gene	VAMP2	gtr_epilepsy_gene_summary	GTR epilepsy gene summary	gtr_gene_summary	2.0	silver	VAMP2	resolved	gtr_clinical_testing_utilization	3303	915c95a672de79f2
781892b20777127a	epilepsy	81839	ncbi_gene	ENSG00000173218	ensembl_gene	VANGL1	gtr_epilepsy_gene_summary	GTR epilepsy gene summary	gtr_gene_summary	2.0	silver	VANGL1	resolved	gtr_clinical_testing_utilization	3304	f14fadc6b46a829a
89617aa1f1f16a66	epilepsy	9217	ncbi_gene	ENSG00000124164	ensembl_gene	VAPB	gtr_epilepsy_gene_summary	GTR epilepsy gene summary	gtr_gene_summary	2.0	silver	VAPB	resolved	gtr_clinical_testing_utilization	2913	2b2207fc85fb1aa9
c15455965f7c2230	epilepsy	7407	ncbi_gene	ENSG00000231116	ensembl_gene	VARS1	genes4epilepsy	Genes4Epilepsy	literature_derived	1.0	bronze	VARS1	resolved		1036	a9844aa3ec15b94d
c15455965f7c2230	epilepsy	7407	ncbi_gene	ENSG00000231116	ensembl_gene	VARS1	gtr_epilepsy_gene_summary	GTR epilepsy gene summary	gtr_gene_summary	2.0	silver	VARS1	resolved	gtr_clinical_testing_utilization	525	8f95a86b847e8a10
0582828415f12230	epilepsy	57176	ncbi_gene	ENSG00000206476	ensembl_gene	VARS2	genes4epilepsy	Genes4Epilepsy	literature_derived	1.0	bronze	VARS2	resolved		1037	5d2345c49a6423f2
0582828415f12230	epilepsy	57176	ncbi_gene	ENSG00000206476	ensembl_gene	VARS2	gtr_epilepsy_gene_summary	GTR epilepsy gene summary	gtr_gene_summary	2.0	silver	VARS2	resolved	gtr_clinical_testing_utilization	1063	4f1eaaf1d0f49cfe
d20375d312b20770	epilepsy	7409	ncbi_gene	ENSG00000141968	ensembl_gene	VAV1	gtr_epilepsy_gene_summary	GTR epilepsy gene summary	gtr_gene_summary	2.0	silver	VAV1	resolved	gtr_clinical_testing_utilization	2343	46defe8d23e1c578
b7c5aac84f38c5af	epilepsy	25806	ncbi_gene	ENSG00000116035	ensembl_gene	VAX2	gtr_epilepsy_gene_summary	GTR epilepsy gene summary	gtr_gene_summary	2.0	silver	VAX2	resolved	gtr_clinical_testing_utilization	1799	31e8f5b37a72894d
50f33d3e4cebe4f5	epilepsy	7414	ncbi_gene	ENSG00000035403	ensembl_gene	VCL	gtr_epilepsy_gene_summary	GTR epilepsy gene summary	gtr_gene_summary	2.0	silver	VCL	resolved	gtr_clinical_testing_utilization	1712	4f67f6bfbabf7b0b
db2f656195ff3174	epilepsy	7415	ncbi_gene	ENSG00000165280	ensembl_gene	VCP	gtr_epilepsy_gene_summary	GTR epilepsy gene summary	gtr_gene_summary	2.0	silver	VCP	resolved	gtr_clinical_testing_utilization	716	39c9fe23e1948ee2
de52577028c50f7a	epilepsy	7421	ncbi_gene	ENSG00000111424	ensembl_gene	VDR	gtr_epilepsy_gene_summary	GTR epilepsy gene summary	gtr_gene_summary	2.0	silver	VDR	resolved	gtr_clinical_testing_utilization	1616	8975de95a160c951
8d7faf1fe39c968a	epilepsy	7422	ncbi_gene	ENSG00000112715	ensembl_gene	VEGFA	gtr_epilepsy_gene_summary	GTR epilepsy gene summary	gtr_gene_summary	2.0	silver	VEGFA	resolved	gtr_clinical_testing_utilization	1545	e5329dd5259c180a
fb02fc0b0b58a10c	epilepsy	7428	ncbi_gene	ENSG00000134086	ensembl_gene	VHL	gtr_epilepsy_gene_summary	GTR epilepsy gene summary	gtr_gene_summary	2.0	silver	VHL	resolved	gtr_clinical_testing_utilization	2718	1aa125fabd934f43
8609311ff4a4ef87	epilepsy	63894	ncbi_gene	ENSG00000151445	ensembl_gene	VIPAS39	gtr_epilepsy_gene_summary	GTR epilepsy gene summary	gtr_gene_summary	2.0	silver	VIPAS39	resolved	gtr_clinical_testing_utilization	3305	567b4084ba363d83
0b257cd5e4b9fb6d	epilepsy	7436	ncbi_gene	ENSG00000147852	ensembl_gene	VLDLR	genes4epilepsy	Genes4Epilepsy	literature_derived	1.0	bronze	VLDLR	resolved		1038	66e86d4c0248cec6
0b257cd5e4b9fb6d	epilepsy	7436	ncbi_gene	ENSG00000147852	ensembl_gene	VLDLR	gtr_epilepsy_gene_summary	GTR epilepsy gene summary	gtr_gene_summary	2.0	silver	VLDLR	resolved	gtr_clinical_testing_utilization	271	f3d57cf70f0d41f7
134d0ac7238611cd	epilepsy	147007	ncbi_gene	ENSG00000244045	ensembl_gene	VMA12	gtr_epilepsy_gene_summary	GTR epilepsy gene summary	gtr_gene_summary	2.0	silver	VMA12	resolved	gtr_clinical_testing_utilization	2839	4c368b721176e6dc
d23001b2a0457162	epilepsy	203547	ncbi_gene	ENSG00000160131	ensembl_gene	VMA21	gtr_epilepsy_gene_summary	GTR epilepsy gene summary	gtr_gene_summary	2.0	silver	VMA21	resolved	gtr_clinical_testing_utilization	3306	98d61fecad789a8d
1eb8d5b2de736bde	epilepsy	84317	ncbi_gene	ENSG00000136710	ensembl_gene	VMA22	gtr_epilepsy_gene_summary	GTR epilepsy gene summary	gtr_gene_summary	2.0	silver	VMA22	resolved	gtr_clinical_testing_utilization	1205	f073d578878acf53
3ceb13cba23e4a29	epilepsy	55823	ncbi_gene	ENSG00000160695	ensembl_gene	VPS11	genes4epilepsy	Genes4Epilepsy	literature_derived	1.0	bronze	VPS11	resolved		1039	6522a8f149b765a1
3ceb13cba23e4a29	epilepsy	55823	ncbi_gene	ENSG00000160695	ensembl_gene	VPS11	gtr_epilepsy_gene_summary	GTR epilepsy gene summary	gtr_gene_summary	2.0	silver	VPS11	resolved	gtr_clinical_testing_utilization	1153	24a8b0853506457a
ae601f41caf697c5	epilepsy	23230	ncbi_gene	ENSG00000197969	ensembl_gene	VPS13A	genes4epilepsy	Genes4Epilepsy	literature_derived	1.0	bronze	VPS13A	resolved		1040	779c52208374995d
ae601f41caf697c5	epilepsy	23230	ncbi_gene	ENSG00000197969	ensembl_gene	VPS13A	gtr_epilepsy_gene_summary	GTR epilepsy gene summary	gtr_gene_summary	2.0	silver	VPS13A	resolved	gtr_clinical_testing_utilization	454	86ce3d5fc7e8ec17
e7648610620a560d	epilepsy	157680	ncbi_gene	ENSG00000132549	ensembl_gene	VPS13B	gtr_epilepsy_gene_summary	GTR epilepsy gene summary	gtr_gene_summary	2.0	silver	VPS13B	resolved	gtr_clinical_testing_utilization	351	81f920fe99b85a94
91380bdf58c3e8d1	epilepsy	54832	ncbi_gene	ENSG00000129003	ensembl_gene	VPS13C	gtr_epilepsy_gene_summary	GTR epilepsy gene summary	gtr_gene_summary	2.0	silver	VPS13C	resolved	gtr_clinical_testing_utilization	1930	1c8a3d96cdc09e6b
5a4d43c5009080d6	epilepsy	55187	ncbi_gene	ENSG00000048707	ensembl_gene	VPS13D	genes4epilepsy	Genes4Epilepsy	literature_derived	1.0	bronze	VPS13D	resolved		1041	bd78e32a96282206
c76b45791d95a961	epilepsy	26276	ncbi_gene	ENSG00000184056	ensembl_gene	VPS33B	gtr_epilepsy_gene_summary	GTR epilepsy gene summary	gtr_gene_summary	2.0	silver	VPS33B	resolved	gtr_clinical_testing_utilization	1859	6e23744a99ee3450
eeaeb449d6dddd43	epilepsy	55737	ncbi_gene	ENSG00000069329	ensembl_gene	VPS35	gtr_epilepsy_gene_summary	GTR epilepsy gene summary	gtr_gene_summary	2.0	silver	VPS35	resolved	gtr_clinical_testing_utilization	1333	2f07ca33474c7cf4
9ae1665a70563bff	epilepsy	51028	ncbi_gene	ENSG00000136100	ensembl_gene	VPS36	genes4epilepsy	Genes4Epilepsy	literature_derived	1.0	bronze	VPS36	resolved		1042	c32088b49ebe7f81
6c71a00eada120de	epilepsy	137492	ncbi_gene	ENSG00000155975	ensembl_gene	VPS37A	gtr_epilepsy_gene_summary	GTR epilepsy gene summary	gtr_gene_summary	2.0	silver	VPS37A	resolved	gtr_clinical_testing_utilization	1860	8c7023103080e5f8
d9645e40f131185c	epilepsy	11311	ncbi_gene	ENSG00000136631	ensembl_gene	VPS45	gtr_epilepsy_gene_summary	GTR epilepsy gene summary	gtr_gene_summary	2.0	silver	VPS45	resolved	gtr_clinical_testing_utilization	1528	c7f3ea6d4f08927a
9db1b68a7cebcfa5	epilepsy	27183	ncbi_gene	ENSG00000132612	ensembl_gene	VPS4A	genes4epilepsy	Genes4Epilepsy	literature_derived	1.0	bronze	VPS4A	resolved		1043	fb3be840034873fd
f137d0c3ecc6edfc	epilepsy	738	ncbi_gene	ENSG00000149823	ensembl_gene	VPS51	gtr_epilepsy_gene_summary	GTR epilepsy gene summary	gtr_gene_summary	2.0	silver	VPS51	resolved	gtr_clinical_testing_utilization	3307	037f90c3fbffdb0b
44c394b18119189a	epilepsy	55275	ncbi_gene	ENSG00000141252	ensembl_gene	VPS53	gtr_epilepsy_gene_summary	GTR epilepsy gene summary	gtr_gene_summary	2.0	silver	VPS53	resolved	gtr_clinical_testing_utilization	474	b9cad45c332b4b75
cda806e060b40f43	epilepsy	51542	ncbi_gene	ENSG00000143952	ensembl_gene	VPS54	gtr_epilepsy_gene_summary	GTR epilepsy gene summary	gtr_gene_summary	2.0	silver	VPS54	resolved	gtr_clinical_testing_utilization	2914	39cce08bf944f726
ca6ee5d3d0037e68	epilepsy	7443	ncbi_gene	ENSG00000100749	ensembl_gene	VRK1	gtr_epilepsy_gene_summary	GTR epilepsy gene summary	gtr_gene_summary	2.0	silver	VRK1	resolved	gtr_clinical_testing_utilization	609	d2cc338b4c878f7e
2bd761cd28914d11	epilepsy	7444	ncbi_gene	ENSG00000028116	ensembl_gene	VRK2	gtr_epilepsy_gene_summary	GTR epilepsy gene summary	gtr_gene_summary	2.0	silver	VRK2	resolved	gtr_clinical_testing_utilization	3308	2df8bc6a8f4c424a
bbbbba33c3d1eb40	epilepsy	200403	ncbi_gene	ENSG00000168658	ensembl_gene	VWA3B	gtr_epilepsy_gene_summary	GTR epilepsy gene summary	gtr_gene_summary	2.0	silver	VWA3B	resolved	gtr_clinical_testing_utilization	1828	f898f587d5eaf982
3a68906a2655946f	epilepsy	51322	ncbi_gene	ENSG00000095787	ensembl_gene	WAC	genes4epilepsy	Genes4Epilepsy	literature_derived	1.0	bronze	WAC	resolved		1044	75a4d9eb9f1dd589
3a68906a2655946f	epilepsy	51322	ncbi_gene	ENSG00000095787	ensembl_gene	WAC	gtr_epilepsy_gene_summary	GTR epilepsy gene summary	gtr_gene_summary	2.0	silver	WAC	resolved	gtr_clinical_testing_utilization	1154	ede059696f2d86f6
85d8ed143e5d9a51	epilepsy	10352	ncbi_gene	ENSG00000116874	ensembl_gene	WARS2	genes4epilepsy	Genes4Epilepsy	literature_derived	1.0	bronze	WARS2	resolved		1045	afa19421219e83b0
85d8ed143e5d9a51	epilepsy	10352	ncbi_gene	ENSG00000116874	ensembl_gene	WARS2	gtr_epilepsy_gene_summary	GTR epilepsy gene summary	gtr_gene_summary	2.0	silver	WARS2	resolved	gtr_clinical_testing_utilization	515	3f9808b456f9286c
ee000cf99fc7165e	epilepsy	7454	ncbi_gene	ENSG00000015285	ensembl_gene	WAS	gtr_epilepsy_gene_summary	GTR epilepsy gene summary	gtr_gene_summary	2.0	silver	WAS	resolved	gtr_clinical_testing_utilization	1529	6f940a8811f6812d
256ab2f0c711978f	epilepsy	8936	ncbi_gene	ENSG00000112290	ensembl_gene	WASF1	genes4epilepsy	Genes4Epilepsy	literature_derived	1.0	bronze	WASF1	resolved		1046	df6d1ae0ae23330d
256ab2f0c711978f	epilepsy	8936	ncbi_gene	ENSG00000112290	ensembl_gene	WASF1	gtr_epilepsy_gene_summary	GTR epilepsy gene summary	gtr_gene_summary	2.0	silver	WASF1	resolved	gtr_clinical_testing_utilization	1585	de43acc2d0856e58
669fe6534d432572	epilepsy	23325	ncbi_gene	ENSG00000136051	ensembl_gene	WASHC4	genes4epilepsy	Genes4Epilepsy	literature_derived	1.0	bronze	WASHC4	resolved		1047	1eab05306d4ae51d
669fe6534d432572	epilepsy	23325	ncbi_gene	ENSG00000136051	ensembl_gene	WASHC4	gtr_epilepsy_gene_summary	GTR epilepsy gene summary	gtr_gene_summary	2.0	silver	WASHC4	resolved	gtr_clinical_testing_utilization	1404	12999271a67da7ae
e88a17e70d80597f	epilepsy	9897	ncbi_gene	ENSG00000164961	ensembl_gene	WASHC5	gtr_epilepsy_gene_summary	GTR epilepsy gene summary	gtr_gene_summary	2.0	silver	WASHC5	resolved	gtr_clinical_testing_utilization	1576	3e0d9c54ca29df8d
58e1fb4eaafe0d68	epilepsy	23001	ncbi_gene	ENSG00000163625	ensembl_gene	WDFY3	genes4epilepsy	Genes4Epilepsy	literature_derived	1.0	bronze	WDFY3	resolved		1048	b3f6b16e34e00116
58e1fb4eaafe0d68	epilepsy	23001	ncbi_gene	ENSG00000163625	ensembl_gene	WDFY3	gtr_epilepsy_gene_summary	GTR epilepsy gene summary	gtr_gene_summary	2.0	silver	WDFY3	resolved	gtr_clinical_testing_utilization	1965	674ca38a04dccd8b
f6ee76f5adec41b9	epilepsy	116966	ncbi_gene	ENSG00000150627	ensembl_gene	WDR17	gtr_epilepsy_gene_summary	GTR epilepsy gene summary	gtr_gene_summary	2.0	silver	WDR17	resolved	gtr_clinical_testing_utilization	2524	c230a18fd122524a
5f78d20cb2babc4b	epilepsy	57728	ncbi_gene	ENSG00000157796	ensembl_gene	WDR19	gtr_epilepsy_gene_summary	GTR epilepsy gene summary	gtr_gene_summary	2.0	silver	WDR19	resolved	gtr_clinical_testing_utilization	3309	4a4ab0c89e9aa6fd
d45fdbf639655050	epilepsy	80232	ncbi_gene	ENSG00000162923	ensembl_gene	WDR26	genes4epilepsy	Genes4Epilepsy	literature_derived	1.0	bronze	WDR26	resolved		1049	9b0df02efb6c44fb
d45fdbf639655050	epilepsy	80232	ncbi_gene	ENSG00000162923	ensembl_gene	WDR26	gtr_epilepsy_gene_summary	GTR epilepsy gene summary	gtr_gene_summary	2.0	silver	WDR26	resolved	gtr_clinical_testing_utilization	394	cd652df1a60b68be
d99a6871befba6bc	epilepsy	22884	ncbi_gene	ENSG00000047056	ensembl_gene	WDR37	genes4epilepsy	Genes4Epilepsy	literature_derived	1.0	bronze	WDR37	resolved		1050	dfe274f2d34211a9
d99a6871befba6bc	epilepsy	22884	ncbi_gene	ENSG00000047056	ensembl_gene	WDR37	gtr_epilepsy_gene_summary	GTR epilepsy gene summary	gtr_gene_summary	2.0	silver	WDR37	resolved	gtr_clinical_testing_utilization	3310	5fc62b8e7077a93e
3fda3932287b87f7	epilepsy	10785	ncbi_gene	ENSG00000160193	ensembl_gene	WDR4	gtr_epilepsy_gene_summary	GTR epilepsy gene summary	gtr_gene_summary	2.0	silver	WDR4	resolved	gtr_clinical_testing_utilization	1271	83e60c3a38a8f19a
fbc5e489b2ccefd7	epilepsy		ensembl_gene	ENSG00000292221	ensembl_gene	WDR45	epi25_2024_epi_high_confidence	Epi25 2024 EPI high-confidence genes	consortium_wes_burden	3.0	gold	WDR45	resolved		7	0ab5d4587887f64f
fbc5e489b2ccefd7	epilepsy	11152	ncbi_gene	ENSG00000292221	ensembl_gene	WDR45	genes4epilepsy	Genes4Epilepsy	literature_derived	1.0	bronze	WDR45	resolved		1051	a3499a660f802512
fbc5e489b2ccefd7	epilepsy	11152	ncbi_gene	ENSG00000292221	ensembl_gene	WDR45	gtr_epilepsy_gene_summary	GTR epilepsy gene summary	gtr_gene_summary	2.0	silver	WDR45	resolved	gtr_clinical_testing_utilization	145	b2ac347c19e6d0ee
c028567a46fa2ebc	epilepsy	56270	ncbi_gene	ENSG00000141580	ensembl_gene	WDR45B	genes4epilepsy	Genes4Epilepsy	literature_derived	1.0	bronze	WDR45B	resolved		1052	f1732b2025e3dba3
c028567a46fa2ebc	epilepsy	56270	ncbi_gene	ENSG00000141580	ensembl_gene	WDR45B	gtr_epilepsy_gene_summary	GTR epilepsy gene summary	gtr_gene_summary	2.0	silver	WDR45B	resolved	gtr_clinical_testing_utilization	1114	b67898c91b76eb09
6574daffd2f4b68a	epilepsy	57599	ncbi_gene	ENSG00000114742	ensembl_gene	WDR48	gtr_epilepsy_gene_summary	GTR epilepsy gene summary	gtr_gene_summary	2.0	silver	WDR48	resolved	gtr_clinical_testing_utilization	1877	a64787434ed33a91
bf81ce2d118171fe	epilepsy	11091	ncbi_gene	ENSG00000196363	ensembl_gene	WDR5	genes4epilepsy	Genes4Epilepsy	literature_derived	1.0	bronze	WDR5	resolved		1053	3d00a0f5ea28b35b
b91bd5473752c720	epilepsy	284403	ncbi_gene	ENSG00000075702	ensembl_gene	WDR62	genes4epilepsy	Genes4Epilepsy	literature_derived	1.0	bronze	WDR62	resolved		1054	448a5ca7f0ea394c
b91bd5473752c720	epilepsy	284403	ncbi_gene	ENSG00000075702	ensembl_gene	WDR62	gtr_epilepsy_gene_summary	GTR epilepsy gene summary	gtr_gene_summary	2.0	silver	WDR62	resolved	gtr_clinical_testing_utilization	313	925bc44d74160595
ac11285a8b7989e2	epilepsy	84942	ncbi_gene	ENSG00000177082	ensembl_gene	WDR73	genes4epilepsy	Genes4Epilepsy	literature_derived	1.0	bronze	WDR73	resolved		1055	53e52ecd85318f28
ac11285a8b7989e2	epilepsy	84942	ncbi_gene	ENSG00000177082	ensembl_gene	WDR73	gtr_epilepsy_gene_summary	GTR epilepsy gene summary	gtr_gene_summary	2.0	silver	WDR73	resolved	gtr_clinical_testing_utilization	449	2d57f2b0f3fa8ddf
f1230a11b720457e	epilepsy	124997	ncbi_gene	ENSG00000276021	ensembl_gene	WDR81	gtr_epilepsy_gene_summary	GTR epilepsy gene summary	gtr_gene_summary	2.0	silver	WDR81	resolved	gtr_clinical_testing_utilization	1878	c89342df10d3c6c9
68539ea8f38315c2	epilepsy	51398	ncbi_gene	ENSG00000105583	ensembl_gene	WDR83OS	gtr_epilepsy_gene_summary	GTR epilepsy gene summary	gtr_gene_summary	2.0	silver	WDR83OS	resolved	gtr_clinical_testing_utilization	3311	eda1f1b40df5def0
d575adfbb6dde349	epilepsy	83889	ncbi_gene	ENSG00000171804	ensembl_gene	WDR87	gtr_epilepsy_gene_summary	GTR epilepsy gene summary	gtr_gene_summary	2.0	silver	WDR87	resolved	gtr_clinical_testing_utilization	2525	2465cd25c13649ca
616ec7ee3e77b73c	epilepsy	23038	ncbi_gene	ENSG00000142784	ensembl_gene	WDTC1	genes4epilepsy	Genes4Epilepsy	literature_derived	1.0	bronze	WDTC1	resolved		1056	46929fc065f90d33
0b924082e84d8ba7	epilepsy	7466	ncbi_gene	ENSG00000109501	ensembl_gene	WFS1	gtr_epilepsy_gene_summary	GTR epilepsy gene summary	gtr_gene_summary	2.0	silver	WFS1	resolved	gtr_clinical_testing_utilization	583	e29a22d616ba263d
5f0063b95802e62e	epilepsy	25861	ncbi_gene	ENSG00000095397	ensembl_gene	WHRN	gtr_epilepsy_gene_summary	GTR epilepsy gene summary	gtr_gene_summary	2.0	silver	WHRN	resolved	gtr_clinical_testing_utilization	809	892130d7e2bdcb0c
dccdfe9986180acb	epilepsy	7456	ncbi_gene	ENSG00000115935	ensembl_gene	WIPF1	gtr_epilepsy_gene_summary	GTR epilepsy gene summary	gtr_gene_summary	2.0	silver	WIPF1	resolved	gtr_clinical_testing_utilization	3312	431743ad089cd072
43771e13dd3d9b47	epilepsy	65267	ncbi_gene	ENSG00000196632	ensembl_gene	WNK3	genes4epilepsy	Genes4Epilepsy	literature_derived	1.0	bronze	WNK3	resolved		1057	0b7ea1dbb06a7479
0a14db31556697e2	epilepsy	7471	ncbi_gene	ENSG00000125084	ensembl_gene	WNT1	gtr_epilepsy_gene_summary	GTR epilepsy gene summary	gtr_gene_summary	2.0	silver	WNT1	resolved	gtr_clinical_testing_utilization	1489	9ac4f6ddf67ffbc1
486286487456b169	epilepsy	89780	ncbi_gene	ENSG00000154342	ensembl_gene	WNT3A	gtr_epilepsy_gene_summary	GTR epilepsy gene summary	gtr_gene_summary	2.0	silver	WNT3A	resolved	gtr_clinical_testing_utilization	1893	3d9c64c80a15ac4a
e4990e93e153e9d4	epilepsy	7474	ncbi_gene	ENSG00000114251	ensembl_gene	WNT5A	gtr_epilepsy_gene_summary	GTR epilepsy gene summary	gtr_gene_summary	2.0	silver	WNT5A	resolved	gtr_clinical_testing_utilization	2270	afcaad6084632a0c
5af0be8ee2f0eeda	epilepsy	7484	ncbi_gene	ENSG00000276799	ensembl_gene	WNT9B	gtr_epilepsy_gene_summary	GTR epilepsy gene summary	gtr_gene_summary	2.0	silver	WNT9B	resolved	gtr_clinical_testing_utilization	2641	22daa545411250cd
d7360a8f07a142e8	epilepsy	7486	ncbi_gene	ENSG00000165392	ensembl_gene	WRN	gtr_epilepsy_gene_summary	GTR epilepsy gene summary	gtr_gene_summary	2.0	silver	WRN	resolved	gtr_clinical_testing_utilization	2177	48a5da17d26f2f7c
0f2d00840185ca88	epilepsy	7490	ncbi_gene	ENSG00000184937	ensembl_gene	WT1	gtr_epilepsy_gene_summary	GTR epilepsy gene summary	gtr_gene_summary	2.0	silver	WT1	resolved	gtr_clinical_testing_utilization	1482	97a1f91589585352
a52d9db352d63efc	epilepsy	51741	ncbi_gene	ENSG00000186153	ensembl_gene	WWOX	genes4epilepsy	Genes4Epilepsy	literature_derived	1.0	bronze	WWOX	resolved		1058	da831588f76d8ee6
a52d9db352d63efc	epilepsy	51741	ncbi_gene	ENSG00000186153	ensembl_gene	WWOX	gtr_epilepsy_gene_summary	GTR epilepsy gene summary	gtr_gene_summary	2.0	silver	WWOX	resolved	gtr_clinical_testing_utilization	44	6aa21e9f68c053a4
afba690a1f595c79	epilepsy	7504	ncbi_gene	ENSG00000047597	ensembl_gene	XK	gtr_epilepsy_gene_summary	GTR epilepsy gene summary	gtr_gene_summary	2.0	silver	XK	resolved	gtr_clinical_testing_utilization	1377	7be92ff4d897b2d9
0da3a53ae6d7c548	epilepsy	55113	ncbi_gene	ENSG00000158156	ensembl_gene	XKR8	gtr_epilepsy_gene_summary	GTR epilepsy gene summary	gtr_gene_summary	2.0	silver	XKR8	resolved	gtr_clinical_testing_utilization	2587	d3747c945a89906b
c04f2ee64aee4f38	epilepsy	7507	ncbi_gene	ENSG00000136936	ensembl_gene	XPA	gtr_epilepsy_gene_summary	GTR epilepsy gene summary	gtr_gene_summary	2.0	silver	XPA	resolved	gtr_clinical_testing_utilization	1060	ac8f16163a1a9781
473836b73f8c47e6	epilepsy	7508	ncbi_gene	ENSG00000154767	ensembl_gene	XPC	gtr_epilepsy_gene_summary	GTR epilepsy gene summary	gtr_gene_summary	2.0	silver	XPC	resolved	gtr_clinical_testing_utilization	1043	7244e5179021703b
ad8210223245c099	epilepsy	63929	ncbi_gene	ENSG00000196236	ensembl_gene	XPNPEP3	gtr_epilepsy_gene_summary	GTR epilepsy gene summary	gtr_gene_summary	2.0	silver	XPNPEP3	resolved	gtr_clinical_testing_utilization	1680	7e84bd955a55e3da
ab6919869f32105b	epilepsy	57510	ncbi_gene	ENSG00000124571	ensembl_gene	XPO5	gtr_epilepsy_gene_summary	GTR epilepsy gene summary	gtr_gene_summary	2.0	silver	XPO5	resolved	gtr_clinical_testing_utilization	2642	ef9abfa89f56b4e6
76b9015338ef1ea6	epilepsy	9213	ncbi_gene	ENSG00000143324	ensembl_gene	XPR1	genes4epilepsy	Genes4Epilepsy	literature_derived	1.0	bronze	XPR1	resolved		1059	2aa6d1df3cfca748
76b9015338ef1ea6	epilepsy	9213	ncbi_gene	ENSG00000143324	ensembl_gene	XPR1	gtr_epilepsy_gene_summary	GTR epilepsy gene summary	gtr_gene_summary	2.0	silver	XPR1	resolved	gtr_clinical_testing_utilization	960	1a803cbd075f1c82
40bad499f065a083	epilepsy	7515	ncbi_gene	ENSG00000073050	ensembl_gene	XRCC1	gtr_epilepsy_gene_summary	GTR epilepsy gene summary	gtr_gene_summary	2.0	silver	XRCC1	resolved	gtr_clinical_testing_utilization	3313	3544d16bd9534eed
330bec538754f8b9	epilepsy	7518	ncbi_gene	ENSG00000152422	ensembl_gene	XRCC4	gtr_epilepsy_gene_summary	GTR epilepsy gene summary	gtr_gene_summary	2.0	silver	XRCC4	resolved	gtr_clinical_testing_utilization	1234	4e27e08d7ef540ec
ca21abc9aad600b9	epilepsy	64131	ncbi_gene	ENSG00000103489	ensembl_gene	XYLT1	gtr_epilepsy_gene_summary	GTR epilepsy gene summary	gtr_gene_summary	2.0	silver	XYLT1	resolved	gtr_clinical_testing_utilization	2840	f6f123fefd40cb7d
73b3969b5e0491f3	epilepsy	64132	ncbi_gene	ENSG00000015532	ensembl_gene	XYLT2	gtr_epilepsy_gene_summary	GTR epilepsy gene summary	gtr_gene_summary	2.0	silver	XYLT2	resolved	gtr_clinical_testing_utilization	2719	2802979aca2aded8
a607f102fcc18cd3	epilepsy	10413	ncbi_gene	ENSG00000137693	ensembl_gene	YAP1	gtr_epilepsy_gene_summary	GTR epilepsy gene summary	gtr_gene_summary	2.0	silver	YAP1	resolved	gtr_clinical_testing_utilization	1681	94eed74b13154476
524149115a6bf6c1	epilepsy	8565	ncbi_gene	ENSG00000134684	ensembl_gene	YARS1	gtr_epilepsy_gene_summary	GTR epilepsy gene summary	gtr_gene_summary	2.0	silver	YARS1	resolved	gtr_clinical_testing_utilization	3314	2544fd0753ff2d7a
9940307fc2f8bfa0	epilepsy	51067	ncbi_gene	ENSG00000139131	ensembl_gene	YARS2	gtr_epilepsy_gene_summary	GTR epilepsy gene summary	gtr_gene_summary	2.0	silver	YARS2	resolved	gtr_clinical_testing_utilization	839	db7cf9a9185a2f03
2a4c76ff740ed7de	epilepsy	4904	ncbi_gene	ENSG00000065978	ensembl_gene	YBX1	gtr_epilepsy_gene_summary	GTR epilepsy gene summary	gtr_gene_summary	2.0	silver	YBX1	resolved	gtr_clinical_testing_utilization	2526	d3a37e3f177587f4
a15deb149f6b7ae5	epilepsy	55689	ncbi_gene	ENSG00000163872	ensembl_gene	YEATS2	genes4epilepsy	Genes4Epilepsy	literature_derived	1.0	bronze	YEATS2	resolved		1060	584e8435c7daf989
5cf7ef92dc3b272e	epilepsy	90522	ncbi_gene	ENSG00000167645	ensembl_gene	YIF1B	genes4epilepsy	Genes4Epilepsy	literature_derived	1.0	bronze	YIF1B	resolved		1061	cbe1c457d56ffe6c
5a8e8c3dbbc1f91a	epilepsy	81555	ncbi_gene	ENSG00000145817	ensembl_gene	YIPF5	genes4epilepsy	Genes4Epilepsy	literature_derived	1.0	bronze	YIPF5	resolved		1062	12bebc51c16af50a
0497a3dc8334c204	epilepsy	10730	ncbi_gene	ENSG00000136758	ensembl_gene	YME1L1	gtr_epilepsy_gene_summary	GTR epilepsy gene summary	gtr_gene_summary	2.0	silver	YME1L1	resolved	gtr_clinical_testing_utilization	2841	3da2e859c9680bc9
d5b2d9b528d47fb7	epilepsy	79693	ncbi_gene	ENSG00000196449	ensembl_gene	YRDC	gtr_epilepsy_gene_summary	GTR epilepsy gene summary	gtr_gene_summary	2.0	silver	YRDC	resolved	gtr_clinical_testing_utilization	2915	e7a73512e445e577
aa266adc9e067bd3	epilepsy	7531	ncbi_gene	ENSG00000274474	ensembl_gene	YWHAE	genes4epilepsy	Genes4Epilepsy	literature_derived	1.0	bronze	YWHAE	resolved		1063	8cc56c888b94a683
aa266adc9e067bd3	epilepsy	7531	ncbi_gene	ENSG00000274474	ensembl_gene	YWHAE	gtr_epilepsy_gene_summary	GTR epilepsy gene summary	gtr_gene_summary	2.0	silver	YWHAE	resolved	gtr_clinical_testing_utilization	1800	a698b91ad4b38783
745bd4808e60e1b4	epilepsy	7532	ncbi_gene	ENSG00000170027	ensembl_gene	YWHAG	genes4epilepsy	Genes4Epilepsy	literature_derived	1.0	bronze	YWHAG	resolved		1064	31e699413f6c32fd
745bd4808e60e1b4	epilepsy	7532	ncbi_gene	ENSG00000170027	ensembl_gene	YWHAG	gtr_epilepsy_gene_summary	GTR epilepsy gene summary	gtr_gene_summary	2.0	silver	YWHAG	resolved	gtr_clinical_testing_utilization	196	e435fcf81abeb79b
7af1adf0b7d12bb2	epilepsy	7534	ncbi_gene	ENSG00000164924	ensembl_gene	YWHAZ	gtr_epilepsy_gene_summary	GTR epilepsy gene summary	gtr_gene_summary	2.0	silver	YWHAZ	resolved	gtr_clinical_testing_utilization	3315	67092281d7aab06c
9f8e86534161b6c8	epilepsy	7528	ncbi_gene	ENSG00000100811	ensembl_gene	YY1	gtr_epilepsy_gene_summary	GTR epilepsy gene summary	gtr_gene_summary	2.0	silver	YY1	resolved	gtr_clinical_testing_utilization	2720	05c2b861bcdaa895
aee743f9760463a4	epilepsy	7535	ncbi_gene	ENSG00000115085	ensembl_gene	ZAP70	gtr_epilepsy_gene_summary	GTR epilepsy gene summary	gtr_gene_summary	2.0	silver	ZAP70	resolved	gtr_clinical_testing_utilization	2118	d709d6207ba1c1d2
4550a5a59ed53872	epilepsy	7704	ncbi_gene	ENSG00000109906	ensembl_gene	ZBTB16	gtr_epilepsy_gene_summary	GTR epilepsy gene summary	gtr_gene_summary	2.0	silver	ZBTB16	resolved	gtr_clinical_testing_utilization	2842	81036a7674c7cbd7
63a99711d8af3729	epilepsy	10472	ncbi_gene	ENSG00000179456	ensembl_gene	ZBTB18	genes4epilepsy	Genes4Epilepsy	literature_derived	1.0	bronze	ZBTB18	resolved		1065	21d0db7bfbc41a0b
63a99711d8af3729	epilepsy	10472	ncbi_gene	ENSG00000179456	ensembl_gene	ZBTB18	gtr_epilepsy_gene_summary	GTR epilepsy gene summary	gtr_gene_summary	2.0	silver	ZBTB18	resolved	gtr_clinical_testing_utilization	1270	c16fd881eff8f62c
1db06a465c6a9f2e	epilepsy	26137	ncbi_gene	ENSG00000181722	ensembl_gene	ZBTB20	gtr_epilepsy_gene_summary	GTR epilepsy gene summary	gtr_gene_summary	2.0	silver	ZBTB20	resolved	gtr_clinical_testing_utilization	1026	afba4309cdbf1887
2ff28582e66c12b8	epilepsy	9841	ncbi_gene	ENSG00000112365	ensembl_gene	ZBTB24	gtr_epilepsy_gene_summary	GTR epilepsy gene summary	gtr_gene_summary	2.0	silver	ZBTB24	resolved	gtr_clinical_testing_utilization	2178	b13a35705e23682b
35867882b9de944d	epilepsy	51341	ncbi_gene	ENSG00000178951	ensembl_gene	ZBTB7A	gtr_epilepsy_gene_summary	GTR epilepsy gene summary	gtr_gene_summary	2.0	silver	ZBTB7A	resolved	gtr_clinical_testing_utilization	2643	fa7c9859d3b4a2fb
b1365923ddfdf0f4	epilepsy	79882	ncbi_gene	ENSG00000100722	ensembl_gene	ZC3H14	gtr_epilepsy_gene_summary	GTR epilepsy gene summary	gtr_gene_summary	2.0	silver	ZC3H14	resolved	gtr_clinical_testing_utilization	1405	029548d2508a5e85
05a6705743740572	epilepsy	55906	ncbi_gene	ENSG00000126970	ensembl_gene	ZC4H2	genes4epilepsy	Genes4Epilepsy	literature_derived	1.0	bronze	ZC4H2	resolved		1066	68e2e4391ca340ed
05a6705743740572	epilepsy	55906	ncbi_gene	ENSG00000126970	ensembl_gene	ZC4H2	gtr_epilepsy_gene_summary	GTR epilepsy gene summary	gtr_gene_summary	2.0	silver	ZC4H2	resolved	gtr_clinical_testing_utilization	2355	d94818acf38b7967
31f66b88095ecbdc	epilepsy	158866	ncbi_gene	ENSG00000102383	ensembl_gene	ZDHHC15	gtr_epilepsy_gene_summary	GTR epilepsy gene summary	gtr_gene_summary	2.0	silver	ZDHHC15	resolved	gtr_clinical_testing_utilization	669	af4f9f7e814d24e1
949e980b893980c4	epilepsy	51114	ncbi_gene	ENSG00000188706	ensembl_gene	ZDHHC9	genes4epilepsy	Genes4Epilepsy	literature_derived	1.0	bronze	ZDHHC9	resolved		1067	f517e85a11d14b05
949e980b893980c4	epilepsy	51114	ncbi_gene	ENSG00000188706	ensembl_gene	ZDHHC9	gtr_epilepsy_gene_summary	GTR epilepsy gene summary	gtr_gene_summary	2.0	silver	ZDHHC9	resolved	gtr_clinical_testing_utilization	509	963f0f6abd9c42f9
a8e66e6d1c2afe95	epilepsy	9839	ncbi_gene	ENSG00000169554	ensembl_gene	ZEB2	genes4epilepsy	Genes4Epilepsy	literature_derived	1.0	bronze	ZEB2	resolved		1068	af52f78740345564
a8e66e6d1c2afe95	epilepsy	9839	ncbi_gene	ENSG00000169554	ensembl_gene	ZEB2	gtr_epilepsy_gene_summary	GTR epilepsy gene summary	gtr_gene_summary	2.0	silver	ZEB2	resolved	gtr_clinical_testing_utilization	136	3531b6fafb85e1fd
305f36441c124f32	epilepsy	677	ncbi_gene	ENSG00000185650	ensembl_gene	ZFP36L1	gtr_epilepsy_gene_summary	GTR epilepsy gene summary	gtr_gene_summary	2.0	silver	ZFP36L1	resolved	gtr_clinical_testing_utilization	3316	fb9135e3e0afac47
b95b73b7b80f657b	epilepsy	346171	ncbi_gene	ENSG00000223858	ensembl_gene	ZFP57	gtr_epilepsy_gene_summary	GTR epilepsy gene summary	gtr_gene_summary	2.0	silver	ZFP57	resolved	gtr_clinical_testing_utilization	3317	54b2708dccece714
fd3535ddf6cfbfe5	epilepsy	23414	ncbi_gene	ENSG00000169946	ensembl_gene	ZFPM2	gtr_epilepsy_gene_summary	GTR epilepsy gene summary	gtr_gene_summary	2.0	silver	ZFPM2	resolved	gtr_clinical_testing_utilization	2324	003a9629e70d5c77
e9260f655cab1633	epilepsy	51663	ncbi_gene	ENSG00000056097	ensembl_gene	ZFR	gtr_epilepsy_gene_summary	GTR epilepsy gene summary	gtr_gene_summary	2.0	silver	ZFR	resolved	gtr_clinical_testing_utilization	1293	03ac23b17e217f49
dfb381ec3b026303	epilepsy	23503	ncbi_gene	ENSG00000072121	ensembl_gene	ZFYVE26	gtr_epilepsy_gene_summary	GTR epilepsy gene summary	gtr_gene_summary	2.0	silver	ZFYVE26	resolved	gtr_clinical_testing_utilization	689	6b89c4f10371fe74
90cc25920d8c37b6	epilepsy	118813	ncbi_gene	ENSG00000155256	ensembl_gene	ZFYVE27	gtr_epilepsy_gene_summary	GTR epilepsy gene summary	gtr_gene_summary	2.0	silver	ZFYVE27	resolved	gtr_clinical_testing_utilization	1861	27e09b5fb285d9ef
5d119c6b547c70b9	epilepsy	7546	ncbi_gene	ENSG00000043355	ensembl_gene	ZIC2	genes4epilepsy	Genes4Epilepsy	literature_derived	1.0	bronze	ZIC2	resolved		1069	66031c3be22f8d27
5d119c6b547c70b9	epilepsy	7546	ncbi_gene	ENSG00000043355	ensembl_gene	ZIC2	gtr_epilepsy_gene_summary	GTR epilepsy gene summary	gtr_gene_summary	2.0	silver	ZIC2	resolved	gtr_clinical_testing_utilization	1127	eedf398930eea5b4
fe174c65cc594b9a	epilepsy	7547	ncbi_gene	ENSG00000156925	ensembl_gene	ZIC3	gtr_epilepsy_gene_summary	GTR epilepsy gene summary	gtr_gene_summary	2.0	silver	ZIC3	resolved	gtr_clinical_testing_utilization	2200	51064133d7114b90
f63efe3b0d1472df	epilepsy	84107	ncbi_gene	ENSG00000174963	ensembl_gene	ZIC4	gtr_epilepsy_gene_summary	GTR epilepsy gene summary	gtr_gene_summary	2.0	silver	ZIC4	resolved	gtr_clinical_testing_utilization	2394	5489af340377dc13
1da1486e16ebe6c8	epilepsy	57178	ncbi_gene	ENSG00000108175	ensembl_gene	ZMIZ1	genes4epilepsy	Genes4Epilepsy	literature_derived	1.0	bronze	ZMIZ1	resolved		1070	815bad11cc2a6e5d
1bebb8138a592abd	epilepsy	9203	ncbi_gene	ENSG00000147130	ensembl_gene	ZMYM3	gtr_epilepsy_gene_summary	GTR epilepsy gene summary	gtr_gene_summary	2.0	silver	ZMYM3	resolved	gtr_clinical_testing_utilization	1577	0a174a293fc2e160
27cdae148f9cf428	epilepsy	10771	ncbi_gene	ENSG00000015171	ensembl_gene	ZMYND11	genes4epilepsy	Genes4Epilepsy	literature_derived	1.0	bronze	ZMYND11	resolved		1071	8849f13eeaeffa45
27cdae148f9cf428	epilepsy	10771	ncbi_gene	ENSG00000015171	ensembl_gene	ZMYND11	gtr_epilepsy_gene_summary	GTR epilepsy gene summary	gtr_gene_summary	2.0	silver	ZMYND11	resolved	gtr_clinical_testing_utilization	2044	6ddaeaed3f904a7b
5ea332dc85a9b4a8	epilepsy	84217	ncbi_gene	ENSG00000066185	ensembl_gene	ZMYND12	gtr_epilepsy_gene_summary	GTR epilepsy gene summary	gtr_gene_summary	2.0	silver	ZMYND12	resolved	gtr_clinical_testing_utilization	3318	22492d9d6ef79847
13a249070a0cfa17	epilepsy	23613	ncbi_gene	ENSG00000101040	ensembl_gene	ZMYND8	genes4epilepsy	Genes4Epilepsy	literature_derived	1.0	bronze	ZMYND8	resolved		1072	b45bb6b44ac3fcbf
9a1cbf08eba8983f	epilepsy	7701	ncbi_gene	ENSG00000115568	ensembl_gene	ZNF142	genes4epilepsy	Genes4Epilepsy	literature_derived	1.0	bronze	ZNF142	resolved		1073	fc9893e57f808166
77f27afc2e40d388	epilepsy	7702	ncbi_gene	ENSG00000166478	ensembl_gene	ZNF143	gtr_epilepsy_gene_summary	GTR epilepsy gene summary	gtr_gene_summary	2.0	silver	ZNF143	resolved	gtr_clinical_testing_utilization	2280	cc1e775fc10a6370
7fc06c6db6a82a94	epilepsy	7707	ncbi_gene	ENSG00000163848	ensembl_gene	ZNF148	genes4epilepsy	Genes4Epilepsy	literature_derived	1.0	bronze	ZNF148	resolved		1074	58d0621171c1ba80
d62ca0e3311532ec	epilepsy	7565	ncbi_gene	ENSG00000186272	ensembl_gene	ZNF17	gtr_epilepsy_gene_summary	GTR epilepsy gene summary	gtr_gene_summary	2.0	silver	ZNF17	resolved	gtr_clinical_testing_utilization	2916	a7f7216ab7734ace
d319dd43b28daff7	epilepsy	23036	ncbi_gene	ENSG00000188994	ensembl_gene	ZNF292	gtr_epilepsy_gene_summary	GTR epilepsy gene summary	gtr_gene_summary	2.0	silver	ZNF292	resolved	gtr_clinical_testing_utilization	2410	b7bc6d9454bb85f3
4cebee557715677c	epilepsy	63925	ncbi_gene	ENSG00000198026	ensembl_gene	ZNF335	genes4epilepsy	Genes4Epilepsy	literature_derived	1.0	bronze	ZNF335	resolved		1075	dd08d33b0fcb7c2f
4cebee557715677c	epilepsy	63925	ncbi_gene	ENSG00000198026	ensembl_gene	ZNF335	gtr_epilepsy_gene_summary	GTR epilepsy gene summary	gtr_gene_summary	2.0	silver	ZNF335	resolved	gtr_clinical_testing_utilization	3319	41d72f7cc8e66bd9
f867d89e6ed520bb	epilepsy	55628	ncbi_gene	ENSG00000215421	ensembl_gene	ZNF407	gtr_epilepsy_gene_summary	GTR epilepsy gene summary	gtr_gene_summary	2.0	silver	ZNF407	resolved	gtr_clinical_testing_utilization	2411	04718d5304cb437e
ddabe23f6b383156	epilepsy	7592	ncbi_gene	ENSG00000147124	ensembl_gene	ZNF41	gtr_epilepsy_gene_summary	GTR epilepsy gene summary	gtr_gene_summary	2.0	silver	ZNF41	resolved	gtr_clinical_testing_utilization	853	2a5bbf023d6298d8
96d2c1cae0b4d147	epilepsy	23090	ncbi_gene	ENSG00000102935	ensembl_gene	ZNF423	gtr_epilepsy_gene_summary	GTR epilepsy gene summary	gtr_gene_summary	2.0	silver	ZNF423	resolved	gtr_clinical_testing_utilization	1548	37aa56b994dceef5
336a66234b11b51b	epilepsy	84627	ncbi_gene	ENSG00000225614	ensembl_gene	ZNF469	gtr_epilepsy_gene_summary	GTR epilepsy gene summary	gtr_gene_summary	2.0	silver	ZNF469	resolved	gtr_clinical_testing_utilization	1496	076d3ea2f8542754
a5a18a201df381c1	epilepsy	116115	ncbi_gene	ENSG00000167625	ensembl_gene	ZNF526	genes4epilepsy	Genes4Epilepsy	literature_derived	1.0	bronze	ZNF526	resolved		1076	5e79303ff22b7dd7
84466745d171e89c	epilepsy	9640	ncbi_gene	ENSG00000166716	ensembl_gene	ZNF592	gtr_epilepsy_gene_summary	GTR epilepsy gene summary	gtr_gene_summary	2.0	silver	ZNF592	resolved	gtr_clinical_testing_utilization	3320	e37ec1584f170fa6
f7c19ead28bc2c39	epilepsy	641339	ncbi_gene	ENSG00000251192	ensembl_gene	ZNF674	gtr_epilepsy_gene_summary	GTR epilepsy gene summary	gtr_gene_summary	2.0	silver	ZNF674	resolved	gtr_clinical_testing_utilization	1578	2adfad46b9353d6d
812532291d0ee4f2	epilepsy	57592	ncbi_gene	ENSG00000143373	ensembl_gene	ZNF687	gtr_epilepsy_gene_summary	GTR epilepsy gene summary	gtr_gene_summary	2.0	silver	ZNF687	resolved	gtr_clinical_testing_utilization	2721	69fbb3be802f2106
ec97dfedc296e837	epilepsy	7552	ncbi_gene	ENSG00000147180	ensembl_gene	ZNF711	gtr_epilepsy_gene_summary	GTR epilepsy gene summary	gtr_gene_summary	2.0	silver	ZNF711	resolved	gtr_clinical_testing_utilization	670	5545778c508d13d2
6aa8ce49e52869c3	epilepsy	347344	ncbi_gene	ENSG00000197779	ensembl_gene	ZNF81	gtr_epilepsy_gene_summary	GTR epilepsy gene summary	gtr_gene_summary	2.0	silver	ZNF81	resolved	gtr_clinical_testing_utilization	1138	1a1523c0fec7177f
ae881e307917d88e	epilepsy	9326	ncbi_gene	ENSG00000273611	ensembl_gene	ZNHIT3	genes4epilepsy	Genes4Epilepsy	literature_derived	1.0	bronze	ZNHIT3	resolved		1077	176bd5770a0fc9d3
ae881e307917d88e	epilepsy	9326	ncbi_gene	ENSG00000273611	ensembl_gene	ZNHIT3	gtr_epilepsy_gene_summary	GTR epilepsy gene summary	gtr_gene_summary	2.0	silver	ZNHIT3	resolved	gtr_clinical_testing_utilization	1301	8a7bbbdba6f9614a
2fef211570042229	epilepsy	57688	ncbi_gene	ENSG00000130449	ensembl_gene	ZSWIM6	genes4epilepsy	Genes4Epilepsy	literature_derived	1.0	bronze	ZSWIM6	resolved		1078	a3a612753850697d
2fef211570042229	epilepsy	57688	ncbi_gene	ENSG00000130449	ensembl_gene	ZSWIM6	gtr_epilepsy_gene_summary	GTR epilepsy gene summary	gtr_gene_summary	2.0	silver	ZSWIM6	resolved	gtr_clinical_testing_utilization	1406	0ca53ca187dd4345
