phenotype	gene_id	gene_namespace	normalized_gene_symbol	epi25_2024_epi_high_confidence	genes4epilepsy	gtr_epilepsy_gene_summary	source_count	weighted_source_sum
epilepsy	ENSG00000100150	ensembl_gene	DEPDC5	1	1	1	3	6.0
epilepsy	ENSG00000050030	ensembl_gene	NEXMIF	1	1	1	3	6.0
epilepsy	ENSG00000103148	ensembl_gene	NPRL3	1	1	1	3	6.0
epilepsy	ENSG00000144285	ensembl_gene	SCN1A	1	1	1	3	6.0
epilepsy	ENSG00000099365	ensembl_gene	STX1B	1	1	1	3	6.0
epilepsy	ENSG00000197283	ensembl_gene	SYNGAP1	1	1	1	3	6.0
epilepsy	ENSG00000292221	ensembl_gene	WDR45	1	1	1	3	6.0
epilepsy	ENSG00000090861	ensembl_gene	AARS1	0	1	1	2	3.0
epilepsy	ENSG00000124608	ensembl_gene	AARS2	0	1	1	2	3.0
epilepsy	ENSG00000183044	ensembl_gene	ABAT	0	1	1	2	3.0
epilepsy	ENSG00000069431	ensembl_gene	ABCC9	0	1	1	2	3.0
epilepsy	ENSG00000161533	ensembl_gene	ACOX1	0	1	1	2	3.0
epilepsy	ENSG00000075624	ensembl_gene	ACTB	0	1	1	2	3.0
epilepsy	ENSG00000291420	ensembl_gene	ACTG1	0	1	1	2	3.0
epilepsy	ENSG00000077080	ensembl_gene	ACTL6B	0	1	1	2	3.0
epilepsy	ENSG00000243989	ensembl_gene	ACY1	0	1	1	2	3.0
epilepsy	ENSG00000008277	ensembl_gene	ADAM22	0	1	1	2	3.0
epilepsy	ENSG00000160710	ensembl_gene	ADAR	0	1	1	2	3.0
epilepsy	ENSG00000197381	ensembl_gene	ADARB1	0	1	1	2	3.0
epilepsy	ENSG00000213638	ensembl_gene	ADAT3	0	1	1	2	3.0
epilepsy	ENSG00000173175	ensembl_gene	ADCY5	0	1	1	2	3.0
epilepsy	ENSG00000205336	ensembl_gene	ADGRG1	0	1	1	2	3.0
epilepsy	ENSG00000101126	ensembl_gene	ADNP	0	1	1	2	3.0
epilepsy	ENSG00000116863	ensembl_gene	ADPRS	0	1	1	2	3.0
epilepsy	ENSG00000239900	ensembl_gene	ADSL	0	1	1	2	3.0
epilepsy	ENSG00000144218	ensembl_gene	AFF3	0	1	1	2	3.0
epilepsy	ENSG00000145375	ensembl_gene	AFG2A	0	1	1	2	3.0
epilepsy	ENSG00000141385	ensembl_gene	AFG3L2	0	1	1	2	3.0
epilepsy	ENSG00000038002	ensembl_gene	AGA	0	1	1	2	3.0
epilepsy	ENSG00000187546	ensembl_gene	AGMO	0	1	1	2	3.0
epilepsy	ENSG00000092847	ensembl_gene	AGO1	0	1	1	2	3.0
epilepsy	ENSG00000164022	ensembl_gene	AIMP1	0	1	1	2	3.0
epilepsy	ENSG00000142208	ensembl_gene	AKT1	0	1	1	2	3.0
epilepsy	ENSG00000117020	ensembl_gene	AKT3	0	1	1	2	3.0
epilepsy	ENSG00000072210	ensembl_gene	ALDH3A2	0	1	1	2	3.0
epilepsy	ENSG00000112294	ensembl_gene	ALDH5A1	0	1	1	2	3.0
epilepsy	ENSG00000164904	ensembl_gene	ALDH7A1	0	1	1	2	3.0
epilepsy	ENSG00000033011	ensembl_gene	ALG1	0	1	1	2	3.0
epilepsy	ENSG00000253710	ensembl_gene	ALG11	0	1	1	2	3.0
epilepsy	ENSG00000182858	ensembl_gene	ALG12	0	1	1	2	3.0
epilepsy	ENSG00000101901	ensembl_gene	ALG13	0	1	1	2	3.0
epilepsy	ENSG00000172339	ensembl_gene	ALG14	0	1	1	2	3.0
epilepsy	ENSG00000119523	ensembl_gene	ALG2	0	1	1	2	3.0
epilepsy	ENSG00000214160	ensembl_gene	ALG3	0	1	1	2	3.0
epilepsy	ENSG00000088035	ensembl_gene	ALG6	0	1	1	2	3.0
epilepsy	ENSG00000159063	ensembl_gene	ALG8	0	1	1	2	3.0
epilepsy	ENSG00000086848	ensembl_gene	ALG9	0	1	1	2	3.0
epilepsy	ENSG00000162551	ensembl_gene	ALPL	0	1	1	2	3.0
epilepsy	ENSG00000242110	ensembl_gene	AMACR	0	1	1	2	3.0
epilepsy	ENSG00000116337	ensembl_gene	AMPD2	0	1	1	2	3.0
epilepsy	ENSG00000145020	ensembl_gene	AMT	0	1	1	2	3.0
epilepsy	ENSG00000145362	ensembl_gene	ANK2	0	1	1	2	3.0
epilepsy	ENSG00000151150	ensembl_gene	ANK3	0	1	1	2	3.0
epilepsy	ENSG00000154122	ensembl_gene	ANKH	0	1	1	2	3.0
epilepsy	ENSG00000167522	ensembl_gene	ANKRD11	0	1	1	2	3.0
epilepsy	ENSG00000161203	ensembl_gene	AP2M1	0	1	1	2	3.0
epilepsy	ENSG00000103723	ensembl_gene	AP3B2	0	1	1	2	3.0
epilepsy	ENSG00000065000	ensembl_gene	AP3D1	0	1	1	2	3.0
epilepsy	ENSG00000134262	ensembl_gene	AP4B1	0	1	1	2	3.0
epilepsy	ENSG00000221838	ensembl_gene	AP4M1	0	1	1	2	3.0
epilepsy	ENSG00000115266	ensembl_gene	APC2	0	1	1	2	3.0
epilepsy	ENSG00000124198	ensembl_gene	ARFGEF2	0	1	1	2	3.0
epilepsy	ENSG00000118520	ensembl_gene	ARG1	0	1	1	2	3.0
epilepsy	ENSG00000131089	ensembl_gene	ARHGEF9	0	1	1	2	3.0
epilepsy	ENSG00000117713	ensembl_gene	ARID1A	0	1	1	2	3.0
epilepsy	ENSG00000049618	ensembl_gene	ARID1B	0	1	1	2	3.0
epilepsy	ENSG00000100299	ensembl_gene	ARSA	0	1	1	2	3.0
epilepsy	ENSG00000173409	ensembl_gene	ARV1	0	1	1	2	3.0
epilepsy	ENSG00000004848	ensembl_gene	ARX	0	1	1	2	3.0
epilepsy	ENSG00000104763	ensembl_gene	ASAH1	0	1	1	2	3.0
epilepsy	ENSG00000116539	ensembl_gene	ASH1L	0	1	1	2	3.0
epilepsy	ENSG00000070669	ensembl_gene	ASNS	0	1	1	2	3.0
epilepsy	ENSG00000108381	ensembl_gene	ASPA	0	1	1	2	3.0
epilepsy	ENSG00000066279	ensembl_gene	ASPM	0	1	1	2	3.0
epilepsy	ENSG00000152092	ensembl_gene	ASTN1	0	1	1	2	3.0
epilepsy	ENSG00000143970	ensembl_gene	ASXL2	0	1	1	2	3.0
epilepsy	ENSG00000141431	ensembl_gene	ASXL3	0	1	1	2	3.0
epilepsy	ENSG00000138138	ensembl_gene	ATAD1	0	1	1	2	3.0
epilepsy	ENSG00000111676	ensembl_gene	ATN1	0	1	1	2	3.0
epilepsy	ENSG00000159363	ensembl_gene	ATP13A2	0	1	1	2	3.0
epilepsy	ENSG00000163399	ensembl_gene	ATP1A1	0	1	1	2	3.0
epilepsy	ENSG00000018625	ensembl_gene	ATP1A2	0	1	1	2	3.0
epilepsy	ENSG00000105409	ensembl_gene	ATP1A3	0	1	1	2	3.0
epilepsy	ENSG00000157087	ensembl_gene	ATP2B2	0	1	1	2	3.0
epilepsy	ENSG00000152234	ensembl_gene	ATP5F1A	0	1	1	2	3.0
epilepsy	ENSG00000124172	ensembl_gene	ATP5F1E	0	1	1	2	3.0
epilepsy	ENSG00000182220	ensembl_gene	ATP6AP2	0	1	1	2	3.0
epilepsy	ENSG00000185344	ensembl_gene	ATP6V0A2	0	1	1	2	3.0
epilepsy	ENSG00000185883	ensembl_gene	ATP6V0C	0	1	1	2	3.0
epilepsy	ENSG00000114573	ensembl_gene	ATP6V1A	0	1	1	2	3.0
epilepsy	ENSG00000147416	ensembl_gene	ATP6V1B2	0	1	1	2	3.0
epilepsy	ENSG00000165240	ensembl_gene	ATP7A	0	1	1	2	3.0
epilepsy	ENSG00000085224	ensembl_gene	ATRX	0	1	1	2	3.0
epilepsy	ENSG00000158321	ensembl_gene	AUTS2	0	1	1	2	3.0
epilepsy	ENSG00000282880	ensembl_gene	B3GALNT2	0	1	1	2	3.0
epilepsy	ENSG00000174684	ensembl_gene	B4GAT1	0	1	1	2	3.0
epilepsy	ENSG00000123636	ensembl_gene	BAZ2B	0	1	1	2	3.0
epilepsy	ENSG00000248098	ensembl_gene	BCKDHA	0	1	1	2	3.0
epilepsy	ENSG00000083123	ensembl_gene	BCKDHB	0	1	1	2	3.0
epilepsy	ENSG00000103507	ensembl_gene	BCKDK	0	1	1	2	3.0
epilepsy	ENSG00000119866	ensembl_gene	BCL11A	0	1	1	2	3.0
epilepsy	ENSG00000074582	ensembl_gene	BCS1L	0	1	1	2	3.0
epilepsy	ENSG00000185963	ensembl_gene	BICD2	0	1	1	2	3.0
epilepsy	ENSG00000138688	ensembl_gene	BLTP1	0	1	1	2	3.0
epilepsy	ENSG00000163170	ensembl_gene	BOLA3	0	1	1	2	3.0
epilepsy	ENSG00000171634	ensembl_gene	BPTF	0	1	1	2	3.0
epilepsy	ENSG00000157764	ensembl_gene	BRAF	0	1	1	2	3.0
epilepsy	ENSG00000106009	ensembl_gene	BRAT1	0	1	1	2	3.0
epilepsy	ENSG00000168000	ensembl_gene	BSCL2	0	1	1	2	3.0
epilepsy	ENSG00000164061	ensembl_gene	BSN	0	1	1	2	3.0
epilepsy	ENSG00000169814	ensembl_gene	BTD	0	1	1	2	3.0
epilepsy	ENSG00000111678	ensembl_gene	C12orf57	0	1	1	2	3.0
epilepsy	ENSG00000131943	ensembl_gene	C19orf12	0	1	1	2	3.0
epilepsy	ENSG00000141837	ensembl_gene	CACNA1A	0	1	1	2	3.0
epilepsy	ENSG00000148408	ensembl_gene	CACNA1B	0	1	1	2	3.0
epilepsy	ENSG00000151067	ensembl_gene	CACNA1C	0	1	1	2	3.0
epilepsy	ENSG00000157388	ensembl_gene	CACNA1D	0	1	1	2	3.0
epilepsy	ENSG00000198216	ensembl_gene	CACNA1E	0	1	1	2	3.0
epilepsy	ENSG00000006283	ensembl_gene	CACNA1G	0	1	1	2	3.0
epilepsy	ENSG00000100346	ensembl_gene	CACNA1I	0	1	1	2	3.0
epilepsy	ENSG00000153956	ensembl_gene	CACNA2D1	0	1	1	2	3.0
epilepsy	ENSG00000007402	ensembl_gene	CACNA2D2	0	1	1	2	3.0
epilepsy	ENSG00000084774	ensembl_gene	CAD	0	1	1	2	3.0
epilepsy	ENSG00000070808	ensembl_gene	CAMK2A	0	1	1	2	3.0
epilepsy	ENSG00000058404	ensembl_gene	CAMK2B	0	1	1	2	3.0
epilepsy	ENSG00000171735	ensembl_gene	CAMTA1	0	1	1	2	3.0
epilepsy	ENSG00000134905	ensembl_gene	CARS2	0	1	1	2	3.0
epilepsy	ENSG00000147044	ensembl_gene	CASK	0	1	1	2	3.0
epilepsy	ENSG00000048342	ensembl_gene	CC2D2A	0	1	1	2	3.0
epilepsy	ENSG00000101997	ensembl_gene	CCDC22	0	1	1	2	3.0
epilepsy	ENSG00000115355	ensembl_gene	CCDC88A	0	1	1	2	3.0
epilepsy	ENSG00000015133	ensembl_gene	CCDC88C	0	1	1	2	3.0
epilepsy	ENSG00000136280	ensembl_gene	CCM2	0	1	1	2	3.0
epilepsy	ENSG00000118971	ensembl_gene	CCND2	0	1	1	2	3.0
epilepsy	ENSG00000198752	ensembl_gene	CDC42BPB	0	1	1	2	3.0
epilepsy	ENSG00000065883	ensembl_gene	CDK13	0	1	1	2	3.0
epilepsy	ENSG00000155111	ensembl_gene	CDK19	0	1	1	2	3.0
epilepsy	ENSG00000164885	ensembl_gene	CDK5	0	1	1	2	3.0
epilepsy	ENSG00000136861	ensembl_gene	CDK5RAP2	0	1	1	2	3.0
epilepsy	ENSG00000008086	ensembl_gene	CDKL5	0	1	1	2	3.0
epilepsy	ENSG00000048740	ensembl_gene	CELF2	0	1	1	2	3.0
epilepsy	ENSG00000101489	ensembl_gene	CELF4	0	1	1	2	3.0
epilepsy	ENSG00000075275	ensembl_gene	CELSR1	0	1	1	2	3.0
epilepsy	ENSG00000117724	ensembl_gene	CENPF	0	1	1	2	3.0
epilepsy	ENSG00000111860	ensembl_gene	CEP85L	0	1	1	2	3.0
epilepsy	ENSG00000223802	ensembl_gene	CERS1	0	1	1	2	3.0
epilepsy	ENSG00000113163	ensembl_gene	CERT1	0	1	1	2	3.0
epilepsy	ENSG00000153922	ensembl_gene	CHD1	0	1	1	2	3.0
epilepsy	ENSG00000173575	ensembl_gene	CHD2	0	1	1	2	3.0
epilepsy	ENSG00000111642	ensembl_gene	CHD4	0	1	1	2	3.0
epilepsy	ENSG00000120903	ensembl_gene	CHRNA2	0	1	1	2	3.0
epilepsy	ENSG00000101204	ensembl_gene	CHRNA4	0	1	1	2	3.0
epilepsy	ENSG00000160716	ensembl_gene	CHRNB2	0	1	1	2	3.0
epilepsy	ENSG00000079432	ensembl_gene	CIC	0	1	1	2	3.0
epilepsy	ENSG00000073464	ensembl_gene	CLCN4	0	1	1	2	3.0
epilepsy	ENSG00000184113	ensembl_gene	CLDN5	0	1	1	2	3.0
epilepsy	ENSG00000188603	ensembl_gene	CLN3	0	1	1	2	3.0
epilepsy	ENSG00000102805	ensembl_gene	CLN5	0	1	1	2	3.0
epilepsy	ENSG00000128973	ensembl_gene	CLN6	0	1	1	2	3.0
epilepsy	ENSG00000278220	ensembl_gene	CLN8	0	1	1	2	3.0
epilepsy	ENSG00000162129	ensembl_gene	CLPB	0	1	1	2	3.0
epilepsy	ENSG00000141367	ensembl_gene	CLTC	0	1	1	2	3.0
epilepsy	ENSG00000149970	ensembl_gene	CNKSR2	0	1	1	2	3.0
epilepsy	ENSG00000148842	ensembl_gene	CNNM2	0	1	1	2	3.0
epilepsy	ENSG00000277600	ensembl_gene	CNOT3	0	1	1	2	3.0
epilepsy	ENSG00000137161	ensembl_gene	CNPY3	0	1	1	2	3.0
epilepsy	ENSG00000108797	ensembl_gene	CNTNAP1	0	1	1	2	3.0
epilepsy	ENSG00000174469	ensembl_gene	CNTNAP2	0	1	1	2	3.0
epilepsy	ENSG00000103051	ensembl_gene	COG4	0	1	1	2	3.0
epilepsy	ENSG00000133103	ensembl_gene	COG6	0	1	1	2	3.0
epilepsy	ENSG00000168434	ensembl_gene	COG7	0	1	1	2	3.0
epilepsy	ENSG00000213380	ensembl_gene	COG8	0	1	1	2	3.0
epilepsy	ENSG00000292234	ensembl_gene	COL18A1	0	1	1	2	3.0
epilepsy	ENSG00000291748	ensembl_gene	COL3A1	0	1	1	2	3.0
epilepsy	ENSG00000187498	ensembl_gene	COL4A1	0	1	1	2	3.0
epilepsy	ENSG00000134871	ensembl_gene	COL4A2	0	1	1	2	3.0
epilepsy	ENSG00000173085	ensembl_gene	COQ2	0	1	1	2	3.0
epilepsy	ENSG00000167113	ensembl_gene	COQ4	0	1	1	2	3.0
epilepsy	ENSG00000119723	ensembl_gene	COQ6	0	1	1	2	3.0
epilepsy	ENSG00000163050	ensembl_gene	COQ8A	0	1	1	2	3.0
epilepsy	ENSG00000088682	ensembl_gene	COQ9	0	1	1	2	3.0
epilepsy	ENSG00000006695	ensembl_gene	COX10	0	1	1	2	3.0
epilepsy	ENSG00000014919	ensembl_gene	COX15	0	1	1	2	3.0
epilepsy	ENSG00000047457	ensembl_gene	CP	0	1	1	2	3.0
epilepsy	ENSG00000168993	ensembl_gene	CPLX1	0	1	1	2	3.0
epilepsy	ENSG00000157184	ensembl_gene	CPT2	0	1	1	2	3.0
epilepsy	ENSG00000169372	ensembl_gene	CRADD	0	1	1	2	3.0
epilepsy	ENSG00000005339	ensembl_gene	CREBBP	0	1	1	2	3.0
epilepsy	ENSG00000214960	ensembl_gene	CRPPA	0	1	1	2	3.0
epilepsy	ENSG00000182578	ensembl_gene	CSF1R	0	1	1	2	3.0
epilepsy	ENSG00000101266	ensembl_gene	CSNK2A1	0	1	1	2	3.0
epilepsy	ENSG00000230700	ensembl_gene	CSNK2B	0	1	1	2	3.0
epilepsy	ENSG00000160213	ensembl_gene	CSTB	0	1	1	2	3.0
epilepsy	ENSG00000117984	ensembl_gene	CTSD	0	1	1	2	3.0
epilepsy	ENSG00000174080	ensembl_gene	CTSF	0	1	1	2	3.0
epilepsy	ENSG00000036257	ensembl_gene	CUL3	0	1	1	2	3.0
epilepsy	ENSG00000158290	ensembl_gene	CUL4B	0	1	1	2	3.0
epilepsy	ENSG00000111249	ensembl_gene	CUX2	0	1	1	2	3.0
epilepsy	ENSG00000095485	ensembl_gene	CWF19L1	0	1	1	2	3.0
epilepsy	ENSG00000055163	ensembl_gene	CYFIP2	0	1	1	2	3.0
epilepsy	ENSG00000135929	ensembl_gene	CYP27A1	0	1	1	2	3.0
epilepsy	ENSG00000180902	ensembl_gene	D2HGDH	0	1	1	2	3.0
epilepsy	ENSG00000173402	ensembl_gene	DAG1	0	1	1	2	3.0
epilepsy	ENSG00000137992	ensembl_gene	DBT	0	1	1	2	3.0
epilepsy	ENSG00000166341	ensembl_gene	DCHS1	0	1	1	2	3.0
epilepsy	ENSG00000077279	ensembl_gene	DCX	0	1	1	2	3.0
epilepsy	ENSG00000132437	ensembl_gene	DDC	0	1	1	2	3.0
epilepsy	ENSG00000215301	ensembl_gene	DDX3X	0	1	1	2	3.0
epilepsy	ENSG00000177030	ensembl_gene	DEAF1	0	1	1	2	3.0
epilepsy	ENSG00000166444	ensembl_gene	DENND2B	0	1	1	2	3.0
epilepsy	ENSG00000184014	ensembl_gene	DENND5A	0	1	1	2	3.0
epilepsy	ENSG00000116133	ensembl_gene	DHCR24	0	1	1	2	3.0
epilepsy	ENSG00000117682	ensembl_gene	DHDDS	0	1	1	2	3.0
epilepsy	ENSG00000228716	ensembl_gene	DHFR	0	1	1	2	3.0
epilepsy	ENSG00000095059	ensembl_gene	DHPS	0	1	1	2	3.0
epilepsy	ENSG00000132153	ensembl_gene	DHX30	0	1	1	2	3.0
epilepsy	ENSG00000131504	ensembl_gene	DIAPH1	0	1	1	2	3.0
epilepsy	ENSG00000151240	ensembl_gene	DIP2C	0	1	1	2	3.0
epilepsy	ENSG00000132535	ensembl_gene	DLG4	0	1	1	2	3.0
epilepsy	ENSG00000275555	ensembl_gene	DLL1	0	1	1	2	3.0
epilepsy	ENSG00000142700	ensembl_gene	DMRTA2	0	1	1	2	3.0
epilepsy	ENSG00000104093	ensembl_gene	DMXL2	0	1	1	2	3.0
epilepsy	ENSG00000101152	ensembl_gene	DNAJC5	0	1	1	2	3.0
epilepsy	ENSG00000116675	ensembl_gene	DNAJC6	0	1	1	2	3.0
epilepsy	ENSG00000106976	ensembl_gene	DNM1	0	1	1	2	3.0
epilepsy	ENSG00000087470	ensembl_gene	DNM1L	0	1	1	2	3.0
epilepsy	ENSG00000119772	ensembl_gene	DNMT3A	0	1	1	2	3.0
epilepsy	ENSG00000116641	ensembl_gene	DOCK7	0	1	1	2	3.0
epilepsy	ENSG00000175283	ensembl_gene	DOLK	0	1	1	2	3.0
epilepsy	ENSG00000172269	ensembl_gene	DPAGT1	0	1	1	2	3.0
epilepsy	ENSG00000000419	ensembl_gene	DPM1	0	1	1	2	3.0
epilepsy	ENSG00000136908	ensembl_gene	DPM2	0	1	1	2	3.0
epilepsy	ENSG00000179085	ensembl_gene	DPM3	0	1	1	2	3.0
epilepsy	ENSG00000188641	ensembl_gene	DPYD	0	1	1	2	3.0
epilepsy	ENSG00000197102	ensembl_gene	DYNC1H1	0	1	1	2	3.0
epilepsy	ENSG00000187240	ensembl_gene	DYNC2H1	0	1	1	2	3.0
epilepsy	ENSG00000157540	ensembl_gene	DYRK1A	0	1	1	2	3.0
epilepsy	ENSG00000103356	ensembl_gene	EARS2	0	1	1	2	3.0
epilepsy	ENSG00000127884	ensembl_gene	ECHS1	0	1	1	2	3.0
epilepsy	ENSG00000143369	ensembl_gene	ECM1	0	1	1	2	3.0
epilepsy	ENSG00000101210	ensembl_gene	EEF1A2	0	1	1	2	3.0
epilepsy	ENSG00000108883	ensembl_gene	EFTUD2	0	1	1	2	3.0
epilepsy	ENSG00000181090	ensembl_gene	EHMT1	0	1	1	2	3.0
epilepsy	ENSG00000055332	ensembl_gene	EIF2AK2	0	1	1	2	3.0
epilepsy	ENSG00000111361	ensembl_gene	EIF2B1	0	1	1	2	3.0
epilepsy	ENSG00000119718	ensembl_gene	EIF2B2	0	1	1	2	3.0
epilepsy	ENSG00000070785	ensembl_gene	EIF2B3	0	1	1	2	3.0
epilepsy	ENSG00000115211	ensembl_gene	EIF2B4	0	1	1	2	3.0
epilepsy	ENSG00000145191	ensembl_gene	EIF2B5	0	1	1	2	3.0
epilepsy	ENSG00000130741	ensembl_gene	EIF2S3	0	1	1	2	3.0
epilepsy	ENSG00000118402	ensembl_gene	ELOVL4	0	1	1	2	3.0
epilepsy	ENSG00000127463	ensembl_gene	EMC1	0	1	1	2	3.0
epilepsy	ENSG00000161671	ensembl_gene	EMC10	0	1	1	2	3.0
epilepsy	ENSG00000066629	ensembl_gene	EML1	0	1	1	2	3.0
epilepsy	ENSG00000163508	ensembl_gene	EOMES	0	1	1	2	3.0
epilepsy	ENSG00000152223	ensembl_gene	EPG5	0	1	1	2	3.0
epilepsy	ENSG00000112425	ensembl_gene	EPM2A	0	1	1	2	3.0
epilepsy	ENSG00000130023	ensembl_gene	ERMARD	0	1	1	2	3.0
epilepsy	ENSG00000105755	ensembl_gene	ETHE1	0	1	1	2	3.0
epilepsy	ENSG00000107371	ensembl_gene	EXOSC3	0	1	1	2	3.0
epilepsy	ENSG00000151348	ensembl_gene	EXT2	0	1	1	2	3.0
epilepsy	ENSG00000103089	ensembl_gene	FA2H	0	1	1	2	3.0
epilepsy	ENSG00000197601	ensembl_gene	FAR1	0	1	1	2	3.0
epilepsy	ENSG00000145982	ensembl_gene	FARS2	0	1	1	2	3.0
epilepsy	ENSG00000118246	ensembl_gene	FASTKD2	0	1	1	2	3.0
epilepsy	ENSG00000112234	ensembl_gene	FBXL4	0	1	1	2	3.0
epilepsy	ENSG00000143756	ensembl_gene	FBXO28	0	1	1	2	3.0
epilepsy	ENSG00000114279	ensembl_gene	FGF12	0	1	1	2	3.0
epilepsy	ENSG00000129682	ensembl_gene	FGF13	0	1	1	2	3.0
epilepsy	ENSG00000068078	ensembl_gene	FGFR3	0	1	1	2	3.0
epilepsy	ENSG00000091483	ensembl_gene	FH	0	1	1	2	3.0
epilepsy	ENSG00000112367	ensembl_gene	FIG4	0	1	1	2	3.0
epilepsy	ENSG00000181027	ensembl_gene	FKRP	0	1	1	2	3.0
epilepsy	ENSG00000106692	ensembl_gene	FKTN	0	1	1	2	3.0
epilepsy	ENSG00000196924	ensembl_gene	FLNA	0	1	1	2	3.0
epilepsy	ENSG00000162769	ensembl_gene	FLVCR1	0	1	1	2	3.0
epilepsy	ENSG00000110195	ensembl_gene	FOLR1	0	1	1	2	3.0
epilepsy	ENSG00000176165	ensembl_gene	FOXG1	0	1	1	2	3.0
epilepsy	ENSG00000114861	ensembl_gene	FOXP1	0	1	1	2	3.0
epilepsy	ENSG00000110074	ensembl_gene	FOXRED1	0	1	1	2	3.0
epilepsy	ENSG00000260230	ensembl_gene	FRRS1L	0	1	1	2	3.0
epilepsy	ENSG00000179163	ensembl_gene	FUCA1	0	1	1	2	3.0
epilepsy	ENSG00000136928	ensembl_gene	GABBR2	0	1	1	2	3.0
epilepsy	ENSG00000022355	ensembl_gene	GABRA1	0	1	1	2	3.0
epilepsy	ENSG00000151834	ensembl_gene	GABRA2	0	1	1	2	3.0
epilepsy	ENSG00000011677	ensembl_gene	GABRA3	0	1	1	2	3.0
epilepsy	ENSG00000186297	ensembl_gene	GABRA5	0	1	1	2	3.0
epilepsy	ENSG00000163288	ensembl_gene	GABRB1	0	1	1	2	3.0
epilepsy	ENSG00000145864	ensembl_gene	GABRB2	0	1	1	2	3.0
epilepsy	ENSG00000166206	ensembl_gene	GABRB3	0	1	1	2	3.0
epilepsy	ENSG00000187730	ensembl_gene	GABRD	0	1	1	2	3.0
epilepsy	ENSG00000113327	ensembl_gene	GABRG2	0	1	1	2	3.0
epilepsy	ENSG00000128683	ensembl_gene	GAD1	0	1	1	2	3.0
epilepsy	ENSG00000054983	ensembl_gene	GALC	0	1	1	2	3.0
epilepsy	ENSG00000143641	ensembl_gene	GALNT2	0	1	1	2	3.0
epilepsy	ENSG00000130005	ensembl_gene	GAMT	0	1	1	2	3.0
epilepsy	ENSG00000261992	ensembl_gene	GATAD2B	0	1	1	2	3.0
epilepsy	ENSG00000171766	ensembl_gene	GATM	0	1	1	2	3.0
epilepsy	ENSG00000177628	ensembl_gene	GBA1	0	1	1	2	3.0
epilepsy	ENSG00000105607	ensembl_gene	GCDH	0	1	1	2	3.0
epilepsy	ENSG00000131979	ensembl_gene	GCH1	0	1	1	2	3.0
epilepsy	ENSG00000140905	ensembl_gene	GCSH	0	1	1	2	3.0
epilepsy	ENSG00000131095	ensembl_gene	GFAP	0	1	1	2	3.0
epilepsy	ENSG00000168827	ensembl_gene	GFM1	0	1	1	2	3.0
epilepsy	ENSG00000170266	ensembl_gene	GLB1	0	1	1	2	3.0
epilepsy	ENSG00000178445	ensembl_gene	GLDC	0	1	1	2	3.0
epilepsy	ENSG00000106571	ensembl_gene	GLI3	0	1	1	2	3.0
epilepsy	ENSG00000115419	ensembl_gene	GLS	0	1	1	2	3.0
epilepsy	ENSG00000148672	ensembl_gene	GLUD1	0	1	1	2	3.0
epilepsy	ENSG00000135821	ensembl_gene	GLUL	0	1	1	2	3.0
epilepsy	ENSG00000168237	ensembl_gene	GLYCTK	0	1	1	2	3.0
epilepsy	ENSG00000196743	ensembl_gene	GM2A	0	1	1	2	3.0
epilepsy	ENSG00000144591	ensembl_gene	GMPPA	0	1	1	2	3.0
epilepsy	ENSG00000173540	ensembl_gene	GMPPB	0	1	1	2	3.0
epilepsy	ENSG00000127955	ensembl_gene	GNAI1	0	1	1	2	3.0
epilepsy	ENSG00000087258	ensembl_gene	GNAO1	0	1	1	2	3.0
epilepsy	ENSG00000078369	ensembl_gene	GNB1	0	1	1	2	3.0
epilepsy	ENSG00000069966	ensembl_gene	GNB5	0	1	1	2	3.0
epilepsy	ENSG00000108433	ensembl_gene	GOSR2	0	1	1	2	3.0
epilepsy	ENSG00000125166	ensembl_gene	GOT2	0	1	1	2	3.0
epilepsy	ENSG00000197858	ensembl_gene	GPAA1	0	1	1	2	3.0
epilepsy	ENSG00000171723	ensembl_gene	GPHN	0	1	1	2	3.0
epilepsy	ENSG00000121957	ensembl_gene	GPSM2	0	1	1	2	3.0
epilepsy	ENSG00000166123	ensembl_gene	GPT2	0	1	1	2	3.0
epilepsy	ENSG00000120251	ensembl_gene	GRIA2	0	1	1	2	3.0
epilepsy	ENSG00000125675	ensembl_gene	GRIA3	0	1	1	2	3.0
epilepsy	ENSG00000152578	ensembl_gene	GRIA4	0	1	1	2	3.0
epilepsy	ENSG00000164418	ensembl_gene	GRIK2	0	1	1	2	3.0
epilepsy	ENSG00000176884	ensembl_gene	GRIN1	0	1	1	2	3.0
epilepsy	ENSG00000183454	ensembl_gene	GRIN2A	0	1	1	2	3.0
epilepsy	ENSG00000273079	ensembl_gene	GRIN2B	0	1	1	2	3.0
epilepsy	ENSG00000105464	ensembl_gene	GRIN2D	0	1	1	2	3.0
epilepsy	ENSG00000196277	ensembl_gene	GRM7	0	1	1	2	3.0
epilepsy	ENSG00000030582	ensembl_gene	GRN	0	1	1	2	3.0
epilepsy	ENSG00000189369	ensembl_gene	GSPT2	0	1	1	2	3.0
epilepsy	ENSG00000100983	ensembl_gene	GSS	0	1	1	2	3.0
epilepsy	ENSG00000172432	ensembl_gene	GTPBP2	0	1	1	2	3.0
epilepsy	ENSG00000130299	ensembl_gene	GTPBP3	0	1	1	2	3.0
epilepsy	ENSG00000085382	ensembl_gene	HACE1	0	1	1	2	3.0
epilepsy	ENSG00000143575	ensembl_gene	HAX1	0	1	1	2	3.0
epilepsy	ENSG00000004961	ensembl_gene	HCCS	0	1	1	2	3.0
epilepsy	ENSG00000172534	ensembl_gene	HCFC1	0	1	1	2	3.0
epilepsy	ENSG00000164588	ensembl_gene	HCN1	0	1	1	2	3.0
epilepsy	ENSG00000099822	ensembl_gene	HCN2	0	1	1	2	3.0
epilepsy	ENSG00000147099	ensembl_gene	HDAC8	0	1	1	2	3.0
epilepsy	ENSG00000138411	ensembl_gene	HECW2	0	1	1	2	3.0
epilepsy	ENSG00000165478	ensembl_gene	HEPACAM	0	1	1	2	3.0
epilepsy	ENSG00000276802	ensembl_gene	HERC2	0	1	1	2	3.0
epilepsy	ENSG00000213614	ensembl_gene	HEXA	0	1	1	2	3.0
epilepsy	ENSG00000049860	ensembl_gene	HEXB	0	1	1	2	3.0
epilepsy	ENSG00000010818	ensembl_gene	HIVEP2	0	1	1	2	3.0
epilepsy	ENSG00000156515	ensembl_gene	HK1	0	1	1	2	3.0
epilepsy	ENSG00000159267	ensembl_gene	HLCS	0	1	1	2	3.0
epilepsy	ENSG00000117305	ensembl_gene	HMGCL	0	1	1	2	3.0
epilepsy	ENSG00000126945	ensembl_gene	HNRNPH2	0	1	1	2	3.0
epilepsy	ENSG00000153187	ensembl_gene	HNRNPU	0	1	1	2	3.0
epilepsy	ENSG00000105991	ensembl_gene	HOXA1	0	1	1	2	3.0
epilepsy	ENSG00000165704	ensembl_gene	HPRT1	0	1	1	2	3.0
epilepsy	ENSG00000276536	ensembl_gene	HRAS	0	1	1	2	3.0
epilepsy	ENSG00000133835	ensembl_gene	HSD17B4	0	1	1	2	3.0
epilepsy	ENSG00000144381	ensembl_gene	HSPD1	0	1	1	2	3.0
epilepsy	ENSG00000115317	ensembl_gene	HTRA2	0	1	1	2	3.0
epilepsy	ENSG00000197386	ensembl_gene	HTT	0	1	1	2	3.0
epilepsy	ENSG00000067704	ensembl_gene	IARS2	0	1	1	2	3.0
epilepsy	ENSG00000181873	ensembl_gene	IBA57	0	1	1	2	3.0
epilepsy	ENSG00000182054	ensembl_gene	IDH2	0	1	1	2	3.0
epilepsy	ENSG00000134049	ensembl_gene	IER3IP1	0	1	1	2	3.0
epilepsy	ENSG00000115267	ensembl_gene	IFIH1	0	1	1	2	3.0
epilepsy	ENSG00000269335	ensembl_gene	IKBKG	0	1	1	2	3.0
epilepsy	ENSG00000164941	ensembl_gene	INTS8	0	1	1	2	3.0
epilepsy	ENSG00000124313	ensembl_gene	IQSEC2	0	1	1	2	3.0
epilepsy	ENSG00000119669	ensembl_gene	IRF2BPL	0	1	1	2	3.0
epilepsy	ENSG00000135070	ensembl_gene	ISCA1	0	1	1	2	3.0
epilepsy	ENSG00000125877	ensembl_gene	ITPA	0	1	1	2	3.0
epilepsy	ENSG00000171988	ensembl_gene	JMJD1C	0	1	1	2	3.0
epilepsy	ENSG00000275867	ensembl_gene	KANSL1	0	1	1	2	3.0
epilepsy	ENSG00000065427	ensembl_gene	KARS1	0	1	1	2	3.0
epilepsy	ENSG00000172977	ensembl_gene	KAT5	0	1	1	2	3.0
epilepsy	ENSG00000083168	ensembl_gene	KAT6A	0	1	1	2	3.0
epilepsy	ENSG00000140854	ensembl_gene	KATNB1	0	1	1	2	3.0
epilepsy	ENSG00000111262	ensembl_gene	KCNA1	0	1	1	2	3.0
epilepsy	ENSG00000177301	ensembl_gene	KCNA2	0	1	1	2	3.0
epilepsy	ENSG00000158445	ensembl_gene	KCNB1	0	1	1	2	3.0
epilepsy	ENSG00000129159	ensembl_gene	KCNC1	0	1	1	2	3.0
epilepsy	ENSG00000184408	ensembl_gene	KCND2	0	1	1	2	3.0
epilepsy	ENSG00000171385	ensembl_gene	KCND3	0	1	1	2	3.0
epilepsy	ENSG00000143473	ensembl_gene	KCNH1	0	1	1	2	3.0
epilepsy	ENSG00000140015	ensembl_gene	KCNH5	0	1	1	2	3.0
epilepsy	ENSG00000177807	ensembl_gene	KCNJ10	0	1	1	2	3.0
epilepsy	ENSG00000187486	ensembl_gene	KCNJ11	0	1	1	2	3.0
epilepsy	ENSG00000182450	ensembl_gene	KCNK4	0	1	1	2	3.0
epilepsy	ENSG00000156113	ensembl_gene	KCNMA1	0	1	1	2	3.0
epilepsy	ENSG00000281151	ensembl_gene	KCNQ2	0	1	1	2	3.0
epilepsy	ENSG00000184156	ensembl_gene	KCNQ3	0	1	1	2	3.0
epilepsy	ENSG00000185760	ensembl_gene	KCNQ5	0	1	1	2	3.0
epilepsy	ENSG00000107147	ensembl_gene	KCNT1	0	1	1	2	3.0
epilepsy	ENSG00000162687	ensembl_gene	KCNT2	0	1	1	2	3.0
epilepsy	ENSG00000136636	ensembl_gene	KCTD3	0	1	1	2	3.0
epilepsy	ENSG00000243335	ensembl_gene	KCTD7	0	1	1	2	3.0
epilepsy	ENSG00000089094	ensembl_gene	KDM2B	0	1	1	2	3.0
epilepsy	ENSG00000126012	ensembl_gene	KDM5C	0	1	1	2	3.0
epilepsy	ENSG00000147050	ensembl_gene	KDM6A	0	1	1	2	3.0
epilepsy	ENSG00000130294	ensembl_gene	KIF1A	0	1	1	2	3.0
epilepsy	ENSG00000068796	ensembl_gene	KIF2A	0	1	1	2	3.0
epilepsy	ENSG00000155980	ensembl_gene	KIF5A	0	1	1	2	3.0
epilepsy	ENSG00000276734	ensembl_gene	KIF5C	0	1	1	2	3.0
epilepsy	ENSG00000198954	ensembl_gene	KIFBP	0	1	1	2	3.0
epilepsy	ENSG00000118058	ensembl_gene	KMT2A	0	1	1	2	3.0
epilepsy	ENSG00000272333	ensembl_gene	KMT2B	0	1	1	2	3.0
epilepsy	ENSG00000055609	ensembl_gene	KMT2C	0	1	1	2	3.0
epilepsy	ENSG00000167548	ensembl_gene	KMT2D	0	1	1	2	3.0
epilepsy	ENSG00000005483	ensembl_gene	KMT2E	0	1	1	2	3.0
epilepsy	ENSG00000118162	ensembl_gene	KPTN	0	1	1	2	3.0
epilepsy	ENSG00000001631	ensembl_gene	KRIT1	0	1	1	2	3.0
epilepsy	ENSG00000087299	ensembl_gene	L2HGDH	0	1	1	2	3.0
epilepsy	ENSG00000196569	ensembl_gene	LAMA2	0	1	1	2	3.0
epilepsy	ENSG00000050555	ensembl_gene	LAMC3	0	1	1	2	3.0
epilepsy	ENSG00000133424	ensembl_gene	LARGE1	0	1	1	2	3.0
epilepsy	ENSG00000133706	ensembl_gene	LARS1	0	1	1	2	3.0
epilepsy	ENSG00000108231	ensembl_gene	LGI1	0	1	1	2	3.0
epilepsy	ENSG00000121897	ensembl_gene	LIAS	0	1	1	2	3.0
epilepsy	ENSG00000005156	ensembl_gene	LIG3	0	1	1	2	3.0
epilepsy	ENSG00000175536	ensembl_gene	LIPT2	0	1	1	2	3.0
epilepsy	ENSG00000176619	ensembl_gene	LMNB2	0	1	1	2	3.0
epilepsy	ENSG00000136944	ensembl_gene	LMX1B	0	1	1	2	3.0
epilepsy	ENSG00000144320	ensembl_gene	LNPK	0	1	1	2	3.0
epilepsy	ENSG00000138095	ensembl_gene	LRPPRC	0	1	1	2	3.0
epilepsy	ENSG00000160285	ensembl_gene	LSS	0	1	1	2	3.0
epilepsy	ENSG00000143669	ensembl_gene	LYST	0	1	1	2	3.0
epilepsy	ENSG00000127603	ensembl_gene	MACF1	0	1	1	2	3.0
epilepsy	ENSG00000178573	ensembl_gene	MAF	0	1	1	2	3.0
epilepsy	ENSG00000109323	ensembl_gene	MANBA	0	1	1	2	3.0
epilepsy	ENSG00000131711	ensembl_gene	MAP1B	0	1	1	2	3.0
epilepsy	ENSG00000169032	ensembl_gene	MAP2K1	0	1	1	2	3.0
epilepsy	ENSG00000126934	ensembl_gene	MAP2K2	0	1	1	2	3.0
epilepsy	ENSG00000204406	ensembl_gene	MBD5	0	1	1	2	3.0
epilepsy	ENSG00000277025	ensembl_gene	MBOAT7	0	1	1	2	3.0
epilepsy	ENSG00000147316	ensembl_gene	MCPH1	0	1	1	2	3.0
epilepsy	ENSG00000014641	ensembl_gene	MDH1	0	1	1	2	3.0
epilepsy	ENSG00000146701	ensembl_gene	MDH2	0	1	1	2	3.0
epilepsy	ENSG00000169057	ensembl_gene	MECP2	0	1	1	2	3.0
epilepsy	ENSG00000184634	ensembl_gene	MED12	0	1	1	2	3.0
epilepsy	ENSG00000123066	ensembl_gene	MED13L	0	1	1	2	3.0
epilepsy	ENSG00000042429	ensembl_gene	MED17	0	1	1	2	3.0
epilepsy	ENSG00000112282	ensembl_gene	MED23	0	1	1	2	3.0
epilepsy	ENSG00000104973	ensembl_gene	MED25	0	1	1	2	3.0
epilepsy	ENSG00000081189	ensembl_gene	MEF2C	0	1	1	2	3.0
epilepsy	ENSG00000168958	ensembl_gene	MFF	0	1	1	2	3.0
epilepsy	ENSG00000164073	ensembl_gene	MFSD8	0	1	1	2	3.0
epilepsy	ENSG00000100427	ensembl_gene	MLC1	0	1	1	2	3.0
epilepsy	ENSG00000132763	ensembl_gene	MMACHC	0	1	1	2	3.0
epilepsy	ENSG00000168288	ensembl_gene	MMADHC	0	1	1	2	3.0
epilepsy	ENSG00000124615	ensembl_gene	MOCS1	0	1	1	2	3.0
epilepsy	ENSG00000164172	ensembl_gene	MOCS2	0	1	1	2	3.0
epilepsy	ENSG00000115275	ensembl_gene	MOGS	0	1	1	2	3.0
epilepsy	ENSG00000133422	ensembl_gene	MORC2	0	1	1	2	3.0
epilepsy	ENSG00000129255	ensembl_gene	MPDU1	0	1	1	2	3.0
epilepsy	ENSG00000198899	ensembl_gene	MT-ATP6	0	1	1	2	3.0
epilepsy	ENSG00000198840	ensembl_gene	MT-ND3	0	1	1	2	3.0
epilepsy	ENSG00000210156	ensembl_gene	MT-TK	0	1	1	2	3.0
epilepsy	ENSG00000209082	ensembl_gene	MT-TL1	0	1	1	2	3.0
epilepsy	ENSG00000177000	ensembl_gene	MTHFR	0	1	1	2	3.0
epilepsy	ENSG00000136371	ensembl_gene	MTHFS	0	1	1	2	3.0
epilepsy	ENSG00000198793	ensembl_gene	MTOR	0	1	1	2	3.0
epilepsy	ENSG00000116984	ensembl_gene	MTR	0	1	1	2	3.0
epilepsy	ENSG00000005810	ensembl_gene	MYCBP2	0	1	1	2	3.0
epilepsy	ENSG00000186487	ensembl_gene	MYT1L	0	1	1	2	3.0
epilepsy	ENSG00000102030	ensembl_gene	NAA10	0	1	1	2	3.0
epilepsy	ENSG00000164134	ensembl_gene	NAA15	0	1	1	2	3.0
epilepsy	ENSG00000160877	ensembl_gene	NACC1	0	1	1	2	3.0
epilepsy	ENSG00000108784	ensembl_gene	NAGLU	0	1	1	2	3.0
epilepsy	ENSG00000102452	ensembl_gene	NALCN	0	1	1	2	3.0
epilepsy	ENSG00000125814	ensembl_gene	NAPB	0	1	1	2	3.0
epilepsy	ENSG00000137513	ensembl_gene	NARS2	0	1	1	2	3.0
epilepsy	ENSG00000163382	ensembl_gene	NAXE	0	1	1	2	3.0
epilepsy	ENSG00000172915	ensembl_gene	NBEA	0	1	1	2	3.0
epilepsy	ENSG00000275911	ensembl_gene	NDE1	0	1	1	2	3.0
epilepsy	ENSG00000124479	ensembl_gene	NDP	0	1	1	2	3.0
epilepsy	ENSG00000070614	ensembl_gene	NDST1	0	1	1	2	3.0
epilepsy	ENSG00000125356	ensembl_gene	NDUFA1	0	1	1	2	3.0
epilepsy	ENSG00000130414	ensembl_gene	NDUFA10	0	1	1	2	3.0
epilepsy	ENSG00000174886	ensembl_gene	NDUFA11	0	1	1	2	3.0
epilepsy	ENSG00000186010	ensembl_gene	NDUFA13	0	1	1	2	3.0
epilepsy	ENSG00000131495	ensembl_gene	NDUFA2	0	1	1	2	3.0
epilepsy	ENSG00000139180	ensembl_gene	NDUFA9	0	1	1	2	3.0
epilepsy	ENSG00000164182	ensembl_gene	NDUFAF2	0	1	1	2	3.0
epilepsy	ENSG00000178057	ensembl_gene	NDUFAF3	0	1	1	2	3.0
epilepsy	ENSG00000123545	ensembl_gene	NDUFAF4	0	1	1	2	3.0
epilepsy	ENSG00000101247	ensembl_gene	NDUFAF5	0	1	1	2	3.0
epilepsy	ENSG00000023228	ensembl_gene	NDUFS1	0	1	1	2	3.0
epilepsy	ENSG00000158864	ensembl_gene	NDUFS2	0	1	1	2	3.0
epilepsy	ENSG00000164258	ensembl_gene	NDUFS4	0	1	1	2	3.0
epilepsy	ENSG00000145494	ensembl_gene	NDUFS6	0	1	1	2	3.0
epilepsy	ENSG00000115286	ensembl_gene	NDUFS7	0	1	1	2	3.0
epilepsy	ENSG00000110717	ensembl_gene	NDUFS8	0	1	1	2	3.0
epilepsy	ENSG00000167792	ensembl_gene	NDUFV1	0	1	1	2	3.0
epilepsy	ENSG00000089818	ensembl_gene	NECAP1	0	1	1	2	3.0
epilepsy	ENSG00000049759	ensembl_gene	NEDD4L	0	1	1	2	3.0
epilepsy	ENSG00000227315	ensembl_gene	NEU1	0	1	1	2	3.0
epilepsy	ENSG00000171532	ensembl_gene	NEUROD2	0	1	1	2	3.0
epilepsy	ENSG00000196712	ensembl_gene	NF1	0	1	1	2	3.0
epilepsy	ENSG00000151092	ensembl_gene	NGLY1	0	1	1	2	3.0
epilepsy	ENSG00000187566	ensembl_gene	NHLRC1	0	1	1	2	3.0
epilepsy	ENSG00000141458	ensembl_gene	NPC1	0	1	1	2	3.0
epilepsy	ENSG00000119655	ensembl_gene	NPC2	0	1	1	2	3.0
epilepsy	ENSG00000114388	ensembl_gene	NPRL2	0	1	1	2	3.0
epilepsy	ENSG00000175745	ensembl_gene	NR2F1	0	1	1	2	3.0
epilepsy	ENSG00000153234	ensembl_gene	NR4A2	0	1	1	2	3.0
epilepsy	ENSG00000213281	ensembl_gene	NRAS	0	1	1	2	3.0
epilepsy	ENSG00000174004	ensembl_gene	NRROS	0	1	1	2	3.0
epilepsy	ENSG00000179915	ensembl_gene	NRXN1	0	1	1	2	3.0
epilepsy	ENSG00000165671	ensembl_gene	NSD1	0	1	1	2	3.0
epilepsy	ENSG00000147383	ensembl_gene	NSDHL	0	1	1	2	3.0
epilepsy	ENSG00000276262	ensembl_gene	NSF	0	1	1	2	3.0
epilepsy	ENSG00000148053	ensembl_gene	NTRK2	0	1	1	2	3.0
epilepsy	ENSG00000151413	ensembl_gene	NUBPL	0	1	1	2	3.0
epilepsy	ENSG00000153989	ensembl_gene	NUS1	0	1	1	2	3.0
epilepsy	ENSG00000197822	ensembl_gene	OCLN	0	1	1	2	3.0
epilepsy	ENSG00000122126	ensembl_gene	OCRL	0	1	1	2	3.0
epilepsy	ENSG00000046651	ensembl_gene	OFD1	0	1	1	2	3.0
epilepsy	ENSG00000079482	ensembl_gene	OPHN1	0	1	1	2	3.0
epilepsy	ENSG00000291794	ensembl_gene	OSGEP	0	1	1	2	3.0
epilepsy	ENSG00000155100	ensembl_gene	OTUD6B	0	1	1	2	3.0
epilepsy	ENSG00000165588	ensembl_gene	OTX2	0	1	1	2	3.0
epilepsy	ENSG00000164830	ensembl_gene	OXR1	0	1	1	2	3.0
epilepsy	ENSG00000178467	ensembl_gene	P4HTM	0	1	1	2	3.0
epilepsy	ENSG00000175115	ensembl_gene	PACS1	0	1	1	2	3.0
epilepsy	ENSG00000179364	ensembl_gene	PACS2	0	1	1	2	3.0
epilepsy	ENSG00000007168	ensembl_gene	PAFAH1B1	0	1	1	2	3.0
epilepsy	ENSG00000171759	ensembl_gene	PAH	0	1	1	2	3.0
epilepsy	ENSG00000149269	ensembl_gene	PAK1	0	1	1	2	3.0
epilepsy	ENSG00000077264	ensembl_gene	PAK3	0	1	1	2	3.0
epilepsy	ENSG00000125779	ensembl_gene	PANK2	0	1	1	2	3.0
epilepsy	ENSG00000162396	ensembl_gene	PARS2	0	1	1	2	3.0
epilepsy	ENSG00000007372	ensembl_gene	PAX6	0	1	1	2	3.0
epilepsy	ENSG00000175198	ensembl_gene	PCCA	0	1	1	2	3.0
epilepsy	ENSG00000114054	ensembl_gene	PCCB	0	1	1	2	3.0
epilepsy	ENSG00000113555	ensembl_gene	PCDH12	0	1	1	2	3.0
epilepsy	ENSG00000165194	ensembl_gene	PCDH19	0	1	1	2	3.0
epilepsy	ENSG00000186472	ensembl_gene	PCLO	0	1	1	2	3.0
epilepsy	ENSG00000114209	ensembl_gene	PDCD10	0	1	1	2	3.0
epilepsy	ENSG00000186642	ensembl_gene	PDE2A	0	1	1	2	3.0
epilepsy	ENSG00000131828	ensembl_gene	PDHA1	0	1	1	2	3.0
epilepsy	ENSG00000110435	ensembl_gene	PDHX	0	1	1	2	3.0
epilepsy	ENSG00000164494	ensembl_gene	PDSS2	0	1	1	2	3.0
epilepsy	ENSG00000229833	ensembl_gene	PET100	0	1	1	2	3.0
epilepsy	ENSG00000127980	ensembl_gene	PEX1	0	1	1	2	3.0
epilepsy	ENSG00000157911	ensembl_gene	PEX10	0	1	1	2	3.0
epilepsy	ENSG00000108733	ensembl_gene	PEX12	0	1	1	2	3.0
epilepsy	ENSG00000162928	ensembl_gene	PEX13	0	1	1	2	3.0
epilepsy	ENSG00000162735	ensembl_gene	PEX19	0	1	1	2	3.0
epilepsy	ENSG00000164751	ensembl_gene	PEX2	0	1	1	2	3.0
epilepsy	ENSG00000215193	ensembl_gene	PEX26	0	1	1	2	3.0
epilepsy	ENSG00000034693	ensembl_gene	PEX3	0	1	1	2	3.0
epilepsy	ENSG00000139197	ensembl_gene	PEX5	0	1	1	2	3.0
epilepsy	ENSG00000124587	ensembl_gene	PEX6	0	1	1	2	3.0
epilepsy	ENSG00000112357	ensembl_gene	PEX7	0	1	1	2	3.0
epilepsy	ENSG00000148985	ensembl_gene	PGAP2	0	1	1	2	3.0
epilepsy	ENSG00000161395	ensembl_gene	PGAP3	0	1	1	2	3.0
epilepsy	ENSG00000102144	ensembl_gene	PGK1	0	1	1	2	3.0
epilepsy	ENSG00000112137	ensembl_gene	PHACTR1	0	1	1	2	3.0
epilepsy	ENSG00000135365	ensembl_gene	PHF21A	0	1	1	2	3.0
epilepsy	ENSG00000156531	ensembl_gene	PHF6	0	1	1	2	3.0
epilepsy	ENSG00000092621	ensembl_gene	PHGDH	0	1	1	2	3.0
epilepsy	ENSG00000155252	ensembl_gene	PI4K2A	0	1	1	2	3.0
epilepsy	ENSG00000165195	ensembl_gene	PIGA	0	1	1	2	3.0
epilepsy	ENSG00000069943	ensembl_gene	PIGB	0	1	1	2	3.0
epilepsy	ENSG00000135845	ensembl_gene	PIGC	0	1	1	2	3.0
epilepsy	ENSG00000174227	ensembl_gene	PIGG	0	1	1	2	3.0
epilepsy	ENSG00000100564	ensembl_gene	PIGH	0	1	1	2	3.0
epilepsy	ENSG00000142892	ensembl_gene	PIGK	0	1	1	2	3.0
epilepsy	ENSG00000108474	ensembl_gene	PIGL	0	1	1	2	3.0
epilepsy	ENSG00000143315	ensembl_gene	PIGM	0	1	1	2	3.0
epilepsy	ENSG00000197563	ensembl_gene	PIGN	0	1	1	2	3.0
epilepsy	ENSG00000165282	ensembl_gene	PIGO	0	1	1	2	3.0
epilepsy	ENSG00000185808	ensembl_gene	PIGP	0	1	1	2	3.0
epilepsy	ENSG00000007541	ensembl_gene	PIGQ	0	1	1	2	3.0
epilepsy	ENSG00000087111	ensembl_gene	PIGS	0	1	1	2	3.0
epilepsy	ENSG00000124155	ensembl_gene	PIGT	0	1	1	2	3.0
epilepsy	ENSG00000101464	ensembl_gene	PIGU	0	1	1	2	3.0
epilepsy	ENSG00000060642	ensembl_gene	PIGV	0	1	1	2	3.0
epilepsy	ENSG00000275600	ensembl_gene	PIGW	0	1	1	2	3.0
epilepsy	ENSG00000121879	ensembl_gene	PIK3CA	0	1	1	2	3.0
epilepsy	ENSG00000105647	ensembl_gene	PIK3R2	0	1	1	2	3.0
epilepsy	ENSG00000158828	ensembl_gene	PINK1	0	1	1	2	3.0
epilepsy	ENSG00000186111	ensembl_gene	PIP5K1C	0	1	1	2	3.0
epilepsy	ENSG00000184381	ensembl_gene	PLA2G6	0	1	1	2	3.0
epilepsy	ENSG00000137055	ensembl_gene	PLAA	0	1	1	2	3.0
epilepsy	ENSG00000182621	ensembl_gene	PLCB1	0	1	1	2	3.0
epilepsy	ENSG00000123560	ensembl_gene	PLP1	0	1	1	2	3.0
epilepsy	ENSG00000147471	ensembl_gene	PLPBP	0	1	1	2	3.0
epilepsy	ENSG00000114554	ensembl_gene	PLXNA1	0	1	1	2	3.0
epilepsy	ENSG00000140650	ensembl_gene	PMM2	0	1	1	2	3.0
epilepsy	ENSG00000105819	ensembl_gene	PMPCB	0	1	1	2	3.0
epilepsy	ENSG00000039650	ensembl_gene	PNKP	0	1	1	2	3.0
epilepsy	ENSG00000135241	ensembl_gene	PNPLA8	0	1	1	2	3.0
epilepsy	ENSG00000108439	ensembl_gene	PNPO	0	1	1	2	3.0
epilepsy	ENSG00000138035	ensembl_gene	PNPT1	0	1	1	2	3.0
epilepsy	ENSG00000143442	ensembl_gene	POGZ	0	1	1	2	3.0
epilepsy	ENSG00000140521	ensembl_gene	POLG	0	1	1	2	3.0
epilepsy	ENSG00000256525	ensembl_gene	POLG2	0	1	1	2	3.0
epilepsy	ENSG00000068654	ensembl_gene	POLR1A	0	1	1	2	3.0
epilepsy	ENSG00000013503	ensembl_gene	POLR3B	0	1	1	2	3.0
epilepsy	ENSG00000085998	ensembl_gene	POMGNT1	0	1	1	2	3.0
epilepsy	ENSG00000144647	ensembl_gene	POMGNT2	0	1	1	2	3.0
epilepsy	ENSG00000185900	ensembl_gene	POMK	0	1	1	2	3.0
epilepsy	ENSG00000130714	ensembl_gene	POMT1	0	1	1	2	3.0
epilepsy	ENSG00000009830	ensembl_gene	POMT2	0	1	1	2	3.0
epilepsy	ENSG00000105568	ensembl_gene	PPP2R1A	0	1	1	2	3.0
epilepsy	ENSG00000078304	ensembl_gene	PPP2R5C	0	1	1	2	3.0
epilepsy	ENSG00000112640	ensembl_gene	PPP2R5D	0	1	1	2	3.0
epilepsy	ENSG00000138814	ensembl_gene	PPP3CA	0	1	1	2	3.0
epilepsy	ENSG00000131238	ensembl_gene	PPT1	0	1	1	2	3.0
epilepsy	ENSG00000152784	ensembl_gene	PRDM8	0	1	1	2	3.0
epilepsy	ENSG00000274089	ensembl_gene	PRIMA1	0	1	1	2	3.0
epilepsy	ENSG00000132600	ensembl_gene	PRMT7	0	1	1	2	3.0
epilepsy	ENSG00000171867	ensembl_gene	PRNP	0	1	1	2	3.0
epilepsy	ENSG00000100033	ensembl_gene	PRODH	0	1	1	2	3.0
epilepsy	ENSG00000167371	ensembl_gene	PRRT2	0	1	1	2	3.0
epilepsy	ENSG00000143363	ensembl_gene	PRUNE1	0	1	1	2	3.0
epilepsy	ENSG00000197746	ensembl_gene	PSAP	0	1	1	2	3.0
epilepsy	ENSG00000135069	ensembl_gene	PSAT1	0	1	1	2	3.0
epilepsy	ENSG00000146733	ensembl_gene	PSPH	0	1	1	2	3.0
epilepsy	ENSG00000185920	ensembl_gene	PTCH1	0	1	1	2	3.0
epilepsy	ENSG00000284792	ensembl_gene	PTEN	0	1	1	2	3.0
epilepsy	ENSG00000168267	ensembl_gene	PTF1A	0	1	1	2	3.0
epilepsy	ENSG00000076201	ensembl_gene	PTPN23	0	1	1	2	3.0
epilepsy	ENSG00000150787	ensembl_gene	PTS	0	1	1	2	3.0
epilepsy	ENSG00000134644	ensembl_gene	PUM1	0	1	1	2	3.0
epilepsy	ENSG00000185129	ensembl_gene	PURA	0	1	1	2	3.0
epilepsy	ENSG00000110060	ensembl_gene	PUS3	0	1	1	2	3.0
epilepsy	ENSG00000172053	ensembl_gene	QARS1	0	1	1	2	3.0
epilepsy	ENSG00000151552	ensembl_gene	QDPR	0	1	1	2	3.0
epilepsy	ENSG00000103769	ensembl_gene	RAB11A	0	1	1	2	3.0
epilepsy	ENSG00000185236	ensembl_gene	RAB11B	0	1	1	2	3.0
epilepsy	ENSG00000099246	ensembl_gene	RAB18	0	1	1	2	3.0
epilepsy	ENSG00000155961	ensembl_gene	RAB39B	0	1	1	2	3.0
epilepsy	ENSG00000115839	ensembl_gene	RAB3GAP1	0	1	1	2	3.0
epilepsy	ENSG00000118873	ensembl_gene	RAB3GAP2	0	1	1	2	3.0
epilepsy	ENSG00000108557	ensembl_gene	RAI1	0	1	1	2	3.0
epilepsy	ENSG00000006451	ensembl_gene	RALA	0	1	1	2	3.0
epilepsy	ENSG00000174373	ensembl_gene	RALGAPA1	0	1	1	2	3.0
epilepsy	ENSG00000153201	ensembl_gene	RANBP2	0	1	1	2	3.0
epilepsy	ENSG00000109756	ensembl_gene	RAPGEF2	0	1	1	2	3.0
epilepsy	ENSG00000146282	ensembl_gene	RARS2	0	1	1	2	3.0
epilepsy	ENSG00000189056	ensembl_gene	RELN	0	1	1	2	3.0
epilepsy	ENSG00000142599	ensembl_gene	RERE	0	1	1	2	3.0
epilepsy	ENSG00000163933	ensembl_gene	RFT1	0	1	1	2	3.0
epilepsy	ENSG00000080298	ensembl_gene	RFX3	0	1	1	2	3.0
epilepsy	ENSG00000008853	ensembl_gene	RHOBTB2	0	1	1	2	3.0
epilepsy	ENSG00000155906	ensembl_gene	RMND1	0	1	1	2	3.0
epilepsy	ENSG00000104889	ensembl_gene	RNASEH2A	0	1	1	2	3.0
epilepsy	ENSG00000136104	ensembl_gene	RNASEH2B	0	1	1	2	3.0
epilepsy	ENSG00000172922	ensembl_gene	RNASEH2C	0	1	1	2	3.0
epilepsy	ENSG00000026297	ensembl_gene	RNASET2	0	1	1	2	3.0
epilepsy	ENSG00000125352	ensembl_gene	RNF113A	0	1	1	2	3.0
epilepsy	ENSG00000082996	ensembl_gene	RNF13	0	1	1	2	3.0
epilepsy	ENSG00000067836	ensembl_gene	ROGDI	0	1	1	2	3.0
epilepsy	ENSG00000069667	ensembl_gene	RORA	0	1	1	2	3.0
epilepsy	ENSG00000198963	ensembl_gene	RORB	0	1	1	2	3.0
epilepsy	ENSG00000089169	ensembl_gene	RPH3A	0	1	1	2	3.0
epilepsy	ENSG00000153574	ensembl_gene	RPIA	0	1	1	2	3.0
epilepsy	ENSG00000177189	ensembl_gene	RPS6KA3	0	1	1	2	3.0
epilepsy	ENSG00000048392	ensembl_gene	RRM2B	0	1	1	2	3.0
epilepsy	ENSG00000130347	ensembl_gene	RTN4IP1	0	1	1	2	3.0
epilepsy	ENSG00000176225	ensembl_gene	RTTN	0	1	1	2	3.0
epilepsy	ENSG00000118600	ensembl_gene	RXYLT1	0	1	1	2	3.0
epilepsy	ENSG00000198838	ensembl_gene	RYR3	0	1	1	2	3.0
epilepsy	ENSG00000151835	ensembl_gene	SACS	0	1	1	2	3.0
epilepsy	ENSG00000177570	ensembl_gene	SAMD12	0	1	1	2	3.0
epilepsy	ENSG00000101347	ensembl_gene	SAMHD1	0	1	1	2	3.0
epilepsy	ENSG00000119042	ensembl_gene	SATB2	0	1	1	2	3.0
epilepsy	ENSG00000138760	ensembl_gene	SCARB2	0	1	1	2	3.0
epilepsy	ENSG00000185313	ensembl_gene	SCN10A	0	1	1	2	3.0
epilepsy	ENSG00000105711	ensembl_gene	SCN1B	0	1	1	2	3.0
epilepsy	ENSG00000136531	ensembl_gene	SCN2A	0	1	1	2	3.0
epilepsy	ENSG00000153253	ensembl_gene	SCN3A	0	1	1	2	3.0
epilepsy	ENSG00000196876	ensembl_gene	SCN8A	0	1	1	2	3.0
epilepsy	ENSG00000133028	ensembl_gene	SCO1	0	1	1	2	3.0
epilepsy	ENSG00000284194	ensembl_gene	SCO2	0	1	1	2	3.0
epilepsy	ENSG00000073578	ensembl_gene	SDHA	0	1	1	2	3.0
epilepsy	ENSG00000167680	ensembl_gene	SEMA6B	0	1	1	2	3.0
epilepsy	ENSG00000109618	ensembl_gene	SEPSECS	0	1	1	2	3.0
epilepsy	ENSG00000122335	ensembl_gene	SERAC1	0	1	1	2	3.0
epilepsy	ENSG00000163536	ensembl_gene	SERPINI1	0	1	1	2	3.0
epilepsy	ENSG00000152217	ensembl_gene	SETBP1	0	1	1	2	3.0
epilepsy	ENSG00000099381	ensembl_gene	SETD1A	0	1	1	2	3.0
epilepsy	ENSG00000139718	ensembl_gene	SETD1B	0	1	1	2	3.0
epilepsy	ENSG00000168137	ensembl_gene	SETD5	0	1	1	2	3.0
epilepsy	ENSG00000181523	ensembl_gene	SGSH	0	1	1	2	3.0
epilepsy	ENSG00000292254	ensembl_gene	SHANK3	0	1	1	2	3.0
epilepsy	ENSG00000164690	ensembl_gene	SHH	0	1	1	2	3.0
epilepsy	ENSG00000142178	ensembl_gene	SIK1	0	1	1	2	3.0
epilepsy	ENSG00000138083	ensembl_gene	SIX3	0	1	1	2	3.0
epilepsy	ENSG00000124140	ensembl_gene	SLC12A5	0	1	1	2	3.0
epilepsy	ENSG00000141485	ensembl_gene	SLC13A5	0	1	1	2	3.0
epilepsy	ENSG00000147100	ensembl_gene	SLC16A2	0	1	1	2	3.0
epilepsy	ENSG00000135917	ensembl_gene	SLC19A3	0	1	1	2	3.0
epilepsy	ENSG00000110436	ensembl_gene	SLC1A2	0	1	1	2	3.0
epilepsy	ENSG00000115902	ensembl_gene	SLC1A4	0	1	1	2	3.0
epilepsy	ENSG00000197375	ensembl_gene	SLC22A5	0	1	1	2	3.0
epilepsy	ENSG00000100075	ensembl_gene	SLC25A1	0	1	1	2	3.0
epilepsy	ENSG00000115840	ensembl_gene	SLC25A12	0	1	1	2	3.0
epilepsy	ENSG00000177542	ensembl_gene	SLC25A22	0	1	1	2	3.0
epilepsy	ENSG00000117394	ensembl_gene	SLC2A1	0	1	1	2	3.0
epilepsy	ENSG00000164414	ensembl_gene	SLC35A1	0	1	1	2	3.0
epilepsy	ENSG00000292209	ensembl_gene	SLC35A2	0	1	1	2	3.0
epilepsy	ENSG00000117620	ensembl_gene	SLC35A3	0	1	1	2	3.0
epilepsy	ENSG00000138821	ensembl_gene	SLC39A8	0	1	1	2	3.0
epilepsy	ENSG00000162426	ensembl_gene	SLC45A1	0	1	1	2	3.0
epilepsy	ENSG00000076351	ensembl_gene	SLC46A1	0	1	1	2	3.0
epilepsy	ENSG00000144290	ensembl_gene	SLC4A10	0	1	1	2	3.0
epilepsy	ENSG00000157103	ensembl_gene	SLC6A1	0	1	1	2	3.0
epilepsy	ENSG00000130821	ensembl_gene	SLC6A8	0	1	1	2	3.0
epilepsy	ENSG00000198689	ensembl_gene	SLC9A6	0	1	1	2	3.0
epilepsy	ENSG00000080503	ensembl_gene	SMARCA2	0	1	1	2	3.0
epilepsy	ENSG00000127616	ensembl_gene	SMARCA4	0	1	1	2	3.0
epilepsy	ENSG00000099956	ensembl_gene	SMARCB1	0	1	1	2	3.0
epilepsy	ENSG00000139613	ensembl_gene	SMARCC2	0	1	1	2	3.0
epilepsy	ENSG00000073584	ensembl_gene	SMARCE1	0	1	1	2	3.0
epilepsy	ENSG00000072501	ensembl_gene	SMC1A	0	1	1	2	3.0
epilepsy	ENSG00000102172	ensembl_gene	SMS	0	1	1	2	3.0
epilepsy	ENSG00000132639	ensembl_gene	SNAP25	0	1	1	2	3.0
epilepsy	ENSG00000099940	ensembl_gene	SNAP29	0	1	1	2	3.0
epilepsy	ENSG00000163877	ensembl_gene	SNIP1	0	1	1	2	3.0
epilepsy	ENSG00000200463	ensembl_gene	SNORD118	0	1	1	2	3.0
epilepsy	ENSG00000143376	ensembl_gene	SNX27	0	1	1	2	3.0
epilepsy	ENSG00000159140	ensembl_gene	SON	0	1	1	2	3.0
epilepsy	ENSG00000176887	ensembl_gene	SOX11	0	1	1	2	3.0
epilepsy	ENSG00000181449	ensembl_gene	SOX2	0	1	1	2	3.0
epilepsy	ENSG00000116096	ensembl_gene	SPR	0	1	1	2	3.0
epilepsy	ENSG00000197694	ensembl_gene	SPTAN1	0	1	1	2	3.0
epilepsy	ENSG00000160460	ensembl_gene	SPTBN4	0	1	1	2	3.0
epilepsy	ENSG00000080603	ensembl_gene	SRCAP	0	1	1	2	3.0
epilepsy	ENSG00000126091	ensembl_gene	ST3GAL3	0	1	1	2	3.0
epilepsy	ENSG00000115525	ensembl_gene	ST3GAL5	0	1	1	2	3.0
epilepsy	ENSG00000118007	ensembl_gene	STAG1	0	1	1	2	3.0
epilepsy	ENSG00000124356	ensembl_gene	STAMBP	0	1	1	2	3.0
epilepsy	ENSG00000266173	ensembl_gene	STRADA	0	1	1	2	3.0
epilepsy	ENSG00000106089	ensembl_gene	STX1A	0	1	1	2	3.0
epilepsy	ENSG00000136854	ensembl_gene	STXBP1	0	1	1	2	3.0
epilepsy	ENSG00000136143	ensembl_gene	SUCLA2	0	1	1	2	3.0
epilepsy	ENSG00000163541	ensembl_gene	SUCLG1	0	1	1	2	3.0
epilepsy	ENSG00000144455	ensembl_gene	SUMF1	0	1	1	2	3.0
epilepsy	ENSG00000139531	ensembl_gene	SUOX	0	1	1	2	3.0
epilepsy	ENSG00000280627	ensembl_gene	SURF1	0	1	1	2	3.0
epilepsy	ENSG00000008056	ensembl_gene	SYN1	0	1	1	2	3.0
epilepsy	ENSG00000131018	ensembl_gene	SYNE1	0	1	1	2	3.0
epilepsy	ENSG00000159082	ensembl_gene	SYNJ1	0	1	1	2	3.0
epilepsy	ENSG00000067715	ensembl_gene	SYT1	0	1	1	2	3.0
epilepsy	ENSG00000198198	ensembl_gene	SZT2	0	1	1	2	3.0
epilepsy	ENSG00000103168	ensembl_gene	TAF1C	0	1	1	2	3.0
epilepsy	ENSG00000170921	ensembl_gene	TANC2	0	1	1	2	3.0
epilepsy	ENSG00000183597	ensembl_gene	TANGO2	0	1	1	2	3.0
epilepsy	ENSG00000160551	ensembl_gene	TAOK1	0	1	1	2	3.0
epilepsy	ENSG00000143374	ensembl_gene	TARS2	0	1	1	2	3.0
epilepsy	ENSG00000125875	ensembl_gene	TBC1D20	0	1	1	2	3.0
epilepsy	ENSG00000162065	ensembl_gene	TBC1D24	0	1	1	2	3.0
epilepsy	ENSG00000145979	ensembl_gene	TBC1D7	0	1	1	2	3.0
epilepsy	ENSG00000141556	ensembl_gene	TBCD	0	1	1	2	3.0
epilepsy	ENSG00000145348	ensembl_gene	TBCK	0	1	1	2	3.0
epilepsy	ENSG00000177565	ensembl_gene	TBL1XR1	0	1	1	2	3.0
epilepsy	ENSG00000143178	ensembl_gene	TBX19	0	1	1	2	3.0
epilepsy	ENSG00000196628	ensembl_gene	TCF4	0	1	1	2	3.0
epilepsy	ENSG00000111802	ensembl_gene	TDP2	0	1	1	2	3.0
epilepsy	ENSG00000177426	ensembl_gene	TGIF1	0	1	1	2	3.0
epilepsy	ENSG00000125676	ensembl_gene	THOC2	0	1	1	2	3.0
epilepsy	ENSG00000105197	ensembl_gene	TIMM50	0	1	1	2	3.0
epilepsy	ENSG00000113845	ensembl_gene	TIMMDC1	0	1	1	2	3.0
epilepsy	ENSG00000166548	ensembl_gene	TK2	0	1	1	2	3.0
epilepsy	ENSG00000106460	ensembl_gene	TMEM106B	0	1	1	2	3.0
epilepsy	ENSG00000175606	ensembl_gene	TMEM70	0	1	1	2	3.0
epilepsy	ENSG00000139324	ensembl_gene	TMTC3	0	1	1	2	3.0
epilepsy	ENSG00000213593	ensembl_gene	TMX2	0	1	1	2	3.0
epilepsy	ENSG00000061938	ensembl_gene	TNK2	0	1	1	2	3.0
epilepsy	ENSG00000090905	ensembl_gene	TNRC6A	0	1	1	2	3.0
epilepsy	ENSG00000196511	ensembl_gene	TPK1	0	1	1	2	3.0
epilepsy	ENSG00000166340	ensembl_gene	TPP1	0	1	1	2	3.0
epilepsy	ENSG00000182606	ensembl_gene	TRAK1	0	1	1	2	3.0
epilepsy	ENSG00000160218	ensembl_gene	TRAPPC10	0	1	1	2	3.0
epilepsy	ENSG00000168538	ensembl_gene	TRAPPC11	0	1	1	2	3.0
epilepsy	ENSG00000196655	ensembl_gene	TRAPPC4	0	1	1	2	3.0
epilepsy	ENSG00000182400	ensembl_gene	TRAPPC6B	0	1	1	2	3.0
epilepsy	ENSG00000095970	ensembl_gene	TREM2	0	1	1	2	3.0
epilepsy	ENSG00000213689	ensembl_gene	TREX1	0	1	1	2	3.0
epilepsy	ENSG00000171206	ensembl_gene	TRIM8	0	1	1	2	3.0
epilepsy	ENSG00000038382	ensembl_gene	TRIO	0	1	1	2	3.0
epilepsy	ENSG00000153827	ensembl_gene	TRIP12	0	1	1	2	3.0
epilepsy	ENSG00000043514	ensembl_gene	TRIT1	0	1	1	2	3.0
epilepsy	ENSG00000145331	ensembl_gene	TRMT10A	0	1	1	2	3.0
epilepsy	ENSG00000119121	ensembl_gene	TRPM6	0	1	1	2	3.0
epilepsy	ENSG00000196367	ensembl_gene	TRRAP	0	1	1	2	3.0
epilepsy	ENSG00000165699	ensembl_gene	TSC1	0	1	1	2	3.0
epilepsy	ENSG00000103197	ensembl_gene	TSC2	0	1	1	2	3.0
epilepsy	ENSG00000198860	ensembl_gene	TSEN15	0	1	1	2	3.0
epilepsy	ENSG00000154743	ensembl_gene	TSEN2	0	1	1	2	3.0
epilepsy	ENSG00000278622	ensembl_gene	TSEN34	0	1	1	2	3.0
epilepsy	ENSG00000182173	ensembl_gene	TSEN54	0	1	1	2	3.0
epilepsy	ENSG00000123297	ensembl_gene	TSFM	0	1	1	2	3.0
epilepsy	ENSG00000167552	ensembl_gene	TUBA1A	0	1	1	2	3.0
epilepsy	ENSG00000183785	ensembl_gene	TUBA8	0	1	1	2	3.0
epilepsy	ENSG00000235067	ensembl_gene	TUBB	0	1	1	2	3.0
epilepsy	ENSG00000137267	ensembl_gene	TUBB2A	0	1	1	2	3.0
epilepsy	ENSG00000137285	ensembl_gene	TUBB2B	0	1	1	2	3.0
epilepsy	ENSG00000258947	ensembl_gene	TUBB3	0	1	1	2	3.0
epilepsy	ENSG00000104833	ensembl_gene	TUBB4A	0	1	1	2	3.0
epilepsy	ENSG00000131462	ensembl_gene	TUBG1	0	1	1	2	3.0
epilepsy	ENSG00000130640	ensembl_gene	TUBGCP2	0	1	1	2	3.0
epilepsy	ENSG00000128159	ensembl_gene	TUBGCP6	0	1	1	2	3.0
epilepsy	ENSG00000107815	ensembl_gene	TWNK	0	1	1	2	3.0
epilepsy	ENSG00000063244	ensembl_gene	U2AF2	0	1	1	2	3.0
epilepsy	ENSG00000081307	ensembl_gene	UBA5	0	1	1	2	3.0
epilepsy	ENSG00000077721	ensembl_gene	UBE2A	0	1	1	2	3.0
epilepsy	ENSG00000114062	ensembl_gene	UBE3A	0	1	1	2	3.0
epilepsy	ENSG00000104517	ensembl_gene	UBR5	0	1	1	2	3.0
epilepsy	ENSG00000108312	ensembl_gene	UBTF	0	1	1	2	3.0
epilepsy	ENSG00000143222	ensembl_gene	UFC1	0	1	1	2	3.0
epilepsy	ENSG00000120686	ensembl_gene	UFM1	0	1	1	2	3.0
epilepsy	ENSG00000109814	ensembl_gene	UGDH	0	1	1	2	3.0
epilepsy	ENSG00000169764	ensembl_gene	UGP2	0	1	1	2	3.0
epilepsy	ENSG00000114491	ensembl_gene	UMPS	0	1	1	2	3.0
epilepsy	ENSG00000130477	ensembl_gene	UNC13A	0	1	1	2	3.0
epilepsy	ENSG00000144406	ensembl_gene	UNC80	0	1	1	2	3.0
epilepsy	ENSG00000125351	ensembl_gene	UPF3B	0	1	1	2	3.0
epilepsy	ENSG00000184979	ensembl_gene	USP18	0	1	1	2	3.0
epilepsy	ENSG00000124486	ensembl_gene	USP9X	0	1	1	2	3.0
epilepsy	ENSG00000220205	ensembl_gene	VAMP2	0	1	1	2	3.0
epilepsy	ENSG00000231116	ensembl_gene	VARS1	0	1	1	2	3.0
epilepsy	ENSG00000206476	ensembl_gene	VARS2	0	1	1	2	3.0
epilepsy	ENSG00000147852	ensembl_gene	VLDLR	0	1	1	2	3.0
epilepsy	ENSG00000160695	ensembl_gene	VPS11	0	1	1	2	3.0
epilepsy	ENSG00000197969	ensembl_gene	VPS13A	0	1	1	2	3.0
epilepsy	ENSG00000095787	ensembl_gene	WAC	0	1	1	2	3.0
epilepsy	ENSG00000116874	ensembl_gene	WARS2	0	1	1	2	3.0
epilepsy	ENSG00000112290	ensembl_gene	WASF1	0	1	1	2	3.0
epilepsy	ENSG00000136051	ensembl_gene	WASHC4	0	1	1	2	3.0
epilepsy	ENSG00000163625	ensembl_gene	WDFY3	0	1	1	2	3.0
epilepsy	ENSG00000162923	ensembl_gene	WDR26	0	1	1	2	3.0
epilepsy	ENSG00000047056	ensembl_gene	WDR37	0	1	1	2	3.0
epilepsy	ENSG00000141580	ensembl_gene	WDR45B	0	1	1	2	3.0
epilepsy	ENSG00000075702	ensembl_gene	WDR62	0	1	1	2	3.0
epilepsy	ENSG00000177082	ensembl_gene	WDR73	0	1	1	2	3.0
epilepsy	ENSG00000186153	ensembl_gene	WWOX	0	1	1	2	3.0
epilepsy	ENSG00000143324	ensembl_gene	XPR1	0	1	1	2	3.0
epilepsy	ENSG00000274474	ensembl_gene	YWHAE	0	1	1	2	3.0
epilepsy	ENSG00000170027	ensembl_gene	YWHAG	0	1	1	2	3.0
epilepsy	ENSG00000179456	ensembl_gene	ZBTB18	0	1	1	2	3.0
epilepsy	ENSG00000126970	ensembl_gene	ZC4H2	0	1	1	2	3.0
epilepsy	ENSG00000188706	ensembl_gene	ZDHHC9	0	1	1	2	3.0
epilepsy	ENSG00000169554	ensembl_gene	ZEB2	0	1	1	2	3.0
epilepsy	ENSG00000043355	ensembl_gene	ZIC2	0	1	1	2	3.0
epilepsy	ENSG00000015171	ensembl_gene	ZMYND11	0	1	1	2	3.0
epilepsy	ENSG00000198026	ensembl_gene	ZNF335	0	1	1	2	3.0
epilepsy	ENSG00000273611	ensembl_gene	ZNHIT3	0	1	1	2	3.0
epilepsy	ENSG00000130449	ensembl_gene	ZSWIM6	0	1	1	2	3.0
epilepsy	ENSG00000166535	ensembl_gene	A2ML1	0	0	1	1	2.0
epilepsy	ENSG00000291836	ensembl_gene	AAAS	0	0	1	1	2.0
epilepsy	ENSG00000008311	ensembl_gene	AASS	0	0	1	1	2.0
epilepsy	ENSG00000165029	ensembl_gene	ABCA1	0	0	1	1	2.0
epilepsy	ENSG00000144452	ensembl_gene	ABCA12	0	0	1	1	2.0
epilepsy	ENSG00000167972	ensembl_gene	ABCA3	0	0	1	1	2.0
epilepsy	ENSG00000154265	ensembl_gene	ABCA5	0	0	1	1	2.0
epilepsy	ENSG00000064687	ensembl_gene	ABCA7	0	0	1	1	2.0
epilepsy	ENSG00000276582	ensembl_gene	ABCB11	0	0	1	1	2.0
epilepsy	ENSG00000005471	ensembl_gene	ABCB4	0	0	1	1	2.0
epilepsy	ENSG00000131269	ensembl_gene	ABCB7	0	0	1	1	2.0
epilepsy	ENSG00000091262	ensembl_gene	ABCC6	0	0	1	1	2.0
epilepsy	ENSG00000006071	ensembl_gene	ABCC8	0	0	1	1	2.0
epilepsy	ENSG00000101986	ensembl_gene	ABCD1	0	0	1	1	2.0
epilepsy	ENSG00000117528	ensembl_gene	ABCD3	0	0	1	1	2.0
epilepsy	ENSG00000119688	ensembl_gene	ABCD4	0	0	1	1	2.0
epilepsy	ENSG00000138075	ensembl_gene	ABCG5	0	0	1	1	2.0
epilepsy	ENSG00000143921	ensembl_gene	ABCG8	0	0	1	1	2.0
epilepsy	ENSG00000100997	ensembl_gene	ABHD12	0	0	1	1	2.0
epilepsy	ENSG00000011198	ensembl_gene	ABHD5	0	0	1	1	2.0
epilepsy	ENSG00000275176	ensembl_gene	ACACA	0	0	1	1	2.0
epilepsy	ENSG00000076555	ensembl_gene	ACACB	0	0	1	1	2.0
epilepsy	ENSG00000177646	ensembl_gene	ACAD9	0	0	1	1	2.0
epilepsy	ENSG00000115361	ensembl_gene	ACADL	0	0	1	1	2.0
epilepsy	ENSG00000117054	ensembl_gene	ACADM	0	0	1	1	2.0
epilepsy	ENSG00000122971	ensembl_gene	ACADS	0	0	1	1	2.0
epilepsy	ENSG00000196177	ensembl_gene	ACADSB	0	0	1	1	2.0
epilepsy	ENSG00000072778	ensembl_gene	ACADVL	0	0	1	1	2.0
epilepsy	ENSG00000075239	ensembl_gene	ACAT1	0	0	1	1	2.0
epilepsy	ENSG00000102977	ensembl_gene	ACD	0	0	1	1	2.0
epilepsy	ENSG00000159640	ensembl_gene	ACE	0	0	1	1	2.0
epilepsy	ENSG00000078124	ensembl_gene	ACER3	0	0	1	1	2.0
epilepsy	ENSG00000213088	ensembl_gene	ACKR1	0	0	1	1	2.0
epilepsy	ENSG00000153086	ensembl_gene	ACMSD	0	0	1	1	2.0
epilepsy	ENSG00000100412	ensembl_gene	ACO2	0	0	1	1	2.0
epilepsy	ENSG00000097021	ensembl_gene	ACOT7	0	0	1	1	2.0
epilepsy	ENSG00000102575	ensembl_gene	ACP5	0	0	1	1	2.0
epilepsy	ENSG00000176715	ensembl_gene	ACSF3	0	0	1	1	2.0
epilepsy	ENSG00000068366	ensembl_gene	ACSL4	0	0	1	1	2.0
epilepsy	ENSG00000143632	ensembl_gene	ACTA1	0	0	1	1	2.0
epilepsy	ENSG00000107796	ensembl_gene	ACTA2	0	0	1	1	2.0
epilepsy	ENSG00000159251	ensembl_gene	ACTC1	0	0	1	1	2.0
epilepsy	ENSG00000163017	ensembl_gene	ACTG2	0	0	1	1	2.0
epilepsy	ENSG00000077522	ensembl_gene	ACTN2	0	0	1	1	2.0
epilepsy	ENSG00000115170	ensembl_gene	ACVR1	0	0	1	1	2.0
epilepsy	ENSG00000139567	ensembl_gene	ACVRL1	0	0	1	1	2.0
epilepsy	ENSG00000196839	ensembl_gene	ADA	0	0	1	1	2.0
epilepsy	ENSG00000093072	ensembl_gene	ADA2	0	0	1	1	2.0
epilepsy	ENSG00000151694	ensembl_gene	ADAM17	0	0	1	1	2.0
epilepsy	ENSG00000140470	ensembl_gene	ADAMTS17	0	0	1	1	2.0
epilepsy	ENSG00000087116	ensembl_gene	ADAMTS2	0	0	1	1	2.0
epilepsy	ENSG00000197859	ensembl_gene	ADAMTSL2	0	0	1	1	2.0
epilepsy	ENSG00000164742	ensembl_gene	ADCY1	0	0	1	1	2.0
epilepsy	ENSG00000138031	ensembl_gene	ADCY3	0	0	1	1	2.0
epilepsy	ENSG00000087274	ensembl_gene	ADD1	0	0	1	1	2.0
epilepsy	ENSG00000148700	ensembl_gene	ADD3	0	0	1	1	2.0
epilepsy	ENSG00000152990	ensembl_gene	ADGRA3	0	0	1	1	2.0
epilepsy	ENSG00000164199	ensembl_gene	ADGRV1	0	0	1	1	2.0
epilepsy	ENSG00000181092	ensembl_gene	ADIPOQ	0	0	1	1	2.0
epilepsy	ENSG00000159346	ensembl_gene	ADIPOR1	0	0	1	1	2.0
epilepsy	ENSG00000285070	ensembl_gene	ADIPOR2	0	0	1	1	2.0
epilepsy	ENSG00000156110	ensembl_gene	ADK	0	0	1	1	2.0
epilepsy	ENSG00000150594	ensembl_gene	ADRA2A	0	0	1	1	2.0
epilepsy	ENSG00000274286	ensembl_gene	ADRA2B	0	0	1	1	2.0
epilepsy	ENSG00000196526	ensembl_gene	AFAP1	0	0	1	1	2.0
epilepsy	ENSG00000155966	ensembl_gene	AFF2	0	0	1	1	2.0
epilepsy	ENSG00000072364	ensembl_gene	AFF4	0	0	1	1	2.0
epilepsy	ENSG00000157985	ensembl_gene	AGAP1	0	0	1	1	2.0
epilepsy	ENSG00000164252	ensembl_gene	AGGF1	0	0	1	1	2.0
epilepsy	ENSG00000006530	ensembl_gene	AGK	0	0	1	1	2.0
epilepsy	ENSG00000162688	ensembl_gene	AGL	0	0	1	1	2.0
epilepsy	ENSG00000226467	ensembl_gene	AGPAT1	0	0	1	1	2.0
epilepsy	ENSG00000169692	ensembl_gene	AGPAT2	0	0	1	1	2.0
epilepsy	ENSG00000018510	ensembl_gene	AGPS	0	0	1	1	2.0
epilepsy	ENSG00000188157	ensembl_gene	AGRN	0	0	1	1	2.0
epilepsy	ENSG00000180772	ensembl_gene	AGTR2	0	0	1	1	2.0
epilepsy	ENSG00000172482	ensembl_gene	AGXT	0	0	1	1	2.0
epilepsy	ENSG00000135541	ensembl_gene	AHI1	0	0	1	1	2.0
epilepsy	ENSG00000145192	ensembl_gene	AHSG	0	0	1	1	2.0
epilepsy	ENSG00000111732	ensembl_gene	AICDA	0	0	1	1	2.0
epilepsy	ENSG00000156709	ensembl_gene	AIFM1	0	0	1	1	2.0
epilepsy	ENSG00000106305	ensembl_gene	AIMP2	0	0	1	1	2.0
epilepsy	ENSG00000110711	ensembl_gene	AIP	0	0	1	1	2.0
epilepsy	ENSG00000129221	ensembl_gene	AIPL1	0	0	1	1	2.0
epilepsy	ENSG00000160224	ensembl_gene	AIRE	0	0	1	1	2.0
epilepsy	ENSG00000004455	ensembl_gene	AK2	0	0	1	1	2.0
epilepsy	ENSG00000186471	ensembl_gene	AKAP14	0	0	1	1	2.0
epilepsy	ENSG00000127914	ensembl_gene	AKAP9	0	0	1	1	2.0
epilepsy	ENSG00000187134	ensembl_gene	AKR1C1	0	0	1	1	2.0
epilepsy	ENSG00000105221	ensembl_gene	AKT2	0	0	1	1	2.0
epilepsy	ENSG00000148218	ensembl_gene	ALAD	0	0	1	1	2.0
epilepsy	ENSG00000158578	ensembl_gene	ALAS2	0	0	1	1	2.0
epilepsy	ENSG00000059573	ensembl_gene	ALDH18A1	0	0	1	1	2.0
epilepsy	ENSG00000137124	ensembl_gene	ALDH1B1	0	0	1	1	2.0
epilepsy	ENSG00000159423	ensembl_gene	ALDH4A1	0	0	1	1	2.0
epilepsy	ENSG00000149925	ensembl_gene	ALDOA	0	0	1	1	2.0
epilepsy	ENSG00000136872	ensembl_gene	ALDOB	0	0	1	1	2.0
epilepsy	ENSG00000116127	ensembl_gene	ALMS1	0	0	1	1	2.0
epilepsy	ENSG00000179477	ensembl_gene	ALOX12B	0	0	1	1	2.0
epilepsy	ENSG00000179148	ensembl_gene	ALOXE3	0	0	1	1	2.0
epilepsy	ENSG00000163295	ensembl_gene	ALPI	0	0	1	1	2.0
epilepsy	ENSG00000136383	ensembl_gene	ALPK3	0	0	1	1	2.0
epilepsy	ENSG00000003393	ensembl_gene	ALS2	0	0	1	1	2.0
epilepsy	ENSG00000180318	ensembl_gene	ALX1	0	0	1	1	2.0
epilepsy	ENSG00000156150	ensembl_gene	ALX3	0	0	1	1	2.0
epilepsy	ENSG00000052850	ensembl_gene	ALX4	0	0	1	1	2.0
epilepsy	ENSG00000183684	ensembl_gene	ALYREF	0	0	1	1	2.0
epilepsy	ENSG00000184675	ensembl_gene	AMER1	0	0	1	1	2.0
epilepsy	ENSG00000214274	ensembl_gene	ANG	0	0	1	1	2.0
epilepsy	ENSG00000154188	ensembl_gene	ANGPT1	0	0	1	1	2.0
epilepsy	ENSG00000185722	ensembl_gene	ANKFY1	0	0	1	1	2.0
epilepsy	ENSG00000176915	ensembl_gene	ANKLE2	0	0	1	1	2.0
epilepsy	ENSG00000148677	ensembl_gene	ANKRD1	0	0	1	1	2.0
epilepsy	ENSG00000165138	ensembl_gene	ANKS6	0	0	1	1	2.0
epilepsy	ENSG00000163516	ensembl_gene	ANKZF1	0	0	1	1	2.0
epilepsy	ENSG00000160746	ensembl_gene	ANO10	0	0	1	1	2.0
epilepsy	ENSG00000134343	ensembl_gene	ANO3	0	0	1	1	2.0
epilepsy	ENSG00000171714	ensembl_gene	ANO5	0	0	1	1	2.0
epilepsy	ENSG00000011201	ensembl_gene	ANOS1	0	0	1	1	2.0
epilepsy	ENSG00000169604	ensembl_gene	ANTXR1	0	0	1	1	2.0
epilepsy	ENSG00000163297	ensembl_gene	ANTXR2	0	0	1	1	2.0
epilepsy	ENSG00000182287	ensembl_gene	AP1S2	0	0	1	1	2.0
epilepsy	ENSG00000042753	ensembl_gene	AP2S1	0	0	1	1	2.0
epilepsy	ENSG00000132842	ensembl_gene	AP3B1	0	0	1	1	2.0
epilepsy	ENSG00000081014	ensembl_gene	AP4E1	0	0	1	1	2.0
epilepsy	ENSG00000100478	ensembl_gene	AP4S1	0	0	1	1	2.0
epilepsy	ENSG00000242802	ensembl_gene	AP5Z1	0	0	1	1	2.0
epilepsy	ENSG00000134982	ensembl_gene	APC	0	0	1	1	2.0
epilepsy	ENSG00000118137	ensembl_gene	APOA1	0	0	1	1	2.0
epilepsy	ENSG00000110243	ensembl_gene	APOA5	0	0	1	1	2.0
epilepsy	ENSG00000291544	ensembl_gene	APOB	0	0	1	1	2.0
epilepsy	ENSG00000110245	ensembl_gene	APOC3	0	0	1	1	2.0
epilepsy	ENSG00000130203	ensembl_gene	APOE	0	0	1	1	2.0
epilepsy	ENSG00000128335	ensembl_gene	APOL2	0	0	1	1	2.0
epilepsy	ENSG00000100336	ensembl_gene	APOL4	0	0	1	1	2.0
epilepsy	ENSG00000142192	ensembl_gene	APP	0	0	1	1	2.0
epilepsy	ENSG00000137074	ensembl_gene	APTX	0	0	1	1	2.0
epilepsy	ENSG00000240583	ensembl_gene	AQP1	0	0	1	1	2.0
epilepsy	ENSG00000167580	ensembl_gene	AQP2	0	0	1	1	2.0
epilepsy	ENSG00000078061	ensembl_gene	ARAF	0	0	1	1	2.0
epilepsy	ENSG00000095139	ensembl_gene	ARCN1	0	0	1	1	2.0
epilepsy	ENSG00000149182	ensembl_gene	ARFGAP2	0	0	1	1	2.0
epilepsy	ENSG00000138639	ensembl_gene	ARHGAP24	0	0	1	1	2.0
epilepsy	ENSG00000031081	ensembl_gene	ARHGAP31	0	0	1	1	2.0
epilepsy	ENSG00000141522	ensembl_gene	ARHGDIA	0	0	1	1	2.0
epilepsy	ENSG00000196914	ensembl_gene	ARHGEF12	0	0	1	1	2.0
epilepsy	ENSG00000198844	ensembl_gene	ARHGEF15	0	0	1	1	2.0
epilepsy	ENSG00000116584	ensembl_gene	ARHGEF2	0	0	1	1	2.0
epilepsy	ENSG00000214944	ensembl_gene	ARHGEF28	0	0	1	1	2.0
epilepsy	ENSG00000129675	ensembl_gene	ARHGEF6	0	0	1	1	2.0
epilepsy	ENSG00000189079	ensembl_gene	ARID2	0	0	1	1	2.0
epilepsy	ENSG00000196843	ensembl_gene	ARID5A	0	0	1	1	2.0
epilepsy	ENSG00000166233	ensembl_gene	ARIH1	0	0	1	1	2.0
epilepsy	ENSG00000169379	ensembl_gene	ARL13B	0	0	1	1	2.0
epilepsy	ENSG00000185305	ensembl_gene	ARL15	0	0	1	1	2.0
epilepsy	ENSG00000113966	ensembl_gene	ARL6	0	0	1	1	2.0
epilepsy	ENSG00000170540	ensembl_gene	ARL6IP1	0	0	1	1	2.0
epilepsy	ENSG00000140691	ensembl_gene	ARMC5	0	0	1	1	2.0
epilepsy	ENSG00000135931	ensembl_gene	ARMC9	0	0	1	1	2.0
epilepsy	ENSG00000172379	ensembl_gene	ARNT2	0	0	1	1	2.0
epilepsy	ENSG00000113273	ensembl_gene	ARSB	0	0	1	1	2.0
epilepsy	ENSG00000183876	ensembl_gene	ARSI	0	0	1	1	2.0
epilepsy	ENSG00000099889	ensembl_gene	ARVCF	0	0	1	1	2.0
epilepsy	101929066	unknown_namespace	ASAH1-AS1	0	0	1	1	2.0
epilepsy	ENSG00000139352	ensembl_gene	ASCL1	0	0	1	1	2.0
epilepsy	ENSG00000262505	ensembl_gene	ASIC5	0	0	1	1	2.0
epilepsy	ENSG00000126522	ensembl_gene	ASL	0	0	1	1	2.0
epilepsy	ENSG00000162174	ensembl_gene	ASRGL1	0	0	1	1	2.0
epilepsy	ENSG00000130707	ensembl_gene	ASS1	0	0	1	1	2.0
epilepsy	ENSG00000148219	ensembl_gene	ASTN2	0	0	1	1	2.0
epilepsy	ENSG00000171456	ensembl_gene	ASXL1	0	0	1	1	2.0
epilepsy	ENSG00000197785	ensembl_gene	ATAD3A	0	0	1	1	2.0
epilepsy	ENSG00000167654	ensembl_gene	ATCAY	0	0	1	1	2.0
epilepsy	ENSG00000138363	ensembl_gene	ATIC	0	0	1	1	2.0
epilepsy	ENSG00000198513	ensembl_gene	ATL1	0	0	1	1	2.0
epilepsy	ENSG00000184743	ensembl_gene	ATL3	0	0	1	1	2.0
epilepsy	ENSG00000149311	ensembl_gene	ATM	0	0	1	1	2.0
epilepsy	ENSG00000172238	ensembl_gene	ATOH1	0	0	1	1	2.0
epilepsy	ENSG00000143153	ensembl_gene	ATP1B1	0	0	1	1	2.0
epilepsy	ENSG00000174437	ensembl_gene	ATP2A2	0	0	1	1	2.0
epilepsy	ENSG00000067842	ensembl_gene	ATP2B3	0	0	1	1	2.0
epilepsy	ENSG00000058668	ensembl_gene	ATP2B4	0	0	1	1	2.0
epilepsy	ENSG00000241468	ensembl_gene	ATP5MF	0	0	1	1	2.0
epilepsy	ENSG00000167283	ensembl_gene	ATP5MG	0	0	1	1	2.0
epilepsy	ENSG00000249222	ensembl_gene	ATP5MGL	0	0	1	1	2.0
epilepsy	ENSG00000173915	ensembl_gene	ATP5MK	0	0	1	1	2.0
epilepsy	ENSG00000116459	ensembl_gene	ATP5PB	0	0	1	1	2.0
epilepsy	ENSG00000167863	ensembl_gene	ATP5PD	0	0	1	1	2.0
epilepsy	ENSG00000071553	ensembl_gene	ATP6AP1	0	0	1	1	2.0
epilepsy	ENSG00000105929	ensembl_gene	ATP6V0A4	0	0	1	1	2.0
epilepsy	ENSG00000116039	ensembl_gene	ATP6V1B1	0	0	1	1	2.0
epilepsy	ENSG00000131100	ensembl_gene	ATP6V1E1	0	0	1	1	2.0
epilepsy	ENSG00000123191	ensembl_gene	ATP7B	0	0	1	1	2.0
epilepsy	ENSG00000132932	ensembl_gene	ATP8A2	0	0	1	1	2.0
epilepsy	ENSG00000081923	ensembl_gene	ATP8B1	0	0	1	1	2.0
epilepsy	ENSG00000054793	ensembl_gene	ATP9A	0	0	1	1	2.0
epilepsy	ENSG00000123472	ensembl_gene	ATPAF1	0	0	1	1	2.0
epilepsy	ENSG00000171953	ensembl_gene	ATPAF2	0	0	1	1	2.0
epilepsy	ENSG00000175054	ensembl_gene	ATR	0	0	1	1	2.0
epilepsy	ENSG00000164053	ensembl_gene	ATRIP	0	0	1	1	2.0
epilepsy	ENSG00000088812	ensembl_gene	ATRN	0	0	1	1	2.0
epilepsy	ENSG00000124788	ensembl_gene	ATXN1	0	0	1	1	2.0
epilepsy	ENSG00000130638	ensembl_gene	ATXN10	0	0	1	1	2.0
epilepsy	ENSG00000204842	ensembl_gene	ATXN2	0	0	1	1	2.0
epilepsy	ENSG00000066427	ensembl_gene	ATXN3	0	0	1	1	2.0
epilepsy	ENSG00000163635	ensembl_gene	ATXN7	0	0	1	1	2.0
epilepsy	ENSG00000148090	ensembl_gene	AUH	0	0	1	1	2.0
epilepsy	ENSG00000126895	ensembl_gene	AVPR2	0	0	1	1	2.0
epilepsy	ENSG00000149541	ensembl_gene	B3GAT3	0	0	1	1	2.0
epilepsy	ENSG00000187676	ensembl_gene	B3GLCT	0	0	1	1	2.0
epilepsy	ENSG00000170340	ensembl_gene	B3GNT2	0	0	1	1	2.0
epilepsy	ENSG00000135454	ensembl_gene	B4GALNT1	0	0	1	1	2.0
epilepsy	ENSG00000086062	ensembl_gene	B4GALT1	0	0	1	1	2.0
epilepsy	ENSG00000108641	ensembl_gene	B9D1	0	0	1	1	2.0
epilepsy	ENSG00000123810	ensembl_gene	B9D2	0	0	1	1	2.0
epilepsy	ENSG00000151929	ensembl_gene	BAG3	0	0	1	1	2.0
epilepsy	ENSG00000198604	ensembl_gene	BAZ1A	0	0	1	1	2.0
epilepsy	ENSG00000214413	ensembl_gene	BBIP1	0	0	1	1	2.0
epilepsy	ENSG00000174483	ensembl_gene	BBS1	0	0	1	1	2.0
epilepsy	ENSG00000179941	ensembl_gene	BBS10	0	0	1	1	2.0
epilepsy	ENSG00000181004	ensembl_gene	BBS12	0	0	1	1	2.0
epilepsy	ENSG00000125124	ensembl_gene	BBS2	0	0	1	1	2.0
epilepsy	ENSG00000140463	ensembl_gene	BBS4	0	0	1	1	2.0
epilepsy	ENSG00000163093	ensembl_gene	BBS5	0	0	1	1	2.0
epilepsy	ENSG00000138686	ensembl_gene	BBS7	0	0	1	1	2.0
epilepsy	ENSG00000122507	ensembl_gene	BBS9	0	0	1	1	2.0
epilepsy	ENSG00000185825	ensembl_gene	BCAP31	0	0	1	1	2.0
epilepsy	ENSG00000114200	ensembl_gene	BCHE	0	0	1	1	2.0
epilepsy	ENSG00000142867	ensembl_gene	BCL10	0	0	1	1	2.0
epilepsy	ENSG00000127152	ensembl_gene	BCL11B	0	0	1	1	2.0
epilepsy	ENSG00000197580	ensembl_gene	BCO2	0	0	1	1	2.0
epilepsy	ENSG00000183337	ensembl_gene	BCOR	0	0	1	1	2.0
epilepsy	ENSG00000186716	ensembl_gene	BCR	0	0	1	1	2.0
epilepsy	ENSG00000176697	ensembl_gene	BDNF	0	0	1	1	2.0
epilepsy	ENSG00000274803	ensembl_gene	BDP1	0	0	1	1	2.0
epilepsy	ENSG00000166546	ensembl_gene	BEAN1	0	0	1	1	2.0
epilepsy	ENSG00000182492	ensembl_gene	BGN	0	0	1	1	2.0
epilepsy	ENSG00000145692	ensembl_gene	BHMT	0	0	1	1	2.0
epilepsy	ENSG00000151746	ensembl_gene	BICD1	0	0	1	1	2.0
epilepsy	ENSG00000136717	ensembl_gene	BIN1	0	0	1	1	2.0
epilepsy	ENSG00000197299	ensembl_gene	BLM	0	0	1	1	2.0
epilepsy	ENSG00000189114	ensembl_gene	BLOC1S3	0	0	1	1	2.0
epilepsy	ENSG00000104164	ensembl_gene	BLOC1S6	0	0	1	1	2.0
epilepsy	ENSG00000168487	ensembl_gene	BMP1	0	0	1	1	2.0
epilepsy	ENSG00000125845	ensembl_gene	BMP2	0	0	1	1	2.0
epilepsy	ENSG00000125378	ensembl_gene	BMP4	0	0	1	1	2.0
epilepsy	ENSG00000101144	ensembl_gene	BMP7	0	0	1	1	2.0
epilepsy	ENSG00000164619	ensembl_gene	BMPER	0	0	1	1	2.0
epilepsy	ENSG00000107779	ensembl_gene	BMPR1A	0	0	1	1	2.0
epilepsy	ENSG00000138696	ensembl_gene	BMPR1B	0	0	1	1	2.0
epilepsy	ENSG00000104331	ensembl_gene	BPNT2	0	0	1	1	2.0
epilepsy	ENSG00000139618	ensembl_gene	BRCA2	0	0	1	1	2.0
epilepsy	ENSG00000185515	ensembl_gene	BRCC3	0	0	1	1	2.0
epilepsy	ENSG00000215077	ensembl_gene	BRD2	0	0	1	1	2.0
epilepsy	ENSG00000141867	ensembl_gene	BRD4	0	0	1	1	2.0
epilepsy	ENSG00000185024	ensembl_gene	BRF1	0	0	1	1	2.0
epilepsy	ENSG00000136492	ensembl_gene	BRIP1	0	0	1	1	2.0
epilepsy	ENSG00000291428	ensembl_gene	BRSK2	0	0	1	1	2.0
epilepsy	ENSG00000165288	ensembl_gene	BRWD3	0	0	1	1	2.0
epilepsy	ENSG00000162399	ensembl_gene	BSND	0	0	1	1	2.0
epilepsy	ENSG00000010671	ensembl_gene	BTK	0	0	1	1	2.0
epilepsy	ENSG00000166167	ensembl_gene	BTRC	0	0	1	1	2.0
epilepsy	ENSG00000169679	ensembl_gene	BUB1	0	0	1	1	2.0
epilepsy	ENSG00000156970	ensembl_gene	BUB1B	0	0	1	1	2.0
epilepsy	ENSG00000154473	ensembl_gene	BUB3	0	0	1	1	2.0
epilepsy	ENSG00000108561	ensembl_gene	C1QBP	0	0	1	1	2.0
epilepsy	ENSG00000231543	ensembl_gene	C2	0	0	1	1	2.0
epilepsy	ENSG00000168014	ensembl_gene	C2CD3	0	0	1	1	2.0
epilepsy	ENSG00000125730	ensembl_gene	C3	0	0	1	1	2.0
epilepsy	ENSG00000113600	ensembl_gene	C9	0	0	1	1	2.0
epilepsy	ENSG00000147894	ensembl_gene	C9orf72	0	0	1	1	2.0
epilepsy	ENSG00000104267	ensembl_gene	CA2	0	0	1	1	2.0
epilepsy	ENSG00000174990	ensembl_gene	CA5A	0	0	1	1	2.0
epilepsy	ENSG00000178538	ensembl_gene	CA8	0	0	1	1	2.0
epilepsy	ENSG00000167791	ensembl_gene	CABP2	0	0	1	1	2.0
epilepsy	ENSG00000196557	ensembl_gene	CACNA1H	0	0	1	1	2.0
epilepsy	ENSG00000157445	ensembl_gene	CACNA2D3	0	0	1	1	2.0
epilepsy	ENSG00000165995	ensembl_gene	CACNB2	0	0	1	1	2.0
epilepsy	ENSG00000182389	ensembl_gene	CACNB4	0	0	1	1	2.0
epilepsy	ENSG00000166862	ensembl_gene	CACNG2	0	0	1	1	2.0
epilepsy	ENSG00000198668	ensembl_gene	CALM1	0	0	1	1	2.0
epilepsy	ENSG00000143933	ensembl_gene	CALM2	0	0	1	1	2.0
epilepsy	ENSG00000160014	ensembl_gene	CALM3	0	0	1	1	2.0
epilepsy	ENSG00000269058	ensembl_gene	CALR3	0	0	1	1	2.0
epilepsy	ENSG00000143919	ensembl_gene	CAMKMT	0	0	1	1	2.0
epilepsy	ENSG00000171302	ensembl_gene	CANT1	0	0	1	1	2.0
epilepsy	ENSG00000092529	ensembl_gene	CAPN3	0	0	1	1	2.0
epilepsy	ENSG00000187796	ensembl_gene	CARD9	0	0	1	1	2.0
epilepsy	ENSG00000278191	ensembl_gene	CARS1	0	0	1	1	2.0
epilepsy	ENSG00000143318	ensembl_gene	CASQ1	0	0	1	1	2.0
epilepsy	ENSG00000118729	ensembl_gene	CASQ2	0	0	1	1	2.0
epilepsy	ENSG00000036828	ensembl_gene	CASR	0	0	1	1	2.0
epilepsy	ENSG00000166762	ensembl_gene	CATSPER2	0	0	1	1	2.0
epilepsy	ENSG00000105971	ensembl_gene	CAV2	0	0	1	1	2.0
epilepsy	ENSG00000182533	ensembl_gene	CAV3	0	0	1	1	2.0
epilepsy	ENSG00000177469	ensembl_gene	CAVIN1	0	0	1	1	2.0
epilepsy	ENSG00000067955	ensembl_gene	CBFB	0	0	1	1	2.0
epilepsy	ENSG00000110395	ensembl_gene	CBL	0	0	1	1	2.0
epilepsy	ENSG00000160200	ensembl_gene	CBS	0	0	1	1	2.0
epilepsy	ENSG00000288293	ensembl_gene	CC2D1A	0	0	1	1	2.0
epilepsy	ENSG00000183287	ensembl_gene	CCBE1	0	0	1	1	2.0
epilepsy	ENSG00000154781	ensembl_gene	CCDC174	0	0	1	1	2.0
epilepsy	ENSG00000152492	ensembl_gene	CCDC50	0	0	1	1	2.0
epilepsy	ENSG00000162004	ensembl_gene	CCDC78	0	0	1	1	2.0
epilepsy	ENSG00000169515	ensembl_gene	CCDC8	0	0	1	1	2.0
epilepsy	ENSG00000197651	ensembl_gene	CCER1	0	0	1	1	2.0
epilepsy	ENSG00000112761	ensembl_gene	CCN6	0	0	1	1	2.0
epilepsy	ENSG00000110092	ensembl_gene	CCND1	0	0	1	1	2.0
epilepsy	ENSG00000105219	ensembl_gene	CCNP	0	0	1	1	2.0
epilepsy	ENSG00000262919	ensembl_gene	CCNQ	0	0	1	1	2.0
epilepsy	ENSG00000163823	ensembl_gene	CCR1	0	0	1	1	2.0
epilepsy	ENSG00000166226	ensembl_gene	CCT2	0	0	1	1	2.0
epilepsy	ENSG00000150753	ensembl_gene	CCT5	0	0	1	1	2.0
epilepsy	ENSG00000135535	ensembl_gene	CD164	0	0	1	1	2.0
epilepsy	ENSG00000198821	ensembl_gene	CD247	0	0	1	1	2.0
epilepsy	ENSG00000167775	ensembl_gene	CD320	0	0	1	1	2.0
epilepsy	ENSG00000135218	ensembl_gene	CD36	0	0	1	1	2.0
epilepsy	ENSG00000167286	ensembl_gene	CD3D	0	0	1	1	2.0
epilepsy	ENSG00000198851	ensembl_gene	CD3E	0	0	1	1	2.0
epilepsy	ENSG00000160654	ensembl_gene	CD3G	0	0	1	1	2.0
epilepsy	ENSG00000101017	ensembl_gene	CD40	0	0	1	1	2.0
epilepsy	ENSG00000102245	ensembl_gene	CD40LG	0	0	1	1	2.0
epilepsy	ENSG00000153563	ensembl_gene	CD8A	0	0	1	1	2.0
epilepsy	ENSG00000153283	ensembl_gene	CD96	0	0	1	1	2.0
epilepsy	ENSG00000140326	ensembl_gene	CDAN1	0	0	1	1	2.0
epilepsy	ENSG00000079335	ensembl_gene	CDC14A	0	0	1	1	2.0
epilepsy	ENSG00000070831	ensembl_gene	CDC42	0	0	1	1	2.0
epilepsy	ENSG00000093009	ensembl_gene	CDC45	0	0	1	1	2.0
epilepsy	ENSG00000094804	ensembl_gene	CDC6	0	0	1	1	2.0
epilepsy	ENSG00000144354	ensembl_gene	CDCA7	0	0	1	1	2.0
epilepsy	ENSG00000140937	ensembl_gene	CDH11	0	0	1	1	2.0
epilepsy	ENSG00000129910	ensembl_gene	CDH15	0	0	1	1	2.0
epilepsy	ENSG00000145526	ensembl_gene	CDH18	0	0	1	1	2.0
epilepsy	ENSG00000107736	ensembl_gene	CDH23	0	0	1	1	2.0
epilepsy	ENSG00000185324	ensembl_gene	CDK10	0	0	1	1	2.0
epilepsy	ENSG00000156345	ensembl_gene	CDK20	0	0	1	1	2.0
epilepsy	ENSG00000105810	ensembl_gene	CDK6	0	0	1	1	2.0
epilepsy	ENSG00000136807	ensembl_gene	CDK9	0	0	1	1	2.0
epilepsy	ENSG00000273707	ensembl_gene	CDKN1C	0	0	1	1	2.0
epilepsy	ENSG00000147889	ensembl_gene	CDKN2A	0	0	1	1	2.0
epilepsy	ENSG00000240498	ensembl_gene	CDKN2B-AS1	0	0	1	1	2.0
epilepsy	ENSG00000064309	ensembl_gene	CDON	0	0	1	1	2.0
epilepsy	ENSG00000167513	ensembl_gene	CDT1	0	0	1	1	2.0
epilepsy	ENSG00000113722	ensembl_gene	CDX1	0	0	1	1	2.0
epilepsy	ENSG00000213892	ensembl_gene	CEACAM16	0	0	1	1	2.0
epilepsy	ENSG00000092067	ensembl_gene	CEBPE	0	0	1	1	2.0
epilepsy	ENSG00000138778	ensembl_gene	CENPE	0	0	1	1	2.0
epilepsy	ENSG00000116198	ensembl_gene	CEP104	0	0	1	1	2.0
epilepsy	ENSG00000168944	ensembl_gene	CEP120	0	0	1	1	2.0
epilepsy	ENSG00000174799	ensembl_gene	CEP135	0	0	1	1	2.0
epilepsy	ENSG00000103995	ensembl_gene	CEP152	0	0	1	1	2.0
epilepsy	ENSG00000110274	ensembl_gene	CEP164	0	0	1	1	2.0
epilepsy	ENSG00000174007	ensembl_gene	CEP19	0	0	1	1	2.0
epilepsy	ENSG00000198707	ensembl_gene	CEP290	0	0	1	1	2.0
epilepsy	ENSG00000106477	ensembl_gene	CEP41	0	0	1	1	2.0
epilepsy	ENSG00000138180	ensembl_gene	CEP55	0	0	1	1	2.0
epilepsy	ENSG00000166037	ensembl_gene	CEP57	0	0	1	1	2.0
epilepsy	ENSG00000182923	ensembl_gene	CEP63	0	0	1	1	2.0
epilepsy	ENSG00000148019	ensembl_gene	CEP78	0	0	1	1	2.0
epilepsy	ENSG00000173588	ensembl_gene	CEP83	0	0	1	1	2.0
epilepsy	ENSG00000121289	ensembl_gene	CEP89	0	0	1	1	2.0
epilepsy	ENSG00000182504	ensembl_gene	CEP97	0	0	1	1	2.0
epilepsy	ENSG00000188452	ensembl_gene	CERKL	0	0	1	1	2.0
epilepsy	ENSG00000143418	ensembl_gene	CERS2	0	0	1	1	2.0
epilepsy	ENSG00000154227	ensembl_gene	CERS3	0	0	1	1	2.0
epilepsy	ENSG00000156172	ensembl_gene	CFAP418	0	0	1	1	2.0
epilepsy	ENSG00000000971	ensembl_gene	CFH	0	0	1	1	2.0
epilepsy	ENSG00000244414	ensembl_gene	CFHR1	0	0	1	1	2.0
epilepsy	ENSG00000080910	ensembl_gene	CFHR2	0	0	1	1	2.0
epilepsy	ENSG00000116785	ensembl_gene	CFHR3	0	0	1	1	2.0
epilepsy	ENSG00000205403	ensembl_gene	CFI	0	0	1	1	2.0
epilepsy	ENSG00000165410	ensembl_gene	CFL2	0	0	1	1	2.0
epilepsy	ENSG00000001626	ensembl_gene	CFTR	0	0	1	1	2.0
epilepsy	ENSG00000198824	ensembl_gene	CHAMP1	0	0	1	1	2.0
epilepsy	ENSG00000070748	ensembl_gene	CHAT	0	0	1	1	2.0
epilepsy	ENSG00000273607	ensembl_gene	CHCHD10	0	0	1	1	2.0
epilepsy	ENSG00000106153	ensembl_gene	CHCHD2	0	0	1	1	2.0
epilepsy	ENSG00000171316	ensembl_gene	CHD7	0	0	1	1	2.0
epilepsy	ENSG00000100888	ensembl_gene	CHD8	0	0	1	1	2.0
epilepsy	ENSG00000085872	ensembl_gene	CHERP	0	0	1	1	2.0
epilepsy	ENSG00000133048	ensembl_gene	CHI3L1	0	0	1	1	2.0
epilepsy	ENSG00000100288	ensembl_gene	CHKB	0	0	1	1	2.0
epilepsy	ENSG00000134121	ensembl_gene	CHL1	0	0	1	1	2.0
epilepsy	ENSG00000131165	ensembl_gene	CHMP1A	0	0	1	1	2.0
epilepsy	ENSG00000083937	ensembl_gene	CHMP2B	0	0	1	1	2.0
epilepsy	ENSG00000138435	ensembl_gene	CHRNA1	0	0	1	1	2.0
epilepsy	ENSG00000175344	ensembl_gene	CHRNA7	0	0	1	1	2.0
epilepsy	ENSG00000283946	ensembl_gene	CHRNB1	0	0	1	1	2.0
epilepsy	ENSG00000135902	ensembl_gene	CHRND	0	0	1	1	2.0
epilepsy	ENSG00000108556	ensembl_gene	CHRNE	0	0	1	1	2.0
epilepsy	ENSG00000196811	ensembl_gene	CHRNG	0	0	1	1	2.0
epilepsy	ENSG00000169105	ensembl_gene	CHST14	0	0	1	1	2.0
epilepsy	ENSG00000183196	ensembl_gene	CHST6	0	0	1	1	2.0
epilepsy	ENSG00000136425	ensembl_gene	CIB2	0	0	1	1	2.0
epilepsy	ENSG00000179583	ensembl_gene	CIITA	0	0	1	1	2.0
epilepsy	ENSG00000112144	ensembl_gene	CILK1	0	0	1	1	2.0
epilepsy	ENSG00000145354	ensembl_gene	CISD2	0	0	1	1	2.0
epilepsy	ENSG00000122966	ensembl_gene	CIT	0	0	1	1	2.0
epilepsy	ENSG00000148337	ensembl_gene	CIZ1	0	0	1	1	2.0
epilepsy	ENSG00000169607	ensembl_gene	CKAP2L	0	0	1	1	2.0
epilepsy	ENSG00000175505	ensembl_gene	CLCF1	0	0	1	1	2.0
epilepsy	ENSG00000188037	ensembl_gene	CLCN1	0	0	1	1	2.0
epilepsy	ENSG00000114859	ensembl_gene	CLCN2	0	0	1	1	2.0
epilepsy	ENSG00000171365	ensembl_gene	CLCN5	0	0	1	1	2.0
epilepsy	ENSG00000186510	ensembl_gene	CLCNKA	0	0	1	1	2.0
epilepsy	ENSG00000184908	ensembl_gene	CLCNKB	0	0	1	1	2.0
epilepsy	ENSG00000159261	ensembl_gene	CLDN14	0	0	1	1	2.0
epilepsy	ENSG00000113946	ensembl_gene	CLDN16	0	0	1	1	2.0
epilepsy	ENSG00000164007	ensembl_gene	CLDN19	0	0	1	1	2.0
epilepsy	ENSG00000213937	ensembl_gene	CLDN9	0	0	1	1	2.0
epilepsy	ENSG00000172243	ensembl_gene	CLEC7A	0	0	1	1	2.0
epilepsy	ENSG00000155962	ensembl_gene	CLIC2	0	0	1	1	2.0
epilepsy	ENSG00000112782	ensembl_gene	CLIC5	0	0	1	1	2.0
epilepsy	ENSG00000130779	ensembl_gene	CLIP1	0	0	1	1	2.0
epilepsy	ENSG00000166250	ensembl_gene	CLMP	0	0	1	1	2.0
epilepsy	ENSG00000172409	ensembl_gene	CLP1	0	0	1	1	2.0
epilepsy	ENSG00000125656	ensembl_gene	CLPP	0	0	1	1	2.0
epilepsy	ENSG00000163646	ensembl_gene	CLRN1	0	0	1	1	2.0
epilepsy	ENSG00000122705	ensembl_gene	CLTA	0	0	1	1	2.0
epilepsy	23059	unknown_namespace	CLUAP1	0	0	1	1	2.0
epilepsy	ENSG00000198515	ensembl_gene	CNGA1	0	0	1	1	2.0
epilepsy	ENSG00000070729	ensembl_gene	CNGB1	0	0	1	1	2.0
epilepsy	ENSG00000170289	ensembl_gene	CNGB3	0	0	1	1	2.0
epilepsy	ENSG00000142675	ensembl_gene	CNKSR1	0	0	1	1	2.0
epilepsy	ENSG00000158158	ensembl_gene	CNNM4	0	0	1	1	2.0
epilepsy	ENSG00000018236	ensembl_gene	CNTN1	0	0	1	1	2.0
epilepsy	ENSG00000184144	ensembl_gene	CNTN2	0	0	1	1	2.0
epilepsy	ENSG00000144619	ensembl_gene	CNTN4	0	0	1	1	2.0
epilepsy	ENSG00000134115	ensembl_gene	CNTN6	0	0	1	1	2.0
epilepsy	ENSG00000183978	ensembl_gene	COA3	0	0	1	1	2.0
epilepsy	ENSG00000181924	ensembl_gene	COA4	0	0	1	1	2.0
epilepsy	ENSG00000183513	ensembl_gene	COA5	0	0	1	1	2.0
epilepsy	ENSG00000162377	ensembl_gene	COA7	0	0	1	1	2.0
epilepsy	ENSG00000256053	ensembl_gene	COA8	0	0	1	1	2.0
epilepsy	ENSG00000068120	ensembl_gene	COASY	0	0	1	1	2.0
epilepsy	ENSG00000100473	ensembl_gene	COCH	0	0	1	1	2.0
epilepsy	ENSG00000166685	ensembl_gene	COG1	0	0	1	1	2.0
epilepsy	ENSG00000135775	ensembl_gene	COG2	0	0	1	1	2.0
epilepsy	ENSG00000164597	ensembl_gene	COG5	0	0	1	1	2.0
epilepsy	ENSG00000060718	ensembl_gene	COL11A1	0	0	1	1	2.0
epilepsy	ENSG00000230930	ensembl_gene	COL11A2	0	0	1	1	2.0
epilepsy	ENSG00000111799	ensembl_gene	COL12A1	0	0	1	1	2.0
epilepsy	ENSG00000197467	ensembl_gene	COL13A1	0	0	1	1	2.0
epilepsy	ENSG00000065618	ensembl_gene	COL17A1	0	0	1	1	2.0
epilepsy	ENSG00000108821	ensembl_gene	COL1A1	0	0	1	1	2.0
epilepsy	ENSG00000164692	ensembl_gene	COL1A2	0	0	1	1	2.0
epilepsy	ENSG00000188517	ensembl_gene	COL25A1	0	0	1	1	2.0
epilepsy	ENSG00000160963	ensembl_gene	COL26A1	0	0	1	1	2.0
epilepsy	ENSG00000139219	ensembl_gene	COL2A1	0	0	1	1	2.0
epilepsy	ENSG00000169031	ensembl_gene	COL4A3	0	0	1	1	2.0
epilepsy	ENSG00000081052	ensembl_gene	COL4A4	0	0	1	1	2.0
epilepsy	ENSG00000188153	ensembl_gene	COL4A5	0	0	1	1	2.0
epilepsy	ENSG00000197565	ensembl_gene	COL4A6	0	0	1	1	2.0
epilepsy	ENSG00000130635	ensembl_gene	COL5A1	0	0	1	1	2.0
epilepsy	ENSG00000204262	ensembl_gene	COL5A2	0	0	1	1	2.0
epilepsy	ENSG00000142156	ensembl_gene	COL6A1	0	0	1	1	2.0
epilepsy	ENSG00000142173	ensembl_gene	COL6A2	0	0	1	1	2.0
epilepsy	ENSG00000163359	ensembl_gene	COL6A3	0	0	1	1	2.0
epilepsy	ENSG00000114270	ensembl_gene	COL7A1	0	0	1	1	2.0
epilepsy	ENSG00000112280	ensembl_gene	COL9A1	0	0	1	1	2.0
epilepsy	ENSG00000049089	ensembl_gene	COL9A2	0	0	1	1	2.0
epilepsy	ENSG00000184374	ensembl_gene	COLEC10	0	0	1	1	2.0
epilepsy	ENSG00000118004	ensembl_gene	COLEC11	0	0	1	1	2.0
epilepsy	ENSG00000130309	ensembl_gene	COLGALT1	0	0	1	1	2.0
epilepsy	ENSG00000206561	ensembl_gene	COLQ	0	0	1	1	2.0
epilepsy	ENSG00000093010	ensembl_gene	COMT	0	0	1	1	2.0
epilepsy	ENSG00000184432	ensembl_gene	COPB2	0	0	1	1	2.0
epilepsy	ENSG00000110871	ensembl_gene	COQ5	0	0	1	1	2.0
epilepsy	ENSG00000167186	ensembl_gene	COQ7	0	0	1	1	2.0
epilepsy	ENSG00000123815	ensembl_gene	COQ8B	0	0	1	1	2.0
epilepsy	ENSG00000102879	ensembl_gene	CORO1A	0	0	1	1	2.0
epilepsy	ENSG00000178449	ensembl_gene	COX14	0	0	1	1	2.0
epilepsy	ENSG00000138495	ensembl_gene	COX17	0	0	1	1	2.0
epilepsy	ENSG00000240230	ensembl_gene	COX19	0	0	1	1	2.0
epilepsy	ENSG00000203667	ensembl_gene	COX20	0	0	1	1	2.0
epilepsy	ENSG00000131143	ensembl_gene	COX4I1	0	0	1	1	2.0
epilepsy	ENSG00000131055	ensembl_gene	COX4I2	0	0	1	1	2.0
epilepsy	ENSG00000178741	ensembl_gene	COX5A	0	0	1	1	2.0
epilepsy	ENSG00000126267	ensembl_gene	COX6B1	0	0	1	1	2.0
epilepsy	ENSG00000160471	ensembl_gene	COX6B2	0	0	1	1	2.0
epilepsy	ENSG00000161281	ensembl_gene	COX7A1	0	0	1	1	2.0
epilepsy	ENSG00000131174	ensembl_gene	COX7B	0	0	1	1	2.0
epilepsy	ENSG00000176340	ensembl_gene	COX8A	0	0	1	1	2.0
epilepsy	ENSG00000189043	ensembl_gene	COXFA4	0	0	1	1	2.0
epilepsy	ENSG00000165078	ensembl_gene	CPA6	0	0	1	1	2.0
epilepsy	ENSG00000151849	ensembl_gene	CPAP	0	0	1	1	2.0
epilepsy	ENSG00000109472	ensembl_gene	CPE	0	0	1	1	2.0
epilepsy	ENSG00000197603	ensembl_gene	CPLANE1	0	0	1	1	2.0
epilepsy	ENSG00000080819	ensembl_gene	CPOX	0	0	1	1	2.0
epilepsy	ENSG00000021826	ensembl_gene	CPS1	0	0	1	1	2.0
epilepsy	ENSG00000110090	ensembl_gene	CPT1A	0	0	1	1	2.0
epilepsy	ENSG00000205560	ensembl_gene	CPT1B	0	0	1	1	2.0
epilepsy	ENSG00000169169	ensembl_gene	CPT1C	0	0	1	1	2.0
epilepsy	ENSG00000148204	ensembl_gene	CRB2	0	0	1	1	2.0
epilepsy	ENSG00000113851	ensembl_gene	CRBN	0	0	1	1	2.0
epilepsy	ENSG00000157613	ensembl_gene	CREB3L1	0	0	1	1	2.0
epilepsy	ENSG00000147571	ensembl_gene	CRH	0	0	1	1	2.0
epilepsy	ENSG00000276191	ensembl_gene	CRHR1	0	0	1	1	2.0
epilepsy	ENSG00000119878	ensembl_gene	CRIPT	0	0	1	1	2.0
epilepsy	ENSG00000241186	ensembl_gene	CRIPTO	0	0	1	1	2.0
epilepsy	ENSG00000099942	ensembl_gene	CRKL	0	0	1	1	2.0
epilepsy	ENSG00000006016	ensembl_gene	CRLF1	0	0	1	1	2.0
epilepsy	ENSG00000170275	ensembl_gene	CRTAP	0	0	1	1	2.0
epilepsy	ENSG00000109846	ensembl_gene	CRYAB	0	0	1	1	2.0
epilepsy	ENSG00000168582	ensembl_gene	CRYGA	0	0	1	1	2.0
epilepsy	ENSG00000103316	ensembl_gene	CRYM	0	0	1	1	2.0
epilepsy	ENSG00000009307	ensembl_gene	CSDE1	0	0	1	1	2.0
epilepsy	ENSG00000292357	ensembl_gene	CSF2RA	0	0	1	1	2.0
epilepsy	ENSG00000119535	ensembl_gene	CSF3R	0	0	1	1	2.0
epilepsy	ENSG00000183117	ensembl_gene	CSMD1	0	0	1	1	2.0
epilepsy	ENSG00000121904	ensembl_gene	CSMD2	0	0	1	1	2.0
epilepsy	ENSG00000104218	ensembl_gene	CSPP1	0	0	1	1	2.0
epilepsy	ENSG00000129170	ensembl_gene	CSRP3	0	0	1	1	2.0
epilepsy	ENSG00000159692	ensembl_gene	CTBP1	0	0	1	1	2.0
epilepsy	ENSG00000178971	ensembl_gene	CTC1	0	0	1	1	2.0
epilepsy	ENSG00000102974	ensembl_gene	CTCF	0	0	1	1	2.0
epilepsy	ENSG00000060069	ensembl_gene	CTDP1	0	0	1	1	2.0
epilepsy	ENSG00000150281	ensembl_gene	CTF1	0	0	1	1	2.0
epilepsy	ENSG00000116761	ensembl_gene	CTH	0	0	1	1	2.0
epilepsy	ENSG00000163599	ensembl_gene	CTLA4	0	0	1	1	2.0
epilepsy	ENSG00000183230	ensembl_gene	CTNNA3	0	0	1	1	2.0
epilepsy	ENSG00000168036	ensembl_gene	CTNNB1	0	0	1	1	2.0
epilepsy	ENSG00000169862	ensembl_gene	CTNND2	0	0	1	1	2.0
epilepsy	ENSG00000040531	ensembl_gene	CTNS	0	0	1	1	2.0
epilepsy	ENSG00000198730	ensembl_gene	CTR9	0	0	1	1	2.0
epilepsy	ENSG00000064601	ensembl_gene	CTSA	0	0	1	1	2.0
epilepsy	ENSG00000164733	ensembl_gene	CTSB	0	0	1	1	2.0
epilepsy	ENSG00000109861	ensembl_gene	CTSC	0	0	1	1	2.0
epilepsy	ENSG00000103811	ensembl_gene	CTSH	0	0	1	1	2.0
epilepsy	ENSG00000143387	ensembl_gene	CTSK	0	0	1	1	2.0
epilepsy	ENSG00000077063	ensembl_gene	CTTNBP2	0	0	1	1	2.0
epilepsy	ENSG00000044090	ensembl_gene	CUL7	0	0	1	1	2.0
epilepsy	ENSG00000257923	ensembl_gene	CUX1	0	0	1	1	2.0
epilepsy	ENSG00000153015	ensembl_gene	CWC27	0	0	1	1	2.0
epilepsy	ENSG00000180871	ensembl_gene	CXCR2	0	0	1	1	2.0
epilepsy	ENSG00000121966	ensembl_gene	CXCR4	0	0	1	1	2.0
epilepsy	ENSG00000100243	ensembl_gene	CYB5R3	0	0	1	1	2.0
epilepsy	ENSG00000051523	ensembl_gene	CYBA	0	0	1	1	2.0
epilepsy	ENSG00000165168	ensembl_gene	CYBB	0	0	1	1	2.0
epilepsy	ENSG00000179091	ensembl_gene	CYC1	0	0	1	1	2.0
epilepsy	ENSG00000140459	ensembl_gene	CYP11A1	0	0	1	1	2.0
epilepsy	ENSG00000160882	ensembl_gene	CYP11B1	0	0	1	1	2.0
epilepsy	ENSG00000148795	ensembl_gene	CYP17A1	0	0	1	1	2.0
epilepsy	ENSG00000138061	ensembl_gene	CYP1B1	0	0	1	1	2.0
epilepsy	ENSG00000235134	ensembl_gene	CYP21A2	0	0	1	1	2.0
epilepsy	ENSG00000019186	ensembl_gene	CYP24A1	0	0	1	1	2.0
epilepsy	ENSG00000111012	ensembl_gene	CYP27B1	0	0	1	1	2.0
epilepsy	ENSG00000138109	ensembl_gene	CYP2C9	0	0	1	1	2.0
epilepsy	ENSG00000186104	ensembl_gene	CYP2R1	0	0	1	1	2.0
epilepsy	ENSG00000155016	ensembl_gene	CYP2U1	0	0	1	1	2.0
epilepsy	ENSG00000171954	ensembl_gene	CYP4F22	0	0	1	1	2.0
epilepsy	ENSG00000001630	ensembl_gene	CYP51A1	0	0	1	1	2.0
epilepsy	ENSG00000167910	ensembl_gene	CYP7A1	0	0	1	1	2.0
epilepsy	ENSG00000172817	ensembl_gene	CYP7B1	0	0	1	1	2.0
epilepsy	ENSG00000146122	ensembl_gene	DAAM2	0	0	1	1	2.0
epilepsy	ENSG00000178149	ensembl_gene	DALRD3	0	0	1	1	2.0
epilepsy	ENSG00000110887	ensembl_gene	DAO	0	0	1	1	2.0
epilepsy	ENSG00000182346	ensembl_gene	DAOA	0	0	1	1	2.0
epilepsy	ENSG00000115866	ensembl_gene	DARS1	0	0	1	1	2.0
epilepsy	ENSG00000117593	ensembl_gene	DARS2	0	0	1	1	2.0
epilepsy	ENSG00000123454	ensembl_gene	DBH	0	0	1	1	2.0
epilepsy	ENSG00000138231	ensembl_gene	DBR1	0	0	1	1	2.0
epilepsy	ENSG00000115827	ensembl_gene	DCAF17	0	0	1	1	2.0
epilepsy	ENSG00000187323	ensembl_gene	DCC	0	0	1	1	2.0
epilepsy	ENSG00000170959	ensembl_gene	DCDC1	0	0	1	1	2.0
epilepsy	ENSG00000146038	ensembl_gene	DCDC2	0	0	1	1	2.0
epilepsy	ENSG00000152457	ensembl_gene	DCLRE1C	0	0	1	1	2.0
epilepsy	ENSG00000204843	ensembl_gene	DCTN1	0	0	1	1	2.0
epilepsy	ENSG00000134574	ensembl_gene	DDB2	0	0	1	1	2.0
epilepsy	ENSG00000100523	ensembl_gene	DDHD1	0	0	1	1	2.0
epilepsy	ENSG00000085788	ensembl_gene	DDHD2	0	0	1	1	2.0
epilepsy	ENSG00000244038	ensembl_gene	DDOST	0	0	1	1	2.0
epilepsy	ENSG00000162733	ensembl_gene	DDR2	0	0	1	1	2.0
epilepsy	ENSG00000013573	ensembl_gene	DDX11	0	0	1	1	2.0
epilepsy	ENSG00000023892	ensembl_gene	DEF6	0	0	1	1	2.0
epilepsy	ENSG00000175084	ensembl_gene	DES	0	0	1	1	2.0
epilepsy	ENSG00000062282	ensembl_gene	DGAT2	0	0	1	1	2.0
epilepsy	ENSG00000077044	ensembl_gene	DGKD	0	0	1	1	2.0
epilepsy	ENSG00000149091	ensembl_gene	DGKZ	0	0	1	1	2.0
epilepsy	ENSG00000114956	ensembl_gene	DGUOK	0	0	1	1	2.0
epilepsy	ENSG00000172893	ensembl_gene	DHCR7	0	0	1	1	2.0
epilepsy	ENSG00000178700	ensembl_gene	DHFR2	0	0	1	1	2.0
epilepsy	ENSG00000102967	ensembl_gene	DHODH	0	0	1	1	2.0
epilepsy	ENSG00000089876	ensembl_gene	DHX32	0	0	1	1	2.0
epilepsy	ENSG00000184047	ensembl_gene	DIABLO	0	0	1	1	2.0
epilepsy	ENSG00000139734	ensembl_gene	DIAPH3	0	0	1	1	2.0
epilepsy	ENSG00000066084	ensembl_gene	DIP2B	0	0	1	1	2.0
epilepsy	ENSG00000144535	ensembl_gene	DIS3L2	0	0	1	1	2.0
epilepsy	ENSG00000154309	ensembl_gene	DISP1	0	0	1	1	2.0
epilepsy	ENSG00000130826	ensembl_gene	DKC1	0	0	1	1	2.0
epilepsy	ENSG00000150768	ensembl_gene	DLAT	0	0	1	1	2.0
epilepsy	ENSG00000091140	ensembl_gene	DLD	0	0	1	1	2.0
epilepsy	ENSG00000075711	ensembl_gene	DLG1	0	0	1	1	2.0
epilepsy	ENSG00000150672	ensembl_gene	DLG2	0	0	1	1	2.0
epilepsy	ENSG00000082458	ensembl_gene	DLG3	0	0	1	1	2.0
epilepsy	ENSG00000198010	ensembl_gene	DLGAP2	0	0	1	1	2.0
epilepsy	ENSG00000128917	ensembl_gene	DLL4	0	0	1	1	2.0
epilepsy	ENSG00000064195	ensembl_gene	DLX3	0	0	1	1	2.0
epilepsy	ENSG00000105880	ensembl_gene	DLX5	0	0	1	1	2.0
epilepsy	ENSG00000006377	ensembl_gene	DLX6	0	0	1	1	2.0
epilepsy	ENSG00000197587	ensembl_gene	DMBX1	0	0	1	1	2.0
epilepsy	ENSG00000198947	ensembl_gene	DMD	0	0	1	1	2.0
epilepsy	ENSG00000152592	ensembl_gene	DMP1	0	0	1	1	2.0
epilepsy	ENSG00000137090	ensembl_gene	DMRT1	0	0	1	1	2.0
epilepsy	ENSG00000173253	ensembl_gene	DMRT2	0	0	1	1	2.0
epilepsy	ENSG00000138346	ensembl_gene	DNA2	0	0	1	1	2.0
epilepsy	ENSG00000167646	ensembl_gene	DNAAF3	0	0	1	1	2.0
epilepsy	ENSG00000256061	ensembl_gene	DNAAF4	0	0	1	1	2.0
epilepsy	ENSG00000124721	ensembl_gene	DNAH8	0	0	1	1	2.0
epilepsy	ENSG00000135924	ensembl_gene	DNAJB2	0	0	1	1	2.0
epilepsy	ENSG00000108176	ensembl_gene	DNAJC12	0	0	1	1	2.0
epilepsy	ENSG00000138246	ensembl_gene	DNAJC13	0	0	1	1	2.0
epilepsy	ENSG00000104129	ensembl_gene	DNAJC17	0	0	1	1	2.0
epilepsy	ENSG00000205981	ensembl_gene	DNAJC19	0	0	1	1	2.0
epilepsy	ENSG00000102580	ensembl_gene	DNAJC3	0	0	1	1	2.0
epilepsy	ENSG00000213918	ensembl_gene	DNASE1	0	0	1	1	2.0
epilepsy	ENSG00000163687	ensembl_gene	DNASE1L3	0	0	1	1	2.0
epilepsy	ENSG00000105612	ensembl_gene	DNASE2	0	0	1	1	2.0
epilepsy	ENSG00000079805	ensembl_gene	DNM2	0	0	1	1	2.0
epilepsy	ENSG00000197959	ensembl_gene	DNM3	0	0	1	1	2.0
epilepsy	ENSG00000130816	ensembl_gene	DNMT1	0	0	1	1	2.0
epilepsy	ENSG00000088305	ensembl_gene	DNMT3B	0	0	1	1	2.0
epilepsy	ENSG00000088538	ensembl_gene	DOCK3	0	0	1	1	2.0
epilepsy	ENSG00000130158	ensembl_gene	DOCK6	0	0	1	1	2.0
epilepsy	ENSG00000107099	ensembl_gene	DOCK8	0	0	1	1	2.0
epilepsy	ENSG00000175920	ensembl_gene	DOK7	0	0	1	1	2.0
epilepsy	ENSG00000159147	ensembl_gene	DONSON	0	0	1	1	2.0
epilepsy	ENSG00000133884	ensembl_gene	DPF2	0	0	1	1	2.0
epilepsy	ENSG00000108963	ensembl_gene	DPH1	0	0	1	1	2.0
epilepsy	ENSG00000130226	ensembl_gene	DPP6	0	0	1	1	2.0
epilepsy	ENSG00000147647	ensembl_gene	DPYS	0	0	1	1	2.0
epilepsy	ENSG00000157851	ensembl_gene	DPYSL5	0	0	1	1	2.0
epilepsy	ENSG00000141013	ensembl_gene	DRC4	0	0	1	1	2.0
epilepsy	ENSG00000102385	ensembl_gene	DRP2	0	0	1	1	2.0
epilepsy	ENSG00000134755	ensembl_gene	DSC2	0	0	1	1	2.0
epilepsy	ENSG00000171587	ensembl_gene	DSCAM	0	0	1	1	2.0
epilepsy	ENSG00000177103	ensembl_gene	DSCAML1	0	0	1	1	2.0
epilepsy	ENSG00000046604	ensembl_gene	DSG2	0	0	1	1	2.0
epilepsy	ENSG00000096696	ensembl_gene	DSP	0	0	1	1	2.0
epilepsy	ENSG00000152591	ensembl_gene	DSPP	0	0	1	1	2.0
epilepsy	ENSG00000197057	ensembl_gene	DTHD1	0	0	1	1	2.0
epilepsy	ENSG00000134769	ensembl_gene	DTNA	0	0	1	1	2.0
epilepsy	ENSG00000047579	ensembl_gene	DTNBP1	0	0	1	1	2.0
epilepsy	ENSG00000140274	ensembl_gene	DUOXA2	0	0	1	1	2.0
epilepsy	ENSG00000139318	ensembl_gene	DUSP6	0	0	1	1	2.0
epilepsy	ENSG00000107404	ensembl_gene	DVL1	0	0	1	1	2.0
epilepsy	ENSG00000161202	ensembl_gene	DVL3	0	0	1	1	2.0
epilepsy	ENSG00000158560	ensembl_gene	DYNC1I1	0	0	1	1	2.0
epilepsy	ENSG00000292102	ensembl_gene	DYNC1I2	0	0	1	1	2.0
epilepsy	ENSG00000119333	ensembl_gene	DYNC2I2	0	0	1	1	2.0
epilepsy	ENSG00000135636	ensembl_gene	DYSF	0	0	1	1	2.0
epilepsy	ENSG00000147155	ensembl_gene	EBP	0	0	1	1	2.0
epilepsy	ENSG00000117298	ensembl_gene	ECE1	0	0	1	1	2.0
epilepsy	ENSG00000171551	ensembl_gene	ECEL1	0	0	1	1	2.0
epilepsy	ENSG00000158813	ensembl_gene	EDA	0	0	1	1	2.0
epilepsy	ENSG00000179151	ensembl_gene	EDC3	0	0	1	1	2.0
epilepsy	ENSG00000078401	ensembl_gene	EDN1	0	0	1	1	2.0
epilepsy	ENSG00000124205	ensembl_gene	EDN3	0	0	1	1	2.0
epilepsy	ENSG00000151617	ensembl_gene	EDNRA	0	0	1	1	2.0
epilepsy	ENSG00000136160	ensembl_gene	EDNRB	0	0	1	1	2.0
epilepsy	ENSG00000167658	ensembl_gene	EEF2	0	0	1	1	2.0
epilepsy	ENSG00000172638	ensembl_gene	EFEMP2	0	0	1	1	2.0
epilepsy	ENSG00000096093	ensembl_gene	EFHC1	0	0	1	1	2.0
epilepsy	ENSG00000183690	ensembl_gene	EFHC2	0	0	1	1	2.0
epilepsy	ENSG00000090776	ensembl_gene	EFNB1	0	0	1	1	2.0
epilepsy	ENSG00000125266	ensembl_gene	EFNB2	0	0	1	1	2.0
epilepsy	ENSG00000132294	ensembl_gene	EFR3A	0	0	1	1	2.0
epilepsy	ENSG00000138798	ensembl_gene	EGF	0	0	1	1	2.0
epilepsy	ENSG00000122877	ensembl_gene	EGR2	0	0	1	1	2.0
epilepsy	ENSG00000113790	ensembl_gene	EHHADH	0	0	1	1	2.0
epilepsy	ENSG00000172071	ensembl_gene	EIF2AK3	0	0	1	1	2.0
epilepsy	ENSG00000141543	ensembl_gene	EIF4A3	0	0	1	1	2.0
epilepsy	ENSG00000151247	ensembl_gene	EIF4E	0	0	1	1	2.0
epilepsy	ENSG00000114867	ensembl_gene	EIF4G1	0	0	1	1	2.0
epilepsy	ENSG00000006744	ensembl_gene	ELAC2	0	0	1	1	2.0
epilepsy	ENSG00000277571	ensembl_gene	ELANE	0	0	1	1	2.0
epilepsy	ENSG00000102034	ensembl_gene	ELF4	0	0	1	1	2.0
epilepsy	ENSG00000062598	ensembl_gene	ELMO2	0	0	1	1	2.0
epilepsy	ENSG00000179387	ensembl_gene	ELMOD2	0	0	1	1	2.0
epilepsy	ENSG00000115459	ensembl_gene	ELMOD3	0	0	1	1	2.0
epilepsy	ENSG00000049540	ensembl_gene	ELN	0	0	1	1	2.0
epilepsy	ENSG00000012660	ensembl_gene	ELOVL5	0	0	1	1	2.0
epilepsy	ENSG00000070061	ensembl_gene	ELP1	0	0	1	1	2.0
epilepsy	ENSG00000134759	ensembl_gene	ELP2	0	0	1	1	2.0
epilepsy	ENSG00000109911	ensembl_gene	ELP4	0	0	1	1	2.0
epilepsy	ENSG00000102119	ensembl_gene	EMD	0	0	1	1	2.0
epilepsy	ENSG00000126749	ensembl_gene	EMG1	0	0	1	1	2.0
epilepsy	ENSG00000170370	ensembl_gene	EMX2	0	0	1	1	2.0
epilepsy	ENSG00000164778	ensembl_gene	EN2	0	0	1	1	2.0
epilepsy	ENSG00000106991	ensembl_gene	ENG	0	0	1	1	2.0
epilepsy	ENSG00000108515	ensembl_gene	ENO3	0	0	1	1	2.0
epilepsy	ENSG00000197594	ensembl_gene	ENPP1	0	0	1	1	2.0
epilepsy	ENSG00000143420	ensembl_gene	ENSA	0	0	1	1	2.0
epilepsy	ENSG00000138185	ensembl_gene	ENTPD1	0	0	1	1	2.0
epilepsy	ENSG00000163378	ensembl_gene	EOGT	0	0	1	1	2.0
epilepsy	ENSG00000100393	ensembl_gene	EP300	0	0	1	1	2.0
epilepsy	ENSG00000088367	ensembl_gene	EPB41L1	0	0	1	1	2.0
epilepsy	ENSG00000116106	ensembl_gene	EPHA4	0	0	1	1	2.0
epilepsy	ENSG00000196411	ensembl_gene	EPHB4	0	0	1	1	2.0
epilepsy	ENSG00000120915	ensembl_gene	EPHX2	0	0	1	1	2.0
epilepsy	ENSG00000151491	ensembl_gene	EPS8	0	0	1	1	2.0
epilepsy	ENSG00000177106	ensembl_gene	EPS8L2	0	0	1	1	2.0
epilepsy	ENSG00000065361	ensembl_gene	ERBB3	0	0	1	1	2.0
epilepsy	ENSG00000178568	ensembl_gene	ERBB4	0	0	1	1	2.0
epilepsy	ENSG00000112851	ensembl_gene	ERBIN	0	0	1	1	2.0
epilepsy	ENSG00000012061	ensembl_gene	ERCC1	0	0	1	1	2.0
epilepsy	ENSG00000104884	ensembl_gene	ERCC2	0	0	1	1	2.0
epilepsy	ENSG00000163161	ensembl_gene	ERCC3	0	0	1	1	2.0
epilepsy	ENSG00000175595	ensembl_gene	ERCC4	0	0	1	1	2.0
epilepsy	ENSG00000134899	ensembl_gene	ERCC5	0	0	1	1	2.0
epilepsy	ENSG00000225830	ensembl_gene	ERCC6	0	0	1	1	2.0
epilepsy	ENSG00000049167	ensembl_gene	ERCC8	0	0	1	1	2.0
epilepsy	ENSG00000105722	ensembl_gene	ERF	0	0	1	1	2.0
epilepsy	ENSG00000107566	ensembl_gene	ERLIN1	0	0	1	1	2.0
epilepsy	ENSG00000147475	ensembl_gene	ERLIN2	0	0	1	1	2.0
epilepsy	ENSG00000171320	ensembl_gene	ESCO2	0	0	1	1	2.0
epilepsy	ENSG00000135476	ensembl_gene	ESPL1	0	0	1	1	2.0
epilepsy	ENSG00000187017	ensembl_gene	ESPN	0	0	1	1	2.0
epilepsy	ENSG00000119715	ensembl_gene	ESRRB	0	0	1	1	2.0
epilepsy	ENSG00000140374	ensembl_gene	ETFA	0	0	1	1	2.0
epilepsy	ENSG00000105379	ensembl_gene	ETFB	0	0	1	1	2.0
epilepsy	ENSG00000171503	ensembl_gene	ETFDH	0	0	1	1	2.0
epilepsy	ENSG00000253831	ensembl_gene	ETV3L	0	0	1	1	2.0
epilepsy	ENSG00000115363	ensembl_gene	EVA1A	0	0	1	1	2.0
epilepsy	ENSG00000173040	ensembl_gene	EVC2	0	0	1	1	2.0
epilepsy	ENSG00000164002	ensembl_gene	EXO5	0	0	1	1	2.0
epilepsy	ENSG00000144036	ensembl_gene	EXOC6B	0	0	1	1	2.0
epilepsy	ENSG00000116903	ensembl_gene	EXOC8	0	0	1	1	2.0
epilepsy	ENSG00000120699	ensembl_gene	EXOSC8	0	0	1	1	2.0
epilepsy	ENSG00000123737	ensembl_gene	EXOSC9	0	0	1	1	2.0
epilepsy	ENSG00000012232	ensembl_gene	EXTL3	0	0	1	1	2.0
epilepsy	ENSG00000104313	ensembl_gene	EYA1	0	0	1	1	2.0
epilepsy	ENSG00000112319	ensembl_gene	EYA4	0	0	1	1	2.0
epilepsy	ENSG00000188107	ensembl_gene	EYS	0	0	1	1	2.0
epilepsy	ENSG00000106462	ensembl_gene	EZH2	0	0	1	1	2.0
epilepsy	ENSG00000092820	ensembl_gene	EZR	0	0	1	1	2.0
epilepsy	ENSG00000180210	ensembl_gene	F2	0	0	1	1	2.0
epilepsy	ENSG00000198734	ensembl_gene	F5	0	0	1	1	2.0
epilepsy	ENSG00000101981	ensembl_gene	F9	0	0	1	1	2.0
epilepsy	ENSG00000168040	ensembl_gene	FADD	0	0	1	1	2.0
epilepsy	ENSG00000103876	ensembl_gene	FAH	0	0	1	1	2.0
epilepsy	ENSG00000166801	ensembl_gene	FAM111A	0	0	1	1	2.0
epilepsy	ENSG00000175182	ensembl_gene	FAM131A	0	0	1	1	2.0
epilepsy	ENSG00000170264	ensembl_gene	FAM161A	0	0	1	1	2.0
epilepsy	ENSG00000281429	ensembl_gene	FAM20C	0	0	1	1	2.0
epilepsy	ENSG00000187741	ensembl_gene	FANCA	0	0	1	1	2.0
epilepsy	ENSG00000181544	ensembl_gene	FANCB	0	0	1	1	2.0
epilepsy	ENSG00000158169	ensembl_gene	FANCC	0	0	1	1	2.0
epilepsy	ENSG00000144554	ensembl_gene	FANCD2	0	0	1	1	2.0
epilepsy	ENSG00000112039	ensembl_gene	FANCE	0	0	1	1	2.0
epilepsy	ENSG00000183161	ensembl_gene	FANCF	0	0	1	1	2.0
epilepsy	ENSG00000221829	ensembl_gene	FANCG	0	0	1	1	2.0
epilepsy	ENSG00000140525	ensembl_gene	FANCI	0	0	1	1	2.0
epilepsy	ENSG00000115392	ensembl_gene	FANCL	0	0	1	1	2.0
epilepsy	ENSG00000026103	ensembl_gene	FAS	0	0	1	1	2.0
epilepsy	ENSG00000169710	ensembl_gene	FASN	0	0	1	1	2.0
epilepsy	ENSG00000083857	ensembl_gene	FAT1	0	0	1	1	2.0
epilepsy	ENSG00000196159	ensembl_gene	FAT4	0	0	1	1	2.0
epilepsy	ENSG00000140092	ensembl_gene	FBLN5	0	0	1	1	2.0
epilepsy	ENSG00000166147	ensembl_gene	FBN1	0	0	1	1	2.0
epilepsy	ENSG00000138829	ensembl_gene	FBN2	0	0	1	1	2.0
epilepsy	ENSG00000142449	ensembl_gene	FBN3	0	0	1	1	2.0
epilepsy	ENSG00000165140	ensembl_gene	FBP1	0	0	1	1	2.0
epilepsy	ENSG00000005812	ensembl_gene	FBXL3	0	0	1	1	2.0
epilepsy	ENSG00000103264	ensembl_gene	FBXO31	0	0	1	1	2.0
epilepsy	ENSG00000100225	ensembl_gene	FBXO7	0	0	1	1	2.0
epilepsy	ENSG00000072803	ensembl_gene	FBXW11	0	0	1	1	2.0
epilepsy	ENSG00000107829	ensembl_gene	FBXW4	0	0	1	1	2.0
epilepsy	ENSG00000143226	ensembl_gene	FCGR2A	0	0	1	1	2.0
epilepsy	ENSG00000072694	ensembl_gene	FCGR2B	0	0	1	1	2.0
epilepsy	ENSG00000162747	ensembl_gene	FCGR3B	0	0	1	1	2.0
epilepsy	ENSG00000085265	ensembl_gene	FCN1	0	0	1	1	2.0
epilepsy	ENSG00000267673	ensembl_gene	FDX2	0	0	1	1	2.0
epilepsy	ENSG00000161513	ensembl_gene	FDXR	0	0	1	1	2.0
epilepsy	ENSG00000149781	ensembl_gene	FERMT3	0	0	1	1	2.0
epilepsy	ENSG00000128610	ensembl_gene	FEZF1	0	0	1	1	2.0
epilepsy	ENSG00000102302	ensembl_gene	FGD1	0	0	1	1	2.0
epilepsy	ENSG00000139132	ensembl_gene	FGD4	0	0	1	1	2.0
epilepsy	ENSG00000070193	ensembl_gene	FGF10	0	0	1	1	2.0
epilepsy	ENSG00000102466	ensembl_gene	FGF14	0	0	1	1	2.0
epilepsy	ENSG00000158815	ensembl_gene	FGF17	0	0	1	1	2.0
epilepsy	ENSG00000105550	ensembl_gene	FGF21	0	0	1	1	2.0
epilepsy	ENSG00000118972	ensembl_gene	FGF23	0	0	1	1	2.0
epilepsy	ENSG00000186895	ensembl_gene	FGF3	0	0	1	1	2.0
epilepsy	ENSG00000107831	ensembl_gene	FGF8	0	0	1	1	2.0
epilepsy	ENSG00000077782	ensembl_gene	FGFR1	0	0	1	1	2.0
epilepsy	ENSG00000066468	ensembl_gene	FGFR2	0	0	1	1	2.0
epilepsy	ENSG00000127418	ensembl_gene	FGFRL1	0	0	1	1	2.0
epilepsy	ENSG00000022267	ensembl_gene	FHL1	0	0	1	1	2.0
epilepsy	ENSG00000134775	ensembl_gene	FHOD3	0	0	1	1	2.0
epilepsy	ENSG00000172500	ensembl_gene	FIBP	0	0	1	1	2.0
epilepsy	ENSG00000141756	ensembl_gene	FKBP10	0	0	1	1	2.0
epilepsy	ENSG00000106080	ensembl_gene	FKBP14	0	0	1	1	2.0
epilepsy	ENSG00000160688	ensembl_gene	FLAD1	0	0	1	1	2.0
epilepsy	ENSG00000151702	ensembl_gene	FLI1	0	0	1	1	2.0
epilepsy	ENSG00000177731	ensembl_gene	FLII	0	0	1	1	2.0
epilepsy	ENSG00000136068	ensembl_gene	FLNB	0	0	1	1	2.0
epilepsy	ENSG00000128591	ensembl_gene	FLNC	0	0	1	1	2.0
epilepsy	ENSG00000126500	ensembl_gene	FLRT1	0	0	1	1	2.0
epilepsy	ENSG00000125848	ensembl_gene	FLRT3	0	0	1	1	2.0
epilepsy	ENSG00000037280	ensembl_gene	FLT4	0	0	1	1	2.0
epilepsy	ENSG00000119686	ensembl_gene	FLVCR2	0	0	1	1	2.0
epilepsy	ENSG00000248905	ensembl_gene	FMN1	0	0	1	1	2.0
epilepsy	ENSG00000155816	ensembl_gene	FMN2	0	0	1	1	2.0
epilepsy	ENSG00000007933	ensembl_gene	FMO3	0	0	1	1	2.0
epilepsy	ENSG00000102081	ensembl_gene	FMR1	0	0	1	1	2.0
epilepsy	ENSG00000217128	ensembl_gene	FNIP1	0	0	1	1	2.0
epilepsy	ENSG00000125798	ensembl_gene	FOXA2	0	0	1	1	2.0
epilepsy	ENSG00000176692	ensembl_gene	FOXC2	0	0	1	1	2.0
epilepsy	ENSG00000186790	ensembl_gene	FOXE3	0	0	1	1	2.0
epilepsy	ENSG00000160973	ensembl_gene	FOXH1	0	0	1	1	2.0
epilepsy	ENSG00000168269	ensembl_gene	FOXI1	0	0	1	1	2.0
epilepsy	ENSG00000214336	ensembl_gene	FOXI3	0	0	1	1	2.0
epilepsy	ENSG00000183770	ensembl_gene	FOXL2	0	0	1	1	2.0
epilepsy	ENSG00000109101	ensembl_gene	FOXN1	0	0	1	1	2.0
epilepsy	ENSG00000128573	ensembl_gene	FOXP2	0	0	1	1	2.0
epilepsy	ENSG00000049768	ensembl_gene	FOXP3	0	0	1	1	2.0
epilepsy	ENSG00000171051	ensembl_gene	FPR1	0	0	1	1	2.0
epilepsy	ENSG00000138759	ensembl_gene	FRAS1	0	0	1	1	2.0
epilepsy	ENSG00000150893	ensembl_gene	FREM2	0	0	1	1	2.0
epilepsy	ENSG00000283630	ensembl_gene	FRG1	0	0	1	1	2.0
epilepsy	ENSG00000151474	ensembl_gene	FRMD4A	0	0	1	1	2.0
epilepsy	ENSG00000169933	ensembl_gene	FRMPD4	0	0	1	1	2.0
epilepsy	ENSG00000281775	ensembl_gene	FTCD	0	0	1	1	2.0
epilepsy	ENSG00000167996	ensembl_gene	FTH1	0	0	1	1	2.0
epilepsy	ENSG00000087086	ensembl_gene	FTL	0	0	1	1	2.0
epilepsy	ENSG00000140718	ensembl_gene	FTO	0	0	1	1	2.0
epilepsy	ENSG00000068438	ensembl_gene	FTSJ1	0	0	1	1	2.0
epilepsy	ENSG00000089280	ensembl_gene	FUS	0	0	1	1	2.0
epilepsy	ENSG00000165060	ensembl_gene	FXN	0	0	1	1	2.0
epilepsy	ENSG00000137731	ensembl_gene	FXYD2	0	0	1	1	2.0
epilepsy	ENSG00000131482	ensembl_gene	G6PC1	0	0	1	1	2.0
epilepsy	ENSG00000141349	ensembl_gene	G6PC3	0	0	1	1	2.0
epilepsy	ENSG00000160211	ensembl_gene	G6PD	0	0	1	1	2.0
epilepsy	ENSG00000171298	ensembl_gene	GAA	0	0	1	1	2.0
epilepsy	ENSG00000204681	ensembl_gene	GABBR1	0	0	1	1	2.0
epilepsy	ENSG00000145863	ensembl_gene	GABRA6	0	0	1	1	2.0
epilepsy	ENSG00000102287	ensembl_gene	GABRE	0	0	1	1	2.0
epilepsy	ENSG00000182256	ensembl_gene	GABRG3	0	0	1	1	2.0
epilepsy	ENSG00000268089	ensembl_gene	GABRQ	0	0	1	1	2.0
epilepsy	ENSG00000146276	ensembl_gene	GABRR1	0	0	1	1	2.0
epilepsy	ENSG00000183185	ensembl_gene	GABRR3	0	0	1	1	2.0
epilepsy	ENSG00000069482	ensembl_gene	GAL	0	0	1	1	2.0
epilepsy	ENSG00000117308	ensembl_gene	GALE	0	0	1	1	2.0
epilepsy	ENSG00000108479	ensembl_gene	GALK1	0	0	1	1	2.0
epilepsy	ENSG00000141012	ensembl_gene	GALNS	0	0	1	1	2.0
epilepsy	ENSG00000213930	ensembl_gene	GALT	0	0	1	1	2.0
epilepsy	ENSG00000261609	ensembl_gene	GAN	0	0	1	1	2.0
epilepsy	ENSG00000165219	ensembl_gene	GAPVD1	0	0	1	1	2.0
epilepsy	ENSG00000106105	ensembl_gene	GARS1	0	0	1	1	2.0
epilepsy	ENSG00000180447	ensembl_gene	GAS1	0	0	1	1	2.0
epilepsy	ENSG00000007237	ensembl_gene	GAS7	0	0	1	1	2.0
epilepsy	ENSG00000102145	ensembl_gene	GATA1	0	0	1	1	2.0
epilepsy	ENSG00000179348	ensembl_gene	GATA2	0	0	1	1	2.0
epilepsy	ENSG00000107485	ensembl_gene	GATA3	0	0	1	1	2.0
epilepsy	ENSG00000285109	ensembl_gene	GATA4	0	0	1	1	2.0
epilepsy	ENSG00000141448	ensembl_gene	GATA6	0	0	1	1	2.0
epilepsy	ENSG00000157259	ensembl_gene	GATAD1	0	0	1	1	2.0
epilepsy	ENSG00000070610	ensembl_gene	GBA2	0	0	1	1	2.0
epilepsy	ENSG00000114480	ensembl_gene	GBE1	0	0	1	1	2.0
epilepsy	ENSG00000288269	ensembl_gene	GCGR	0	0	1	1	2.0
epilepsy	ENSG00000106633	ensembl_gene	GCK	0	0	1	1	2.0
epilepsy	ENSG00000124827	ensembl_gene	GCM2	0	0	1	1	2.0
epilepsy	ENSG00000104381	ensembl_gene	GDAP1	0	0	1	1	2.0
epilepsy	ENSG00000130283	ensembl_gene	GDF1	0	0	1	1	2.0
epilepsy	ENSG00000263761	ensembl_gene	GDF2	0	0	1	1	2.0
epilepsy	ENSG00000156466	ensembl_gene	GDF6	0	0	1	1	2.0
epilepsy	ENSG00000203879	ensembl_gene	GDI1	0	0	1	1	2.0
epilepsy	ENSG00000168621	ensembl_gene	GDNF	0	0	1	1	2.0
epilepsy	ENSG00000198356	ensembl_gene	GET3	0	0	1	1	2.0
epilepsy	ENSG00000127554	ensembl_gene	GFER	0	0	1	1	2.0
epilepsy	ENSG00000162676	ensembl_gene	GFI1	0	0	1	1	2.0
epilepsy	ENSG00000164347	ensembl_gene	GFM2	0	0	1	1	2.0
epilepsy	ENSG00000198380	ensembl_gene	GFPT1	0	0	1	1	2.0
epilepsy	ENSG00000112964	ensembl_gene	GHR	0	0	1	1	2.0
epilepsy	ENSG00000146830	ensembl_gene	GIGYF1	0	0	1	1	2.0
epilepsy	ENSG00000179855	ensembl_gene	GIPC3	0	0	1	1	2.0
epilepsy	ENSG00000152661	ensembl_gene	GJA1	0	0	1	1	2.0
epilepsy	ENSG00000265107	ensembl_gene	GJA5	0	0	1	1	2.0
epilepsy	ENSG00000169562	ensembl_gene	GJB1	0	0	1	1	2.0
epilepsy	ENSG00000165474	ensembl_gene	GJB2	0	0	1	1	2.0
epilepsy	ENSG00000188910	ensembl_gene	GJB3	0	0	1	1	2.0
epilepsy	ENSG00000121742	ensembl_gene	GJB6	0	0	1	1	2.0
epilepsy	ENSG00000198835	ensembl_gene	GJC2	0	0	1	1	2.0
epilepsy	ENSG00000198814	ensembl_gene	GK	0	0	1	1	2.0
epilepsy	ENSG00000102393	ensembl_gene	GLA	0	0	1	1	2.0
epilepsy	ENSG00000119392	ensembl_gene	GLE1	0	0	1	1	2.0
epilepsy	ENSG00000074047	ensembl_gene	GLI2	0	0	1	1	2.0
epilepsy	ENSG00000107249	ensembl_gene	GLIS3	0	0	1	1	2.0
epilepsy	ENSG00000145888	ensembl_gene	GLRA1	0	0	1	1	2.0
epilepsy	ENSG00000109738	ensembl_gene	GLRB	0	0	1	1	2.0
epilepsy	ENSG00000182512	ensembl_gene	GLRX5	0	0	1	1	2.0
epilepsy	ENSG00000288118	ensembl_gene	GLUD2	0	0	1	1	2.0
epilepsy	ENSG00000112699	ensembl_gene	GMDS	0	0	1	1	2.0
epilepsy	ENSG00000112312	ensembl_gene	GMNN	0	0	1	1	2.0
epilepsy	ENSG00000088256	ensembl_gene	GNA11	0	0	1	1	2.0
epilepsy	ENSG00000156049	ensembl_gene	GNA14	0	0	1	1	2.0
epilepsy	ENSG00000065135	ensembl_gene	GNAI3	0	0	1	1	2.0
epilepsy	ENSG00000141404	ensembl_gene	GNAL	0	0	1	1	2.0
epilepsy	26077	unknown_namespace	GNAO1-AS1	0	0	1	1	2.0
epilepsy	ENSG00000156052	ensembl_gene	GNAQ	0	0	1	1	2.0
epilepsy	ENSG00000087460	ensembl_gene	GNAS	0	0	1	1	2.0
epilepsy	ENSG00000159921	ensembl_gene	GNE	0	0	1	1	2.0
epilepsy	ENSG00000116906	ensembl_gene	GNPAT	0	0	1	1	2.0
epilepsy	ENSG00000111670	ensembl_gene	GNPTAB	0	0	1	1	2.0
epilepsy	ENSG00000090581	ensembl_gene	GNPTG	0	0	1	1	2.0
epilepsy	ENSG00000147437	ensembl_gene	GNRH1	0	0	1	1	2.0
epilepsy	ENSG00000135677	ensembl_gene	GNS	0	0	1	1	2.0
epilepsy	ENSG00000167110	ensembl_gene	GOLGA2	0	0	1	1	2.0
epilepsy	ENSG00000275619	ensembl_gene	GON7	0	0	1	1	2.0
epilepsy	ENSG00000120370	ensembl_gene	GORAB	0	0	1	1	2.0
epilepsy	ENSG00000203618	ensembl_gene	GP1BB	0	0	1	1	2.0
epilepsy	ENSG00000147257	ensembl_gene	GPC3	0	0	1	1	2.0
epilepsy	ENSG00000076716	ensembl_gene	GPC4	0	0	1	1	2.0
epilepsy	ENSG00000152642	ensembl_gene	GPD1L	0	0	1	1	2.0
epilepsy	ENSG00000105220	ensembl_gene	GPI	0	0	1	1	2.0
epilepsy	ENSG00000173890	ensembl_gene	GPR160	0	0	1	1	2.0
epilepsy	ENSG00000143147	ensembl_gene	GPR161	0	0	1	1	2.0
epilepsy	ENSG00000135973	ensembl_gene	GPR45	0	0	1	1	2.0
epilepsy	ENSG00000181656	ensembl_gene	GPR88	0	0	1	1	2.0
epilepsy	ENSG00000167468	ensembl_gene	GPX4	0	0	1	1	2.0
epilepsy	ENSG00000106070	ensembl_gene	GRB10	0	0	1	1	2.0
epilepsy	ENSG00000276886	ensembl_gene	GREM1	0	0	1	1	2.0
epilepsy	ENSG00000083307	ensembl_gene	GRHL2	0	0	1	1	2.0
epilepsy	ENSG00000137106	ensembl_gene	GRHPR	0	0	1	1	2.0
epilepsy	ENSG00000152208	ensembl_gene	GRID2	0	0	1	1	2.0
epilepsy	ENSG00000198785	ensembl_gene	GRIN3A	0	0	1	1	2.0
epilepsy	ENSG00000116032	ensembl_gene	GRIN3B	0	0	1	1	2.0
epilepsy	ENSG00000155974	ensembl_gene	GRIP1	0	0	1	1	2.0
epilepsy	ENSG00000152822	ensembl_gene	GRM1	0	0	1	1	2.0
epilepsy	ENSG00000179603	ensembl_gene	GRM8	0	0	1	1	2.0
epilepsy	ENSG00000105447	ensembl_gene	GRWD1	0	0	1	1	2.0
epilepsy	ENSG00000215203	ensembl_gene	GRXCR1	0	0	1	1	2.0
epilepsy	ENSG00000204928	ensembl_gene	GRXCR2	0	0	1	1	2.0
epilepsy	ENSG00000133937	ensembl_gene	GSC	0	0	1	1	2.0
epilepsy	ENSG00000105928	ensembl_gene	GSDME	0	0	1	1	2.0
epilepsy	ENSG00000197265	ensembl_gene	GTF2E2	0	0	1	1	2.0
epilepsy	ENSG00000164116	ensembl_gene	GUCY1A1	0	0	1	1	2.0
epilepsy	ENSG00000132518	ensembl_gene	GUCY2D	0	0	1	1	2.0
epilepsy	ENSG00000151806	ensembl_gene	GUF1	0	0	1	1	2.0
epilepsy	ENSG00000169919	ensembl_gene	GUSB	0	0	1	1	2.0
epilepsy	ENSG00000163754	ensembl_gene	GYG1	0	0	1	1	2.0
epilepsy	ENSG00000056998	ensembl_gene	GYG2	0	0	1	1	2.0
epilepsy	ENSG00000104812	ensembl_gene	GYS1	0	0	1	1	2.0
epilepsy	ENSG00000111713	ensembl_gene	GYS2	0	0	1	1	2.0
epilepsy	ENSG00000125812	ensembl_gene	GZF1	0	0	1	1	2.0
epilepsy	ENSG00000288237	ensembl_gene	H19	0	0	1	1	2.0
epilepsy	ENSG00000162882	ensembl_gene	HAAO	0	0	1	1	2.0
epilepsy	ENSG00000165996	ensembl_gene	HACD1	0	0	1	1	2.0
epilepsy	ENSG00000138796	ensembl_gene	HADH	0	0	1	1	2.0
epilepsy	ENSG00000084754	ensembl_gene	HADHA	0	0	1	1	2.0
epilepsy	ENSG00000138029	ensembl_gene	HADHB	0	0	1	1	2.0
epilepsy	ENSG00000084110	ensembl_gene	HAL	0	0	1	1	2.0
epilepsy	ENSG00000105697	ensembl_gene	HAMP	0	0	1	1	2.0
epilepsy	ENSG00000113196	ensembl_gene	HAND1	0	0	1	1	2.0
epilepsy	ENSG00000170445	ensembl_gene	HARS1	0	0	1	1	2.0
epilepsy	ENSG00000112855	ensembl_gene	HARS2	0	0	1	1	2.0
epilepsy	ENSG00000206172	ensembl_gene	HBA1	0	0	1	1	2.0
epilepsy	ENSG00000188536	ensembl_gene	HBA2	0	0	1	1	2.0
epilepsy	ENSG00000244734	ensembl_gene	HBB	0	0	1	1	2.0
epilepsy	ENSG00000138622	ensembl_gene	HCN4	0	0	1	1	2.0
epilepsy	ENSG00000116478	ensembl_gene	HDAC1	0	0	1	1	2.0
epilepsy	ENSG00000068024	ensembl_gene	HDAC4	0	0	1	1	2.0
epilepsy	ENSG00000094631	ensembl_gene	HDAC6	0	0	1	1	2.0
epilepsy	ENSG00000119969	ensembl_gene	HELLS	0	0	1	1	2.0
epilepsy	ENSG00000103657	ensembl_gene	HERC1	0	0	1	1	2.0
epilepsy	ENSG00000163666	ensembl_gene	HESX1	0	0	1	1	2.0
epilepsy	ENSG00000010704	ensembl_gene	HFE	0	0	1	1	2.0
epilepsy	ENSG00000019991	ensembl_gene	HGF	0	0	1	1	2.0
epilepsy	ENSG00000165102	ensembl_gene	HGSNAT	0	0	1	1	2.0
epilepsy	ENSG00000054392	ensembl_gene	HHAT	0	0	1	1	2.0
epilepsy	ENSG00000198130	ensembl_gene	HIBCH	0	0	1	1	2.0
epilepsy	ENSG00000177374	ensembl_gene	HIC1	0	0	1	1	2.0
epilepsy	ENSG00000149196	ensembl_gene	HIKESHI	0	0	1	1	2.0
epilepsy	ENSG00000169567	ensembl_gene	HINT1	0	0	1	1	2.0
epilepsy	ENSG00000127946	ensembl_gene	HIP1	0	0	1	1	2.0
epilepsy	ENSG00000100084	ensembl_gene	HIRA	0	0	1	1	2.0
epilepsy	ENSG00000168509	ensembl_gene	HJV	0	0	1	1	2.0
epilepsy	ENSG00000228964	ensembl_gene	HLA-B	0	0	1	1	2.0
epilepsy	ENSG00000215048	ensembl_gene	HLA-DPB1	0	0	1	1	2.0
epilepsy	ENSG00000196735	ensembl_gene	HLA-DQA1	0	0	1	1	2.0
epilepsy	ENSG00000206237	ensembl_gene	HLA-DQB1	0	0	1	1	2.0
epilepsy	ENSG00000229074	ensembl_gene	HLA-DRB1	0	0	1	1	2.0
epilepsy	ENSG00000071794	ensembl_gene	HLTF	0	0	1	1	2.0
epilepsy	ENSG00000136630	ensembl_gene	HLX	0	0	1	1	2.0
epilepsy	ENSG00000256269	ensembl_gene	HMBS	0	0	1	1	2.0
epilepsy	ENSG00000189403	ensembl_gene	HMGB1	0	0	1	1	2.0
epilepsy	ENSG00000134240	ensembl_gene	HMGCS2	0	0	1	1	2.0
epilepsy	ENSG00000275410	ensembl_gene	HNF1B	0	0	1	1	2.0
epilepsy	ENSG00000150540	ensembl_gene	HNMT	0	0	1	1	2.0
epilepsy	ENSG00000135486	ensembl_gene	HNRNPA1	0	0	1	1	2.0
epilepsy	ENSG00000122566	ensembl_gene	HNRNPA2B1	0	0	1	1	2.0
epilepsy	ENSG00000152795	ensembl_gene	HNRNPDL	0	0	1	1	2.0
epilepsy	ENSG00000282947	ensembl_gene	HNRNPL	0	0	1	1	2.0
epilepsy	ENSG00000241935	ensembl_gene	HOGA1	0	0	1	1	2.0
epilepsy	ENSG00000103942	ensembl_gene	HOMER2	0	0	1	1	2.0
epilepsy	ENSG00000005073	ensembl_gene	HOXA11	0	0	1	1	2.0
epilepsy	ENSG00000105996	ensembl_gene	HOXA2	0	0	1	1	2.0
epilepsy	ENSG00000128714	ensembl_gene	HOXD13	0	0	1	1	2.0
epilepsy	ENSG00000121905	ensembl_gene	HPCA	0	0	1	1	2.0
epilepsy	ENSG00000158104	ensembl_gene	HPD	0	0	1	1	2.0
epilepsy	ENSG00000107521	ensembl_gene	HPS1	0	0	1	1	2.0
epilepsy	ENSG00000163755	ensembl_gene	HPS3	0	0	1	1	2.0
epilepsy	ENSG00000100099	ensembl_gene	HPS4	0	0	1	1	2.0
epilepsy	ENSG00000110756	ensembl_gene	HPS5	0	0	1	1	2.0
epilepsy	ENSG00000166189	ensembl_gene	HPS6	0	0	1	1	2.0
epilepsy	ENSG00000136720	ensembl_gene	HS6ST1	0	0	1	1	2.0
epilepsy	ENSG00000176387	ensembl_gene	HSD11B2	0	0	1	1	2.0
epilepsy	ENSG00000072506	ensembl_gene	HSD17B10	0	0	1	1	2.0
epilepsy	ENSG00000203859	ensembl_gene	HSD3B2	0	0	1	1	2.0
epilepsy	ENSG00000106211	ensembl_gene	HSPB1	0	0	1	1	2.0
epilepsy	ENSG00000169271	ensembl_gene	HSPB3	0	0	1	1	2.0
epilepsy	ENSG00000152137	ensembl_gene	HSPB8	0	0	1	1	2.0
epilepsy	ENSG00000178394	ensembl_gene	HTR1A	0	0	1	1	2.0
epilepsy	ENSG00000166033	ensembl_gene	HTRA1	0	0	1	1	2.0
epilepsy	ENSG00000086758	ensembl_gene	HUWE1	0	0	1	1	2.0
epilepsy	ENSG00000114378	ensembl_gene	HYAL1	0	0	1	1	2.0
epilepsy	ENSG00000122591	ensembl_gene	HYCC1	0	0	1	1	2.0
epilepsy	ENSG00000198331	ensembl_gene	HYLS1	0	0	1	1	2.0
epilepsy	ENSG00000291356	ensembl_gene	IARS1	0	0	1	1	2.0
epilepsy	ENSG00000160223	ensembl_gene	ICOSLG	0	0	1	1	2.0
epilepsy	ENSG00000138413	ensembl_gene	IDH1	0	0	1	1	2.0
epilepsy	ENSG00000166411	ensembl_gene	IDH3A	0	0	1	1	2.0
epilepsy	ENSG00000010404	ensembl_gene	IDS	0	0	1	1	2.0
epilepsy	ENSG00000127415	ensembl_gene	IDUA	0	0	1	1	2.0
epilepsy	ENSG00000142166	ensembl_gene	IFNAR1	0	0	1	1	2.0
epilepsy	ENSG00000111537	ensembl_gene	IFNG	0	0	1	1	2.0
epilepsy	ENSG00000027697	ensembl_gene	IFNGR1	0	0	1	1	2.0
epilepsy	ENSG00000159128	ensembl_gene	IFNGR2	0	0	1	1	2.0
epilepsy	ENSG00000187535	ensembl_gene	IFT140	0	0	1	1	2.0
epilepsy	ENSG00000100360	ensembl_gene	IFT27	0	0	1	1	2.0
epilepsy	ENSG00000101052	ensembl_gene	IFT52	0	0	1	1	2.0
epilepsy	ENSG00000105948	ensembl_gene	IFT56	0	0	1	1	2.0
epilepsy	ENSG00000114446	ensembl_gene	IFT57	0	0	1	1	2.0
epilepsy	ENSG00000032742	ensembl_gene	IFT88	0	0	1	1	2.0
epilepsy	ENSG00000089289	ensembl_gene	IGBP1	0	0	1	1	2.0
epilepsy	ENSG00000017427	ensembl_gene	IGF1	0	0	1	1	2.0
epilepsy	ENSG00000140443	ensembl_gene	IGF1R	0	0	1	1	2.0
epilepsy	ENSG00000167244	ensembl_gene	IGF2	0	0	1	1	2.0
epilepsy	ENSG00000132740	ensembl_gene	IGHMBP2	0	0	1	1	2.0
epilepsy	ENSG00000152580	ensembl_gene	IGSF10	0	0	1	1	2.0
epilepsy	ENSG00000104365	ensembl_gene	IKBKB	0	0	1	1	2.0
epilepsy	ENSG00000030419	ensembl_gene	IKZF2	0	0	1	1	2.0
epilepsy	ENSG00000136634	ensembl_gene	IL10	0	0	1	1	2.0
epilepsy	ENSG00000168811	ensembl_gene	IL12A	0	0	1	1	2.0
epilepsy	ENSG00000113302	ensembl_gene	IL12B	0	0	1	1	2.0
epilepsy	ENSG00000096996	ensembl_gene	IL12RB1	0	0	1	1	2.0
epilepsy	ENSG00000081985	ensembl_gene	IL12RB2	0	0	1	1	2.0
epilepsy	ENSG00000112116	ensembl_gene	IL17F	0	0	1	1	2.0
epilepsy	ENSG00000177663	ensembl_gene	IL17RA	0	0	1	1	2.0
epilepsy	ENSG00000163702	ensembl_gene	IL17RC	0	0	1	1	2.0
epilepsy	ENSG00000144730	ensembl_gene	IL17RD	0	0	1	1	2.0
epilepsy	ENSG00000169306	ensembl_gene	IL1RAPL1	0	0	1	1	2.0
epilepsy	ENSG00000162594	ensembl_gene	IL23R	0	0	1	1	2.0
epilepsy	ENSG00000288185	ensembl_gene	IL27RA	0	0	1	1	2.0
epilepsy	ENSG00000134460	ensembl_gene	IL2RA	0	0	1	1	2.0
epilepsy	ENSG00000147168	ensembl_gene	IL2RG	0	0	1	1	2.0
epilepsy	ENSG00000168685	ensembl_gene	IL7R	0	0	1	1	2.0
epilepsy	ENSG00000145103	ensembl_gene	ILDR1	0	0	1	1	2.0
epilepsy	ENSG00000166333	ensembl_gene	ILK	0	0	1	1	2.0
epilepsy	ENSG00000133731	ensembl_gene	IMPA1	0	0	1	1	2.0
epilepsy	ENSG00000203485	ensembl_gene	INF2	0	0	1	1	2.0
epilepsy	ENSG00000128908	ensembl_gene	INO80	0	0	1	1	2.0
epilepsy	ENSG00000040933	ensembl_gene	INPP4A	0	0	1	1	2.0
epilepsy	ENSG00000204084	ensembl_gene	INPP5B	0	0	1	1	2.0
epilepsy	ENSG00000148384	ensembl_gene	INPP5E	0	0	1	1	2.0
epilepsy	ENSG00000132376	ensembl_gene	INPP5K	0	0	1	1	2.0
epilepsy	ENSG00000254647	ensembl_gene	INS	0	0	1	1	2.0
epilepsy	ENSG00000171105	ensembl_gene	INSR	0	0	1	1	2.0
epilepsy	ENSG00000146576	ensembl_gene	INTS15	0	0	1	1	2.0
epilepsy	ENSG00000119509	ensembl_gene	INVS	0	0	1	1	2.0
epilepsy	ENSG00000173226	ensembl_gene	IQCB1	0	0	1	1	2.0
epilepsy	ENSG00000144711	ensembl_gene	IQSEC1	0	0	1	1	2.0
epilepsy	ENSG00000126456	ensembl_gene	IRF3	0	0	1	1	2.0
epilepsy	ENSG00000117595	ensembl_gene	IRF6	0	0	1	1	2.0
epilepsy	ENSG00000140968	ensembl_gene	IRF8	0	0	1	1	2.0
epilepsy	ENSG00000176842	ensembl_gene	IRX5	0	0	1	1	2.0
epilepsy	ENSG00000165898	ensembl_gene	ISCA2	0	0	1	1	2.0
epilepsy	ENSG00000136003	ensembl_gene	ISCU	0	0	1	1	2.0
epilepsy	ENSG00000187608	ensembl_gene	ISG15	0	0	1	1	2.0
epilepsy	ENSG00000078747	ensembl_gene	ITCH	0	0	1	1	2.0
epilepsy	ENSG00000164171	ensembl_gene	ITGA2	0	0	1	1	2.0
epilepsy	ENSG00000005884	ensembl_gene	ITGA3	0	0	1	1	2.0
epilepsy	ENSG00000135424	ensembl_gene	ITGA7	0	0	1	1	2.0
epilepsy	ENSG00000169896	ensembl_gene	ITGAM	0	0	1	1	2.0
epilepsy	ENSG00000138448	ensembl_gene	ITGAV	0	0	1	1	2.0
epilepsy	ENSG00000160255	ensembl_gene	ITGB2	0	0	1	1	2.0
epilepsy	ENSG00000115221	ensembl_gene	ITGB6	0	0	1	1	2.0
epilepsy	ENSG00000055955	ensembl_gene	ITIH4	0	0	1	1	2.0
epilepsy	ENSG00000150995	ensembl_gene	ITPR1	0	0	1	1	2.0
epilepsy	ENSG00000205726	ensembl_gene	ITSN1	0	0	1	1	2.0
epilepsy	ENSG00000198399	ensembl_gene	ITSN2	0	0	1	1	2.0
epilepsy	ENSG00000128928	ensembl_gene	IVD	0	0	1	1	2.0
epilepsy	ENSG00000101384	ensembl_gene	JAG1	0	0	1	1	2.0
epilepsy	ENSG00000171135	ensembl_gene	JAGN1	0	0	1	1	2.0
epilepsy	ENSG00000096968	ensembl_gene	JAK2	0	0	1	1	2.0
epilepsy	ENSG00000105639	ensembl_gene	JAK3	0	0	1	1	2.0
epilepsy	ENSG00000166086	ensembl_gene	JAM3	0	0	1	1	2.0
epilepsy	ENSG00000149596	ensembl_gene	JPH2	0	0	1	1	2.0
epilepsy	ENSG00000154118	ensembl_gene	JPH3	0	0	1	1	2.0
epilepsy	ENSG00000234616	ensembl_gene	JRK	0	0	1	1	2.0
epilepsy	ENSG00000173801	ensembl_gene	JUP	0	0	1	1	2.0
epilepsy	ENSG00000107104	ensembl_gene	KANK1	0	0	1	1	2.0
epilepsy	ENSG00000132854	ensembl_gene	KANK4	0	0	1	1	2.0
epilepsy	ENSG00000281569	ensembl_gene	KANSL1-AS1	0	0	1	1	2.0
epilepsy	ENSG00000114166	ensembl_gene	KAT2B	0	0	1	1	2.0
epilepsy	ENSG00000281813	ensembl_gene	KAT6B	0	0	1	1	2.0
epilepsy	ENSG00000167216	ensembl_gene	KATNAL2	0	0	1	1	2.0
epilepsy	ENSG00000047578	ensembl_gene	KATNIP	0	0	1	1	2.0
epilepsy	ENSG00000234438	ensembl_gene	KBTBD13	0	0	1	1	2.0
epilepsy	ENSG00000182255	ensembl_gene	KCNA4	0	0	1	1	2.0
epilepsy	ENSG00000130037	ensembl_gene	KCNA5	0	0	1	1	2.0
epilepsy	ENSG00000169282	ensembl_gene	KCNAB1	0	0	1	1	2.0
epilepsy	ENSG00000069424	ensembl_gene	KCNAB2	0	0	1	1	2.0
epilepsy	ENSG00000131398	ensembl_gene	KCNC3	0	0	1	1	2.0
epilepsy	ENSG00000180509	ensembl_gene	KCNE1	0	0	1	1	2.0
epilepsy	ENSG00000159197	ensembl_gene	KCNE2	0	0	1	1	2.0
epilepsy	ENSG00000175538	ensembl_gene	KCNE3	0	0	1	1	2.0
epilepsy	ENSG00000176076	ensembl_gene	KCNE5	0	0	1	1	2.0
epilepsy	ENSG00000055118	ensembl_gene	KCNH2	0	0	1	1	2.0
epilepsy	ENSG00000183960	ensembl_gene	KCNH8	0	0	1	1	2.0
epilepsy	ENSG00000151704	ensembl_gene	KCNJ1	0	0	1	1	2.0
epilepsy	ENSG00000115474	ensembl_gene	KCNJ13	0	0	1	1	2.0
epilepsy	ENSG00000123700	ensembl_gene	KCNJ2	0	0	1	1	2.0
epilepsy	ENSG00000120457	ensembl_gene	KCNJ5	0	0	1	1	2.0
epilepsy	ENSG00000157542	ensembl_gene	KCNJ6	0	0	1	1	2.0
epilepsy	ENSG00000121361	ensembl_gene	KCNJ8	0	0	1	1	2.0
epilepsy	ENSG00000169427	ensembl_gene	KCNK9	0	0	1	1	2.0
epilepsy	ENSG00000053918	ensembl_gene	KCNQ1	0	0	1	1	2.0
epilepsy	ENSG00000117013	ensembl_gene	KCNQ4	0	0	1	1	2.0
epilepsy	ENSG00000168263	ensembl_gene	KCNV2	0	0	1	1	2.0
epilepsy	ENSG00000100379	ensembl_gene	KCTD17	0	0	1	1	2.0
epilepsy	ENSG00000004487	ensembl_gene	KDM1A	0	0	1	1	2.0
epilepsy	ENSG00000117139	ensembl_gene	KDM5B	0	0	1	1	2.0
epilepsy	ENSG00000100578	ensembl_gene	KIAA0586	0	0	1	1	2.0
epilepsy	ENSG00000198920	ensembl_gene	KIAA0753	0	0	1	1	2.0
epilepsy	ENSG00000138160	ensembl_gene	KIF11	0	0	1	1	2.0
epilepsy	ENSG00000136883	ensembl_gene	KIF12	0	0	1	1	2.0
epilepsy	ENSG00000118193	ensembl_gene	KIF14	0	0	1	1	2.0
epilepsy	ENSG00000129250	ensembl_gene	KIF1C	0	0	1	1	2.0
epilepsy	ENSG00000139116	ensembl_gene	KIF21A	0	0	1	1	2.0
epilepsy	ENSG00000137807	ensembl_gene	KIF23	0	0	1	1	2.0
epilepsy	ENSG00000186638	ensembl_gene	KIF24	0	0	1	1	2.0
epilepsy	ENSG00000090889	ensembl_gene	KIF4A	0	0	1	1	2.0
epilepsy	ENSG00000166813	ensembl_gene	KIF7	0	0	1	1	2.0
epilepsy	ENSG00000183853	ensembl_gene	KIRREL1	0	0	1	1	2.0
epilepsy	ENSG00000149571	ensembl_gene	KIRREL3	0	0	1	1	2.0
epilepsy	ENSG00000170498	ensembl_gene	KISS1	0	0	1	1	2.0
epilepsy	ENSG00000049130	ensembl_gene	KITLG	0	0	1	1	2.0
epilepsy	ENSG00000134962	ensembl_gene	KLB	0	0	1	1	2.0
epilepsy	ENSG00000137171	ensembl_gene	KLC4	0	0	1	1	2.0
epilepsy	ENSG00000275746	ensembl_gene	KLF13	0	0	1	1	2.0
epilepsy	ENSG00000127528	ensembl_gene	KLF2	0	0	1	1	2.0
epilepsy	ENSG00000102349	ensembl_gene	KLF8	0	0	1	1	2.0
epilepsy	ENSG00000174010	ensembl_gene	KLHL15	0	0	1	1	2.0
epilepsy	ENSG00000162413	ensembl_gene	KLHL21	0	0	1	1	2.0
epilepsy	ENSG00000157119	ensembl_gene	KLHL40	0	0	1	1	2.0
epilepsy	ENSG00000239474	ensembl_gene	KLHL41	0	0	1	1	2.0
epilepsy	ENSG00000122550	ensembl_gene	KLHL7	0	0	1	1	2.0
epilepsy	ENSG00000198642	ensembl_gene	KLHL9	0	0	1	1	2.0
epilepsy	ENSG00000283059	ensembl_gene	KLLN	0	0	1	1	2.0
epilepsy	ENSG00000183542	ensembl_gene	KLRC4	0	0	1	1	2.0
epilepsy	ENSG00000137812	ensembl_gene	KNL1	0	0	1	1	2.0
epilepsy	ENSG00000185467	ensembl_gene	KPNA7	0	0	1	1	2.0
epilepsy	ENSG00000133703	ensembl_gene	KRAS	0	0	1	1	2.0
epilepsy	ENSG00000170421	ensembl_gene	KRT8	0	0	1	1	2.0
epilepsy	ENSG00000170523	ensembl_gene	KRT83	0	0	1	1	2.0
epilepsy	ENSG00000171435	ensembl_gene	KSR2	0	0	1	1	2.0
epilepsy	ENSG00000115919	ensembl_gene	KYNU	0	0	1	1	2.0
epilepsy	ENSG00000198910	ensembl_gene	L1CAM	0	0	1	1	2.0
epilepsy	ENSG00000196976	ensembl_gene	LAGE3	0	0	1	1	2.0
epilepsy	ENSG00000101680	ensembl_gene	LAMA1	0	0	1	1	2.0
epilepsy	ENSG00000053747	ensembl_gene	LAMA3	0	0	1	1	2.0
epilepsy	ENSG00000112769	ensembl_gene	LAMA4	0	0	1	1	2.0
epilepsy	ENSG00000130702	ensembl_gene	LAMA5	0	0	1	1	2.0
epilepsy	ENSG00000091136	ensembl_gene	LAMB1	0	0	1	1	2.0
epilepsy	ENSG00000196878	ensembl_gene	LAMB3	0	0	1	1	2.0
epilepsy	ENSG00000058085	ensembl_gene	LAMC2	0	0	1	1	2.0
epilepsy	ENSG00000005893	ensembl_gene	LAMP2	0	0	1	1	2.0
epilepsy	ENSG00000116586	ensembl_gene	LAMTOR2	0	0	1	1	2.0
epilepsy	ENSG00000174720	ensembl_gene	LARP7	0	0	1	1	2.0
epilepsy	ENSG00000011376	ensembl_gene	LARS2	0	0	1	1	2.0
epilepsy	ENSG00000001497	ensembl_gene	LAS1L	0	0	1	1	2.0
epilepsy	ENSG00000143815	ensembl_gene	LBR	0	0	1	1	2.0
epilepsy	ENSG00000135338	ensembl_gene	LCA5	0	0	1	1	2.0
epilepsy	ENSG00000182866	ensembl_gene	LCK	0	0	1	1	2.0
epilepsy	ENSG00000122367	ensembl_gene	LDB3	0	0	1	1	2.0
epilepsy	ENSG00000134333	ensembl_gene	LDHA	0	0	1	1	2.0
epilepsy	ENSG00000111716	ensembl_gene	LDHB	0	0	1	1	2.0
epilepsy	ENSG00000130164	ensembl_gene	LDLR	0	0	1	1	2.0
epilepsy	ENSG00000157978	ensembl_gene	LDLRAP1	0	0	1	1	2.0
epilepsy	ENSG00000143768	ensembl_gene	LEFTY2	0	0	1	1	2.0
epilepsy	ENSG00000174106	ensembl_gene	LEMD3	0	0	1	1	2.0
epilepsy	ENSG00000274305	ensembl_gene	LENG8	0	0	1	1	2.0
epilepsy	ENSG00000174697	ensembl_gene	LEP	0	0	1	1	2.0
epilepsy	ENSG00000168924	ensembl_gene	LETM1	0	0	1	1	2.0
epilepsy	ENSG00000153902	ensembl_gene	LGI4	0	0	1	1	2.0
epilepsy	ENSG00000197753	ensembl_gene	LHFPL5	0	0	1	1	2.0
epilepsy	ENSG00000274577	ensembl_gene	LHX1	0	0	1	1	2.0
epilepsy	ENSG00000106689	ensembl_gene	LHX2	0	0	1	1	2.0
epilepsy	ENSG00000107187	ensembl_gene	LHX3	0	0	1	1	2.0
epilepsy	ENSG00000121454	ensembl_gene	LHX4	0	0	1	1	2.0
epilepsy	ENSG00000113594	ensembl_gene	LIFR	0	0	1	1	2.0
epilepsy	ENSG00000105486	ensembl_gene	LIG1	0	0	1	1	2.0
epilepsy	ENSG00000174405	ensembl_gene	LIG4	0	0	1	1	2.0
epilepsy	ENSG00000140471	ensembl_gene	LINS1	0	0	1	1	2.0
epilepsy	ENSG00000107798	ensembl_gene	LIPA	0	0	1	1	2.0
epilepsy	ENSG00000204020	ensembl_gene	LIPN	0	0	1	1	2.0
epilepsy	ENSG00000144182	ensembl_gene	LIPT1	0	0	1	1	2.0
epilepsy	ENSG00000189067	ensembl_gene	LITAF	0	0	1	1	2.0
epilepsy	ENSG00000114988	ensembl_gene	LMAN2L	0	0	1	1	2.0
epilepsy	ENSG00000105983	ensembl_gene	LMBR1	0	0	1	1	2.0
epilepsy	ENSG00000168216	ensembl_gene	LMBRD1	0	0	1	1	2.0
epilepsy	ENSG00000160789	ensembl_gene	LMNA	0	0	1	1	2.0
epilepsy	ENSG00000113368	ensembl_gene	LMNB1	0	0	1	1	2.0
epilepsy	ENSG00000136153	ensembl_gene	LMO7	0	0	1	1	2.0
epilepsy	ENSG00000163380	ensembl_gene	LMOD3	0	0	1	1	2.0
epilepsy	ENSG00000196365	ensembl_gene	LONP1	0	0	1	1	2.0
epilepsy	ENSG00000113083	ensembl_gene	LOX	0	0	1	1	2.0
epilepsy	ENSG00000167210	ensembl_gene	LOXHD1	0	0	1	1	2.0
epilepsy	ENSG00000115318	ensembl_gene	LOXL3	0	0	1	1	2.0
epilepsy	ENSG00000175445	ensembl_gene	LPL	0	0	1	1	2.0
epilepsy	ENSG00000121207	ensembl_gene	LRAT	0	0	1	1	2.0
epilepsy	ENSG00000156564	ensembl_gene	LRFN2	0	0	1	1	2.0
epilepsy	ENSG00000123384	ensembl_gene	LRP1	0	0	1	1	2.0
epilepsy	ENSG00000197324	ensembl_gene	LRP10	0	0	1	1	2.0
epilepsy	ENSG00000081479	ensembl_gene	LRP2	0	0	1	1	2.0
epilepsy	ENSG00000134569	ensembl_gene	LRP4	0	0	1	1	2.0
epilepsy	ENSG00000162337	ensembl_gene	LRP5	0	0	1	1	2.0
epilepsy	ENSG00000154237	ensembl_gene	LRRK1	0	0	1	1	2.0
epilepsy	ENSG00000188906	ensembl_gene	LRRK2	0	0	1	1	2.0
epilepsy	ENSG00000148356	ensembl_gene	LRSAM1	0	0	1	1	2.0
epilepsy	ENSG00000284922	ensembl_gene	LRTOMT	0	0	1	1	2.0
epilepsy	ENSG00000105699	ensembl_gene	LSR	0	0	1	1	2.0
epilepsy	ENSG00000090006	ensembl_gene	LTBP4	0	0	1	1	2.0
epilepsy	ENSG00000254087	ensembl_gene	LYN	0	0	1	1	2.0
epilepsy	ENSG00000186687	ensembl_gene	LYRM7	0	0	1	1	2.0
epilepsy	ENSG00000163818	ensembl_gene	LZTFL1	0	0	1	1	2.0
epilepsy	ENSG00000099949	ensembl_gene	LZTR1	0	0	1	1	2.0
epilepsy	ENSG00000182759	ensembl_gene	MAFA	0	0	1	1	2.0
epilepsy	ENSG00000204103	ensembl_gene	MAFB	0	0	1	1	2.0
epilepsy	ENSG00000105695	ensembl_gene	MAG	0	0	1	1	2.0
epilepsy	ENSG00000288188	ensembl_gene	MAGEL2	0	0	1	1	2.0
epilepsy	ENSG00000187391	ensembl_gene	MAGI2	0	0	1	1	2.0
epilepsy	ENSG00000102158	ensembl_gene	MAGT1	0	0	1	1	2.0
epilepsy	ENSG00000111837	ensembl_gene	MAK	0	0	1	1	2.0
epilepsy	ENSG00000172175	ensembl_gene	MALT1	0	0	1	1	2.0
epilepsy	ENSG00000177239	ensembl_gene	MAN1B1	0	0	1	1	2.0
epilepsy	ENSG00000117643	ensembl_gene	MAN1C1	0	0	1	1	2.0
epilepsy	ENSG00000104774	ensembl_gene	MAN2B1	0	0	1	1	2.0
epilepsy	ENSG00000189221	ensembl_gene	MAOA	0	0	1	1	2.0
epilepsy	ENSG00000095015	ensembl_gene	MAP3K1	0	0	1	1	2.0
epilepsy	ENSG00000006062	ensembl_gene	MAP3K14	0	0	1	1	2.0
epilepsy	ENSG00000180815	ensembl_gene	MAP3K15	0	0	1	1	2.0
epilepsy	ENSG00000198909	ensembl_gene	MAP3K3	0	0	1	1	2.0
epilepsy	ENSG00000180834	ensembl_gene	MAP6D1	0	0	1	1	2.0
epilepsy	ENSG00000100030	ensembl_gene	MAPK1	0	0	1	1	2.0
epilepsy	ENSG00000109339	ensembl_gene	MAPK10	0	0	1	1	2.0
epilepsy	ENSG00000102882	ensembl_gene	MAPK3	0	0	1	1	2.0
epilepsy	ENSG00000121653	ensembl_gene	MAPK8IP1	0	0	1	1	2.0
epilepsy	ENSG00000008735	ensembl_gene	MAPK8IP2	0	0	1	1	2.0
epilepsy	ENSG00000138834	ensembl_gene	MAPK8IP3	0	0	1	1	2.0
epilepsy	ENSG00000166974	ensembl_gene	MAPRE2	0	0	1	1	2.0
epilepsy	ENSG00000276155	ensembl_gene	MAPT	0	0	1	1	2.0
epilepsy	ENSG00000166986	ensembl_gene	MARS1	0	0	1	1	2.0
epilepsy	ENSG00000247626	ensembl_gene	MARS2	0	0	1	1	2.0
epilepsy	ENSG00000274671	ensembl_gene	MARVELD2	0	0	1	1	2.0
epilepsy	ENSG00000127241	ensembl_gene	MASP1	0	0	1	1	2.0
epilepsy	ENSG00000151224	ensembl_gene	MAT1A	0	0	1	1	2.0
epilepsy	ENSG00000168906	ensembl_gene	MAT2A	0	0	1	1	2.0
epilepsy	ENSG00000132031	ensembl_gene	MATN3	0	0	1	1	2.0
epilepsy	ENSG00000124159	ensembl_gene	MATN4	0	0	1	1	2.0
epilepsy	ENSG00000015479	ensembl_gene	MATR3	0	0	1	1	2.0
epilepsy	ENSG00000129071	ensembl_gene	MBD4	0	0	1	1	2.0
epilepsy	ENSG00000012174	ensembl_gene	MBTPS2	0	0	1	1	2.0
epilepsy	ENSG00000185231	ensembl_gene	MC2R	0	0	1	1	2.0
epilepsy	ENSG00000124089	ensembl_gene	MC3R	0	0	1	1	2.0
epilepsy	ENSG00000078070	ensembl_gene	MCCC1	0	0	1	1	2.0
epilepsy	ENSG00000275300	ensembl_gene	MCCC2	0	0	1	1	2.0
epilepsy	ENSG00000124370	ensembl_gene	MCEE	0	0	1	1	2.0
epilepsy	ENSG00000128285	ensembl_gene	MCHR1	0	0	1	1	2.0
epilepsy	ENSG00000073111	ensembl_gene	MCM2	0	0	1	1	2.0
epilepsy	ENSG00000104738	ensembl_gene	MCM4	0	0	1	1	2.0
epilepsy	ENSG00000090674	ensembl_gene	MCOLN1	0	0	1	1	2.0
epilepsy	ENSG00000140563	ensembl_gene	MCTP2	0	0	1	1	2.0
epilepsy	ENSG00000138400	ensembl_gene	MDH1B	0	0	1	1	2.0
epilepsy	ENSG00000082212	ensembl_gene	ME2	0	0	1	1	2.0
epilepsy	ENSG00000085276	ensembl_gene	MECOM	0	0	1	1	2.0
epilepsy	ENSG00000124641	ensembl_gene	MED20	0	0	1	1	2.0
epilepsy	ENSG00000103313	ensembl_gene	MEFV	0	0	1	1	2.0
epilepsy	ENSG00000145794	ensembl_gene	MEGF10	0	0	1	1	2.0
epilepsy	ENSG00000105429	ensembl_gene	MEGF8	0	0	1	1	2.0
epilepsy	ENSG00000143995	ensembl_gene	MEIS1	0	0	1	1	2.0
epilepsy	ENSG00000134138	ensembl_gene	MEIS2	0	0	1	1	2.0
epilepsy	ENSG00000005102	ensembl_gene	MEOX1	0	0	1	1	2.0
epilepsy	ENSG00000152595	ensembl_gene	MEPE	0	0	1	1	2.0
epilepsy	ENSG00000188095	ensembl_gene	MESP2	0	0	1	1	2.0
epilepsy	ENSG00000105976	ensembl_gene	MET	0	0	1	1	2.0
epilepsy	ENSG00000181038	ensembl_gene	METTL23	0	0	1	1	2.0
epilepsy	ENSG00000138382	ensembl_gene	METTL5	0	0	1	1	2.0
epilepsy	ENSG00000197614	ensembl_gene	MFAP5	0	0	1	1	2.0
epilepsy	ENSG00000116688	ensembl_gene	MFN2	0	0	1	1	2.0
epilepsy	ENSG00000168389	ensembl_gene	MFSD2A	0	0	1	1	2.0
epilepsy	ENSG00000282607	ensembl_gene	MGAM	0	0	1	1	2.0
epilepsy	ENSG00000168282	ensembl_gene	MGAT2	0	0	1	1	2.0
epilepsy	ENSG00000125871	ensembl_gene	MGME1	0	0	1	1	2.0
epilepsy	ENSG00000111341	ensembl_gene	MGP	0	0	1	1	2.0
epilepsy	ENSG00000154305	ensembl_gene	MIA3	0	0	1	1	2.0
epilepsy	ENSG00000135596	ensembl_gene	MICAL1	0	0	1	1	2.0
epilepsy	ENSG00000107745	ensembl_gene	MICU1	0	0	1	1	2.0
epilepsy	ENSG00000101871	ensembl_gene	MID1	0	0	1	1	2.0
epilepsy	ENSG00000080561	ensembl_gene	MID2	0	0	1	1	2.0
epilepsy	ENSG00000027001	ensembl_gene	MIPEP	0	0	1	1	2.0
epilepsy	ENSG00000207990	ensembl_gene	MIR182	0	0	1	1	2.0
epilepsy	ENSG00000199158	ensembl_gene	MIR96	0	0	1	1	2.0
epilepsy	ENSG00000187098	ensembl_gene	MITF	0	0	1	1	2.0
epilepsy	ENSG00000125863	ensembl_gene	MKKS	0	0	1	1	2.0
epilepsy	ENSG00000011143	ensembl_gene	MKS1	0	0	1	1	2.0
epilepsy	ENSG00000076242	ensembl_gene	MLH1	0	0	1	1	2.0
epilepsy	ENSG00000171843	ensembl_gene	MLLT3	0	0	1	1	2.0
epilepsy	ENSG00000115648	ensembl_gene	MLPH	0	0	1	1	2.0
epilepsy	ENSG00000108788	ensembl_gene	MLX	0	0	1	1	2.0
epilepsy	ENSG00000103150	ensembl_gene	MLYCD	0	0	1	1	2.0
epilepsy	ENSG00000151611	ensembl_gene	MMAA	0	0	1	1	2.0
epilepsy	ENSG00000139428	ensembl_gene	MMAB	0	0	1	1	2.0
epilepsy	ENSG00000196611	ensembl_gene	MMP1	0	0	1	1	2.0
epilepsy	ENSG00000146085	ensembl_gene	MMUT	0	0	1	1	2.0
epilepsy	ENSG00000169184	ensembl_gene	MN1	0	0	1	1	2.0
epilepsy	ENSG00000130675	ensembl_gene	MNX1	0	0	1	1	2.0
epilepsy	ENSG00000124217	ensembl_gene	MOCS3	0	0	1	1	2.0
epilepsy	ENSG00000060762	ensembl_gene	MPC1	0	0	1	1	2.0
epilepsy	ENSG00000107186	ensembl_gene	MPDZ	0	0	1	1	2.0
epilepsy	ENSG00000178802	ensembl_gene	MPI	0	0	1	1	2.0
epilepsy	ENSG00000117400	ensembl_gene	MPL	0	0	1	1	2.0
epilepsy	ENSG00000005381	ensembl_gene	MPO	0	0	1	1	2.0
epilepsy	ENSG00000150054	ensembl_gene	MPP7	0	0	1	1	2.0
epilepsy	ENSG00000133030	ensembl_gene	MPRIP	0	0	1	1	2.0
epilepsy	ENSG00000115204	ensembl_gene	MPV17	0	0	1	1	2.0
epilepsy	ENSG00000158887	ensembl_gene	MPZ	0	0	1	1	2.0
epilepsy	ENSG00000153029	ensembl_gene	MR1	0	0	1	1	2.0
epilepsy	ENSG00000170262	ensembl_gene	MRAP	0	0	1	1	2.0
epilepsy	ENSG00000135324	ensembl_gene	MRAP2	0	0	1	1	2.0
epilepsy	ENSG00000158186	ensembl_gene	MRAS	0	0	1	1	2.0
epilepsy	ENSG00000020922	ensembl_gene	MRE11	0	0	1	1	2.0
epilepsy	ENSG00000037757	ensembl_gene	MRI1	0	0	1	1	2.0
epilepsy	ENSG00000262814	ensembl_gene	MRPL12	0	0	1	1	2.0
epilepsy	ENSG00000114686	ensembl_gene	MRPL3	0	0	1	1	2.0
epilepsy	ENSG00000185608	ensembl_gene	MRPL40	0	0	1	1	2.0
epilepsy	ENSG00000055950	ensembl_gene	MRPL43	0	0	1	1	2.0
epilepsy	ENSG00000135900	ensembl_gene	MRPL44	0	0	1	1	2.0
epilepsy	ENSG00000182180	ensembl_gene	MRPS16	0	0	1	1	2.0
epilepsy	ENSG00000175110	ensembl_gene	MRPS22	0	0	1	1	2.0
epilepsy	ENSG00000181610	ensembl_gene	MRPS23	0	0	1	1	2.0
epilepsy	ENSG00000074071	ensembl_gene	MRPS34	0	0	1	1	2.0
epilepsy	ENSG00000125445	ensembl_gene	MRPS7	0	0	1	1	2.0
epilepsy	ENSG00000148187	ensembl_gene	MRRF	0	0	1	1	2.0
epilepsy	ENSG00000124532	ensembl_gene	MRS2	0	0	1	1	2.0
epilepsy	ENSG00000095002	ensembl_gene	MSH2	0	0	1	1	2.0
epilepsy	ENSG00000116062	ensembl_gene	MSH6	0	0	1	1	2.0
epilepsy	ENSG00000052802	ensembl_gene	MSMO1	0	0	1	1	2.0
epilepsy	ENSG00000285250	ensembl_gene	MSRA	0	0	1	1	2.0
epilepsy	ENSG00000174099	ensembl_gene	MSRB3	0	0	1	1	2.0
epilepsy	ENSG00000138379	ensembl_gene	MSTN	0	0	1	1	2.0
epilepsy	ENSG00000120149	ensembl_gene	MSX2	0	0	1	1	2.0
epilepsy	ENSG00000228253	ensembl_gene	MT-ATP8	0	0	1	1	2.0
epilepsy	ENSG00000198804	ensembl_gene	MT-CO1	0	0	1	1	2.0
epilepsy	ENSG00000198712	ensembl_gene	MT-CO2	0	0	1	1	2.0
epilepsy	ENSG00000198938	ensembl_gene	MT-CO3	0	0	1	1	2.0
epilepsy	ENSG00000198727	ensembl_gene	MT-CYB	0	0	1	1	2.0
epilepsy	ENSG00000198888	ensembl_gene	MT-ND1	0	0	1	1	2.0
epilepsy	ENSG00000198763	ensembl_gene	MT-ND2	0	0	1	1	2.0
epilepsy	ENSG00000198886	ensembl_gene	MT-ND4	0	0	1	1	2.0
epilepsy	ENSG00000212907	ensembl_gene	MT-ND4L	0	0	1	1	2.0
epilepsy	ENSG00000198786	ensembl_gene	MT-ND5	0	0	1	1	2.0
epilepsy	ENSG00000198695	ensembl_gene	MT-ND6	0	0	1	1	2.0
epilepsy	ENSG00000211459	ensembl_gene	MT-RNR1	0	0	1	1	2.0
epilepsy	ENSG00000210082	ensembl_gene	MT-RNR2	0	0	1	1	2.0
epilepsy	ENSG00000210127	ensembl_gene	MT-TA	0	0	1	1	2.0
epilepsy	ENSG00000210140	ensembl_gene	MT-TC	0	0	1	1	2.0
epilepsy	ENSG00000210154	ensembl_gene	MT-TD	0	0	1	1	2.0
epilepsy	ENSG00000210194	ensembl_gene	MT-TE	0	0	1	1	2.0
epilepsy	ENSG00000210049	ensembl_gene	MT-TF	0	0	1	1	2.0
epilepsy	ENSG00000210164	ensembl_gene	MT-TG	0	0	1	1	2.0
epilepsy	ENSG00000210176	ensembl_gene	MT-TH	0	0	1	1	2.0
epilepsy	ENSG00000210100	ensembl_gene	MT-TI	0	0	1	1	2.0
epilepsy	ENSG00000210191	ensembl_gene	MT-TL2	0	0	1	1	2.0
epilepsy	ENSG00000210112	ensembl_gene	MT-TM	0	0	1	1	2.0
epilepsy	ENSG00000210135	ensembl_gene	MT-TN	0	0	1	1	2.0
epilepsy	ENSG00000210196	ensembl_gene	MT-TP	0	0	1	1	2.0
epilepsy	ENSG00000210107	ensembl_gene	MT-TQ	0	0	1	1	2.0
epilepsy	ENSG00000210174	ensembl_gene	MT-TR	0	0	1	1	2.0
epilepsy	4574	unknown_namespace	MT-TS1	0	0	1	1	2.0
epilepsy	ENSG00000210184	ensembl_gene	MT-TS2	0	0	1	1	2.0
epilepsy	ENSG00000210195	ensembl_gene	MT-TT	0	0	1	1	2.0
epilepsy	ENSG00000210077	ensembl_gene	MT-TV	0	0	1	1	2.0
epilepsy	ENSG00000210117	ensembl_gene	MT-TW	0	0	1	1	2.0
epilepsy	ENSG00000210144	ensembl_gene	MT-TY	0	0	1	1	2.0
epilepsy	ENSG00000103707	ensembl_gene	MTFMT	0	0	1	1	2.0
epilepsy	ENSG00000100714	ensembl_gene	MTHFD1	0	0	1	1	2.0
epilepsy	ENSG00000171100	ensembl_gene	MTM1	0	0	1	1	2.0
epilepsy	ENSG00000163719	ensembl_gene	MTMR14	0	0	1	1	2.0
epilepsy	ENSG00000087053	ensembl_gene	MTMR2	0	0	1	1	2.0
epilepsy	ENSG00000003987	ensembl_gene	MTMR7	0	0	1	1	2.0
epilepsy	ENSG00000135297	ensembl_gene	MTO1	0	0	1	1	2.0
epilepsy	ENSG00000107951	ensembl_gene	MTPAP	0	0	1	1	2.0
epilepsy	ENSG00000130921	ensembl_gene	MTRFR	0	0	1	1	2.0
epilepsy	ENSG00000124275	ensembl_gene	MTRR	0	0	1	1	2.0
epilepsy	ENSG00000138823	ensembl_gene	MTTP	0	0	1	1	2.0
epilepsy	ENSG00000030304	ensembl_gene	MUSK	0	0	1	1	2.0
epilepsy	ENSG00000110921	ensembl_gene	MVK	0	0	1	1	2.0
epilepsy	ENSG00000162576	ensembl_gene	MXRA8	0	0	1	1	2.0
epilepsy	ENSG00000196091	ensembl_gene	MYBPC1	0	0	1	1	2.0
epilepsy	ENSG00000134571	ensembl_gene	MYBPC3	0	0	1	1	2.0
epilepsy	ENSG00000134323	ensembl_gene	MYCN	0	0	1	1	2.0
epilepsy	ENSG00000111046	ensembl_gene	MYF6	0	0	1	1	2.0
epilepsy	ENSG00000109061	ensembl_gene	MYH1	0	0	1	1	2.0
epilepsy	ENSG00000133026	ensembl_gene	MYH10	0	0	1	1	2.0
epilepsy	ENSG00000133392	ensembl_gene	MYH11	0	0	1	1	2.0
epilepsy	ENSG00000105357	ensembl_gene	MYH14	0	0	1	1	2.0
epilepsy	ENSG00000125414	ensembl_gene	MYH2	0	0	1	1	2.0
epilepsy	ENSG00000109063	ensembl_gene	MYH3	0	0	1	1	2.0
epilepsy	ENSG00000197616	ensembl_gene	MYH6	0	0	1	1	2.0
epilepsy	ENSG00000092054	ensembl_gene	MYH7	0	0	1	1	2.0
epilepsy	ENSG00000078814	ensembl_gene	MYH7B	0	0	1	1	2.0
epilepsy	ENSG00000133020	ensembl_gene	MYH8	0	0	1	1	2.0
epilepsy	ENSG00000100345	ensembl_gene	MYH9	0	0	1	1	2.0
epilepsy	ENSG00000111245	ensembl_gene	MYL2	0	0	1	1	2.0
epilepsy	ENSG00000160808	ensembl_gene	MYL3	0	0	1	1	2.0
epilepsy	ENSG00000065534	ensembl_gene	MYLK	0	0	1	1	2.0
epilepsy	ENSG00000101306	ensembl_gene	MYLK2	0	0	1	1	2.0
epilepsy	ENSG00000140795	ensembl_gene	MYLK3	0	0	1	1	2.0
epilepsy	ENSG00000091536	ensembl_gene	MYO15A	0	0	1	1	2.0
epilepsy	ENSG00000166866	ensembl_gene	MYO1A	0	0	1	1	2.0
epilepsy	ENSG00000095777	ensembl_gene	MYO3A	0	0	1	1	2.0
epilepsy	ENSG00000197535	ensembl_gene	MYO5A	0	0	1	1	2.0
epilepsy	ENSG00000196586	ensembl_gene	MYO6	0	0	1	1	2.0
epilepsy	ENSG00000137474	ensembl_gene	MYO7A	0	0	1	1	2.0
epilepsy	ENSG00000169994	ensembl_gene	MYO7B	0	0	1	1	2.0
epilepsy	ENSG00000066933	ensembl_gene	MYO9A	0	0	1	1	2.0
epilepsy	ENSG00000141052	ensembl_gene	MYOCD	0	0	1	1	2.0
epilepsy	ENSG00000101605	ensembl_gene	MYOM1	0	0	1	1	2.0
epilepsy	ENSG00000120729	ensembl_gene	MYOT	0	0	1	1	2.0
epilepsy	ENSG00000172399	ensembl_gene	MYOZ2	0	0	1	1	2.0
epilepsy	ENSG00000138347	ensembl_gene	MYPN	0	0	1	1	2.0
epilepsy	ENSG00000292119	ensembl_gene	MZT2B	0	0	1	1	2.0
epilepsy	ENSG00000135040	ensembl_gene	NAA35	0	0	1	1	2.0
epilepsy	ENSG00000121579	ensembl_gene	NAA50	0	0	1	1	2.0
epilepsy	ENSG00000152620	ensembl_gene	NADK2	0	0	1	1	2.0
epilepsy	ENSG00000145414	ensembl_gene	NAF1	0	0	1	1	2.0
epilepsy	ENSG00000198951	ensembl_gene	NAGA	0	0	1	1	2.0
epilepsy	ENSG00000161653	ensembl_gene	NAGS	0	0	1	1	2.0
epilepsy	ENSG00000095380	ensembl_gene	NANS	0	0	1	1	2.0
epilepsy	339983	unknown_namespace	NAT8L	0	0	1	1	2.0
epilepsy	ENSG00000151779	ensembl_gene	NBAS	0	0	1	1	2.0
epilepsy	ENSG00000104320	ensembl_gene	NBN	0	0	1	1	2.0
epilepsy	ENSG00000158517	ensembl_gene	NCF1	0	0	1	1	2.0
epilepsy	ENSG00000116701	ensembl_gene	NCF2	0	0	1	1	2.0
epilepsy	ENSG00000100365	ensembl_gene	NCF4	0	0	1	1	2.0
epilepsy	ENSG00000084676	ensembl_gene	NCOA1	0	0	1	1	2.0
epilepsy	ENSG00000288364	ensembl_gene	NDN	0	0	1	1	2.0
epilepsy	ENSG00000104419	ensembl_gene	NDRG1	0	0	1	1	2.0
epilepsy	ENSG00000103034	ensembl_gene	NDRG4	0	0	1	1	2.0
epilepsy	ENSG00000184752	ensembl_gene	NDUFA12	0	0	1	1	2.0
epilepsy	ENSG00000267855	ensembl_gene	NDUFA7	0	0	1	1	2.0
epilepsy	ENSG00000119421	ensembl_gene	NDUFA8	0	0	1	1	2.0
epilepsy	ENSG00000137806	ensembl_gene	NDUFAF1	0	0	1	1	2.0
epilepsy	ENSG00000156170	ensembl_gene	NDUFAF6	0	0	1	1	2.0
epilepsy	ENSG00000003509	ensembl_gene	NDUFAF7	0	0	1	1	2.0
epilepsy	ENSG00000291930	ensembl_gene	NDUFB10	0	0	1	1	2.0
epilepsy	ENSG00000147123	ensembl_gene	NDUFB11	0	0	1	1	2.0
epilepsy	ENSG00000119013	ensembl_gene	NDUFB3	0	0	1	1	2.0
epilepsy	ENSG00000165264	ensembl_gene	NDUFB6	0	0	1	1	2.0
epilepsy	ENSG00000147684	ensembl_gene	NDUFB9	0	0	1	1	2.0
epilepsy	ENSG00000213619	ensembl_gene	NDUFS3	0	0	1	1	2.0
epilepsy	ENSG00000168653	ensembl_gene	NDUFS5	0	0	1	1	2.0
epilepsy	ENSG00000178127	ensembl_gene	NDUFV2	0	0	1	1	2.0
epilepsy	ENSG00000160194	ensembl_gene	NDUFV3	0	0	1	1	2.0
epilepsy	ENSG00000183091	ensembl_gene	NEB	0	0	1	1	2.0
epilepsy	ENSG00000078114	ensembl_gene	NEBL	0	0	1	1	2.0
epilepsy	ENSG00000110400	ensembl_gene	NECTIN1	0	0	1	1	2.0
epilepsy	ENSG00000130202	ensembl_gene	NECTIN2	0	0	1	1	2.0
epilepsy	ENSG00000177707	ensembl_gene	NECTIN3	0	0	1	1	2.0
epilepsy	ENSG00000100285	ensembl_gene	NEFH	0	0	1	1	2.0
epilepsy	ENSG00000277586	ensembl_gene	NEFL	0	0	1	1	2.0
epilepsy	ENSG00000160602	ensembl_gene	NEK8	0	0	1	1	2.0
epilepsy	ENSG00000119638	ensembl_gene	NEK9	0	0	1	1	2.0
epilepsy	ENSG00000185049	ensembl_gene	NELFA	0	0	1	1	2.0
epilepsy	ENSG00000162614	ensembl_gene	NEXN	0	0	1	1	2.0
epilepsy	ENSG00000186575	ensembl_gene	NF2	0	0	1	1	2.0
epilepsy	ENSG00000102908	ensembl_gene	NFAT5	0	0	1	1	2.0
epilepsy	ENSG00000176953	ensembl_gene	NFATC2IP	0	0	1	1	2.0
epilepsy	ENSG00000162599	ensembl_gene	NFIA	0	0	1	1	2.0
epilepsy	ENSG00000147862	ensembl_gene	NFIB	0	0	1	1	2.0
epilepsy	ENSG00000008441	ensembl_gene	NFIX	0	0	1	1	2.0
epilepsy	ENSG00000077150	ensembl_gene	NFKB2	0	0	1	1	2.0
epilepsy	ENSG00000244005	ensembl_gene	NFS1	0	0	1	1	2.0
epilepsy	ENSG00000169599	ensembl_gene	NFU1	0	0	1	1	2.0
epilepsy	ENSG00000187736	ensembl_gene	NHEJ1	0	0	1	1	2.0
epilepsy	ENSG00000145912	ensembl_gene	NHP2	0	0	1	1	2.0
epilepsy	ENSG00000188158	ensembl_gene	NHS	0	0	1	1	2.0
epilepsy	ENSG00000116962	ensembl_gene	NID1	0	0	1	1	2.0
epilepsy	ENSG00000100503	ensembl_gene	NIN	0	0	1	1	2.0
epilepsy	ENSG00000170113	ensembl_gene	NIPA1	0	0	1	1	2.0
epilepsy	ENSG00000140157	ensembl_gene	NIPA2	0	0	1	1	2.0
epilepsy	ENSG00000001461	ensembl_gene	NIPAL3	0	0	1	1	2.0
epilepsy	ENSG00000172548	ensembl_gene	NIPAL4	0	0	1	1	2.0
epilepsy	ENSG00000164190	ensembl_gene	NIPBL	0	0	1	1	2.0
epilepsy	ENSG00000188580	ensembl_gene	NKAIN2	0	0	1	1	2.0
epilepsy	ENSG00000136352	ensembl_gene	NKX2-1	0	0	1	1	2.0
epilepsy	ENSG00000125820	ensembl_gene	NKX2-2	0	0	1	1	2.0
epilepsy	ENSG00000183072	ensembl_gene	NKX2-5	0	0	1	1	2.0
epilepsy	ENSG00000180053	ensembl_gene	NKX2-6	0	0	1	1	2.0
epilepsy	ENSG00000169760	ensembl_gene	NLGN1	0	0	1	1	2.0
epilepsy	ENSG00000169992	ensembl_gene	NLGN2	0	0	1	1	2.0
epilepsy	ENSG00000196338	ensembl_gene	NLGN3	0	0	1	1	2.0
epilepsy	ENSG00000146938	ensembl_gene	NLGN4X	0	0	1	1	2.0
epilepsy	ENSG00000162711	ensembl_gene	NLRP3	0	0	1	1	2.0
epilepsy	ENSG00000239672	ensembl_gene	NME1	0	0	1	1	2.0
epilepsy	ENSG00000173614	ensembl_gene	NMNAT1	0	0	1	1	2.0
epilepsy	ENSG00000112992	ensembl_gene	NNT	0	0	1	1	2.0
epilepsy	ENSG00000156574	ensembl_gene	NODAL	0	0	1	1	2.0
epilepsy	ENSG00000183691	ensembl_gene	NOG	0	0	1	1	2.0
epilepsy	ENSG00000140939	ensembl_gene	NOL3	0	0	1	1	2.0
epilepsy	ENSG00000147140	ensembl_gene	NONO	0	0	1	1	2.0
epilepsy	ENSG00000182117	ensembl_gene	NOP10	0	0	1	1	2.0
epilepsy	ENSG00000101361	ensembl_gene	NOP56	0	0	1	1	2.0
epilepsy	ENSG00000089250	ensembl_gene	NOS1	0	0	1	1	2.0
epilepsy	ENSG00000198929	ensembl_gene	NOS1AP	0	0	1	1	2.0
epilepsy	ENSG00000148400	ensembl_gene	NOTCH1	0	0	1	1	2.0
epilepsy	ENSG00000134250	ensembl_gene	NOTCH2	0	0	1	1	2.0
epilepsy	ENSG00000074181	ensembl_gene	NOTCH3	0	0	1	1	2.0
epilepsy	ENSG00000007952	ensembl_gene	NOX1	0	0	1	1	2.0
epilepsy	ENSG00000185823	ensembl_gene	NPAP1	0	0	1	1	2.0
epilepsy	ENSG00000149308	ensembl_gene	NPAT	0	0	1	1	2.0
epilepsy	ENSG00000144061	ensembl_gene	NPHP1	0	0	1	1	2.0
epilepsy	ENSG00000113971	ensembl_gene	NPHP3	0	0	1	1	2.0
epilepsy	ENSG00000131697	ensembl_gene	NPHP4	0	0	1	1	2.0
epilepsy	ENSG00000161270	ensembl_gene	NPHS1	0	0	1	1	2.0
epilepsy	ENSG00000116218	ensembl_gene	NPHS2	0	0	1	1	2.0
epilepsy	ENSG00000175206	ensembl_gene	NPPA	0	0	1	1	2.0
epilepsy	ENSG00000163273	ensembl_gene	NPPC	0	0	1	1	2.0
epilepsy	ENSG00000159899	ensembl_gene	NPR2	0	0	1	1	2.0
epilepsy	ENSG00000113389	ensembl_gene	NPR3	0	0	1	1	2.0
epilepsy	ENSG00000122585	ensembl_gene	NPY	0	0	1	1	2.0
epilepsy	ENSG00000169297	ensembl_gene	NR0B1	0	0	1	1	2.0
epilepsy	ENSG00000012504	ensembl_gene	NR1H4	0	0	1	1	2.0
epilepsy	ENSG00000185551	ensembl_gene	NR2F2	0	0	1	1	2.0
epilepsy	ENSG00000113580	ensembl_gene	NR3C1	0	0	1	1	2.0
epilepsy	ENSG00000136931	ensembl_gene	NR5A1	0	0	1	1	2.0
epilepsy	ENSG00000171119	ensembl_gene	NRTN	0	0	1	1	2.0
epilepsy	ENSG00000110076	ensembl_gene	NRXN2	0	0	1	1	2.0
epilepsy	ENSG00000021645	ensembl_gene	NRXN3	0	0	1	1	2.0
epilepsy	ENSG00000109685	ensembl_gene	NSD2	0	0	1	1	2.0
epilepsy	ENSG00000037474	ensembl_gene	NSUN2	0	0	1	1	2.0
epilepsy	ENSG00000178694	ensembl_gene	NSUN3	0	0	1	1	2.0
epilepsy	ENSG00000076685	ensembl_gene	NT5C2	0	0	1	1	2.0
epilepsy	ENSG00000162631	ensembl_gene	NTNG1	0	0	1	1	2.0
epilepsy	ENSG00000198400	ensembl_gene	NTRK1	0	0	1	1	2.0
epilepsy	ENSG00000111581	ensembl_gene	NUP107	0	0	1	1	2.0
epilepsy	ENSG00000069248	ensembl_gene	NUP133	0	0	1	1	2.0
epilepsy	ENSG00000213024	ensembl_gene	NUP62	0	0	1	1	2.0
epilepsy	ENSG00000102898	ensembl_gene	NUTF2	0	0	1	1	2.0
epilepsy	ENSG00000290798	ensembl_gene	NXF5	0	0	1	1	2.0
epilepsy	ENSG00000171773	ensembl_gene	NXNL1	0	0	1	1	2.0
epilepsy	ENSG00000205978	ensembl_gene	NYNRIN	0	0	1	1	2.0
epilepsy	ENSG00000089127	ensembl_gene	OAS1	0	0	1	1	2.0
epilepsy	ENSG00000065154	ensembl_gene	OAT	0	0	1	1	2.0
epilepsy	ENSG00000124006	ensembl_gene	OBSL1	0	0	1	1	2.0
epilepsy	ENSG00000104044	ensembl_gene	OCA2	0	0	1	1	2.0
epilepsy	ENSG00000147162	ensembl_gene	OGT	0	0	1	1	2.0
epilepsy	ENSG00000291720	ensembl_gene	OMG	0	0	1	1	2.0
epilepsy	ENSG00000198836	ensembl_gene	OPA1	0	0	1	1	2.0
epilepsy	ENSG00000125741	ensembl_gene	OPA3	0	0	1	1	2.0
epilepsy	ENSG00000188770	ensembl_gene	OPTC	0	0	1	1	2.0
epilepsy	ENSG00000123240	ensembl_gene	OPTN	0	0	1	1	2.0
epilepsy	ENSG00000238243	ensembl_gene	OR2W3	0	0	1	1	2.0
epilepsy	ENSG00000276045	ensembl_gene	ORAI1	0	0	1	1	2.0
epilepsy	ENSG00000085840	ensembl_gene	ORC1	0	0	1	1	2.0
epilepsy	ENSG00000115947	ensembl_gene	ORC4	0	0	1	1	2.0
epilepsy	ENSG00000091651	ensembl_gene	ORC6	0	0	1	1	2.0
epilepsy	ENSG00000130703	ensembl_gene	OSBPL2	0	0	1	1	2.0
epilepsy	ENSG00000081087	ensembl_gene	OSTM1	0	0	1	1	2.0
epilepsy	ENSG00000036473	ensembl_gene	OTC	0	0	1	1	2.0
epilepsy	ENSG00000284559	ensembl_gene	OTOA	0	0	1	1	2.0
epilepsy	ENSG00000115155	ensembl_gene	OTOF	0	0	1	1	2.0
epilepsy	ENSG00000188162	ensembl_gene	OTOG	0	0	1	1	2.0
epilepsy	ENSG00000165899	ensembl_gene	OTOGL	0	0	1	1	2.0
epilepsy	ENSG00000155463	ensembl_gene	OXA1L	0	0	1	1	2.0
epilepsy	ENSG00000083720	ensembl_gene	OXCT1	0	0	1	1	2.0
epilepsy	ENSG00000187848	ensembl_gene	P2RX2	0	0	1	1	2.0
epilepsy	ENSG00000117385	ensembl_gene	P3H1	0	0	1	1	2.0
epilepsy	ENSG00000122884	ensembl_gene	P4HA1	0	0	1	1	2.0
epilepsy	ENSG00000100836	ensembl_gene	PABPN1	0	0	1	1	2.0
epilepsy	ENSG00000083093	ensembl_gene	PALB2	0	0	1	1	2.0
epilepsy	ENSG00000099864	ensembl_gene	PALM	0	0	1	1	2.0
epilepsy	ENSG00000116288	ensembl_gene	PARK7	0	0	1	1	2.0
epilepsy	ENSG00000274829	ensembl_gene	PARN	0	0	1	1	2.0
epilepsy	ENSG00000125813	ensembl_gene	PAX1	0	0	1	1	2.0
epilepsy	ENSG00000075891	ensembl_gene	PAX2	0	0	1	1	2.0
epilepsy	ENSG00000135903	ensembl_gene	PAX3	0	0	1	1	2.0
epilepsy	ENSG00000185630	ensembl_gene	PBX1	0	0	1	1	2.0
epilepsy	ENSG00000173599	ensembl_gene	PC	0	0	1	1	2.0
epilepsy	ENSG00000166228	ensembl_gene	PCBD1	0	0	1	1	2.0
epilepsy	ENSG00000150275	ensembl_gene	PCDH15	0	0	1	1	2.0
epilepsy	ENSG00000169851	ensembl_gene	PCDH7	0	0	1	1	2.0
epilepsy	ENSG00000291676	ensembl_gene	PCDHB4	0	0	1	1	2.0
epilepsy	ENSG00000124253	ensembl_gene	PCK1	0	0	1	1	2.0
epilepsy	ENSG00000285241	ensembl_gene	PCK2	0	0	1	1	2.0
epilepsy	ENSG00000132646	ensembl_gene	PCNA	0	0	1	1	2.0
epilepsy	ENSG00000160299	ensembl_gene	PCNT	0	0	1	1	2.0
epilepsy	ENSG00000175426	ensembl_gene	PCSK1	0	0	1	1	2.0
epilepsy	ENSG00000099139	ensembl_gene	PCSK5	0	0	1	1	2.0
epilepsy	ENSG00000169174	ensembl_gene	PCSK9	0	0	1	1	2.0
epilepsy	ENSG00000188389	ensembl_gene	PDCD1	0	0	1	1	2.0
epilepsy	ENSG00000112541	ensembl_gene	PDE10A	0	0	1	1	2.0
epilepsy	ENSG00000113448	ensembl_gene	PDE4D	0	0	1	1	2.0
epilepsy	ENSG00000156973	ensembl_gene	PDE6D	0	0	1	1	2.0
epilepsy	ENSG00000284762	ensembl_gene	PDE8B	0	0	1	1	2.0
epilepsy	ENSG00000100311	ensembl_gene	PDGFB	0	0	1	1	2.0
epilepsy	ENSG00000113721	ensembl_gene	PDGFRB	0	0	1	1	2.0
epilepsy	ENSG00000168291	ensembl_gene	PDHB	0	0	1	1	2.0
epilepsy	ENSG00000154553	ensembl_gene	PDLIM3	0	0	1	1	2.0
epilepsy	ENSG00000164951	ensembl_gene	PDP1	0	0	1	1	2.0
epilepsy	ENSG00000148459	ensembl_gene	PDSS1	0	0	1	1	2.0
epilepsy	ENSG00000139515	ensembl_gene	PDX1	0	0	1	1	2.0
epilepsy	ENSG00000101327	ensembl_gene	PDYN	0	0	1	1	2.0
epilepsy	ENSG00000186862	ensembl_gene	PDZD7	0	0	1	1	2.0
epilepsy	ENSG00000173517	ensembl_gene	PEAK1	0	0	1	1	2.0
epilepsy	ENSG00000124299	ensembl_gene	PEPD	0	0	1	1	2.0
epilepsy	ENSG00000232838	ensembl_gene	PET117	0	0	1	1	2.0
epilepsy	ENSG00000131779	ensembl_gene	PEX11B	0	0	1	1	2.0
epilepsy	ENSG00000142655	ensembl_gene	PEX14	0	0	1	1	2.0
epilepsy	ENSG00000121680	ensembl_gene	PEX16	0	0	1	1	2.0
epilepsy	ENSG00000141959	ensembl_gene	PFKL	0	0	1	1	2.0
epilepsy	ENSG00000152556	ensembl_gene	PFKM	0	0	1	1	2.0
epilepsy	ENSG00000108518	ensembl_gene	PFN1	0	0	1	1	2.0
epilepsy	ENSG00000164708	ensembl_gene	PGAM2	0	0	1	1	2.0
epilepsy	ENSG00000197121	ensembl_gene	PGAP1	0	0	1	1	2.0
epilepsy	267004	unknown_namespace	PGBD3	0	0	1	1	2.0
epilepsy	ENSG00000079739	ensembl_gene	PGM1	0	0	1	1	2.0
epilepsy	ENSG00000013375	ensembl_gene	PGM3	0	0	1	1	2.0
epilepsy	ENSG00000111752	ensembl_gene	PHC1	0	0	1	1	2.0
epilepsy	ENSG00000118482	ensembl_gene	PHF3	0	0	1	1	2.0
epilepsy	ENSG00000172943	ensembl_gene	PHF8	0	0	1	1	2.0
epilepsy	ENSG00000146247	ensembl_gene	PHIP	0	0	1	1	2.0
epilepsy	ENSG00000067177	ensembl_gene	PHKA1	0	0	1	1	2.0
epilepsy	ENSG00000044446	ensembl_gene	PHKA2	0	0	1	1	2.0
epilepsy	ENSG00000102893	ensembl_gene	PHKB	0	0	1	1	2.0
epilepsy	ENSG00000156873	ensembl_gene	PHKG2	0	0	1	1	2.0
epilepsy	ENSG00000109132	ensembl_gene	PHOX2B	0	0	1	1	2.0
epilepsy	ENSG00000107537	ensembl_gene	PHYH	0	0	1	1	2.0
epilepsy	ENSG00000241973	ensembl_gene	PI4KA	0	0	1	1	2.0
epilepsy	ENSG00000083535	ensembl_gene	PIBF1	0	0	1	1	2.0
epilepsy	ENSG00000103335	ensembl_gene	PIEZO1	0	0	1	1	2.0
epilepsy	ENSG00000154864	ensembl_gene	PIEZO2	0	0	1	1	2.0
epilepsy	ENSG00000163964	ensembl_gene	PIGX	0	0	1	1	2.0
epilepsy	ENSG00000255072	ensembl_gene	PIGY	0	0	1	1	2.0
epilepsy	ENSG00000155629	ensembl_gene	PIK3AP1	0	0	1	1	2.0
epilepsy	ENSG00000171608	ensembl_gene	PIK3CD	0	0	1	1	2.0
epilepsy	ENSG00000145675	ensembl_gene	PIK3R1	0	0	1	1	2.0
epilepsy	ENSG00000141506	ensembl_gene	PIK3R5	0	0	1	1	2.0
epilepsy	ENSG00000107959	ensembl_gene	PITRM1	0	0	1	1	2.0
epilepsy	ENSG00000069011	ensembl_gene	PITX1	0	0	1	1	2.0
epilepsy	ENSG00000164093	ensembl_gene	PITX2	0	0	1	1	2.0
epilepsy	ENSG00000204311	ensembl_gene	PJVK	0	0	1	1	2.0
epilepsy	ENSG00000008710	ensembl_gene	PKD1	0	0	1	1	2.0
epilepsy	ENSG00000118762	ensembl_gene	PKD2	0	0	1	1	2.0
epilepsy	ENSG00000162878	ensembl_gene	PKDCC	0	0	1	1	2.0
epilepsy	ENSG00000170927	ensembl_gene	PKHD1	0	0	1	1	2.0
epilepsy	ENSG00000205038	ensembl_gene	PKHD1L1	0	0	1	1	2.0
epilepsy	ENSG00000262785	ensembl_gene	PKLR	0	0	1	1	2.0
epilepsy	ENSG00000067225	ensembl_gene	PKM	0	0	1	1	2.0
epilepsy	ENSG00000057294	ensembl_gene	PKP2	0	0	1	1	2.0
epilepsy	ENSG00000118495	ensembl_gene	PLAGL1	0	0	1	1	2.0
epilepsy	ENSG00000101333	ensembl_gene	PLCB4	0	0	1	1	2.0
epilepsy	ENSG00000124181	ensembl_gene	PLCG1	0	0	1	1	2.0
epilepsy	ENSG00000178209	ensembl_gene	PLEC	0	0	1	1	2.0
epilepsy	ENSG00000090924	ensembl_gene	PLEKHG2	0	0	1	1	2.0
epilepsy	ENSG00000171680	ensembl_gene	PLEKHG5	0	0	1	1	2.0
epilepsy	ENSG00000122194	ensembl_gene	PLG	0	0	1	1	2.0
epilepsy	ENSG00000142731	ensembl_gene	PLK4	0	0	1	1	2.0
epilepsy	ENSG00000198523	ensembl_gene	PLN	0	0	1	1	2.0
epilepsy	ENSG00000083444	ensembl_gene	PLOD1	0	0	1	1	2.0
epilepsy	ENSG00000152952	ensembl_gene	PLOD2	0	0	1	1	2.0
epilepsy	ENSG00000205808	ensembl_gene	PLPP6	0	0	1	1	2.0
epilepsy	ENSG00000120756	ensembl_gene	PLS1	0	0	1	1	2.0
epilepsy	ENSG00000076356	ensembl_gene	PLXNA2	0	0	1	1	2.0
epilepsy	ENSG00000004399	ensembl_gene	PLXND1	0	0	1	1	2.0
epilepsy	ENSG00000109099	ensembl_gene	PMP22	0	0	1	1	2.0
epilepsy	ENSG00000165688	ensembl_gene	PMPCA	0	0	1	1	2.0
epilepsy	ENSG00000122512	ensembl_gene	PMS2	0	0	1	1	2.0
epilepsy	ENSG00000127838	ensembl_gene	PNKD	0	0	1	1	2.0
epilepsy	ENSG00000198805	ensembl_gene	PNP	0	0	1	1	2.0
epilepsy	ENSG00000180316	ensembl_gene	PNPLA1	0	0	1	1	2.0
epilepsy	ENSG00000177666	ensembl_gene	PNPLA2	0	0	1	1	2.0
epilepsy	ENSG00000006757	ensembl_gene	PNPLA4	0	0	1	1	2.0
epilepsy	ENSG00000032444	ensembl_gene	PNPLA6	0	0	1	1	2.0
epilepsy	ENSG00000164087	ensembl_gene	POC1A	0	0	1	1	2.0
epilepsy	ENSG00000152359	ensembl_gene	POC5	0	0	1	1	2.0
epilepsy	ENSG00000128567	ensembl_gene	PODXL	0	0	1	1	2.0
epilepsy	ENSG00000101868	ensembl_gene	POLA1	0	0	1	1	2.0
epilepsy	ENSG00000062822	ensembl_gene	POLD1	0	0	1	1	2.0
epilepsy	ENSG00000106628	ensembl_gene	POLD2	0	0	1	1	2.0
epilepsy	ENSG00000077514	ensembl_gene	POLD3	0	0	1	1	2.0
epilepsy	ENSG00000100479	ensembl_gene	POLE2	0	0	1	1	2.0
epilepsy	ENSG00000170734	ensembl_gene	POLH	0	0	1	1	2.0
epilepsy	ENSG00000171453	ensembl_gene	POLR1C	0	0	1	1	2.0
epilepsy	ENSG00000186184	ensembl_gene	POLR1D	0	0	1	1	2.0
epilepsy	ENSG00000102978	ensembl_gene	POLR2C	0	0	1	1	2.0
epilepsy	ENSG00000148606	ensembl_gene	POLR3A	0	0	1	1	2.0
epilepsy	ENSG00000132664	ensembl_gene	POLR3F	0	0	1	1	2.0
epilepsy	ENSG00000105854	ensembl_gene	PON2	0	0	1	1	2.0
epilepsy	ENSG00000104356	ensembl_gene	POP1	0	0	1	1	2.0
epilepsy	ENSG00000112276	ensembl_gene	POPDC1	0	0	1	1	2.0
epilepsy	ENSG00000127948	ensembl_gene	POR	0	0	1	1	2.0
epilepsy	ENSG00000102312	ensembl_gene	PORCN	0	0	1	1	2.0
epilepsy	ENSG00000064835	ensembl_gene	POU1F1	0	0	1	1	2.0
epilepsy	ENSG00000196767	ensembl_gene	POU3F4	0	0	1	1	2.0
epilepsy	ENSG00000091010	ensembl_gene	POU4F3	0	0	1	1	2.0
epilepsy	ENSG00000138777	ensembl_gene	PPA2	0	0	1	1	2.0
epilepsy	ENSG00000186951	ensembl_gene	PPARA	0	0	1	1	2.0
epilepsy	ENSG00000112033	ensembl_gene	PPARD	0	0	1	1	2.0
epilepsy	ENSG00000132170	ensembl_gene	PPARG	0	0	1	1	2.0
epilepsy	ENSG00000109819	ensembl_gene	PPARGC1A	0	0	1	1	2.0
epilepsy	ENSG00000166794	ensembl_gene	PPIB	0	0	1	1	2.0
epilepsy	ENSG00000138032	ensembl_gene	PPM1B	0	0	1	1	2.0
epilepsy	ENSG00000170836	ensembl_gene	PPM1D	0	0	1	1	2.0
epilepsy	ENSG00000100034	ensembl_gene	PPM1F	0	0	1	1	2.0
epilepsy	ENSG00000163644	ensembl_gene	PPM1K	0	0	1	1	2.0
epilepsy	ENSG00000143224	ensembl_gene	PPOX	0	0	1	1	2.0
epilepsy	ENSG00000213639	ensembl_gene	PPP1CB	0	0	1	1	2.0
epilepsy	ENSG00000058272	ensembl_gene	PPP1R12A	0	0	1	1	2.0
epilepsy	ENSG00000158615	ensembl_gene	PPP1R15B	0	0	1	1	2.0
epilepsy	ENSG00000106341	ensembl_gene	PPP1R17	0	0	1	1	2.0
epilepsy	ENSG00000119938	ensembl_gene	PPP1R3C	0	0	1	1	2.0
epilepsy	ENSG00000156475	ensembl_gene	PPP2R2B	0	0	1	1	2.0
epilepsy	ENSG00000068971	ensembl_gene	PPP2R5B	0	0	1	1	2.0
epilepsy	ENSG00000221988	ensembl_gene	PPT2	0	0	1	1	2.0
epilepsy	ENSG00000102103	ensembl_gene	PQBP1	0	0	1	1	2.0
epilepsy	ENSG00000214140	ensembl_gene	PRCD	0	0	1	1	2.0
epilepsy	ENSG00000112238	ensembl_gene	PRDM13	0	0	1	1	2.0
epilepsy	ENSG00000142611	ensembl_gene	PRDM16	0	0	1	1	2.0
epilepsy	ENSG00000138738	ensembl_gene	PRDM5	0	0	1	1	2.0
epilepsy	ENSG00000117450	ensembl_gene	PRDX1	0	0	1	1	2.0
epilepsy	ENSG00000138078	ensembl_gene	PREPL	0	0	1	1	2.0
epilepsy	ENSG00000180644	ensembl_gene	PRF1	0	0	1	1	2.0
epilepsy	ENSG00000139174	ensembl_gene	PRICKLE1	0	0	1	1	2.0
epilepsy	ENSG00000163637	ensembl_gene	PRICKLE2	0	0	1	1	2.0
epilepsy	ENSG00000288516	ensembl_gene	PRKACA	0	0	1	1	2.0
epilepsy	ENSG00000106617	ensembl_gene	PRKAG2	0	0	1	1	2.0
epilepsy	ENSG00000115592	ensembl_gene	PRKAG3	0	0	1	1	2.0
epilepsy	ENSG00000108946	ensembl_gene	PRKAR1A	0	0	1	1	2.0
epilepsy	ENSG00000188191	ensembl_gene	PRKAR1B	0	0	1	1	2.0
epilepsy	ENSG00000126583	ensembl_gene	PRKCG	0	0	1	1	2.0
epilepsy	ENSG00000027075	ensembl_gene	PRKCH	0	0	1	1	2.0
epilepsy	ENSG00000163558	ensembl_gene	PRKCI	0	0	1	1	2.0
epilepsy	ENSG00000184304	ensembl_gene	PRKD1	0	0	1	1	2.0
epilepsy	ENSG00000253729	ensembl_gene	PRKDC	0	0	1	1	2.0
epilepsy	ENSG00000185532	ensembl_gene	PRKG1	0	0	1	1	2.0
epilepsy	ENSG00000185345	ensembl_gene	PRKN	0	0	1	1	2.0
epilepsy	ENSG00000180228	ensembl_gene	PRKRA	0	0	1	1	2.0
epilepsy	ENSG00000115718	ensembl_gene	PROC	0	0	1	1	2.0
epilepsy	ENSG00000163421	ensembl_gene	PROK2	0	0	1	1	2.0
epilepsy	ENSG00000101292	ensembl_gene	PROKR2	0	0	1	1	2.0
epilepsy	ENSG00000175325	ensembl_gene	PROP1	0	0	1	1	2.0
epilepsy	ENSG00000117707	ensembl_gene	PROX1	0	0	1	1	2.0
epilepsy	ENSG00000135406	ensembl_gene	PRPH	0	0	1	1	2.0
epilepsy	ENSG00000147224	ensembl_gene	PRPS1	0	0	1	1	2.0
epilepsy	ENSG00000126464	ensembl_gene	PRR12	0	0	1	1	2.0
epilepsy	ENSG00000116132	ensembl_gene	PRRX1	0	0	1	1	2.0
epilepsy	ENSG00000204983	ensembl_gene	PRSS1	0	0	1	1	2.0
epilepsy	ENSG00000164099	ensembl_gene	PRSS12	0	0	1	1	2.0
epilepsy	ENSG00000277804	ensembl_gene	PRTN3	0	0	1	1	2.0
epilepsy	ENSG00000105227	ensembl_gene	PRX	0	0	1	1	2.0
epilepsy	ENSG00000080815	ensembl_gene	PSEN1	0	0	1	1	2.0
epilepsy	ENSG00000143801	ensembl_gene	PSEN2	0	0	1	1	2.0
epilepsy	ENSG00000100567	ensembl_gene	PSMA3	0	0	1	1	2.0
epilepsy	ENSG00000128789	ensembl_gene	PSMG2	0	0	1	1	2.0
epilepsy	ENSG00000106246	ensembl_gene	PTCD1	0	0	1	1	2.0
epilepsy	ENSG00000132300	ensembl_gene	PTCD3	0	0	1	1	2.0
epilepsy	ENSG00000117425	ensembl_gene	PTCH2	0	0	1	1	2.0
epilepsy	ENSG00000165186	ensembl_gene	PTCHD1	0	0	1	1	2.0
epilepsy	ENSG00000152266	ensembl_gene	PTH	0	0	1	1	2.0
epilepsy	ENSG00000179295	ensembl_gene	PTPN11	0	0	1	1	2.0
epilepsy	ENSG00000152104	ensembl_gene	PTPN14	0	0	1	1	2.0
epilepsy	ENSG00000134242	ensembl_gene	PTPN22	0	0	1	1	2.0
epilepsy	ENSG00000262418	ensembl_gene	PTPRC	0	0	1	1	2.0
epilepsy	ENSG00000153707	ensembl_gene	PTPRD	0	0	1	1	2.0
epilepsy	ENSG00000139304	ensembl_gene	PTPRQ	0	0	1	1	2.0
epilepsy	ENSG00000060656	ensembl_gene	PTPRU	0	0	1	1	2.0
epilepsy	ENSG00000141378	ensembl_gene	PTRH2	0	0	1	1	2.0
epilepsy	ENSG00000177192	ensembl_gene	PUS1	0	0	1	1	2.0
epilepsy	ENSG00000183010	ensembl_gene	PYCR1	0	0	1	1	2.0
epilepsy	ENSG00000143811	ensembl_gene	PYCR2	0	0	1	1	2.0
epilepsy	ENSG00000100504	ensembl_gene	PYGL	0	0	1	1	2.0
epilepsy	ENSG00000068976	ensembl_gene	PYGM	0	0	1	1	2.0
epilepsy	ENSG00000121350	ensembl_gene	PYROXD1	0	0	1	1	2.0
epilepsy	ENSG00000198218	ensembl_gene	QRICH1	0	0	1	1	2.0
epilepsy	ENSG00000112210	ensembl_gene	RAB23	0	0	1	1	2.0
epilepsy	ENSG00000069974	ensembl_gene	RAB27A	0	0	1	1	2.0
epilepsy	ENSG00000117280	ensembl_gene	RAB29	0	0	1	1	2.0
epilepsy	ENSG00000102128	ensembl_gene	RAB40AL	0	0	1	1	2.0
epilepsy	ENSG00000075785	ensembl_gene	RAB7A	0	0	1	1	2.0
epilepsy	ENSG00000136238	ensembl_gene	RAC1	0	0	1	1	2.0
epilepsy	ENSG00000128340	ensembl_gene	RAC2	0	0	1	1	2.0
epilepsy	ENSG00000164754	ensembl_gene	RAD21	0	0	1	1	2.0
epilepsy	ENSG00000119318	ensembl_gene	RAD23B	0	0	1	1	2.0
epilepsy	ENSG00000113522	ensembl_gene	RAD50	0	0	1	1	2.0
epilepsy	ENSG00000051180	ensembl_gene	RAD51	0	0	1	1	2.0
epilepsy	ENSG00000132155	ensembl_gene	RAF1	0	0	1	1	2.0
epilepsy	ENSG00000166349	ensembl_gene	RAG1	0	0	1	1	2.0
epilepsy	ENSG00000175097	ensembl_gene	RAG2	0	0	1	1	2.0
epilepsy	ENSG00000108961	ensembl_gene	RANGRF	0	0	1	1	2.0
epilepsy	ENSG00000116473	ensembl_gene	RAP1A	0	0	1	1	2.0
epilepsy	ENSG00000127314	ensembl_gene	RAP1B	0	0	1	1	2.0
epilepsy	ENSG00000165917	ensembl_gene	RAPSN	0	0	1	1	2.0
epilepsy	ENSG00000077092	ensembl_gene	RARB	0	0	1	1	2.0
epilepsy	ENSG00000113643	ensembl_gene	RARS1	0	0	1	1	2.0
epilepsy	ENSG00000145715	ensembl_gene	RASA1	0	0	1	1	2.0
epilepsy	ENSG00000155903	ensembl_gene	RASA2	0	0	1	1	2.0
epilepsy	ENSG00000139687	ensembl_gene	RB1	0	0	1	1	2.0
epilepsy	ENSG00000101773	ensembl_gene	RBBP8	0	0	1	1	2.0
epilepsy	ENSG00000078328	ensembl_gene	RBFOX1	0	0	1	1	2.0
epilepsy	ENSG00000167281	ensembl_gene	RBFOX3	0	0	1	1	2.0
epilepsy	ENSG00000182872	ensembl_gene	RBM10	0	0	1	1	2.0
epilepsy	ENSG00000203867	ensembl_gene	RBM20	0	0	1	1	2.0
epilepsy	ENSG00000265241	ensembl_gene	RBM8A	0	0	1	1	2.0
epilepsy	ENSG00000144642	ensembl_gene	RBMS3	0	0	1	1	2.0
epilepsy	ENSG00000147274	ensembl_gene	RBMX	0	0	1	1	2.0
epilepsy	ENSG00000168214	ensembl_gene	RBPJ	0	0	1	1	2.0
epilepsy	ENSG00000136144	ensembl_gene	RCBTB1	0	0	1	1	2.0
epilepsy	ENSG00000198570	ensembl_gene	RD3	0	0	1	1	2.0
epilepsy	ENSG00000072042	ensembl_gene	RDH11	0	0	1	1	2.0
epilepsy	ENSG00000139988	ensembl_gene	RDH12	0	0	1	1	2.0
epilepsy	ENSG00000137710	ensembl_gene	RDX	0	0	1	1	2.0
epilepsy	ENSG00000160957	ensembl_gene	RECQL4	0	0	1	1	2.0
epilepsy	ENSG00000068615	ensembl_gene	REEP1	0	0	1	1	2.0
epilepsy	ENSG00000132563	ensembl_gene	REEP2	0	0	1	1	2.0
epilepsy	ENSG00000162924	ensembl_gene	REL	0	0	1	1	2.0
epilepsy	ENSG00000154153	ensembl_gene	RETREG1	0	0	1	1	2.0
epilepsy	ENSG00000009413	ensembl_gene	REV3L	0	0	1	1	2.0
epilepsy	ENSG00000035928	ensembl_gene	RFC1	0	0	1	1	2.0
epilepsy	ENSG00000143390	ensembl_gene	RFX5	0	0	1	1	2.0
epilepsy	ENSG00000064490	ensembl_gene	RFXANK	0	0	1	1	2.0
epilepsy	ENSG00000133111	ensembl_gene	RFXAP	0	0	1	1	2.0
epilepsy	ENSG00000182732	ensembl_gene	RGS6	0	0	1	1	2.0
epilepsy	ENSG00000263961	ensembl_gene	RHEX	0	0	1	1	2.0
epilepsy	ENSG00000274145	ensembl_gene	RILP	0	0	1	1	2.0
epilepsy	ENSG00000079841	ensembl_gene	RIMS1	0	0	1	1	2.0
epilepsy	ENSG00000183421	ensembl_gene	RIPK4	0	0	1	1	2.0
epilepsy	ENSG00000111913	ensembl_gene	RIPOR2	0	0	1	1	2.0
epilepsy	ENSG00000143622	ensembl_gene	RIT1	0	0	1	1	2.0
epilepsy	ENSG00000140522	ensembl_gene	RLBP1	0	0	1	1	2.0
epilepsy	ENSG00000131263	ensembl_gene	RLIM	0	0	1	1	2.0
epilepsy	ENSG00000277027	ensembl_gene	RMRP	0	0	1	1	2.0
epilepsy	ENSG00000171865	ensembl_gene	RNASEH1	0	0	1	1	2.0
epilepsy	ENSG00000101695	ensembl_gene	RNF125	0	0	1	1	2.0
epilepsy	ENSG00000181481	ensembl_gene	RNF135	0	0	1	1	2.0
epilepsy	ENSG00000120925	ensembl_gene	RNF170	0	0	1	1	2.0
epilepsy	ENSG00000011275	ensembl_gene	RNF216	0	0	1	1	2.0
epilepsy	ENSG00000092098	ensembl_gene	RNF31	0	0	1	1	2.0
epilepsy	ENSG00000184719	ensembl_gene	RNLS	0	0	1	1	2.0
epilepsy	ENSG00000169855	ensembl_gene	ROBO1	0	0	1	1	2.0
epilepsy	ENSG00000154134	ensembl_gene	ROBO3	0	0	1	1	2.0
epilepsy	ENSG00000169071	ensembl_gene	ROR2	0	0	1	1	2.0
epilepsy	ENSG00000102218	ensembl_gene	RP2	0	0	1	1	2.0
epilepsy	ENSG00000116745	ensembl_gene	RPE65	0	0	1	1	2.0
epilepsy	ENSG00000156313	ensembl_gene	RPGR	0	0	1	1	2.0
epilepsy	ENSG00000092200	ensembl_gene	RPGRIP1	0	0	1	1	2.0
epilepsy	ENSG00000103494	ensembl_gene	RPGRIP1L	0	0	1	1	2.0
epilepsy	ENSG00000147403	ensembl_gene	RPL10	0	0	1	1	2.0
epilepsy	ENSG00000142676	ensembl_gene	RPL11	0	0	1	1	2.0
epilepsy	ENSG00000265681	ensembl_gene	RPL17	0	0	1	1	2.0
epilepsy	ENSG00000108298	ensembl_gene	RPL19	0	0	1	1	2.0
epilepsy	ENSG00000125691	ensembl_gene	RPL23	0	0	1	1	2.0
epilepsy	ENSG00000071082	ensembl_gene	RPL31	0	0	1	1	2.0
epilepsy	ENSG00000163682	ensembl_gene	RPL9	0	0	1	1	2.0
epilepsy	ENSG00000291973	ensembl_gene	RPN2	0	0	1	1	2.0
epilepsy	ENSG00000182774	ensembl_gene	RPS17	0	0	1	1	2.0
epilepsy	ENSG00000008988	ensembl_gene	RPS20	0	0	1	1	2.0
epilepsy	ENSG00000186468	ensembl_gene	RPS23	0	0	1	1	2.0
epilepsy	ENSG00000197728	ensembl_gene	RPS26	0	0	1	1	2.0
epilepsy	ENSG00000233927	ensembl_gene	RPS28	0	0	1	1	2.0
epilepsy	ENSG00000137154	ensembl_gene	RPS6	0	0	1	1	2.0
epilepsy	ENSG00000136643	ensembl_gene	RPS6KC1	0	0	1	1	2.0
epilepsy	ENSG00000155876	ensembl_gene	RRAGA	0	0	1	1	2.0
epilepsy	ENSG00000126458	ensembl_gene	RRAS	0	0	1	1	2.0
epilepsy	ENSG00000124782	ensembl_gene	RREB1	0	0	1	1	2.0
epilepsy	ENSG00000102104	ensembl_gene	RS1	0	0	1	1	2.0
epilepsy	ENSG00000159579	ensembl_gene	RSPRY1	0	0	1	1	2.0
epilepsy	ENSG00000132026	ensembl_gene	RTBDN	0	0	1	1	2.0
epilepsy	ENSG00000258366	ensembl_gene	RTEL1	0	0	1	1	2.0
epilepsy	ENSG00000125744	ensembl_gene	RTN2	0	0	1	1	2.0
epilepsy	ENSG00000040608	ensembl_gene	RTN4R	0	0	1	1	2.0
epilepsy	ENSG00000145016	ensembl_gene	RUBCN	0	0	1	1	2.0
epilepsy	ENSG00000124813	ensembl_gene	RUNX2	0	0	1	1	2.0
epilepsy	ENSG00000196218	ensembl_gene	RYR1	0	0	1	1	2.0
epilepsy	ENSG00000198626	ensembl_gene	RYR2	0	0	1	1	2.0
epilepsy	ENSG00000267534	ensembl_gene	S1PR2	0	0	1	1	2.0
epilepsy	ENSG00000103449	ensembl_gene	SALL1	0	0	1	1	2.0
epilepsy	ENSG00000101115	ensembl_gene	SALL4	0	0	1	1	2.0
epilepsy	ENSG00000187634	ensembl_gene	SAMD11	0	0	1	1	2.0
epilepsy	ENSG00000167100	ensembl_gene	SAMD14	0	0	1	1	2.0
epilepsy	ENSG00000205413	ensembl_gene	SAMD9	0	0	1	1	2.0
epilepsy	ENSG00000031698	ensembl_gene	SARS1	0	0	1	1	2.0
epilepsy	ENSG00000283104	ensembl_gene	SARS2	0	0	1	1	2.0
epilepsy	ENSG00000156876	ensembl_gene	SASS6	0	0	1	1	2.0
epilepsy	ENSG00000126524	ensembl_gene	SBDS	0	0	1	1	2.0
epilepsy	ENSG00000133812	ensembl_gene	SBF2	0	0	1	1	2.0
epilepsy	ENSG00000109929	ensembl_gene	SC5D	0	0	1	1	2.0
epilepsy	ENSG00000073060	ensembl_gene	SCARB1	0	0	1	1	2.0
epilepsy	ENSG00000244486	ensembl_gene	SCARF2	0	0	1	1	2.0
epilepsy	ENSG00000151466	ensembl_gene	SCLT1	0	0	1	1	2.0
epilepsy	ENSG00000168356	ensembl_gene	SCN11A	0	0	1	1	2.0
epilepsy	ENSG00000149575	ensembl_gene	SCN2B	0	0	1	1	2.0
epilepsy	ENSG00000166257	ensembl_gene	SCN3B	0	0	1	1	2.0
epilepsy	ENSG00000007314	ensembl_gene	SCN4A	0	0	1	1	2.0
epilepsy	ENSG00000177098	ensembl_gene	SCN4B	0	0	1	1	2.0
epilepsy	ENSG00000183873	ensembl_gene	SCN5A	0	0	1	1	2.0
epilepsy	ENSG00000136546	ensembl_gene	SCN7A	0	0	1	1	2.0
epilepsy	ENSG00000169432	ensembl_gene	SCN9A	0	0	1	1	2.0
epilepsy	ENSG00000163156	ensembl_gene	SCNM1	0	0	1	1	2.0
epilepsy	ENSG00000116171	ensembl_gene	SCP2	0	0	1	1	2.0
epilepsy	ENSG00000142186	ensembl_gene	SCYL1	0	0	1	1	2.0
epilepsy	ENSG00000276111	ensembl_gene	SDCCAG8	0	0	1	1	2.0
epilepsy	ENSG00000205138	ensembl_gene	SDHAF1	0	0	1	1	2.0
epilepsy	ENSG00000167985	ensembl_gene	SDHAF2	0	0	1	1	2.0
epilepsy	ENSG00000196636	ensembl_gene	SDHAF3	0	0	1	1	2.0
epilepsy	ENSG00000154079	ensembl_gene	SDHAF4	0	0	1	1	2.0
epilepsy	ENSG00000117118	ensembl_gene	SDHB	0	0	1	1	2.0
epilepsy	ENSG00000143252	ensembl_gene	SDHC	0	0	1	1	2.0
epilepsy	ENSG00000204370	ensembl_gene	SDHD	0	0	1	1	2.0
epilepsy	ENSG00000170426	ensembl_gene	SDR9C7	0	0	1	1	2.0
epilepsy	ENSG00000101310	ensembl_gene	SEC23B	0	0	1	1	2.0
epilepsy	ENSG00000176986	ensembl_gene	SEC24C	0	0	1	1	2.0
epilepsy	ENSG00000150961	ensembl_gene	SEC24D	0	0	1	1	2.0
epilepsy	ENSG00000138674	ensembl_gene	SEC31A	0	0	1	1	2.0
epilepsy	ENSG00000058262	ensembl_gene	SEC61A1	0	0	1	1	2.0
epilepsy	ENSG00000138018	ensembl_gene	SELENOI	0	0	1	1	2.0
epilepsy	ENSG00000162430	ensembl_gene	SELENON	0	0	1	1	2.0
epilepsy	ENSG00000127922	ensembl_gene	SEM1	0	0	1	1	2.0
epilepsy	ENSG00000170381	ensembl_gene	SEMA3E	0	0	1	1	2.0
epilepsy	ENSG00000001617	ensembl_gene	SEMA3F	0	0	1	1	2.0
epilepsy	ENSG00000092421	ensembl_gene	SEMA6A	0	0	1	1	2.0
epilepsy	ENSG00000125354	ensembl_gene	SEPTIN6	0	0	1	1	2.0
epilepsy	ENSG00000124570	ensembl_gene	SERPINB6	0	0	1	1	2.0
epilepsy	ENSG00000282307	ensembl_gene	SERPINF1	0	0	1	1	2.0
epilepsy	ENSG00000181555	ensembl_gene	SETD2	0	0	1	1	2.0
epilepsy	ENSG00000107290	ensembl_gene	SETX	0	0	1	1	2.0
epilepsy	ENSG00000143368	ensembl_gene	SF3B4	0	0	1	1	2.0
epilepsy	ENSG00000183605	ensembl_gene	SFXN4	0	0	1	1	2.0
epilepsy	ENSG00000108823	ensembl_gene	SGCA	0	0	1	1	2.0
epilepsy	ENSG00000163069	ensembl_gene	SGCB	0	0	1	1	2.0
epilepsy	ENSG00000170624	ensembl_gene	SGCD	0	0	1	1	2.0
epilepsy	ENSG00000127990	ensembl_gene	SGCE	0	0	1	1	2.0
epilepsy	ENSG00000102683	ensembl_gene	SGCG	0	0	1	1	2.0
epilepsy	ENSG00000166224	ensembl_gene	SGPL1	0	0	1	1	2.0
epilepsy	ENSG00000178188	ensembl_gene	SH2B1	0	0	1	1	2.0
epilepsy	ENSG00000183918	ensembl_gene	SH2D1A	0	0	1	1	2.0
epilepsy	ENSG00000169247	ensembl_gene	SH3TC2	0	0	1	1	2.0
epilepsy	ENSG00000161681	ensembl_gene	SHANK1	0	0	1	1	2.0
epilepsy	ENSG00000162105	ensembl_gene	SHANK2	0	0	1	1	2.0
epilepsy	ENSG00000182199	ensembl_gene	SHMT2	0	0	1	1	2.0
epilepsy	ENSG00000108061	ensembl_gene	SHOC2	0	0	1	1	2.0
epilepsy	ENSG00000185960	ensembl_gene	SHOX	0	0	1	1	2.0
epilepsy	ENSG00000158352	ensembl_gene	SHROOM4	0	0	1	1	2.0
epilepsy	ENSG00000090402	ensembl_gene	SI	0	0	1	1	2.0
epilepsy	ENSG00000147955	ensembl_gene	SIGMAR1	0	0	1	1	2.0
epilepsy	ENSG00000120725	ensembl_gene	SIL1	0	0	1	1	2.0
epilepsy	ENSG00000112246	ensembl_gene	SIM1	0	0	1	1	2.0
epilepsy	ENSG00000169375	ensembl_gene	SIN3A	0	0	1	1	2.0
epilepsy	ENSG00000096717	ensembl_gene	SIRT1	0	0	1	1	2.0
epilepsy	ENSG00000126778	ensembl_gene	SIX1	0	0	1	1	2.0
epilepsy	ENSG00000177045	ensembl_gene	SIX5	0	0	1	1	2.0
epilepsy	ENSG00000157933	ensembl_gene	SKI	0	0	1	1	2.0
epilepsy	ENSG00000204351	ensembl_gene	SKIC2	0	0	1	1	2.0
epilepsy	ENSG00000198677	ensembl_gene	SKIC3	0	0	1	1	2.0
epilepsy	ENSG00000100652	ensembl_gene	SLC10A1	0	0	1	1	2.0
epilepsy	ENSG00000074803	ensembl_gene	SLC12A1	0	0	1	1	2.0
epilepsy	ENSG00000064651	ensembl_gene	SLC12A2	0	0	1	1	2.0
epilepsy	ENSG00000070915	ensembl_gene	SLC12A3	0	0	1	1	2.0
epilepsy	ENSG00000140199	ensembl_gene	SLC12A6	0	0	1	1	2.0
epilepsy	ENSG00000155380	ensembl_gene	SLC16A1	0	0	1	1	2.0
epilepsy	ENSG00000119899	ensembl_gene	SLC17A5	0	0	1	1	2.0
epilepsy	ENSG00000179520	ensembl_gene	SLC17A8	0	0	1	1	2.0
epilepsy	ENSG00000165646	ensembl_gene	SLC18A2	0	0	1	1	2.0
epilepsy	ENSG00000173638	ensembl_gene	SLC19A1	0	0	1	1	2.0
epilepsy	ENSG00000117479	ensembl_gene	SLC19A2	0	0	1	1	2.0
epilepsy	ENSG00000106688	ensembl_gene	SLC1A1	0	0	1	1	2.0
epilepsy	ENSG00000079215	ensembl_gene	SLC1A3	0	0	1	1	2.0
epilepsy	ENSG00000105281	ensembl_gene	SLC1A5	0	0	1	1	2.0
epilepsy	ENSG00000168575	ensembl_gene	SLC20A2	0	0	1	1	2.0
epilepsy	ENSG00000183048	ensembl_gene	SLC25A10	0	0	1	1	2.0
epilepsy	ENSG00000004864	ensembl_gene	SLC25A13	0	0	1	1	2.0
epilepsy	ENSG00000102743	ensembl_gene	SLC25A15	0	0	1	1	2.0
epilepsy	ENSG00000125454	ensembl_gene	SLC25A19	0	0	1	1	2.0
epilepsy	ENSG00000178537	ensembl_gene	SLC25A20	0	0	1	1	2.0
epilepsy	ENSG00000144741	ensembl_gene	SLC25A26	0	0	1	1	2.0
epilepsy	ENSG00000075415	ensembl_gene	SLC25A3	0	0	1	1	2.0
epilepsy	ENSG00000164933	ensembl_gene	SLC25A32	0	0	1	1	2.0
epilepsy	ENSG00000171612	ensembl_gene	SLC25A33	0	0	1	1	2.0
epilepsy	ENSG00000144659	ensembl_gene	SLC25A38	0	0	1	1	2.0
epilepsy	ENSG00000151729	ensembl_gene	SLC25A4	0	0	1	1	2.0
epilepsy	ENSG00000075303	ensembl_gene	SLC25A40	0	0	1	1	2.0
epilepsy	ENSG00000181035	ensembl_gene	SLC25A42	0	0	1	1	2.0
epilepsy	ENSG00000164209	ensembl_gene	SLC25A46	0	0	1	1	2.0
epilepsy	ENSG00000145217	ensembl_gene	SLC26A1	0	0	1	1	2.0
epilepsy	ENSG00000155850	ensembl_gene	SLC26A2	0	0	1	1	2.0
epilepsy	ENSG00000091137	ensembl_gene	SLC26A4	0	0	1	1	2.0
epilepsy	ENSG00000170615	ensembl_gene	SLC26A5	0	0	1	1	2.0
epilepsy	ENSG00000167114	ensembl_gene	SLC27A4	0	0	1	1	2.0
epilepsy	ENSG00000083807	ensembl_gene	SLC27A5	0	0	1	1	2.0
epilepsy	ENSG00000198246	ensembl_gene	SLC29A3	0	0	1	1	2.0
epilepsy	ENSG00000164638	ensembl_gene	SLC29A4	0	0	1	1	2.0
epilepsy	ENSG00000197496	ensembl_gene	SLC2A10	0	0	1	1	2.0
epilepsy	ENSG00000163581	ensembl_gene	SLC2A2	0	0	1	1	2.0
epilepsy	ENSG00000196660	ensembl_gene	SLC30A10	0	0	1	1	2.0
epilepsy	ENSG00000169359	ensembl_gene	SLC33A1	0	0	1	1	2.0
epilepsy	ENSG00000181830	ensembl_gene	SLC35C1	0	0	1	1	2.0
epilepsy	ENSG00000116704	ensembl_gene	SLC35D1	0	0	1	1	2.0
epilepsy	ENSG00000281500	ensembl_gene	SLC37A4	0	0	1	1	2.0
epilepsy	ENSG00000165915	ensembl_gene	SLC39A13	0	0	1	1	2.0
epilepsy	ENSG00000104635	ensembl_gene	SLC39A14	0	0	1	1	2.0
epilepsy	ENSG00000147804	ensembl_gene	SLC39A4	0	0	1	1	2.0
epilepsy	ENSG00000229802	ensembl_gene	SLC39A7	0	0	1	1	2.0
epilepsy	ENSG00000138449	ensembl_gene	SLC40A1	0	0	1	1	2.0
epilepsy	ENSG00000228263	ensembl_gene	SLC44A4	0	0	1	1	2.0
epilepsy	ENSG00000004939	ensembl_gene	SLC4A1	0	0	1	1	2.0
epilepsy	ENSG00000088836	ensembl_gene	SLC4A11	0	0	1	1	2.0
epilepsy	ENSG00000080493	ensembl_gene	SLC4A4	0	0	1	1	2.0
epilepsy	ENSG00000033867	ensembl_gene	SLC4A7	0	0	1	1	2.0
epilepsy	ENSG00000186198	ensembl_gene	SLC51B	0	0	1	1	2.0
epilepsy	ENSG00000185803	ensembl_gene	SLC52A2	0	0	1	1	2.0
epilepsy	ENSG00000101276	ensembl_gene	SLC52A3	0	0	1	1	2.0
epilepsy	ENSG00000105641	ensembl_gene	SLC5A5	0	0	1	1	2.0
epilepsy	ENSG00000115665	ensembl_gene	SLC5A7	0	0	1	1	2.0
epilepsy	ENSG00000117834	ensembl_gene	SLC5A9	0	0	1	1	2.0
epilepsy	ENSG00000072041	ensembl_gene	SLC6A15	0	0	1	1	2.0
epilepsy	ENSG00000197106	ensembl_gene	SLC6A17	0	0	1	1	2.0
epilepsy	ENSG00000174358	ensembl_gene	SLC6A19	0	0	1	1	2.0
epilepsy	ENSG00000142319	ensembl_gene	SLC6A3	0	0	1	1	2.0
epilepsy	ENSG00000108576	ensembl_gene	SLC6A4	0	0	1	1	2.0
epilepsy	ENSG00000165970	ensembl_gene	SLC6A5	0	0	1	1	2.0
epilepsy	ENSG00000196517	ensembl_gene	SLC6A9	0	0	1	1	2.0
epilepsy	ENSG00000164893	ensembl_gene	SLC7A13	0	0	1	1	2.0
epilepsy	ENSG00000155465	ensembl_gene	SLC7A7	0	0	1	1	2.0
epilepsy	ENSG00000090020	ensembl_gene	SLC9A1	0	0	1	1	2.0
epilepsy	ENSG00000181804	ensembl_gene	SLC9A9	0	0	1	1	2.0
epilepsy	ENSG00000174640	ensembl_gene	SLCO2A1	0	0	1	1	2.0
epilepsy	ENSG00000137571	ensembl_gene	SLCO5A1	0	0	1	1	2.0
epilepsy	ENSG00000119906	ensembl_gene	SLF2	0	0	1	1	2.0
epilepsy	ENSG00000184347	ensembl_gene	SLIT3	0	0	1	1	2.0
epilepsy	ENSG00000178235	ensembl_gene	SLITRK1	0	0	1	1	2.0
epilepsy	ENSG00000184564	ensembl_gene	SLITRK6	0	0	1	1	2.0
epilepsy	ENSG00000163681	ensembl_gene	SLMAP	0	0	1	1	2.0
epilepsy	ENSG00000170365	ensembl_gene	SMAD1	0	0	1	1	2.0
epilepsy	ENSG00000175387	ensembl_gene	SMAD2	0	0	1	1	2.0
epilepsy	ENSG00000166949	ensembl_gene	SMAD3	0	0	1	1	2.0
epilepsy	ENSG00000141646	ensembl_gene	SMAD4	0	0	1	1	2.0
epilepsy	ENSG00000137834	ensembl_gene	SMAD6	0	0	1	1	2.0
epilepsy	ENSG00000138375	ensembl_gene	SMARCAL1	0	0	1	1	2.0
epilepsy	ENSG00000173473	ensembl_gene	SMARCC1	0	0	1	1	2.0
epilepsy	ENSG00000108055	ensembl_gene	SMC3	0	0	1	1	2.0
epilepsy	ENSG00000198887	ensembl_gene	SMC5	0	0	1	1	2.0
epilepsy	ENSG00000101596	ensembl_gene	SMCHD1	0	0	1	1	2.0
epilepsy	ENSG00000105771	ensembl_gene	SMG9	0	0	1	1	2.0
epilepsy	ENSG00000275349	ensembl_gene	SMN1	0	0	1	1	2.0
epilepsy	ENSG00000128602	ensembl_gene	SMO	0	0	1	1	2.0
epilepsy	ENSG00000198732	ensembl_gene	SMOC1	0	0	1	1	2.0
epilepsy	ENSG00000166311	ensembl_gene	SMPD1	0	0	1	1	2.0
epilepsy	ENSG00000136699	ensembl_gene	SMPD4	0	0	1	1	2.0
epilepsy	ENSG00000091482	ensembl_gene	SMPX	0	0	1	1	2.0
epilepsy	ENSG00000019549	ensembl_gene	SNAI2	0	0	1	1	2.0
epilepsy	ENSG00000145335	ensembl_gene	SNCA	0	0	1	1	2.0
epilepsy	ENSG00000128739	ensembl_gene	SNRPN	0	0	1	1	2.0
epilepsy	ENSG00000101400	ensembl_gene	SNTA1	0	0	1	1	2.0
epilepsy	ENSG00000086300	ensembl_gene	SNX10	0	0	1	1	2.0
epilepsy	ENSG00000135317	ensembl_gene	SNX14	0	0	1	1	2.0
epilepsy	ENSG00000112335	ensembl_gene	SNX3	0	0	1	1	2.0
epilepsy	ENSG00000112320	ensembl_gene	SOBP	0	0	1	1	2.0
epilepsy	ENSG00000142168	ensembl_gene	SOD1	0	0	1	1	2.0
epilepsy	ENSG00000115904	ensembl_gene	SOS1	0	0	1	1	2.0
epilepsy	ENSG00000100485	ensembl_gene	SOS2	0	0	1	1	2.0
epilepsy	ENSG00000167941	ensembl_gene	SOST	0	0	1	1	2.0
epilepsy	ENSG00000182968	ensembl_gene	SOX1	0	0	1	1	2.0
epilepsy	ENSG00000100146	ensembl_gene	SOX10	0	0	1	1	2.0
epilepsy	ENSG00000164736	ensembl_gene	SOX17	0	0	1	1	2.0
epilepsy	ENSG00000134595	ensembl_gene	SOX3	0	0	1	1	2.0
epilepsy	ENSG00000124766	ensembl_gene	SOX4	0	0	1	1	2.0
epilepsy	ENSG00000134532	ensembl_gene	SOX5	0	0	1	1	2.0
epilepsy	ENSG00000171056	ensembl_gene	SOX7	0	0	1	1	2.0
epilepsy	ENSG00000125398	ensembl_gene	SOX9	0	0	1	1	2.0
epilepsy	ENSG00000135899	ensembl_gene	SP110	0	0	1	1	2.0
epilepsy	ENSG00000113140	ensembl_gene	SPARC	0	0	1	1	2.0
epilepsy	ENSG00000133104	ensembl_gene	SPART	0	0	1	1	2.0
epilepsy	ENSG00000021574	ensembl_gene	SPAST	0	0	1	1	2.0
epilepsy	ENSG00000042317	ensembl_gene	SPATA7	0	0	1	1	2.0
epilepsy	ENSG00000100014	ensembl_gene	SPECC1L	0	0	1	1	2.0
epilepsy	ENSG00000072195	ensembl_gene	SPEG	0	0	1	1	2.0
epilepsy	ENSG00000104133	ensembl_gene	SPG11	0	0	1	1	2.0
epilepsy	ENSG00000090487	ensembl_gene	SPG21	0	0	1	1	2.0
epilepsy	ENSG00000197912	ensembl_gene	SPG7	0	0	1	1	2.0
epilepsy	ENSG00000164266	ensembl_gene	SPINK1	0	0	1	1	2.0
epilepsy	ENSG00000133710	ensembl_gene	SPINK5	0	0	1	1	2.0
epilepsy	ENSG00000072080	ensembl_gene	SPP2	0	0	1	1	2.0
epilepsy	ENSG00000138600	ensembl_gene	SPPL2A	0	0	1	1	2.0
epilepsy	ENSG00000166068	ensembl_gene	SPRED1	0	0	1	1	2.0
epilepsy	ENSG00000187678	ensembl_gene	SPRY4	0	0	1	1	2.0
epilepsy	ENSG00000173898	ensembl_gene	SPTBN2	0	0	1	1	2.0
epilepsy	ENSG00000161011	ensembl_gene	SQSTM1	0	0	1	1	2.0
epilepsy	ENSG00000128039	ensembl_gene	SRD5A3	0	0	1	1	2.0
epilepsy	ENSG00000198911	ensembl_gene	SREBF2	0	0	1	1	2.0
epilepsy	ENSG00000266028	ensembl_gene	SRGAP2	0	0	1	1	2.0
epilepsy	ENSG00000182934	ensembl_gene	SRPRA	0	0	1	1	2.0
epilepsy	ENSG00000102359	ensembl_gene	SRPX2	0	0	1	1	2.0
epilepsy	ENSG00000184895	ensembl_gene	SRY	0	0	1	1	2.0
epilepsy	ENSG00000114850	ensembl_gene	SSR3	0	0	1	1	2.0
epilepsy	ENSG00000180879	ensembl_gene	SSR4	0	0	1	1	2.0
epilepsy	ENSG00000162009	ensembl_gene	SSTR5	0	0	1	1	2.0
epilepsy	ENSG00000004866	ensembl_gene	ST7	0	0	1	1	2.0
epilepsy	ENSG00000140557	ensembl_gene	ST8SIA2	0	0	1	1	2.0
epilepsy	ENSG00000185482	ensembl_gene	STAC3	0	0	1	1	2.0
epilepsy	ENSG00000035720	ensembl_gene	STAP1	0	0	1	1	2.0
epilepsy	ENSG00000147465	ensembl_gene	STAR	0	0	1	1	2.0
epilepsy	ENSG00000159433	ensembl_gene	STARD9	0	0	1	1	2.0
epilepsy	ENSG00000115415	ensembl_gene	STAT1	0	0	1	1	2.0
epilepsy	ENSG00000170581	ensembl_gene	STAT2	0	0	1	1	2.0
epilepsy	ENSG00000164647	ensembl_gene	STEAP1	0	0	1	1	2.0
epilepsy	ENSG00000157214	ensembl_gene	STEAP2	0	0	1	1	2.0
epilepsy	ENSG00000123473	ensembl_gene	STIL	0	0	1	1	2.0
epilepsy	ENSG00000167323	ensembl_gene	STIM1	0	0	1	1	2.0
epilepsy	ENSG00000211455	ensembl_gene	STK38L	0	0	1	1	2.0
epilepsy	ENSG00000101109	ensembl_gene	STK4	0	0	1	1	2.0
epilepsy	ENSG00000107960	ensembl_gene	STN1	0	0	1	1	2.0
epilepsy	ENSG00000288257	ensembl_gene	STRA6	0	0	1	1	2.0
epilepsy	ENSG00000242866	ensembl_gene	STRC	0	0	1	1	2.0
epilepsy	ENSG00000101846	ensembl_gene	STS	0	0	1	1	2.0
epilepsy	ENSG00000134910	ensembl_gene	STT3A	0	0	1	1	2.0
epilepsy	ENSG00000163527	ensembl_gene	STT3B	0	0	1	1	2.0
epilepsy	ENSG00000103266	ensembl_gene	STUB1	0	0	1	1	2.0
epilepsy	ENSG00000135604	ensembl_gene	STX11	0	0	1	1	2.0
epilepsy	ENSG00000124222	ensembl_gene	STX16	0	0	1	1	2.0
epilepsy	ENSG00000166900	ensembl_gene	STX3	0	0	1	1	2.0
epilepsy	ENSG00000076944	ensembl_gene	STXBP2	0	0	1	1	2.0
epilepsy	ENSG00000164506	ensembl_gene	STXBP5	0	0	1	1	2.0
epilepsy	ENSG00000127952	ensembl_gene	STYXL1	0	0	1	1	2.0
epilepsy	ENSG00000172340	ensembl_gene	SUCLG2	0	0	1	1	2.0
epilepsy	ENSG00000094975	ensembl_gene	SUCO	0	0	1	1	2.0
epilepsy	ENSG00000107882	ensembl_gene	SUFU	0	0	1	1	2.0
epilepsy	ENSG00000137573	ensembl_gene	SULF1	0	0	1	1	2.0
epilepsy	ENSG00000178691	ensembl_gene	SUZ12	0	0	1	1	2.0
epilepsy	ENSG00000159164	ensembl_gene	SV2A	0	0	1	1	2.0
epilepsy	ENSG00000165025	ensembl_gene	SYK	0	0	1	1	2.0
epilepsy	ENSG00000157152	ensembl_gene	SYN2	0	0	1	1	2.0
epilepsy	ENSG00000181392	ensembl_gene	SYNE4	0	0	1	1	2.0
epilepsy	ENSG00000171992	ensembl_gene	SYNPO	0	0	1	1	2.0
epilepsy	ENSG00000102003	ensembl_gene	SYP	0	0	1	1	2.0
epilepsy	ENSG00000143469	ensembl_gene	SYT14	0	0	1	1	2.0
epilepsy	ENSG00000143858	ensembl_gene	SYT2	0	0	1	1	2.0
epilepsy	ENSG00000102362	ensembl_gene	SYTL4	0	0	1	1	2.0
epilepsy	ENSG00000166863	ensembl_gene	TAC3	0	0	1	1	2.0
epilepsy	ENSG00000136463	ensembl_gene	TACO1	0	0	1	1	2.0
epilepsy	ENSG00000115353	ensembl_gene	TACR1	0	0	1	1	2.0
epilepsy	ENSG00000169836	ensembl_gene	TACR3	0	0	1	1	2.0
epilepsy	ENSG00000147133	ensembl_gene	TAF1	0	0	1	1	2.0
epilepsy	ENSG00000064313	ensembl_gene	TAF2	0	0	1	1	2.0
epilepsy	ENSG00000106290	ensembl_gene	TAF6	0	0	1	1	2.0
epilepsy	ENSG00000102125	ensembl_gene	TAFAZZIN	0	0	1	1	2.0
epilepsy	ENSG00000177156	ensembl_gene	TALDO1	0	0	1	1	2.0
epilepsy	ENSG00000149930	ensembl_gene	TAOK2	0	0	1	1	2.0
epilepsy	ENSG00000169762	ensembl_gene	TAPT1	0	0	1	1	2.0
epilepsy	ENSG00000120948	ensembl_gene	TARDBP	0	0	1	1	2.0
epilepsy	ENSG00000198650	ensembl_gene	TAT	0	0	1	1	2.0
epilepsy	ENSG00000036054	ensembl_gene	TBC1D23	0	0	1	1	2.0
epilepsy	ENSG00000146350	ensembl_gene	TBC1D32	0	0	1	1	2.0
epilepsy	ENSG00000284770	ensembl_gene	TBCE	0	0	1	1	2.0
epilepsy	ENSG00000183735	ensembl_gene	TBK1	0	0	1	1	2.0
epilepsy	ENSG00000112592	ensembl_gene	TBP	0	0	1	1	2.0
epilepsy	ENSG00000136535	ensembl_gene	TBR1	0	0	1	1	2.0
epilepsy	ENSG00000184058	ensembl_gene	TBX1	0	0	1	1	2.0
epilepsy	ENSG00000112837	ensembl_gene	TBX18	0	0	1	1	2.0
epilepsy	ENSG00000164532	ensembl_gene	TBX20	0	0	1	1	2.0
epilepsy	ENSG00000135111	ensembl_gene	TBX3	0	0	1	1	2.0
epilepsy	ENSG00000089225	ensembl_gene	TBX5	0	0	1	1	2.0
epilepsy	ENSG00000173991	ensembl_gene	TCAP	0	0	1	1	2.0
epilepsy	ENSG00000140262	ensembl_gene	TCF12	0	0	1	1	2.0
epilepsy	ENSG00000276461	ensembl_gene	TCF20	0	0	1	1	2.0
epilepsy	ENSG00000110719	ensembl_gene	TCIRG1	0	0	1	1	2.0
epilepsy	ENSG00000134827	ensembl_gene	TCN1	0	0	1	1	2.0
epilepsy	ENSG00000185339	ensembl_gene	TCN2	0	0	1	1	2.0
epilepsy	ENSG00000070814	ensembl_gene	TCOF1	0	0	1	1	2.0
epilepsy	ENSG00000204852	ensembl_gene	TCTN1	0	0	1	1	2.0
epilepsy	ENSG00000168778	ensembl_gene	TCTN2	0	0	1	1	2.0
epilepsy	ENSG00000119977	ensembl_gene	TCTN3	0	0	1	1	2.0
epilepsy	ENSG00000042088	ensembl_gene	TDP1	0	0	1	1	2.0
epilepsy	ENSG00000196663	ensembl_gene	TECPR2	0	0	1	1	2.0
epilepsy	ENSG00000099797	ensembl_gene	TECR	0	0	1	1	2.0
epilepsy	ENSG00000205678	ensembl_gene	TECRL	0	0	1	1	2.0
epilepsy	ENSG00000109927	ensembl_gene	TECTA	0	0	1	1	2.0
epilepsy	ENSG00000120156	ensembl_gene	TEK	0	0	1	1	2.0
epilepsy	ENSG00000149256	ensembl_gene	TENM4	0	0	1	1	2.0
epilepsy	ENSG00000270141	ensembl_gene	TERC	0	0	1	1	2.0
epilepsy	ENSG00000166848	ensembl_gene	TERF2IP	0	0	1	1	2.0
epilepsy	ENSG00000164362	ensembl_gene	TERT	0	0	1	1	2.0
epilepsy	ENSG00000091513	ensembl_gene	TF	0	0	1	1	2.0
epilepsy	ENSG00000108064	ensembl_gene	TFAM	0	0	1	1	2.0
epilepsy	ENSG00000137203	ensembl_gene	TFAP2A	0	0	1	1	2.0
epilepsy	ENSG00000029639	ensembl_gene	TFB1M	0	0	1	1	2.0
epilepsy	ENSG00000114354	ensembl_gene	TFG	0	0	1	1	2.0
epilepsy	ENSG00000106327	ensembl_gene	TFR2	0	0	1	1	2.0
epilepsy	ENSG00000042832	ensembl_gene	TG	0	0	1	1	2.0
epilepsy	ENSG00000088451	ensembl_gene	TGDS	0	0	1	1	2.0
epilepsy	ENSG00000092969	ensembl_gene	TGFB2	0	0	1	1	2.0
epilepsy	ENSG00000119699	ensembl_gene	TGFB3	0	0	1	1	2.0
epilepsy	ENSG00000106799	ensembl_gene	TGFBR1	0	0	1	1	2.0
epilepsy	ENSG00000163513	ensembl_gene	TGFBR2	0	0	1	1	2.0
epilepsy	ENSG00000285348	ensembl_gene	TGM1	0	0	1	1	2.0
epilepsy	ENSG00000166948	ensembl_gene	TGM6	0	0	1	1	2.0
epilepsy	ENSG00000180176	ensembl_gene	TH	0	0	1	1	2.0
epilepsy	ENSG00000131931	ensembl_gene	THAP1	0	0	1	1	2.0
epilepsy	ENSG00000168286	ensembl_gene	THAP11	0	0	1	1	2.0
epilepsy	ENSG00000137801	ensembl_gene	THBS1	0	0	1	1	2.0
epilepsy	ENSG00000151090	ensembl_gene	THRB	0	0	1	1	2.0
epilepsy	ENSG00000116001	ensembl_gene	TIA1	0	0	1	1	2.0
epilepsy	ENSG00000126953	ensembl_gene	TIMM8A	0	0	1	1	2.0
epilepsy	ENSG00000284915	ensembl_gene	TINF2	0	0	1	1	2.0
epilepsy	ENSG00000119139	ensembl_gene	TJP2	0	0	1	1	2.0
epilepsy	ENSG00000163931	ensembl_gene	TKT	0	0	1	1	2.0
epilepsy	ENSG00000181264	ensembl_gene	TLCD5	0	0	1	1	2.0
epilepsy	ENSG00000137076	ensembl_gene	TLN1	0	0	1	1	2.0
epilepsy	ENSG00000136869	ensembl_gene	TLR4	0	0	1	1	2.0
epilepsy	ENSG00000168955	ensembl_gene	TM4SF20	0	0	1	1	2.0
epilepsy	ENSG00000165091	ensembl_gene	TMC1	0	0	1	1	2.0
epilepsy	ENSG00000166557	ensembl_gene	TMED3	0	0	1	1	2.0
epilepsy	ENSG00000134970	ensembl_gene	TMED7	0	0	1	1	2.0
epilepsy	ENSG00000232258	ensembl_gene	TMEM114	0	0	1	1	2.0
epilepsy	ENSG00000171202	ensembl_gene	TMEM126A	0	0	1	1	2.0
epilepsy	ENSG00000171204	ensembl_gene	TMEM126B	0	0	1	1	2.0
epilepsy	ENSG00000149483	ensembl_gene	TMEM138	0	0	1	1	2.0
epilepsy	ENSG00000134851	ensembl_gene	TMEM165	0	0	1	1	2.0
epilepsy	ENSG00000187049	ensembl_gene	TMEM216	0	0	1	1	2.0
epilepsy	ENSG00000089063	ensembl_gene	TMEM230	0	0	1	1	2.0
epilepsy	ENSG00000205084	ensembl_gene	TMEM231	0	0	1	1	2.0
epilepsy	ENSG00000155755	ensembl_gene	TMEM237	0	0	1	1	2.0
epilepsy	ENSG00000205090	ensembl_gene	TMEM240	0	0	1	1	2.0
epilepsy	ENSG00000095209	ensembl_gene	TMEM38B	0	0	1	1	2.0
epilepsy	ENSG00000170876	ensembl_gene	TMEM43	0	0	1	1	2.0
epilepsy	ENSG00000164983	ensembl_gene	TMEM65	0	0	1	1	2.0
epilepsy	ENSG00000164953	ensembl_gene	TMEM67	0	0	1	1	2.0
epilepsy	ENSG00000181585	ensembl_gene	TMIE	0	0	1	1	2.0
epilepsy	ENSG00000185973	ensembl_gene	TMLHE	0	0	1	1	2.0
epilepsy	ENSG00000120802	ensembl_gene	TMPO	0	0	1	1	2.0
epilepsy	ENSG00000160183	ensembl_gene	TMPRSS3	0	0	1	1	2.0
epilepsy	ENSG00000041982	ensembl_gene	TNC	0	0	1	1	2.0
epilepsy	ENSG00000164761	ensembl_gene	TNFRSF11B	0	0	1	1	2.0
epilepsy	ENSG00000146072	ensembl_gene	TNFRSF21	0	0	1	1	2.0
epilepsy	ENSG00000243509	ensembl_gene	TNFRSF6B	0	0	1	1	2.0
epilepsy	ENSG00000049249	ensembl_gene	TNFRSF9	0	0	1	1	2.0
epilepsy	ENSG00000120659	ensembl_gene	TNFSF11	0	0	1	1	2.0
epilepsy	ENSG00000239697	ensembl_gene	TNFSF12	0	0	1	1	2.0
epilepsy	ENSG00000154310	ensembl_gene	TNIK	0	0	1	1	2.0
epilepsy	ENSG00000114854	ensembl_gene	TNNC1	0	0	1	1	2.0
epilepsy	ENSG00000130598	ensembl_gene	TNNI2	0	0	1	1	2.0
epilepsy	ENSG00000129991	ensembl_gene	TNNI3	0	0	1	1	2.0
epilepsy	ENSG00000105048	ensembl_gene	TNNT1	0	0	1	1	2.0
epilepsy	ENSG00000118194	ensembl_gene	TNNT2	0	0	1	1	2.0
epilepsy	ENSG00000288250	ensembl_gene	TNNT3	0	0	1	1	2.0
epilepsy	ENSG00000083312	ensembl_gene	TNPO1	0	0	1	1	2.0
epilepsy	ENSG00000100354	ensembl_gene	TNRC6B	0	0	1	1	2.0
epilepsy	ENSG00000111077	ensembl_gene	TNS2	0	0	1	1	2.0
epilepsy	ENSG00000168477	ensembl_gene	TNXB	0	0	1	1	2.0
epilepsy	ENSG00000132773	ensembl_gene	TOE1	0	0	1	1	2.0
epilepsy	ENSG00000184428	ensembl_gene	TOP1MT	0	0	1	1	2.0
epilepsy	ENSG00000077097	ensembl_gene	TOP2B	0	0	1	1	2.0
epilepsy	ENSG00000136827	ensembl_gene	TOR1A	0	0	1	1	2.0
epilepsy	ENSG00000143337	ensembl_gene	TOR1AIP1	0	0	1	1	2.0
epilepsy	ENSG00000141510	ensembl_gene	TP53	0	0	1	1	2.0
epilepsy	ENSG00000172315	ensembl_gene	TP53RK	0	0	1	1	2.0
epilepsy	ENSG00000073282	ensembl_gene	TP63	0	0	1	1	2.0
epilepsy	ENSG00000111669	ensembl_gene	TPI1	0	0	1	1	2.0
epilepsy	ENSG00000140416	ensembl_gene	TPM1	0	0	1	1	2.0
epilepsy	ENSG00000198467	ensembl_gene	TPM2	0	0	1	1	2.0
epilepsy	ENSG00000143549	ensembl_gene	TPM3	0	0	1	1	2.0
epilepsy	ENSG00000291480	ensembl_gene	TPRKB	0	0	1	1	2.0
epilepsy	ENSG00000176058	ensembl_gene	TPRN	0	0	1	1	2.0
epilepsy	26146	unknown_namespace	TRAF3IP1	0	0	1	1	2.0
epilepsy	ENSG00000056972	ensembl_gene	TRAF3IP2	0	0	1	1	2.0
epilepsy	ENSG00000175104	ensembl_gene	TRAF6	0	0	1	1	2.0
epilepsy	ENSG00000183763	ensembl_gene	TRAIP	0	0	1	1	2.0
epilepsy	ENSG00000126602	ensembl_gene	TRAP1	0	0	1	1	2.0
epilepsy	ENSG00000054116	ensembl_gene	TRAPPC3	0	0	1	1	2.0
epilepsy	ENSG00000007255	ensembl_gene	TRAPPC6A	0	0	1	1	2.0
epilepsy	ENSG00000167632	ensembl_gene	TRAPPC9	0	0	1	1	2.0
epilepsy	ENSG00000186439	ensembl_gene	TRDN	0	0	1	1	2.0
epilepsy	ENSG00000170893	ensembl_gene	TRH	0	0	1	1	2.0
epilepsy	ENSG00000132274	ensembl_gene	TRIM22	0	0	1	1	2.0
epilepsy	ENSG00000130726	ensembl_gene	TRIM28	0	0	1	1	2.0
epilepsy	ENSG00000119401	ensembl_gene	TRIM32	0	0	1	1	2.0
epilepsy	ENSG00000108395	ensembl_gene	TRIM37	0	0	1	1	2.0
epilepsy	ENSG00000158022	ensembl_gene	TRIM63	0	0	1	1	2.0
epilepsy	ENSG00000100106	ensembl_gene	TRIOBP	0	0	1	1	2.0
epilepsy	ENSG00000071539	ensembl_gene	TRIP13	0	0	1	1	2.0
epilepsy	ENSG00000103671	ensembl_gene	TRIP4	0	0	1	1	2.0
epilepsy	ENSG00000126814	ensembl_gene	TRMT5	0	0	1	1	2.0
epilepsy	ENSG00000100416	ensembl_gene	TRMU	0	0	1	1	2.0
epilepsy	ENSG00000072756	ensembl_gene	TRNT1	0	0	1	1	2.0
epilepsy	ENSG00000138741	ensembl_gene	TRPC3	0	0	1	1	2.0
epilepsy	ENSG00000137672	ensembl_gene	TRPC6	0	0	1	1	2.0
epilepsy	ENSG00000130529	ensembl_gene	TRPM4	0	0	1	1	2.0
epilepsy	ENSG00000104447	ensembl_gene	TRPS1	0	0	1	1	2.0
epilepsy	ENSG00000111199	ensembl_gene	TRPV4	0	0	1	1	2.0
epilepsy	ENSG00000165409	ensembl_gene	TSHR	0	0	1	1	2.0
epilepsy	ENSG00000179981	ensembl_gene	TSHZ1	0	0	1	1	2.0
epilepsy	ENSG00000121297	ensembl_gene	TSHZ3	0	0	1	1	2.0
epilepsy	ENSG00000156298	ensembl_gene	TSPAN7	0	0	1	1	2.0
epilepsy	ENSG00000175894	ensembl_gene	TSPEAR	0	0	1	1	2.0
epilepsy	ENSG00000158526	ensembl_gene	TSR2	0	0	1	1	2.0
epilepsy	ENSG00000128881	ensembl_gene	TTBK2	0	0	1	1	2.0
epilepsy	ENSG00000163728	ensembl_gene	TTC14	0	0	1	1	2.0
epilepsy	ENSG00000011295	ensembl_gene	TTC19	0	0	1	1	2.0
epilepsy	ENSG00000100154	ensembl_gene	TTC28	0	0	1	1	2.0
epilepsy	ENSG00000068724	ensembl_gene	TTC7A	0	0	1	1	2.0
epilepsy	ENSG00000165533	ensembl_gene	TTC8	0	0	1	1	2.0
epilepsy	ENSG00000129696	ensembl_gene	TTI2	0	0	1	1	2.0
epilepsy	ENSG00000155657	ensembl_gene	TTN	0	0	1	1	2.0
epilepsy	ENSG00000137561	ensembl_gene	TTPA	0	0	1	1	2.0
epilepsy	ENSG00000118271	ensembl_gene	TTR	0	0	1	1	2.0
epilepsy	ENSG00000166402	ensembl_gene	TUB	0	0	1	1	2.0
epilepsy	ENSG00000292120	ensembl_gene	TUBA3E	0	0	1	1	2.0
epilepsy	ENSG00000188229	ensembl_gene	TUBB4B	0	0	1	1	2.0
epilepsy	ENSG00000137822	ensembl_gene	TUBGCP4	0	0	1	1	2.0
epilepsy	ENSG00000178952	ensembl_gene	TUFM	0	0	1	1	2.0
epilepsy	ENSG00000112041	ensembl_gene	TULP1	0	0	1	1	2.0
epilepsy	ENSG00000104723	ensembl_gene	TUSC3	0	0	1	1	2.0
epilepsy	ENSG00000122691	ensembl_gene	TWIST1	0	0	1	1	2.0
epilepsy	ENSG00000288335	ensembl_gene	TWIST2	0	0	1	1	2.0
epilepsy	ENSG00000100348	ensembl_gene	TXN2	0	0	1	1	2.0
epilepsy	ENSG00000141759	ensembl_gene	TXNL4A	0	0	1	1	2.0
epilepsy	ENSG00000025708	ensembl_gene	TYMP	0	0	1	1	2.0
epilepsy	ENSG00000077498	ensembl_gene	TYR	0	0	1	1	2.0
epilepsy	ENSG00000011600	ensembl_gene	TYROBP	0	0	1	1	2.0
epilepsy	ENSG00000130985	ensembl_gene	UBA1	0	0	1	1	2.0
epilepsy	ENSG00000134882	ensembl_gene	UBAC2	0	0	1	1	2.0
epilepsy	ENSG00000170315	ensembl_gene	UBB	0	0	1	1	2.0
epilepsy	ENSG00000151148	ensembl_gene	UBE3B	0	0	1	1	2.0
epilepsy	ENSG00000188021	ensembl_gene	UBQLN2	0	0	1	1	2.0
epilepsy	ENSG00000159459	ensembl_gene	UBR1	0	0	1	1	2.0
epilepsy	ENSG00000127481	ensembl_gene	UBR4	0	0	1	1	2.0
epilepsy	ENSG00000154277	ensembl_gene	UCHL1	0	0	1	1	2.0
epilepsy	ENSG00000175567	ensembl_gene	UCP2	0	0	1	1	2.0
epilepsy	ENSG00000070010	ensembl_gene	UFD1	0	0	1	1	2.0
epilepsy	ENSG00000241635	ensembl_gene	UGT1A1	0	0	1	1	2.0
epilepsy	ENSG00000092929	ensembl_gene	UNC13D	0	0	1	1	2.0
epilepsy	ENSG00000140553	ensembl_gene	UNC45A	0	0	1	1	2.0
epilepsy	ENSG00000076248	ensembl_gene	UNG	0	0	1	1	2.0
epilepsy	ENSG00000100024	ensembl_gene	UPB1	0	0	1	1	2.0
epilepsy	ENSG00000101019	ensembl_gene	UQCC1	0	0	1	1	2.0
epilepsy	ENSG00000137288	ensembl_gene	UQCC2	0	0	1	1	2.0
epilepsy	ENSG00000204922	ensembl_gene	UQCC3	0	0	1	1	2.0
epilepsy	ENSG00000184076	ensembl_gene	UQCR10	0	0	1	1	2.0
epilepsy	ENSG00000127540	ensembl_gene	UQCR11	0	0	1	1	2.0
epilepsy	ENSG00000156467	ensembl_gene	UQCRB	0	0	1	1	2.0
epilepsy	ENSG00000140740	ensembl_gene	UQCRC2	0	0	1	1	2.0
epilepsy	ENSG00000164405	ensembl_gene	UQCRQ	0	0	1	1	2.0
epilepsy	ENSG00000159650	ensembl_gene	UROC1	0	0	1	1	2.0
epilepsy	ENSG00000103005	ensembl_gene	USB1	0	0	1	1	2.0
epilepsy	ENSG00000006611	ensembl_gene	USH1C	0	0	1	1	2.0
epilepsy	ENSG00000182040	ensembl_gene	USH1G	0	0	1	1	2.0
epilepsy	ENSG00000042781	ensembl_gene	USH2A	0	0	1	1	2.0
epilepsy	ENSG00000273820	ensembl_gene	USP27X	0	0	1	1	2.0
epilepsy	ENSG00000145390	ensembl_gene	USP53	0	0	1	1	2.0
epilepsy	ENSG00000187555	ensembl_gene	USP7	0	0	1	1	2.0
epilepsy	ENSG00000138592	ensembl_gene	USP8	0	0	1	1	2.0
epilepsy	ENSG00000262788	ensembl_gene	UTP4	0	0	1	1	2.0
epilepsy	ENSG00000139190	ensembl_gene	VAMP1	0	0	1	1	2.0
epilepsy	ENSG00000173218	ensembl_gene	VANGL1	0	0	1	1	2.0
epilepsy	ENSG00000124164	ensembl_gene	VAPB	0	0	1	1	2.0
epilepsy	ENSG00000141968	ensembl_gene	VAV1	0	0	1	1	2.0
epilepsy	ENSG00000116035	ensembl_gene	VAX2	0	0	1	1	2.0
epilepsy	ENSG00000035403	ensembl_gene	VCL	0	0	1	1	2.0
epilepsy	ENSG00000165280	ensembl_gene	VCP	0	0	1	1	2.0
epilepsy	ENSG00000111424	ensembl_gene	VDR	0	0	1	1	2.0
epilepsy	ENSG00000112715	ensembl_gene	VEGFA	0	0	1	1	2.0
epilepsy	ENSG00000134086	ensembl_gene	VHL	0	0	1	1	2.0
epilepsy	ENSG00000151445	ensembl_gene	VIPAS39	0	0	1	1	2.0
epilepsy	ENSG00000244045	ensembl_gene	VMA12	0	0	1	1	2.0
epilepsy	ENSG00000160131	ensembl_gene	VMA21	0	0	1	1	2.0
epilepsy	ENSG00000136710	ensembl_gene	VMA22	0	0	1	1	2.0
epilepsy	ENSG00000132549	ensembl_gene	VPS13B	0	0	1	1	2.0
epilepsy	ENSG00000129003	ensembl_gene	VPS13C	0	0	1	1	2.0
epilepsy	ENSG00000184056	ensembl_gene	VPS33B	0	0	1	1	2.0
epilepsy	ENSG00000069329	ensembl_gene	VPS35	0	0	1	1	2.0
epilepsy	ENSG00000155975	ensembl_gene	VPS37A	0	0	1	1	2.0
epilepsy	ENSG00000136631	ensembl_gene	VPS45	0	0	1	1	2.0
epilepsy	ENSG00000149823	ensembl_gene	VPS51	0	0	1	1	2.0
epilepsy	ENSG00000141252	ensembl_gene	VPS53	0	0	1	1	2.0
epilepsy	ENSG00000143952	ensembl_gene	VPS54	0	0	1	1	2.0
epilepsy	ENSG00000100749	ensembl_gene	VRK1	0	0	1	1	2.0
epilepsy	ENSG00000028116	ensembl_gene	VRK2	0	0	1	1	2.0
epilepsy	ENSG00000168658	ensembl_gene	VWA3B	0	0	1	1	2.0
epilepsy	ENSG00000015285	ensembl_gene	WAS	0	0	1	1	2.0
epilepsy	ENSG00000164961	ensembl_gene	WASHC5	0	0	1	1	2.0
epilepsy	ENSG00000150627	ensembl_gene	WDR17	0	0	1	1	2.0
epilepsy	ENSG00000157796	ensembl_gene	WDR19	0	0	1	1	2.0
epilepsy	ENSG00000160193	ensembl_gene	WDR4	0	0	1	1	2.0
epilepsy	ENSG00000114742	ensembl_gene	WDR48	0	0	1	1	2.0
epilepsy	ENSG00000276021	ensembl_gene	WDR81	0	0	1	1	2.0
epilepsy	ENSG00000105583	ensembl_gene	WDR83OS	0	0	1	1	2.0
epilepsy	ENSG00000171804	ensembl_gene	WDR87	0	0	1	1	2.0
epilepsy	ENSG00000109501	ensembl_gene	WFS1	0	0	1	1	2.0
epilepsy	ENSG00000095397	ensembl_gene	WHRN	0	0	1	1	2.0
epilepsy	ENSG00000115935	ensembl_gene	WIPF1	0	0	1	1	2.0
epilepsy	ENSG00000125084	ensembl_gene	WNT1	0	0	1	1	2.0
epilepsy	ENSG00000154342	ensembl_gene	WNT3A	0	0	1	1	2.0
epilepsy	ENSG00000114251	ensembl_gene	WNT5A	0	0	1	1	2.0
epilepsy	ENSG00000276799	ensembl_gene	WNT9B	0	0	1	1	2.0
epilepsy	ENSG00000165392	ensembl_gene	WRN	0	0	1	1	2.0
epilepsy	ENSG00000184937	ensembl_gene	WT1	0	0	1	1	2.0
epilepsy	ENSG00000047597	ensembl_gene	XK	0	0	1	1	2.0
epilepsy	ENSG00000158156	ensembl_gene	XKR8	0	0	1	1	2.0
epilepsy	ENSG00000136936	ensembl_gene	XPA	0	0	1	1	2.0
epilepsy	ENSG00000154767	ensembl_gene	XPC	0	0	1	1	2.0
epilepsy	ENSG00000196236	ensembl_gene	XPNPEP3	0	0	1	1	2.0
epilepsy	ENSG00000124571	ensembl_gene	XPO5	0	0	1	1	2.0
epilepsy	ENSG00000073050	ensembl_gene	XRCC1	0	0	1	1	2.0
epilepsy	ENSG00000152422	ensembl_gene	XRCC4	0	0	1	1	2.0
epilepsy	ENSG00000103489	ensembl_gene	XYLT1	0	0	1	1	2.0
epilepsy	ENSG00000015532	ensembl_gene	XYLT2	0	0	1	1	2.0
epilepsy	ENSG00000137693	ensembl_gene	YAP1	0	0	1	1	2.0
epilepsy	ENSG00000134684	ensembl_gene	YARS1	0	0	1	1	2.0
epilepsy	ENSG00000139131	ensembl_gene	YARS2	0	0	1	1	2.0
epilepsy	ENSG00000065978	ensembl_gene	YBX1	0	0	1	1	2.0
epilepsy	ENSG00000136758	ensembl_gene	YME1L1	0	0	1	1	2.0
epilepsy	ENSG00000196449	ensembl_gene	YRDC	0	0	1	1	2.0
epilepsy	ENSG00000164924	ensembl_gene	YWHAZ	0	0	1	1	2.0
epilepsy	ENSG00000100811	ensembl_gene	YY1	0	0	1	1	2.0
epilepsy	ENSG00000115085	ensembl_gene	ZAP70	0	0	1	1	2.0
epilepsy	ENSG00000109906	ensembl_gene	ZBTB16	0	0	1	1	2.0
epilepsy	ENSG00000181722	ensembl_gene	ZBTB20	0	0	1	1	2.0
epilepsy	ENSG00000112365	ensembl_gene	ZBTB24	0	0	1	1	2.0
epilepsy	ENSG00000178951	ensembl_gene	ZBTB7A	0	0	1	1	2.0
epilepsy	ENSG00000100722	ensembl_gene	ZC3H14	0	0	1	1	2.0
epilepsy	ENSG00000102383	ensembl_gene	ZDHHC15	0	0	1	1	2.0
epilepsy	ENSG00000185650	ensembl_gene	ZFP36L1	0	0	1	1	2.0
epilepsy	ENSG00000223858	ensembl_gene	ZFP57	0	0	1	1	2.0
epilepsy	ENSG00000169946	ensembl_gene	ZFPM2	0	0	1	1	2.0
epilepsy	ENSG00000056097	ensembl_gene	ZFR	0	0	1	1	2.0
epilepsy	ENSG00000072121	ensembl_gene	ZFYVE26	0	0	1	1	2.0
epilepsy	ENSG00000155256	ensembl_gene	ZFYVE27	0	0	1	1	2.0
epilepsy	ENSG00000156925	ensembl_gene	ZIC3	0	0	1	1	2.0
epilepsy	ENSG00000174963	ensembl_gene	ZIC4	0	0	1	1	2.0
epilepsy	ENSG00000147130	ensembl_gene	ZMYM3	0	0	1	1	2.0
epilepsy	ENSG00000066185	ensembl_gene	ZMYND12	0	0	1	1	2.0
epilepsy	ENSG00000166478	ensembl_gene	ZNF143	0	0	1	1	2.0
epilepsy	ENSG00000186272	ensembl_gene	ZNF17	0	0	1	1	2.0
epilepsy	ENSG00000188994	ensembl_gene	ZNF292	0	0	1	1	2.0
epilepsy	ENSG00000215421	ensembl_gene	ZNF407	0	0	1	1	2.0
epilepsy	ENSG00000147124	ensembl_gene	ZNF41	0	0	1	1	2.0
epilepsy	ENSG00000102935	ensembl_gene	ZNF423	0	0	1	1	2.0
epilepsy	ENSG00000225614	ensembl_gene	ZNF469	0	0	1	1	2.0
epilepsy	ENSG00000166716	ensembl_gene	ZNF592	0	0	1	1	2.0
epilepsy	ENSG00000251192	ensembl_gene	ZNF674	0	0	1	1	2.0
epilepsy	ENSG00000143373	ensembl_gene	ZNF687	0	0	1	1	2.0
epilepsy	ENSG00000147180	ensembl_gene	ZNF711	0	0	1	1	2.0
epilepsy	ENSG00000197779	ensembl_gene	ZNF81	0	0	1	1	2.0
epilepsy	ENSG00000107331	ensembl_gene	ABCA2	0	1	0	1	1.0
epilepsy	ENSG00000230475	ensembl_gene	ABHD16A	0	1	0	1	1.0
epilepsy	ENSG00000230124	ensembl_gene	ACBD6	0	1	0	1	1.0
epilepsy	ENSG00000072071	ensembl_gene	ADGRL1	0	1	0	1	1.0
epilepsy	ENSG00000130396	ensembl_gene	AFDN	0	1	0	1	1.0
epilepsy	ENSG00000171763	ensembl_gene	AFG2B	0	1	0	1	1.0
epilepsy	ENSG00000126705	ensembl_gene	AHDC1	0	1	0	1	1.0
epilepsy	ENSG00000137760	ensembl_gene	ALKBH8	0	1	0	1	1.0
epilepsy	ENSG00000132466	ensembl_gene	ANKRD17	0	1	0	1	1.0
epilepsy	ENSG00000262139	ensembl_gene	ANO4	0	1	0	1	1.0
epilepsy	ENSG00000166747	ensembl_gene	AP1G1	0	1	0	1	1.0
epilepsy	ENSG00000143761	ensembl_gene	ARF1	0	1	0	1	1.0
epilepsy	ENSG00000134287	ensembl_gene	ARF3	0	1	0	1	1.0
epilepsy	ENSG00000066777	ensembl_gene	ARFGEF1	0	1	0	1	1.0
epilepsy	ENSG00000089820	ensembl_gene	ARHGAP4	0	1	0	1	1.0
epilepsy	ENSG00000070961	ensembl_gene	ATP2B1	0	1	0	1	1.0
epilepsy	ENSG00000154518	ensembl_gene	ATP5MC3	0	1	0	1	1.0
epilepsy	ENSG00000241837	ensembl_gene	ATP5PO	0	1	0	1	1.0
epilepsy	ENSG00000033627	ensembl_gene	ATP6V0A1	0	1	0	1	1.0
epilepsy	ENSG00000175866	ensembl_gene	BAIAP2	0	1	0	1	1.0
epilepsy	ENSG00000163930	ensembl_gene	BAP1	0	1	0	1	1.0
epilepsy	ENSG00000141376	ensembl_gene	BCAS3	0	1	0	1	1.0
epilepsy	ENSG00000133794	ensembl_gene	BMAL1	0	1	0	1	1.0
epilepsy	ENSG00000280689	ensembl_gene	BORCS5	0	1	0	1	1.0
epilepsy	ENSG00000178074	ensembl_gene	C2orf69	0	1	0	1	1.0
epilepsy	ENSG00000130559	ensembl_gene	CAMSAP1	0	1	0	1	1.0
epilepsy	ENSG00000135387	ensembl_gene	CAPRIN1	0	1	0	1	1.0
epilepsy	ENSG00000198898	ensembl_gene	CAPZA2	0	1	0	1	1.0
epilepsy	ENSG00000106144	ensembl_gene	CASP2	0	1	0	1	1.0
epilepsy	ENSG00000165813	ensembl_gene	CCDC186	0	1	0	1	1.0
epilepsy	ENSG00000163468	ensembl_gene	CCT3	0	1	0	1	1.0
epilepsy	ENSG00000146731	ensembl_gene	CCT6A	0	1	0	1	1.0
epilepsy	ENSG00000156261	ensembl_gene	CCT8	0	1	0	1	1.0
epilepsy	ENSG00000138769	ensembl_gene	CDKL2	0	1	0	1	1.0
epilepsy	ENSG00000170004	ensembl_gene	CHD3	0	1	0	1	1.0
epilepsy	ENSG00000116254	ensembl_gene	CHD5	0	1	0	1	1.0
epilepsy	ENSG00000110721	ensembl_gene	CHKA	0	1	0	1	1.0
epilepsy	ENSG00000109572	ensembl_gene	CLCN3	0	1	0	1	1.0
epilepsy	ENSG00000011021	ensembl_gene	CLCN6	0	1	0	1	1.0
epilepsy	ENSG00000144580	ensembl_gene	CNOT9	0	1	0	1	1.0
epilepsy	ENSG00000119203	ensembl_gene	CPSF3	0	1	0	1	1.0
epilepsy	ENSG00000163703	ensembl_gene	CRELD1	0	1	0	1	1.0
epilepsy	ENSG00000101343	ensembl_gene	CRNKL1	0	1	0	1	1.0
epilepsy	ENSG00000213923	ensembl_gene	CSNK1E	0	1	0	1	1.0
epilepsy	ENSG00000121552	ensembl_gene	CSTA	0	1	0	1	1.0
epilepsy	ENSG00000066032	ensembl_gene	CTNNA2	0	1	0	1	1.0
epilepsy	ENSG00000174177	ensembl_gene	CTU2	0	1	0	1	1.0
epilepsy	ENSG00000235439	ensembl_gene	DDX39B	0	1	0	1	1.0
epilepsy	ENSG00000184735	ensembl_gene	DDX53	0	1	0	1	1.0
epilepsy	ENSG00000143753	ensembl_gene	DEGS1	0	1	0	1	1.0
epilepsy	ENSG00000170456	ensembl_gene	DENND5B	0	1	0	1	1.0
epilepsy	ENSG00000233049	ensembl_gene	DHX16	0	1	0	1	1.0
epilepsy	ENSG00000135829	ensembl_gene	DHX9	0	1	0	1	1.0
epilepsy	ENSG00000185842	ensembl_gene	DNAH14	0	1	0	1	1.0
epilepsy	ENSG00000129932	ensembl_gene	DOHH	0	1	0	1	1.0
epilepsy	ENSG00000113360	ensembl_gene	DROSHA	0	1	0	1	1.0
epilepsy	ENSG00000074266	ensembl_gene	EED	0	1	0	1	1.0
epilepsy	ENSG00000114942	ensembl_gene	EEF1B2	0	1	0	1	1.0
epilepsy	ENSG00000175390	ensembl_gene	EIF3F	0	1	0	1	1.0
epilepsy	ENSG00000156976	ensembl_gene	EIF4A2	0	1	0	1	1.0
epilepsy	ENSG00000183495	ensembl_gene	EP400	0	1	0	1	1.0
epilepsy	ENSG00000082397	ensembl_gene	EPB41L3	0	1	0	1	1.0
epilepsy	ENSG00000149564	ensembl_gene	ESAM	0	1	0	1	1.0
epilepsy	ENSG00000182473	ensembl_gene	EXOC7	0	1	0	1	1.0
epilepsy	ENSG00000151327	ensembl_gene	FAM177A1	0	1	0	1	1.0
epilepsy	ENSG00000138081	ensembl_gene	FBXO11	0	1	0	1	1.0
epilepsy	ENSG00000109670	ensembl_gene	FBXW7	0	1	0	1	1.0
epilepsy	ENSG00000157353	ensembl_gene	FCSK	0	1	0	1	1.0
epilepsy	ENSG00000079459	ensembl_gene	FDFT1	0	1	0	1	1.0
epilepsy	ENSG00000148690	ensembl_gene	FRA10AC1	0	1	0	1	1.0
epilepsy	ENSG00000171877	ensembl_gene	FRMD5	0	1	0	1	1.0
epilepsy	ENSG00000075539	ensembl_gene	FRYL	0	1	0	1	1.0
epilepsy	ENSG00000106701	ensembl_gene	FSD1L	0	1	0	1	1.0
epilepsy	ENSG00000033170	ensembl_gene	FUT8	0	1	0	1	1.0
epilepsy	ENSG00000105325	ensembl_gene	FZR1	0	1	0	1	1.0
epilepsy	ENSG00000109158	ensembl_gene	GABRA4	0	1	0	1	1.0
epilepsy	ENSG00000155511	ensembl_gene	GRIA1	0	1	0	1	1.0
epilepsy	ENSG00000119041	ensembl_gene	GTF3C3	0	1	0	1	1.0
epilepsy	ENSG00000163041	ensembl_gene	H3-3A	0	1	0	1	1.0
epilepsy	ENSG00000132475	ensembl_gene	H3-3B	0	1	0	1	1.0
epilepsy	ENSG00000171720	ensembl_gene	HDAC3	0	1	0	1	1.0
epilepsy	ENSG00000092148	ensembl_gene	HECTD1	0	1	0	1	1.0
epilepsy	ENSG00000167861	ensembl_gene	HID1	0	1	0	1	1.0
epilepsy	ENSG00000284254	ensembl_gene	HNRNPH1	0	1	0	1	1.0
epilepsy	ENSG00000165119	ensembl_gene	HNRNPK	0	1	0	1	1.0
epilepsy	ENSG00000282958	ensembl_gene	HNRNPR	0	1	0	1	1.0
epilepsy	ENSG00000186603	ensembl_gene	HPDL	0	1	0	1	1.0
epilepsy	ENSG00000127054	ensembl_gene	INTS11	0	1	0	1	1.0
epilepsy	ENSG00000132470	ensembl_gene	ITGB4	0	1	0	1	1.0
epilepsy	ENSG00000008083	ensembl_gene	JARID2	0	1	0	1	1.0
epilepsy	ENSG00000050130	ensembl_gene	JKAMP	0	1	0	1	1.0
epilepsy	ENSG00000103510	ensembl_gene	KAT8	0	1	0	1	1.0
epilepsy	ENSG00000177272	ensembl_gene	KCNA3	0	1	0	1	1.0
epilepsy	ENSG00000151079	ensembl_gene	KCNA6	0	1	0	1	1.0
epilepsy	ENSG00000182674	ensembl_gene	KCNB2	0	1	0	1	1.0
epilepsy	ENSG00000166006	ensembl_gene	KCNC2	0	1	0	1	1.0
epilepsy	ENSG00000102057	ensembl_gene	KCND1	0	1	0	1	1.0
epilepsy	ENSG00000184611	ensembl_gene	KCNH7	0	1	0	1	1.0
epilepsy	ENSG00000080709	ensembl_gene	KCNN2	0	1	0	1	1.0
epilepsy	ENSG00000173120	ensembl_gene	KDM2A	0	1	0	1	1.0
epilepsy	ENSG00000127663	ensembl_gene	KDM4B	0	1	0	1	1.0
epilepsy	ENSG00000073614	ensembl_gene	KDM5A	0	1	0	1	1.0
epilepsy	ENSG00000174206	ensembl_gene	KICS2	0	1	0	1	1.0
epilepsy	ENSG00000170759	ensembl_gene	KIF5B	0	1	0	1	1.0
epilepsy	ENSG00000076321	ensembl_gene	KLHL20	0	1	0	1	1.0
epilepsy	ENSG00000110066	ensembl_gene	KMT5B	0	1	0	1	1.0
epilepsy	ENSG00000164187	ensembl_gene	LMBRD2	0	1	0	1	1.0
epilepsy	ENSG00000198589	ensembl_gene	LRBA	0	1	0	1	1.0
epilepsy	ENSG00000033122	ensembl_gene	LRRC7	0	1	0	1	1.0
epilepsy	ENSG00000110514	ensembl_gene	MADD	0	1	0	1	1.0
epilepsy	ENSG00000145495	ensembl_gene	MARCHF6	0	1	0	1	1.0
epilepsy	ENSG00000072518	ensembl_gene	MARK2	0	1	0	1	1.0
epilepsy	ENSG00000105613	ensembl_gene	MAST1	0	1	0	1	1.0
epilepsy	ENSG00000099308	ensembl_gene	MAST3	0	1	0	1	1.0
epilepsy	ENSG00000069020	ensembl_gene	MAST4	0	1	0	1	1.0
epilepsy	ENSG00000160294	ensembl_gene	MCM3AP	0	1	0	1	1.0
epilepsy	ENSG00000139915	ensembl_gene	MDGA2	0	1	0	1	1.0
epilepsy	ENSG00000161920	ensembl_gene	MED11	0	1	0	1	1.0
epilepsy	ENSG00000160563	ensembl_gene	MED27	0	1	0	1	1.0
epilepsy	ENSG00000107789	ensembl_gene	MINPP1	0	1	0	1	1.0
epilepsy	ENSG00000174579	ensembl_gene	MSL2	0	1	0	1	1.0
epilepsy	ENSG00000141219	ensembl_gene	MTNAP1	0	1	0	1	1.0
epilepsy	ENSG00000134440	ensembl_gene	NARS1	0	1	0	1	1.0
epilepsy	ENSG00000213995	ensembl_gene	NAXD	0	1	0	1	1.0
epilepsy	ENSG00000020129	ensembl_gene	NCDN	0	1	0	1	1.0
epilepsy	ENSG00000061676	ensembl_gene	NCKAP1	0	1	0	1	1.0
epilepsy	ENSG00000281013	ensembl_gene	NDUFA6	0	1	0	1	1.0
epilepsy	ENSG00000196865	ensembl_gene	NHLRC2	0	1	0	1	1.0
epilepsy	ENSG00000104967	ensembl_gene	NOVA2	0	1	0	1	1.0
epilepsy	ENSG00000078618	ensembl_gene	NRDC	0	1	0	1	1.0
epilepsy	ENSG00000126653	ensembl_gene	NSRP1	0	1	0	1	1.0
epilepsy	ENSG00000126883	ensembl_gene	NUP214	0	1	0	1	1.0
epilepsy	ENSG00000197444	ensembl_gene	OGDHL	0	1	0	1	1.0
epilepsy	ENSG00000068308	ensembl_gene	OTUD5	0	1	0	1	1.0
epilepsy	ENSG00000180370	ensembl_gene	PAK2	0	1	0	1	1.0
epilepsy	ENSG00000137817	ensembl_gene	PARP6	0	1	0	1	1.0
epilepsy	ENSG00000242419	ensembl_gene	PCDHGC4	0	1	0	1	1.0
epilepsy	ENSG00000185813	ensembl_gene	PCYT2	0	1	0	1	1.0
epilepsy	ENSG00000165434	ensembl_gene	PGM2L1	0	1	0	1	1.0
epilepsy	ENSG00000177595	ensembl_gene	PIDD1	0	1	0	1	1.0
epilepsy	ENSG00000151665	ensembl_gene	PIGF	0	1	0	1	1.0
epilepsy	ENSG00000133056	ensembl_gene	PIK3C2B	0	1	0	1	1.0
epilepsy	ENSG00000166851	ensembl_gene	PLK1	0	1	0	1	1.0
epilepsy	ENSG00000136040	ensembl_gene	PLXNC1	0	1	0	1	1.0
epilepsy	ENSG00000198914	ensembl_gene	POU3F3	0	1	0	1	1.0
epilepsy	ENSG00000177380	ensembl_gene	PPFIA3	0	1	0	1	1.0
epilepsy	ENSG00000110841	ensembl_gene	PPFIBP1	0	1	0	1	1.0
epilepsy	ENSG00000137168	ensembl_gene	PPIL1	0	1	0	1	1.0
epilepsy	ENSG00000113575	ensembl_gene	PPP2CA	0	1	0	1	1.0
epilepsy	ENSG00000164169	ensembl_gene	PRMT9	0	1	0	1	1.0
epilepsy	ENSG00000274442	ensembl_gene	PRPF8	0	1	0	1	1.0
epilepsy	ENSG00000087191	ensembl_gene	PSMC5	0	1	0	1	1.0
epilepsy	ENSG00000011304	ensembl_gene	PTBP1	0	1	0	1	1.0
epilepsy	ENSG00000110536	ensembl_gene	PTPMT1	0	1	0	1	1.0
epilepsy	ENSG00000179950	ensembl_gene	PUF60	0	1	0	1	1.0
epilepsy	ENSG00000108774	ensembl_gene	RAB5C	0	1	0	1	1.0
epilepsy	ENSG00000011454	ensembl_gene	RABGAP1	0	1	0	1	1.0
epilepsy	ENSG00000169750	ensembl_gene	RAC3	0	1	0	1	1.0
epilepsy	ENSG00000103479	ensembl_gene	RBL2	0	1	0	1	1.0
epilepsy	26855	unknown_namespace	RNU2-2	0	1	0	1	1.0
epilepsy	ENSG00000202538	ensembl_gene	RNU4-2	0	1	0	1	1.0
epilepsy	ENSG00000264229	ensembl_gene	RNU4ATAC	0	1	0	1	1.0
epilepsy	ENSG00000048649	ensembl_gene	RSF1	0	1	0	1	1.0
epilepsy	ENSG00000198853	ensembl_gene	RUSC2	0	1	0	1	1.0
epilepsy	ENSG00000182568	ensembl_gene	SATB1	0	1	0	1	1.0
epilepsy	ENSG00000156304	ensembl_gene	SCAF4	0	1	0	1	1.0
epilepsy	ENSG00000198794	ensembl_gene	SCAMP5	0	1	0	1	1.0
epilepsy	ENSG00000168066	ensembl_gene	SF1	0	1	0	1	1.0
epilepsy	ENSG00000115524	ensembl_gene	SF3B1	0	1	0	1	1.0
epilepsy	ENSG00000101438	ensembl_gene	SLC32A1	0	1	0	1	1.0
epilepsy	ENSG00000188338	ensembl_gene	SLC38A3	0	1	0	1	1.0
epilepsy	ENSG00000138074	ensembl_gene	SLC5A6	0	1	0	1	1.0
epilepsy	ENSG00000103061	ensembl_gene	SLC7A6OS	0	1	0	1	1.0
epilepsy	ENSG00000102038	ensembl_gene	SMARCA1	0	1	0	1	1.0
epilepsy	ENSG00000159210	ensembl_gene	SNF8	0	1	0	1	1.0
epilepsy	ENSG00000100603	ensembl_gene	SNW1	0	1	0	1	1.0
epilepsy	ENSG00000217236	ensembl_gene	SP9	0	1	0	1	1.0
epilepsy	ENSG00000198917	ensembl_gene	SPOUT1	0	1	0	1	1.0
epilepsy	ENSG00000115306	ensembl_gene	SPTBN1	0	1	0	1	1.0
epilepsy	ENSG00000197558	ensembl_gene	SSPOP	0	1	0	1	1.0
epilepsy	ENSG00000084090	ensembl_gene	STARD7	0	1	0	1	1.0
epilepsy	ENSG00000018610	ensembl_gene	STEEP1	0	1	0	1	1.0
epilepsy	ENSG00000137413	ensembl_gene	TAF8	0	1	0	1	1.0
epilepsy	ENSG00000167202	ensembl_gene	TBC1D2B	0	1	0	1	1.0
epilepsy	ENSG00000172465	ensembl_gene	TCEAL1	0	1	0	1	1.0
epilepsy	ENSG00000120438	ensembl_gene	TCP1	0	1	0	1	1.0
epilepsy	ENSG00000100726	ensembl_gene	TELO2	0	1	0	1	1.0
epilepsy	ENSG00000187605	ensembl_gene	TET3	0	1	0	1	1.0
epilepsy	ENSG00000068323	ensembl_gene	TFE3	0	1	0	1	1.0
epilepsy	ENSG00000113272	ensembl_gene	THG1L	0	1	0	1	1.0
epilepsy	ENSG00000156299	ensembl_gene	TIAM1	0	1	0	1	1.0
epilepsy	ENSG00000146872	ensembl_gene	TLK2	0	1	0	1	1.0
epilepsy	ENSG00000174695	ensembl_gene	TMEM167A	0	1	0	1	1.0
epilepsy	ENSG00000198792	ensembl_gene	TMEM184B	0	1	0	1	1.0
epilepsy	ENSG00000186501	ensembl_gene	TMEM222	0	1	0	1	1.0
epilepsy	ENSG00000137216	ensembl_gene	TMEM63B	0	1	0	1	1.0
epilepsy	ENSG00000105576	ensembl_gene	TNPO2	0	1	0	1	1.0
epilepsy	ENSG00000136527	ensembl_gene	TRA2B	0	1	0	1	1.0
epilepsy	ENSG00000131653	ensembl_gene	TRAF7	0	1	0	1	1.0
epilepsy	ENSG00000274891	ensembl_gene	TRAPPC12	0	1	0	1	1.0
epilepsy	ENSG00000104907	ensembl_gene	TRMT1	0	1	0	1	1.0
epilepsy	ENSG00000083067	ensembl_gene	TRPM3	0	1	0	1	1.0
epilepsy	ENSG00000189241	ensembl_gene	TSPYL1	0	1	0	1	1.0
epilepsy	ENSG00000136319	ensembl_gene	TTC5	0	1	0	1	1.0
epilepsy	ENSG00000143569	ensembl_gene	UBAP2L	0	1	0	1	1.0
epilepsy	ENSG00000012963	ensembl_gene	UBR7	0	1	0	1	1.0
epilepsy	ENSG00000109775	ensembl_gene	UFSP2	0	1	0	1	1.0
epilepsy	ENSG00000136731	ensembl_gene	UGGT1	0	1	0	1	1.0
epilepsy	ENSG00000133958	ensembl_gene	UNC79	0	1	0	1	1.0
epilepsy	ENSG00000048707	ensembl_gene	VPS13D	0	1	0	1	1.0
epilepsy	ENSG00000136100	ensembl_gene	VPS36	0	1	0	1	1.0
epilepsy	ENSG00000132612	ensembl_gene	VPS4A	0	1	0	1	1.0
epilepsy	ENSG00000196363	ensembl_gene	WDR5	0	1	0	1	1.0
epilepsy	ENSG00000142784	ensembl_gene	WDTC1	0	1	0	1	1.0
epilepsy	ENSG00000196632	ensembl_gene	WNK3	0	1	0	1	1.0
epilepsy	ENSG00000163872	ensembl_gene	YEATS2	0	1	0	1	1.0
epilepsy	ENSG00000167645	ensembl_gene	YIF1B	0	1	0	1	1.0
epilepsy	ENSG00000145817	ensembl_gene	YIPF5	0	1	0	1	1.0
epilepsy	ENSG00000108175	ensembl_gene	ZMIZ1	0	1	0	1	1.0
epilepsy	ENSG00000101040	ensembl_gene	ZMYND8	0	1	0	1	1.0
epilepsy	ENSG00000115568	ensembl_gene	ZNF142	0	1	0	1	1.0
epilepsy	ENSG00000163848	ensembl_gene	ZNF148	0	1	0	1	1.0
epilepsy	ENSG00000167625	ensembl_gene	ZNF526	0	1	0	1	1.0
