phenotype	gene_id	gene_namespace	gene_symbol	source_count	weighted_source_sum	source_list	weight_tier_summary	evidence_semantics_summary	evidence_tier_summary	semantic_channel_summary	mapping_status_summary	targeted_gene_count	small_panel_count	medium_panel_count	large_panel_count	panel_unsized_count	exome_or_genome_count	unknown_scope_count
mitochondrial_disease	ENSG00000115204	ensembl_gene	MPV17	2	5.0	gtr_mitochondrial_gene_summary|mitocarta_human	gold|silver	clinical_utilization|functional_localization	gold|silver	clinical_utilization|contextual_biology	resolved	29.0	24.0	15.0	26.0	0.0	0.0	0.0
mitochondrial_disease	ENSG00000198836	ensembl_gene	OPA1	2	5.0	gtr_mitochondrial_gene_summary|mitocarta_human	gold|silver	clinical_utilization|functional_localization	gold|silver	clinical_utilization|contextual_biology	resolved	7.0	9.0	4.0	18.0	0.0	0.0	0.0
mitochondrial_disease	ENSG00000140521	ensembl_gene	POLG	2	5.0	gtr_mitochondrial_gene_summary|mitocarta_human	gold|silver	clinical_utilization|functional_localization	gold|silver	clinical_utilization|contextual_biology	resolved	69.0	47.0	27.0	30.0	0.0	0.0	0.0
mitochondrial_disease	ENSG00000107815	ensembl_gene	TWNK	2	5.0	gtr_mitochondrial_gene_summary|mitocarta_human	gold|silver	clinical_utilization|functional_localization	gold|silver	clinical_utilization|contextual_biology	resolved	33.0	20.0	17.0	17.0	0.0	0.0	0.0
mitochondrial_disease	ENSG00000109576	ensembl_gene	AADAT	1	3.0	mitocarta_human	gold	functional_localization	gold	contextual_biology	adapter_gene_id_resolved	0.0	0.0	0.0	0.0	0.0	0.0	0.0
mitochondrial_disease	ENSG00000124608	ensembl_gene	AARS2	1	3.0	mitocarta_human	gold	functional_localization	gold	contextual_biology	adapter_gene_id_resolved	0.0	0.0	0.0	0.0	0.0	0.0	0.0
mitochondrial_disease	ENSG00000008311	ensembl_gene	AASS	1	3.0	mitocarta_human	gold	functional_localization	gold	contextual_biology	adapter_gene_id_resolved	0.0	0.0	0.0	0.0	0.0	0.0	0.0
mitochondrial_disease	ENSG00000183044	ensembl_gene	ABAT	1	3.0	mitocarta_human	gold	functional_localization	gold	contextual_biology	adapter_gene_id_resolved	0.0	0.0	0.0	0.0	0.0	0.0	0.0
mitochondrial_disease	ENSG00000154258	ensembl_gene	ABCA9	1	3.0	mitocarta_human	gold	functional_localization	gold	contextual_biology	adapter_gene_id_resolved	0.0	0.0	0.0	0.0	0.0	0.0	0.0
mitochondrial_disease	ENSG00000135776	ensembl_gene	ABCB10	1	3.0	mitocarta_human	gold	functional_localization	gold	contextual_biology	adapter_gene_id_resolved	0.0	0.0	0.0	0.0	0.0	0.0	0.0
mitochondrial_disease	ENSG00000115657	ensembl_gene	ABCB6	1	3.0	mitocarta_human	gold	functional_localization	gold	contextual_biology	adapter_gene_id_resolved	0.0	0.0	0.0	0.0	0.0	0.0	0.0
mitochondrial_disease	ENSG00000131269	ensembl_gene	ABCB7	1	3.0	mitocarta_human	gold	functional_localization	gold	contextual_biology	adapter_gene_id_resolved	0.0	0.0	0.0	0.0	0.0	0.0	0.0
mitochondrial_disease	ENSG00000197150	ensembl_gene	ABCB8	1	3.0	mitocarta_human	gold	functional_localization	gold	contextual_biology	adapter_gene_id_resolved	0.0	0.0	0.0	0.0	0.0	0.0	0.0
mitochondrial_disease	ENSG00000101986	ensembl_gene	ABCD1	1	3.0	mitocarta_human	gold	functional_localization	gold	contextual_biology	adapter_gene_id_resolved	0.0	0.0	0.0	0.0	0.0	0.0	0.0
mitochondrial_disease	ENSG00000173208	ensembl_gene	ABCD2	1	3.0	mitocarta_human	gold	functional_localization	gold	contextual_biology	adapter_gene_id_resolved	0.0	0.0	0.0	0.0	0.0	0.0	0.0
mitochondrial_disease	ENSG00000117528	ensembl_gene	ABCD3	1	3.0	mitocarta_human	gold	functional_localization	gold	contextual_biology	adapter_gene_id_resolved	0.0	0.0	0.0	0.0	0.0	0.0	0.0
mitochondrial_disease	ENSG00000144827	ensembl_gene	ABHD10	1	3.0	mitocarta_human	gold	functional_localization	gold	contextual_biology	adapter_gene_id_resolved	0.0	0.0	0.0	0.0	0.0	0.0	0.0
mitochondrial_disease	ENSG00000106077	ensembl_gene	ABHD11	1	3.0	mitocarta_human	gold	functional_localization	gold	contextual_biology	adapter_gene_id_resolved	0.0	0.0	0.0	0.0	0.0	0.0	0.0
mitochondrial_disease	ENSG00000060971	ensembl_gene	ACAA1	1	3.0	mitocarta_human	gold	functional_localization	gold	contextual_biology	adapter_gene_id_resolved	0.0	0.0	0.0	0.0	0.0	0.0	0.0
mitochondrial_disease	ENSG00000167315	ensembl_gene	ACAA2	1	3.0	mitocarta_human	gold	functional_localization	gold	contextual_biology	adapter_gene_id_resolved	0.0	0.0	0.0	0.0	0.0	0.0	0.0
mitochondrial_disease	ENSG00000275176|ENSG00000278540	ensembl_gene	ACACA	1	3.0	mitocarta_human	gold	functional_localization	gold	contextual_biology	adapter_gene_id_resolved	0.0	0.0	0.0	0.0	0.0	0.0	0.0
mitochondrial_disease	ENSG00000076555	ensembl_gene	ACACB	1	3.0	mitocarta_human	gold	functional_localization	gold	contextual_biology	adapter_gene_id_resolved	0.0	0.0	0.0	0.0	0.0	0.0	0.0
mitochondrial_disease	ENSG00000111271	ensembl_gene	ACAD10	1	3.0	mitocarta_human	gold	functional_localization	gold	contextual_biology	adapter_gene_id_resolved	0.0	0.0	0.0	0.0	0.0	0.0	0.0
mitochondrial_disease	ENSG00000240303	ensembl_gene	ACAD11	1	3.0	mitocarta_human	gold	functional_localization	gold	contextual_biology	adapter_gene_id_resolved	0.0	0.0	0.0	0.0	0.0	0.0	0.0
mitochondrial_disease	ENSG00000151498	ensembl_gene	ACAD8	1	3.0	mitocarta_human	gold	functional_localization	gold	contextual_biology	adapter_gene_id_resolved	0.0	0.0	0.0	0.0	0.0	0.0	0.0
mitochondrial_disease	ENSG00000177646	ensembl_gene	ACAD9	1	3.0	mitocarta_human	gold	functional_localization	gold	contextual_biology	adapter_gene_id_resolved	0.0	0.0	0.0	0.0	0.0	0.0	0.0
mitochondrial_disease	ENSG00000115361	ensembl_gene	ACADL	1	3.0	mitocarta_human	gold	functional_localization	gold	contextual_biology	adapter_gene_id_resolved	0.0	0.0	0.0	0.0	0.0	0.0	0.0
mitochondrial_disease	ENSG00000117054	ensembl_gene	ACADM	1	3.0	mitocarta_human	gold	functional_localization	gold	contextual_biology	adapter_gene_id_resolved	0.0	0.0	0.0	0.0	0.0	0.0	0.0
mitochondrial_disease	ENSG00000122971	ensembl_gene	ACADS	1	3.0	mitocarta_human	gold	functional_localization	gold	contextual_biology	adapter_gene_id_resolved	0.0	0.0	0.0	0.0	0.0	0.0	0.0
mitochondrial_disease	ENSG00000196177	ensembl_gene	ACADSB	1	3.0	mitocarta_human	gold	functional_localization	gold	contextual_biology	adapter_gene_id_resolved	0.0	0.0	0.0	0.0	0.0	0.0	0.0
mitochondrial_disease	ENSG00000072778	ensembl_gene	ACADVL	1	3.0	mitocarta_human	gold	functional_localization	gold	contextual_biology	adapter_gene_id_resolved	0.0	0.0	0.0	0.0	0.0	0.0	0.0
mitochondrial_disease	ENSG00000075239	ensembl_gene	ACAT1	1	3.0	mitocarta_human	gold	functional_localization	gold	contextual_biology	adapter_gene_id_resolved	0.0	0.0	0.0	0.0	0.0	0.0	0.0
mitochondrial_disease	ENSG00000110455	ensembl_gene	ACCS	1	3.0	mitocarta_human	gold	functional_localization	gold	contextual_biology	adapter_gene_id_resolved	0.0	0.0	0.0	0.0	0.0	0.0	0.0
mitochondrial_disease	ENSG00000131473	ensembl_gene	ACLY	1	3.0	mitocarta_human	gold	functional_localization	gold	contextual_biology	adapter_gene_id_resolved	0.0	0.0	0.0	0.0	0.0	0.0	0.0
mitochondrial_disease	ENSG00000100412	ensembl_gene	ACO2	1	3.0	mitocarta_human	gold	functional_localization	gold	contextual_biology	adapter_gene_id_resolved	0.0	0.0	0.0	0.0	0.0	0.0	0.0
mitochondrial_disease	ENSG00000102794	ensembl_gene	ACOD1	1	3.0	mitocarta_human	gold	functional_localization	gold	contextual_biology	adapter_gene_id_resolved	0.0	0.0	0.0	0.0	0.0	0.0	0.0
mitochondrial_disease	ENSG00000162390	ensembl_gene	ACOT11	1	3.0	mitocarta_human	gold	functional_localization	gold	contextual_biology	adapter_gene_id_resolved	0.0	0.0	0.0	0.0	0.0	0.0	0.0
mitochondrial_disease	ENSG00000112304	ensembl_gene	ACOT13	1	3.0	mitocarta_human	gold	functional_localization	gold	contextual_biology	adapter_gene_id_resolved	0.0	0.0	0.0	0.0	0.0	0.0	0.0
mitochondrial_disease	ENSG00000119673	ensembl_gene	ACOT2	1	3.0	mitocarta_human	gold	functional_localization	gold	contextual_biology	adapter_gene_id_resolved	0.0	0.0	0.0	0.0	0.0	0.0	0.0
mitochondrial_disease	ENSG00000097021	ensembl_gene	ACOT7	1	3.0	mitocarta_human	gold	functional_localization	gold	contextual_biology	adapter_gene_id_resolved	0.0	0.0	0.0	0.0	0.0	0.0	0.0
mitochondrial_disease	ENSG00000123130	ensembl_gene	ACOT9	1	3.0	mitocarta_human	gold	functional_localization	gold	contextual_biology	adapter_gene_id_resolved	0.0	0.0	0.0	0.0	0.0	0.0	0.0
mitochondrial_disease	ENSG00000162836	ensembl_gene	ACP6	1	3.0	mitocarta_human	gold	functional_localization	gold	contextual_biology	adapter_gene_id_resolved	0.0	0.0	0.0	0.0	0.0	0.0	0.0
mitochondrial_disease	ENSG00000167107	ensembl_gene	ACSF2	1	3.0	mitocarta_human	gold	functional_localization	gold	contextual_biology	adapter_gene_id_resolved	0.0	0.0	0.0	0.0	0.0	0.0	0.0
mitochondrial_disease	ENSG00000176715	ensembl_gene	ACSF3	1	3.0	mitocarta_human	gold	functional_localization	gold	contextual_biology	adapter_gene_id_resolved	0.0	0.0	0.0	0.0	0.0	0.0	0.0
mitochondrial_disease	ENSG00000151726	ensembl_gene	ACSL1	1	3.0	mitocarta_human	gold	functional_localization	gold	contextual_biology	adapter_gene_id_resolved	0.0	0.0	0.0	0.0	0.0	0.0	0.0
mitochondrial_disease	ENSG00000164398	ensembl_gene	ACSL6	1	3.0	mitocarta_human	gold	functional_localization	gold	contextual_biology	adapter_gene_id_resolved	0.0	0.0	0.0	0.0	0.0	0.0	0.0
mitochondrial_disease	ENSG00000166743	ensembl_gene	ACSM1	1	3.0	mitocarta_human	gold	functional_localization	gold	contextual_biology	adapter_gene_id_resolved	0.0	0.0	0.0	0.0	0.0	0.0	0.0
mitochondrial_disease	ENSG00000183747	ensembl_gene	ACSM2A	1	3.0	mitocarta_human	gold	functional_localization	gold	contextual_biology	adapter_gene_id_resolved	0.0	0.0	0.0	0.0	0.0	0.0	0.0
mitochondrial_disease	ENSG00000066813	ensembl_gene	ACSM2B	1	3.0	mitocarta_human	gold	functional_localization	gold	contextual_biology	adapter_gene_id_resolved	0.0	0.0	0.0	0.0	0.0	0.0	0.0
mitochondrial_disease	ENSG00000005187	ensembl_gene	ACSM3	1	3.0	mitocarta_human	gold	functional_localization	gold	contextual_biology	adapter_gene_id_resolved	0.0	0.0	0.0	0.0	0.0	0.0	0.0
mitochondrial_disease	ENSG00000215009	ensembl_gene	ACSM4	1	3.0	mitocarta_human	gold	functional_localization	gold	contextual_biology	adapter_gene_id_resolved	0.0	0.0	0.0	0.0	0.0	0.0	0.0
mitochondrial_disease	ENSG00000183549	ensembl_gene	ACSM5	1	3.0	mitocarta_human	gold	functional_localization	gold	contextual_biology	adapter_gene_id_resolved	0.0	0.0	0.0	0.0	0.0	0.0	0.0
mitochondrial_disease	ENSG00000154930	ensembl_gene	ACSS1	1	3.0	mitocarta_human	gold	functional_localization	gold	contextual_biology	adapter_gene_id_resolved	0.0	0.0	0.0	0.0	0.0	0.0	0.0
mitochondrial_disease	ENSG00000111058	ensembl_gene	ACSS3	1	3.0	mitocarta_human	gold	functional_localization	gold	contextual_biology	adapter_gene_id_resolved	0.0	0.0	0.0	0.0	0.0	0.0	0.0
mitochondrial_disease	ENSG00000063761	ensembl_gene	ADCK1	1	3.0	mitocarta_human	gold	functional_localization	gold	contextual_biology	adapter_gene_id_resolved	0.0	0.0	0.0	0.0	0.0	0.0	0.0
mitochondrial_disease	ENSG00000133597	ensembl_gene	ADCK2	1	3.0	mitocarta_human	gold	functional_localization	gold	contextual_biology	adapter_gene_id_resolved	0.0	0.0	0.0	0.0	0.0	0.0	0.0
mitochondrial_disease	ENSG00000173137|ENSG00000285451	ensembl_gene	ADCK5	1	3.0	mitocarta_human	gold	functional_localization	gold	contextual_biology	adapter_gene_id_resolved	0.0	0.0	0.0	0.0	0.0	0.0	0.0
mitochondrial_disease	ENSG00000143199	ensembl_gene	ADCY10	1	3.0	mitocarta_human	gold	functional_localization	gold	contextual_biology	adapter_gene_id_resolved	0.0	0.0	0.0	0.0	0.0	0.0	0.0
mitochondrial_disease	ENSG00000147576	ensembl_gene	ADHFE1	1	3.0	mitocarta_human	gold	functional_localization	gold	contextual_biology	adapter_gene_id_resolved	0.0	0.0	0.0	0.0	0.0	0.0	0.0
mitochondrial_disease	ENSG00000135537	ensembl_gene	AFG1L	1	3.0	mitocarta_human	gold	functional_localization	gold	contextual_biology	adapter_gene_id_resolved	0.0	0.0	0.0	0.0	0.0	0.0	0.0
mitochondrial_disease	ENSG00000141385	ensembl_gene	AFG3L2	1	3.0	mitocarta_human	gold	functional_localization	gold	contextual_biology	adapter_gene_id_resolved	0.0	0.0	0.0	0.0	0.0	0.0	0.0
mitochondrial_disease	ENSG00000006530|ENSG00000262327	ensembl_gene	AGK	1	3.0	mitocarta_human	gold	functional_localization	gold	contextual_biology	adapter_gene_id_resolved	0.0	0.0	0.0	0.0	0.0	0.0	0.0
mitochondrial_disease	ENSG00000116771	ensembl_gene	AGMAT	1	3.0	mitocarta_human	gold	functional_localization	gold	contextual_biology	adapter_gene_id_resolved	0.0	0.0	0.0	0.0	0.0	0.0	0.0
mitochondrial_disease	ENSG00000026652	ensembl_gene	AGPAT4	1	3.0	mitocarta_human	gold	functional_localization	gold	contextual_biology	adapter_gene_id_resolved	0.0	0.0	0.0	0.0	0.0	0.0	0.0
mitochondrial_disease	ENSG00000155189|ENSG00000284980	ensembl_gene	AGPAT5	1	3.0	mitocarta_human	gold	functional_localization	gold	contextual_biology	adapter_gene_id_resolved	0.0	0.0	0.0	0.0	0.0	0.0	0.0
mitochondrial_disease	ENSG00000172482	ensembl_gene	AGXT	1	3.0	mitocarta_human	gold	functional_localization	gold	contextual_biology	adapter_gene_id_resolved	0.0	0.0	0.0	0.0	0.0	0.0	0.0
mitochondrial_disease	ENSG00000113492	ensembl_gene	AGXT2	1	3.0	mitocarta_human	gold	functional_localization	gold	contextual_biology	adapter_gene_id_resolved	0.0	0.0	0.0	0.0	0.0	0.0	0.0
mitochondrial_disease	ENSG00000168710	ensembl_gene	AHCYL1	1	3.0	mitocarta_human	gold	functional_localization	gold	contextual_biology	adapter_gene_id_resolved	0.0	0.0	0.0	0.0	0.0	0.0	0.0
mitochondrial_disease	ENSG00000156709	ensembl_gene	AIFM1	1	3.0	mitocarta_human	gold	functional_localization	gold	contextual_biology	adapter_gene_id_resolved	0.0	0.0	0.0	0.0	0.0	0.0	0.0
mitochondrial_disease	ENSG00000042286	ensembl_gene	AIFM2	1	3.0	mitocarta_human	gold	functional_localization	gold	contextual_biology	adapter_gene_id_resolved	0.0	0.0	0.0	0.0	0.0	0.0	0.0
mitochondrial_disease	ENSG00000183773	ensembl_gene	AIFM3	1	3.0	mitocarta_human	gold	functional_localization	gold	contextual_biology	adapter_gene_id_resolved	0.0	0.0	0.0	0.0	0.0	0.0	0.0
mitochondrial_disease	ENSG00000004455	ensembl_gene	AK2	1	3.0	mitocarta_human	gold	functional_localization	gold	contextual_biology	adapter_gene_id_resolved	0.0	0.0	0.0	0.0	0.0	0.0	0.0
mitochondrial_disease	ENSG00000147853	ensembl_gene	AK3	1	3.0	mitocarta_human	gold	functional_localization	gold	contextual_biology	adapter_gene_id_resolved	0.0	0.0	0.0	0.0	0.0	0.0	0.0
mitochondrial_disease	ENSG00000162433	ensembl_gene	AK4	1	3.0	mitocarta_human	gold	functional_localization	gold	contextual_biology	adapter_gene_id_resolved	0.0	0.0	0.0	0.0	0.0	0.0	0.0
mitochondrial_disease	ENSG00000121057	ensembl_gene	AKAP1	1	3.0	mitocarta_human	gold	functional_localization	gold	contextual_biology	adapter_gene_id_resolved	0.0	0.0	0.0	0.0	0.0	0.0	0.0
mitochondrial_disease	ENSG00000108599	ensembl_gene	AKAP10	1	3.0	mitocarta_human	gold	functional_localization	gold	contextual_biology	adapter_gene_id_resolved	0.0	0.0	0.0	0.0	0.0	0.0	0.0
mitochondrial_disease	ENSG00000198074	ensembl_gene	AKR1B10	1	3.0	mitocarta_human	gold	functional_localization	gold	contextual_biology	adapter_gene_id_resolved	0.0	0.0	0.0	0.0	0.0	0.0	0.0
mitochondrial_disease	ENSG00000053371	ensembl_gene	AKR7A2	1	3.0	mitocarta_human	gold	functional_localization	gold	contextual_biology	adapter_gene_id_resolved	0.0	0.0	0.0	0.0	0.0	0.0	0.0
mitochondrial_disease	ENSG00000023330	ensembl_gene	ALAS1	1	3.0	mitocarta_human	gold	functional_localization	gold	contextual_biology	adapter_gene_id_resolved	0.0	0.0	0.0	0.0	0.0	0.0	0.0
mitochondrial_disease	ENSG00000158578	ensembl_gene	ALAS2	1	3.0	mitocarta_human	gold	functional_localization	gold	contextual_biology	adapter_gene_id_resolved	0.0	0.0	0.0	0.0	0.0	0.0	0.0
mitochondrial_disease	ENSG00000059573	ensembl_gene	ALDH18A1	1	3.0	mitocarta_human	gold	functional_localization	gold	contextual_biology	adapter_gene_id_resolved	0.0	0.0	0.0	0.0	0.0	0.0	0.0
mitochondrial_disease	ENSG00000137124	ensembl_gene	ALDH1B1	1	3.0	mitocarta_human	gold	functional_localization	gold	contextual_biology	adapter_gene_id_resolved	0.0	0.0	0.0	0.0	0.0	0.0	0.0
mitochondrial_disease	ENSG00000144908	ensembl_gene	ALDH1L1	1	3.0	mitocarta_human	gold	functional_localization	gold	contextual_biology	adapter_gene_id_resolved	0.0	0.0	0.0	0.0	0.0	0.0	0.0
mitochondrial_disease	ENSG00000136010	ensembl_gene	ALDH1L2	1	3.0	mitocarta_human	gold	functional_localization	gold	contextual_biology	adapter_gene_id_resolved	0.0	0.0	0.0	0.0	0.0	0.0	0.0
mitochondrial_disease	ENSG00000111275	ensembl_gene	ALDH2	1	3.0	mitocarta_human	gold	functional_localization	gold	contextual_biology	adapter_gene_id_resolved	0.0	0.0	0.0	0.0	0.0	0.0	0.0
mitochondrial_disease	ENSG00000072210	ensembl_gene	ALDH3A2	1	3.0	mitocarta_human	gold	functional_localization	gold	contextual_biology	adapter_gene_id_resolved	0.0	0.0	0.0	0.0	0.0	0.0	0.0
mitochondrial_disease	ENSG00000159423	ensembl_gene	ALDH4A1	1	3.0	mitocarta_human	gold	functional_localization	gold	contextual_biology	adapter_gene_id_resolved	0.0	0.0	0.0	0.0	0.0	0.0	0.0
mitochondrial_disease	ENSG00000112294	ensembl_gene	ALDH5A1	1	3.0	mitocarta_human	gold	functional_localization	gold	contextual_biology	adapter_gene_id_resolved	0.0	0.0	0.0	0.0	0.0	0.0	0.0
mitochondrial_disease	ENSG00000119711	ensembl_gene	ALDH6A1	1	3.0	mitocarta_human	gold	functional_localization	gold	contextual_biology	adapter_gene_id_resolved	0.0	0.0	0.0	0.0	0.0	0.0	0.0
mitochondrial_disease	ENSG00000164904	ensembl_gene	ALDH7A1	1	3.0	mitocarta_human	gold	functional_localization	gold	contextual_biology	adapter_gene_id_resolved	0.0	0.0	0.0	0.0	0.0	0.0	0.0
mitochondrial_disease	ENSG00000143149	ensembl_gene	ALDH9A1	1	3.0	mitocarta_human	gold	functional_localization	gold	contextual_biology	adapter_gene_id_resolved	0.0	0.0	0.0	0.0	0.0	0.0	0.0
mitochondrial_disease	ENSG00000100601	ensembl_gene	ALKBH1	1	3.0	mitocarta_human	gold	functional_localization	gold	contextual_biology	adapter_gene_id_resolved	0.0	0.0	0.0	0.0	0.0	0.0	0.0
mitochondrial_disease	ENSG00000125652	ensembl_gene	ALKBH7	1	3.0	mitocarta_human	gold	functional_localization	gold	contextual_biology	adapter_gene_id_resolved	0.0	0.0	0.0	0.0	0.0	0.0	0.0
mitochondrial_disease	ENSG00000242110	ensembl_gene	AMACR	1	3.0	mitocarta_human	gold	functional_localization	gold	contextual_biology	adapter_gene_id_resolved	0.0	0.0	0.0	0.0	0.0	0.0	0.0
mitochondrial_disease	ENSG00000145020	ensembl_gene	AMT	1	3.0	mitocarta_human	gold	functional_localization	gold	contextual_biology	adapter_gene_id_resolved	0.0	0.0	0.0	0.0	0.0	0.0	0.0
mitochondrial_disease	ENSG00000174606	ensembl_gene	ANGEL2	1	3.0	mitocarta_human	gold	functional_localization	gold	contextual_biology	adapter_gene_id_resolved	0.0	0.0	0.0	0.0	0.0	0.0	0.0
mitochondrial_disease	ENSG00000103254	ensembl_gene	ANTKMT	1	3.0	mitocarta_human	gold	functional_localization	gold	contextual_biology	adapter_gene_id_resolved	0.0	0.0	0.0	0.0	0.0	0.0	0.0
mitochondrial_disease	ENSG00000100823	ensembl_gene	APEX1	1	3.0	mitocarta_human	gold	functional_localization	gold	contextual_biology	adapter_gene_id_resolved	0.0	0.0	0.0	0.0	0.0	0.0	0.0
mitochondrial_disease	ENSG00000184831	ensembl_gene	APOO	1	3.0	mitocarta_human	gold	functional_localization	gold	contextual_biology	adapter_gene_id_resolved	0.0	0.0	0.0	0.0	0.0	0.0	0.0
mitochondrial_disease	ENSG00000155008	ensembl_gene	APOOL	1	3.0	mitocarta_human	gold	functional_localization	gold	contextual_biology	adapter_gene_id_resolved	0.0	0.0	0.0	0.0	0.0	0.0	0.0
mitochondrial_disease	ENSG00000004059	ensembl_gene	ARF5	1	3.0	mitocarta_human	gold	functional_localization	gold	contextual_biology	adapter_gene_id_resolved	0.0	0.0	0.0	0.0	0.0	0.0	0.0
mitochondrial_disease	ENSG00000081181	ensembl_gene	ARG2	1	3.0	mitocarta_human	gold	functional_localization	gold	contextual_biology	adapter_gene_id_resolved	0.0	0.0	0.0	0.0	0.0	0.0	0.0
mitochondrial_disease	ENSG00000213465	ensembl_gene	ARL2	1	3.0	mitocarta_human	gold	functional_localization	gold	contextual_biology	adapter_gene_id_resolved	0.0	0.0	0.0	0.0	0.0	0.0	0.0
mitochondrial_disease	ENSG00000170632|ENSG00000282813	ensembl_gene	ARMC10	1	3.0	mitocarta_human	gold	functional_localization	gold	contextual_biology	adapter_gene_id_resolved	0.0	0.0	0.0	0.0	0.0	0.0	0.0
mitochondrial_disease	ENSG00000126947	ensembl_gene	ARMCX1	1	3.0	mitocarta_human	gold	functional_localization	gold	contextual_biology	adapter_gene_id_resolved	0.0	0.0	0.0	0.0	0.0	0.0	0.0
mitochondrial_disease	ENSG00000184867	ensembl_gene	ARMCX2	1	3.0	mitocarta_human	gold	functional_localization	gold	contextual_biology	adapter_gene_id_resolved	0.0	0.0	0.0	0.0	0.0	0.0	0.0
mitochondrial_disease	ENSG00000102401	ensembl_gene	ARMCX3	1	3.0	mitocarta_human	gold	functional_localization	gold	contextual_biology	adapter_gene_id_resolved	0.0	0.0	0.0	0.0	0.0	0.0	0.0
mitochondrial_disease	ENSG00000198960	ensembl_gene	ARMCX6	1	3.0	mitocarta_human	gold	functional_localization	gold	contextual_biology	adapter_gene_id_resolved	0.0	0.0	0.0	0.0	0.0	0.0	0.0
mitochondrial_disease	ENSG00000138138|ENSG00000283024	ensembl_gene	ATAD1	1	3.0	mitocarta_human	gold	functional_localization	gold	contextual_biology	adapter_gene_id_resolved	0.0	0.0	0.0	0.0	0.0	0.0	0.0
mitochondrial_disease	ENSG00000197785	ensembl_gene	ATAD3A	1	3.0	mitocarta_human	gold	functional_localization	gold	contextual_biology	adapter_gene_id_resolved	0.0	0.0	0.0	0.0	0.0	0.0	0.0
mitochondrial_disease	ENSG00000160072	ensembl_gene	ATAD3B	1	3.0	mitocarta_human	gold	functional_localization	gold	contextual_biology	adapter_gene_id_resolved	0.0	0.0	0.0	0.0	0.0	0.0	0.0
mitochondrial_disease	ENSG00000166896|ENSG00000262145	ensembl_gene	ATP23	1	3.0	mitocarta_human	gold	functional_localization	gold	contextual_biology	adapter_gene_id_resolved	0.0	0.0	0.0	0.0	0.0	0.0	0.0
mitochondrial_disease	ENSG00000152234	ensembl_gene	ATP5F1A	1	3.0	mitocarta_human	gold	functional_localization	gold	contextual_biology	adapter_gene_id_resolved	0.0	0.0	0.0	0.0	0.0	0.0	0.0
mitochondrial_disease	ENSG00000110955	ensembl_gene	ATP5F1B	1	3.0	mitocarta_human	gold	functional_localization	gold	contextual_biology	adapter_gene_id_resolved	0.0	0.0	0.0	0.0	0.0	0.0	0.0
mitochondrial_disease	ENSG00000165629	ensembl_gene	ATP5F1C	1	3.0	mitocarta_human	gold	functional_localization	gold	contextual_biology	adapter_gene_id_resolved	0.0	0.0	0.0	0.0	0.0	0.0	0.0
mitochondrial_disease	ENSG00000099624	ensembl_gene	ATP5F1D	1	3.0	mitocarta_human	gold	functional_localization	gold	contextual_biology	adapter_gene_id_resolved	0.0	0.0	0.0	0.0	0.0	0.0	0.0
mitochondrial_disease	ENSG00000124172	ensembl_gene	ATP5F1E	1	3.0	mitocarta_human	gold	functional_localization	gold	contextual_biology	adapter_gene_id_resolved	0.0	0.0	0.0	0.0	0.0	0.0	0.0
mitochondrial_disease	ENSG00000130770|ENSG00000285390	ensembl_gene	ATP5IF1	1	3.0	mitocarta_human	gold	functional_localization	gold	contextual_biology	adapter_gene_id_resolved	0.0	0.0	0.0	0.0	0.0	0.0	0.0
mitochondrial_disease	ENSG00000159199	ensembl_gene	ATP5MC1	1	3.0	mitocarta_human	gold	functional_localization	gold	contextual_biology	adapter_gene_id_resolved	0.0	0.0	0.0	0.0	0.0	0.0	0.0
mitochondrial_disease	ENSG00000135390	ensembl_gene	ATP5MC2	1	3.0	mitocarta_human	gold	functional_localization	gold	contextual_biology	adapter_gene_id_resolved	0.0	0.0	0.0	0.0	0.0	0.0	0.0
mitochondrial_disease	ENSG00000154518	ensembl_gene	ATP5MC3	1	3.0	mitocarta_human	gold	functional_localization	gold	contextual_biology	adapter_gene_id_resolved	0.0	0.0	0.0	0.0	0.0	0.0	0.0
mitochondrial_disease	ENSG00000173915	ensembl_gene	ATP5MD	1	3.0	mitocarta_human	gold	functional_localization	gold	contextual_biology	adapter_gene_id_resolved	0.0	0.0	0.0	0.0	0.0	0.0	0.0
mitochondrial_disease	ENSG00000169020	ensembl_gene	ATP5ME	1	3.0	mitocarta_human	gold	functional_localization	gold	contextual_biology	adapter_gene_id_resolved	0.0	0.0	0.0	0.0	0.0	0.0	0.0
mitochondrial_disease	ENSG00000241468	ensembl_gene	ATP5MF	1	3.0	mitocarta_human	gold	functional_localization	gold	contextual_biology	adapter_gene_id_resolved	0.0	0.0	0.0	0.0	0.0	0.0	0.0
mitochondrial_disease	ENSG00000248919	ensembl_gene	ATP5MF-PTCD1	1	3.0	mitocarta_human	gold	functional_localization	gold	contextual_biology	adapter_gene_id_resolved	0.0	0.0	0.0	0.0	0.0	0.0	0.0
mitochondrial_disease	ENSG00000167283	ensembl_gene	ATP5MG	1	3.0	mitocarta_human	gold	functional_localization	gold	contextual_biology	adapter_gene_id_resolved	0.0	0.0	0.0	0.0	0.0	0.0	0.0
mitochondrial_disease	ENSG00000156411	ensembl_gene	ATP5MPL	1	3.0	mitocarta_human	gold	functional_localization	gold	contextual_biology	adapter_gene_id_resolved	0.0	0.0	0.0	0.0	0.0	0.0	0.0
mitochondrial_disease	ENSG00000116459	ensembl_gene	ATP5PB	1	3.0	mitocarta_human	gold	functional_localization	gold	contextual_biology	adapter_gene_id_resolved	0.0	0.0	0.0	0.0	0.0	0.0	0.0
mitochondrial_disease	ENSG00000167863	ensembl_gene	ATP5PD	1	3.0	mitocarta_human	gold	functional_localization	gold	contextual_biology	adapter_gene_id_resolved	0.0	0.0	0.0	0.0	0.0	0.0	0.0
mitochondrial_disease	ENSG00000154723	ensembl_gene	ATP5PF	1	3.0	mitocarta_human	gold	functional_localization	gold	contextual_biology	adapter_gene_id_resolved	0.0	0.0	0.0	0.0	0.0	0.0	0.0
mitochondrial_disease	ENSG00000241837	ensembl_gene	ATP5PO	1	3.0	mitocarta_human	gold	functional_localization	gold	contextual_biology	adapter_gene_id_resolved	0.0	0.0	0.0	0.0	0.0	0.0	0.0
mitochondrial_disease	ENSG00000123472	ensembl_gene	ATPAF1	1	3.0	mitocarta_human	gold	functional_localization	gold	contextual_biology	adapter_gene_id_resolved	0.0	0.0	0.0	0.0	0.0	0.0	0.0
mitochondrial_disease	ENSG00000171953	ensembl_gene	ATPAF2	1	3.0	mitocarta_human	gold	functional_localization	gold	contextual_biology	adapter_gene_id_resolved	0.0	0.0	0.0	0.0	0.0	0.0	0.0
mitochondrial_disease	ENSG00000150756	ensembl_gene	ATPSCKMT	1	3.0	mitocarta_human	gold	functional_localization	gold	contextual_biology	adapter_gene_id_resolved	0.0	0.0	0.0	0.0	0.0	0.0	0.0
mitochondrial_disease	ENSG00000148090	ensembl_gene	AUH	1	3.0	mitocarta_human	gold	functional_localization	gold	contextual_biology	adapter_gene_id_resolved	0.0	0.0	0.0	0.0	0.0	0.0	0.0
mitochondrial_disease	ENSG00000175756	ensembl_gene	AURKAIP1	1	3.0	mitocarta_human	gold	functional_localization	gold	contextual_biology	adapter_gene_id_resolved	0.0	0.0	0.0	0.0	0.0	0.0	0.0
mitochondrial_disease	ENSG00000002330	ensembl_gene	BAD	1	3.0	mitocarta_human	gold	functional_localization	gold	contextual_biology	adapter_gene_id_resolved	0.0	0.0	0.0	0.0	0.0	0.0	0.0
mitochondrial_disease	ENSG00000030110	ensembl_gene	BAK1	1	3.0	mitocarta_human	gold	functional_localization	gold	contextual_biology	adapter_gene_id_resolved	0.0	0.0	0.0	0.0	0.0	0.0	0.0
mitochondrial_disease	ENSG00000087088	ensembl_gene	BAX	1	3.0	mitocarta_human	gold	functional_localization	gold	contextual_biology	adapter_gene_id_resolved	0.0	0.0	0.0	0.0	0.0	0.0	0.0
mitochondrial_disease	ENSG00000105327	ensembl_gene	BBC3	1	3.0	mitocarta_human	gold	functional_localization	gold	contextual_biology	adapter_gene_id_resolved	0.0	0.0	0.0	0.0	0.0	0.0	0.0
mitochondrial_disease	ENSG00000105552	ensembl_gene	BCAT2	1	3.0	mitocarta_human	gold	functional_localization	gold	contextual_biology	adapter_gene_id_resolved	0.0	0.0	0.0	0.0	0.0	0.0	0.0
mitochondrial_disease	ENSG00000248098	ensembl_gene	BCKDHA	1	3.0	mitocarta_human	gold	functional_localization	gold	contextual_biology	adapter_gene_id_resolved	0.0	0.0	0.0	0.0	0.0	0.0	0.0
mitochondrial_disease	ENSG00000083123	ensembl_gene	BCKDHB	1	3.0	mitocarta_human	gold	functional_localization	gold	contextual_biology	adapter_gene_id_resolved	0.0	0.0	0.0	0.0	0.0	0.0	0.0
mitochondrial_disease	ENSG00000103507	ensembl_gene	BCKDK	1	3.0	mitocarta_human	gold	functional_localization	gold	contextual_biology	adapter_gene_id_resolved	0.0	0.0	0.0	0.0	0.0	0.0	0.0
mitochondrial_disease	ENSG00000171791	ensembl_gene	BCL2	1	3.0	mitocarta_human	gold	functional_localization	gold	contextual_biology	adapter_gene_id_resolved	0.0	0.0	0.0	0.0	0.0	0.0	0.0
mitochondrial_disease	ENSG00000140379	ensembl_gene	BCL2A1	1	3.0	mitocarta_human	gold	functional_localization	gold	contextual_biology	adapter_gene_id_resolved	0.0	0.0	0.0	0.0	0.0	0.0	0.0
mitochondrial_disease	ENSG00000171552	ensembl_gene	BCL2L1	1	3.0	mitocarta_human	gold	functional_localization	gold	contextual_biology	adapter_gene_id_resolved	0.0	0.0	0.0	0.0	0.0	0.0	0.0
mitochondrial_disease	ENSG00000137875	ensembl_gene	BCL2L10	1	3.0	mitocarta_human	gold	functional_localization	gold	contextual_biology	adapter_gene_id_resolved	0.0	0.0	0.0	0.0	0.0	0.0	0.0
mitochondrial_disease	ENSG00000153094	ensembl_gene	BCL2L11	1	3.0	mitocarta_human	gold	functional_localization	gold	contextual_biology	adapter_gene_id_resolved	0.0	0.0	0.0	0.0	0.0	0.0	0.0
mitochondrial_disease	ENSG00000099968	ensembl_gene	BCL2L13	1	3.0	mitocarta_human	gold	functional_localization	gold	contextual_biology	adapter_gene_id_resolved	0.0	0.0	0.0	0.0	0.0	0.0	0.0
mitochondrial_disease	ENSG00000129473	ensembl_gene	BCL2L2	1	3.0	mitocarta_human	gold	functional_localization	gold	contextual_biology	adapter_gene_id_resolved	0.0	0.0	0.0	0.0	0.0	0.0	0.0
mitochondrial_disease	ENSG00000197580	ensembl_gene	BCO2	1	3.0	mitocarta_human	gold	functional_localization	gold	contextual_biology	adapter_gene_id_resolved	0.0	0.0	0.0	0.0	0.0	0.0	0.0
mitochondrial_disease	ENSG00000074582	ensembl_gene	BCS1L	1	3.0	mitocarta_human	gold	functional_localization	gold	contextual_biology	adapter_gene_id_resolved	0.0	0.0	0.0	0.0	0.0	0.0	0.0
mitochondrial_disease	ENSG00000161267|ENSG00000275544	ensembl_gene	BDH1	1	3.0	mitocarta_human	gold	functional_localization	gold	contextual_biology	adapter_gene_id_resolved	0.0	0.0	0.0	0.0	0.0	0.0	0.0
mitochondrial_disease	ENSG00000015475	ensembl_gene	BID	1	3.0	mitocarta_human	gold	functional_localization	gold	contextual_biology	adapter_gene_id_resolved	0.0	0.0	0.0	0.0	0.0	0.0	0.0
mitochondrial_disease	ENSG00000100290	ensembl_gene	BIK	1	3.0	mitocarta_human	gold	functional_localization	gold	contextual_biology	adapter_gene_id_resolved	0.0	0.0	0.0	0.0	0.0	0.0	0.0
mitochondrial_disease	ENSG00000135441	ensembl_gene	BLOC1S1	1	3.0	mitocarta_human	gold	functional_localization	gold	contextual_biology	adapter_gene_id_resolved	0.0	0.0	0.0	0.0	0.0	0.0	0.0
mitochondrial_disease	ENSG00000176171	ensembl_gene	BNIP3	1	3.0	mitocarta_human	gold	functional_localization	gold	contextual_biology	adapter_gene_id_resolved	0.0	0.0	0.0	0.0	0.0	0.0	0.0
mitochondrial_disease	ENSG00000104765	ensembl_gene	BNIP3L	1	3.0	mitocarta_human	gold	functional_localization	gold	contextual_biology	adapter_gene_id_resolved	0.0	0.0	0.0	0.0	0.0	0.0	0.0
mitochondrial_disease	ENSG00000176720	ensembl_gene	BOK	1	3.0	mitocarta_human	gold	functional_localization	gold	contextual_biology	adapter_gene_id_resolved	0.0	0.0	0.0	0.0	0.0	0.0	0.0
mitochondrial_disease	ENSG00000178096	ensembl_gene	BOLA1	1	3.0	mitocarta_human	gold	functional_localization	gold	contextual_biology	adapter_gene_id_resolved	0.0	0.0	0.0	0.0	0.0	0.0	0.0
mitochondrial_disease	ENSG00000163170	ensembl_gene	BOLA3	1	3.0	mitocarta_human	gold	functional_localization	gold	contextual_biology	adapter_gene_id_resolved	0.0	0.0	0.0	0.0	0.0	0.0	0.0
mitochondrial_disease	ENSG00000137274	ensembl_gene	BPHL	1	3.0	mitocarta_human	gold	functional_localization	gold	contextual_biology	adapter_gene_id_resolved	0.0	0.0	0.0	0.0	0.0	0.0	0.0
mitochondrial_disease	ENSG00000130921	ensembl_gene	C12ORF65	1	3.0	mitocarta_human	gold	functional_localization	gold	contextual_biology	adapter_gene_id_resolved	0.0	0.0	0.0	0.0	0.0	0.0	0.0
mitochondrial_disease	ENSG00000166920	ensembl_gene	C15ORF48	1	3.0	mitocarta_human	gold	functional_localization	gold	contextual_biology	adapter_gene_id_resolved	0.0	0.0	0.0	0.0	0.0	0.0	0.0
mitochondrial_disease	ENSG00000189227	ensembl_gene	C15ORF61	1	3.0	mitocarta_human	gold	functional_localization	gold	contextual_biology	adapter_gene_id_resolved	0.0	0.0	0.0	0.0	0.0	0.0	0.0
mitochondrial_disease	ENSG00000174109	ensembl_gene	C16ORF91	1	3.0	mitocarta_human	gold	functional_localization	gold	contextual_biology	adapter_gene_id_resolved	0.0	0.0	0.0	0.0	0.0	0.0	0.0
mitochondrial_disease	ENSG00000108561	ensembl_gene	C1QBP	1	3.0	mitocarta_human	gold	functional_localization	gold	contextual_biology	adapter_gene_id_resolved	0.0	0.0	0.0	0.0	0.0	0.0	0.0
mitochondrial_disease	ENSG00000178074	ensembl_gene	C2ORF69	1	3.0	mitocarta_human	gold	functional_localization	gold	contextual_biology	adapter_gene_id_resolved	0.0	0.0	0.0	0.0	0.0	0.0	0.0
mitochondrial_disease	ENSG00000174928	ensembl_gene	C3ORF33	1	3.0	mitocarta_human	gold	functional_localization	gold	contextual_biology	adapter_gene_id_resolved	0.0	0.0	0.0	0.0	0.0	0.0	0.0
mitochondrial_disease	ENSG00000164241	ensembl_gene	C5ORF63	1	3.0	mitocarta_human	gold	functional_localization	gold	contextual_biology	adapter_gene_id_resolved	0.0	0.0	0.0	0.0	0.0	0.0	0.0
mitochondrial_disease	ENSG00000204564|ENSG00000206487|ENSG00000224120|ENSG00000233164|ENSG00000233641|ENSG00000237012|ENSG00000237100	ensembl_gene	C6ORF136	1	3.0	mitocarta_human	gold	functional_localization	gold	contextual_biology	adapter_gene_id_resolved	0.0	0.0	0.0	0.0	0.0	0.0	0.0
mitochondrial_disease	ENSG00000213563	ensembl_gene	C8ORF82	1	3.0	mitocarta_human	gold	functional_localization	gold	contextual_biology	adapter_gene_id_resolved	0.0	0.0	0.0	0.0	0.0	0.0	0.0
mitochondrial_disease	ENSG00000174990	ensembl_gene	CA5A	1	3.0	mitocarta_human	gold	functional_localization	gold	contextual_biology	adapter_gene_id_resolved	0.0	0.0	0.0	0.0	0.0	0.0	0.0
mitochondrial_disease	ENSG00000169239	ensembl_gene	CA5B	1	3.0	mitocarta_human	gold	functional_localization	gold	contextual_biology	adapter_gene_id_resolved	0.0	0.0	0.0	0.0	0.0	0.0	0.0
mitochondrial_disease	ENSG00000134905	ensembl_gene	CARS2	1	3.0	mitocarta_human	gold	functional_localization	gold	contextual_biology	adapter_gene_id_resolved	0.0	0.0	0.0	0.0	0.0	0.0	0.0
mitochondrial_disease	ENSG00000164305	ensembl_gene	CASP3	1	3.0	mitocarta_human	gold	functional_localization	gold	contextual_biology	adapter_gene_id_resolved	0.0	0.0	0.0	0.0	0.0	0.0	0.0
mitochondrial_disease	ENSG00000064012	ensembl_gene	CASP8	1	3.0	mitocarta_human	gold	functional_localization	gold	contextual_biology	adapter_gene_id_resolved	0.0	0.0	0.0	0.0	0.0	0.0	0.0
mitochondrial_disease	ENSG00000132906	ensembl_gene	CASP9	1	3.0	mitocarta_human	gold	functional_localization	gold	contextual_biology	adapter_gene_id_resolved	0.0	0.0	0.0	0.0	0.0	0.0	0.0
mitochondrial_disease	ENSG00000121691	ensembl_gene	CAT	1	3.0	mitocarta_human	gold	functional_localization	gold	contextual_biology	adapter_gene_id_resolved	0.0	0.0	0.0	0.0	0.0	0.0	0.0
mitochondrial_disease	ENSG00000159231	ensembl_gene	CBR3	1	3.0	mitocarta_human	gold	functional_localization	gold	contextual_biology	adapter_gene_id_resolved	0.0	0.0	0.0	0.0	0.0	0.0	0.0
mitochondrial_disease	ENSG00000145439	ensembl_gene	CBR4	1	3.0	mitocarta_human	gold	functional_localization	gold	contextual_biology	adapter_gene_id_resolved	0.0	0.0	0.0	0.0	0.0	0.0	0.0
mitochondrial_disease	ENSG00000164366	ensembl_gene	CCDC127	1	3.0	mitocarta_human	gold	functional_localization	gold	contextual_biology	adapter_gene_id_resolved	0.0	0.0	0.0	0.0	0.0	0.0	0.0
mitochondrial_disease	ENSG00000164051	ensembl_gene	CCDC51	1	3.0	mitocarta_human	gold	functional_localization	gold	contextual_biology	adapter_gene_id_resolved	0.0	0.0	0.0	0.0	0.0	0.0	0.0
mitochondrial_disease	ENSG00000160124	ensembl_gene	CCDC58	1	3.0	mitocarta_human	gold	functional_localization	gold	contextual_biology	adapter_gene_id_resolved	0.0	0.0	0.0	0.0	0.0	0.0	0.0
mitochondrial_disease	ENSG00000137500	ensembl_gene	CCDC90B	1	3.0	mitocarta_human	gold	functional_localization	gold	contextual_biology	adapter_gene_id_resolved	0.0	0.0	0.0	0.0	0.0	0.0	0.0
mitochondrial_disease	ENSG00000101391	ensembl_gene	CDK5RAP1	1	3.0	mitocarta_human	gold	functional_localization	gold	contextual_biology	adapter_gene_id_resolved	0.0	0.0	0.0	0.0	0.0	0.0	0.0
mitochondrial_disease	ENSG00000121289	ensembl_gene	CEP89	1	3.0	mitocarta_human	gold	functional_localization	gold	contextual_biology	adapter_gene_id_resolved	0.0	0.0	0.0	0.0	0.0	0.0	0.0
mitochondrial_disease	ENSG00000172586	ensembl_gene	CHCHD1	1	3.0	mitocarta_human	gold	functional_localization	gold	contextual_biology	adapter_gene_id_resolved	0.0	0.0	0.0	0.0	0.0	0.0	0.0
mitochondrial_disease	ENSG00000250479|ENSG00000273607	ensembl_gene	CHCHD10	1	3.0	mitocarta_human	gold	functional_localization	gold	contextual_biology	adapter_gene_id_resolved	0.0	0.0	0.0	0.0	0.0	0.0	0.0
mitochondrial_disease	ENSG00000106153	ensembl_gene	CHCHD2	1	3.0	mitocarta_human	gold	functional_localization	gold	contextual_biology	adapter_gene_id_resolved	0.0	0.0	0.0	0.0	0.0	0.0	0.0
mitochondrial_disease	ENSG00000106554	ensembl_gene	CHCHD3	1	3.0	mitocarta_human	gold	functional_localization	gold	contextual_biology	adapter_gene_id_resolved	0.0	0.0	0.0	0.0	0.0	0.0	0.0
mitochondrial_disease	ENSG00000163528	ensembl_gene	CHCHD4	1	3.0	mitocarta_human	gold	functional_localization	gold	contextual_biology	adapter_gene_id_resolved	0.0	0.0	0.0	0.0	0.0	0.0	0.0
mitochondrial_disease	ENSG00000125611	ensembl_gene	CHCHD5	1	3.0	mitocarta_human	gold	functional_localization	gold	contextual_biology	adapter_gene_id_resolved	0.0	0.0	0.0	0.0	0.0	0.0	0.0
mitochondrial_disease	ENSG00000159685	ensembl_gene	CHCHD6	1	3.0	mitocarta_human	gold	functional_localization	gold	contextual_biology	adapter_gene_id_resolved	0.0	0.0	0.0	0.0	0.0	0.0	0.0
mitochondrial_disease	ENSG00000170791	ensembl_gene	CHCHD7	1	3.0	mitocarta_human	gold	functional_localization	gold	contextual_biology	adapter_gene_id_resolved	0.0	0.0	0.0	0.0	0.0	0.0	0.0
mitochondrial_disease	ENSG00000016391	ensembl_gene	CHDH	1	3.0	mitocarta_human	gold	functional_localization	gold	contextual_biology	adapter_gene_id_resolved	0.0	0.0	0.0	0.0	0.0	0.0	0.0
mitochondrial_disease	ENSG00000111666	ensembl_gene	CHPT1	1	3.0	mitocarta_human	gold	functional_localization	gold	contextual_biology	adapter_gene_id_resolved	0.0	0.0	0.0	0.0	0.0	0.0	0.0
mitochondrial_disease	ENSG00000122873	ensembl_gene	CISD1	1	3.0	mitocarta_human	gold	functional_localization	gold	contextual_biology	adapter_gene_id_resolved	0.0	0.0	0.0	0.0	0.0	0.0	0.0
mitochondrial_disease	ENSG00000274768|ENSG00000277972	ensembl_gene	CISD3	1	3.0	mitocarta_human	gold	functional_localization	gold	contextual_biology	adapter_gene_id_resolved	0.0	0.0	0.0	0.0	0.0	0.0	0.0
mitochondrial_disease	ENSG00000223572	ensembl_gene	CKMT1A	1	3.0	mitocarta_human	gold	functional_localization	gold	contextual_biology	adapter_gene_id_resolved	0.0	0.0	0.0	0.0	0.0	0.0	0.0
mitochondrial_disease	ENSG00000237289	ensembl_gene	CKMT1B	1	3.0	mitocarta_human	gold	functional_localization	gold	contextual_biology	adapter_gene_id_resolved	0.0	0.0	0.0	0.0	0.0	0.0	0.0
mitochondrial_disease	ENSG00000131730	ensembl_gene	CKMT2	1	3.0	mitocarta_human	gold	functional_localization	gold	contextual_biology	adapter_gene_id_resolved	0.0	0.0	0.0	0.0	0.0	0.0	0.0
mitochondrial_disease	ENSG00000162129	ensembl_gene	CLPB	1	3.0	mitocarta_human	gold	functional_localization	gold	contextual_biology	adapter_gene_id_resolved	0.0	0.0	0.0	0.0	0.0	0.0	0.0
mitochondrial_disease	ENSG00000125656	ensembl_gene	CLPP	1	3.0	mitocarta_human	gold	functional_localization	gold	contextual_biology	adapter_gene_id_resolved	0.0	0.0	0.0	0.0	0.0	0.0	0.0
mitochondrial_disease	ENSG00000166855	ensembl_gene	CLPX	1	3.0	mitocarta_human	gold	functional_localization	gold	contextual_biology	adapter_gene_id_resolved	0.0	0.0	0.0	0.0	0.0	0.0	0.0
mitochondrial_disease	ENSG00000125246	ensembl_gene	CLYBL	1	3.0	mitocarta_human	gold	functional_localization	gold	contextual_biology	adapter_gene_id_resolved	0.0	0.0	0.0	0.0	0.0	0.0	0.0
mitochondrial_disease	ENSG00000187118	ensembl_gene	CMC1	1	3.0	mitocarta_human	gold	functional_localization	gold	contextual_biology	adapter_gene_id_resolved	0.0	0.0	0.0	0.0	0.0	0.0	0.0
mitochondrial_disease	ENSG00000103121	ensembl_gene	CMC2	1	3.0	mitocarta_human	gold	functional_localization	gold	contextual_biology	adapter_gene_id_resolved	0.0	0.0	0.0	0.0	0.0	0.0	0.0
mitochondrial_disease	ENSG00000182712	ensembl_gene	CMC4	1	3.0	mitocarta_human	gold	functional_localization	gold	contextual_biology	adapter_gene_id_resolved	0.0	0.0	0.0	0.0	0.0	0.0	0.0
mitochondrial_disease	ENSG00000134326	ensembl_gene	CMPK2	1	3.0	mitocarta_human	gold	functional_localization	gold	contextual_biology	adapter_gene_id_resolved	0.0	0.0	0.0	0.0	0.0	0.0	0.0
mitochondrial_disease	ENSG00000106603	ensembl_gene	COA1	1	3.0	mitocarta_human	gold	functional_localization	gold	contextual_biology	adapter_gene_id_resolved	0.0	0.0	0.0	0.0	0.0	0.0	0.0
mitochondrial_disease	ENSG00000183978	ensembl_gene	COA3	1	3.0	mitocarta_human	gold	functional_localization	gold	contextual_biology	adapter_gene_id_resolved	0.0	0.0	0.0	0.0	0.0	0.0	0.0
mitochondrial_disease	ENSG00000181924	ensembl_gene	COA4	1	3.0	mitocarta_human	gold	functional_localization	gold	contextual_biology	adapter_gene_id_resolved	0.0	0.0	0.0	0.0	0.0	0.0	0.0
mitochondrial_disease	ENSG00000183513	ensembl_gene	COA5	1	3.0	mitocarta_human	gold	functional_localization	gold	contextual_biology	adapter_gene_id_resolved	0.0	0.0	0.0	0.0	0.0	0.0	0.0
mitochondrial_disease	ENSG00000168275	ensembl_gene	COA6	1	3.0	mitocarta_human	gold	functional_localization	gold	contextual_biology	adapter_gene_id_resolved	0.0	0.0	0.0	0.0	0.0	0.0	0.0
mitochondrial_disease	ENSG00000162377	ensembl_gene	COA7	1	3.0	mitocarta_human	gold	functional_localization	gold	contextual_biology	adapter_gene_id_resolved	0.0	0.0	0.0	0.0	0.0	0.0	0.0
mitochondrial_disease	ENSG00000256053	ensembl_gene	COA8	1	3.0	mitocarta_human	gold	functional_localization	gold	contextual_biology	adapter_gene_id_resolved	0.0	0.0	0.0	0.0	0.0	0.0	0.0
mitochondrial_disease	ENSG00000068120	ensembl_gene	COASY	1	3.0	mitocarta_human	gold	functional_localization	gold	contextual_biology	adapter_gene_id_resolved	0.0	0.0	0.0	0.0	0.0	0.0	0.0
mitochondrial_disease	ENSG00000093010	ensembl_gene	COMT	1	3.0	mitocarta_human	gold	functional_localization	gold	contextual_biology	adapter_gene_id_resolved	0.0	0.0	0.0	0.0	0.0	0.0	0.0
mitochondrial_disease	ENSG00000165644	ensembl_gene	COMTD1	1	3.0	mitocarta_human	gold	functional_localization	gold	contextual_biology	adapter_gene_id_resolved	0.0	0.0	0.0	0.0	0.0	0.0	0.0
mitochondrial_disease	ENSG00000135469	ensembl_gene	COQ10A	1	3.0	mitocarta_human	gold	functional_localization	gold	contextual_biology	adapter_gene_id_resolved	0.0	0.0	0.0	0.0	0.0	0.0	0.0
mitochondrial_disease	ENSG00000115520	ensembl_gene	COQ10B	1	3.0	mitocarta_human	gold	functional_localization	gold	contextual_biology	adapter_gene_id_resolved	0.0	0.0	0.0	0.0	0.0	0.0	0.0
mitochondrial_disease	ENSG00000173085	ensembl_gene	COQ2	1	3.0	mitocarta_human	gold	functional_localization	gold	contextual_biology	adapter_gene_id_resolved	0.0	0.0	0.0	0.0	0.0	0.0	0.0
mitochondrial_disease	ENSG00000132423	ensembl_gene	COQ3	1	3.0	mitocarta_human	gold	functional_localization	gold	contextual_biology	adapter_gene_id_resolved	0.0	0.0	0.0	0.0	0.0	0.0	0.0
mitochondrial_disease	ENSG00000167113	ensembl_gene	COQ4	1	3.0	mitocarta_human	gold	functional_localization	gold	contextual_biology	adapter_gene_id_resolved	0.0	0.0	0.0	0.0	0.0	0.0	0.0
mitochondrial_disease	ENSG00000110871	ensembl_gene	COQ5	1	3.0	mitocarta_human	gold	functional_localization	gold	contextual_biology	adapter_gene_id_resolved	0.0	0.0	0.0	0.0	0.0	0.0	0.0
mitochondrial_disease	ENSG00000119723	ensembl_gene	COQ6	1	3.0	mitocarta_human	gold	functional_localization	gold	contextual_biology	adapter_gene_id_resolved	0.0	0.0	0.0	0.0	0.0	0.0	0.0
mitochondrial_disease	ENSG00000167186	ensembl_gene	COQ7	1	3.0	mitocarta_human	gold	functional_localization	gold	contextual_biology	adapter_gene_id_resolved	0.0	0.0	0.0	0.0	0.0	0.0	0.0
mitochondrial_disease	ENSG00000163050	ensembl_gene	COQ8A	1	3.0	mitocarta_human	gold	functional_localization	gold	contextual_biology	adapter_gene_id_resolved	0.0	0.0	0.0	0.0	0.0	0.0	0.0
mitochondrial_disease	ENSG00000123815	ensembl_gene	COQ8B	1	3.0	mitocarta_human	gold	functional_localization	gold	contextual_biology	adapter_gene_id_resolved	0.0	0.0	0.0	0.0	0.0	0.0	0.0
mitochondrial_disease	ENSG00000088682	ensembl_gene	COQ9	1	3.0	mitocarta_human	gold	functional_localization	gold	contextual_biology	adapter_gene_id_resolved	0.0	0.0	0.0	0.0	0.0	0.0	0.0
mitochondrial_disease	ENSG00000006695	ensembl_gene	COX10	1	3.0	mitocarta_human	gold	functional_localization	gold	contextual_biology	adapter_gene_id_resolved	0.0	0.0	0.0	0.0	0.0	0.0	0.0
mitochondrial_disease	ENSG00000166260	ensembl_gene	COX11	1	3.0	mitocarta_human	gold	functional_localization	gold	contextual_biology	adapter_gene_id_resolved	0.0	0.0	0.0	0.0	0.0	0.0	0.0
mitochondrial_disease	ENSG00000178449	ensembl_gene	COX14	1	3.0	mitocarta_human	gold	functional_localization	gold	contextual_biology	adapter_gene_id_resolved	0.0	0.0	0.0	0.0	0.0	0.0	0.0
mitochondrial_disease	ENSG00000014919	ensembl_gene	COX15	1	3.0	mitocarta_human	gold	functional_localization	gold	contextual_biology	adapter_gene_id_resolved	0.0	0.0	0.0	0.0	0.0	0.0	0.0
mitochondrial_disease	ENSG00000133983	ensembl_gene	COX16	1	3.0	mitocarta_human	gold	functional_localization	gold	contextual_biology	adapter_gene_id_resolved	0.0	0.0	0.0	0.0	0.0	0.0	0.0
mitochondrial_disease	ENSG00000138495	ensembl_gene	COX17	1	3.0	mitocarta_human	gold	functional_localization	gold	contextual_biology	adapter_gene_id_resolved	0.0	0.0	0.0	0.0	0.0	0.0	0.0
mitochondrial_disease	ENSG00000163626	ensembl_gene	COX18	1	3.0	mitocarta_human	gold	functional_localization	gold	contextual_biology	adapter_gene_id_resolved	0.0	0.0	0.0	0.0	0.0	0.0	0.0
mitochondrial_disease	ENSG00000240230	ensembl_gene	COX19	1	3.0	mitocarta_human	gold	functional_localization	gold	contextual_biology	adapter_gene_id_resolved	0.0	0.0	0.0	0.0	0.0	0.0	0.0
mitochondrial_disease	ENSG00000203667	ensembl_gene	COX20	1	3.0	mitocarta_human	gold	functional_localization	gold	contextual_biology	adapter_gene_id_resolved	0.0	0.0	0.0	0.0	0.0	0.0	0.0
mitochondrial_disease	ENSG00000131143	ensembl_gene	COX4I1	1	3.0	mitocarta_human	gold	functional_localization	gold	contextual_biology	adapter_gene_id_resolved	0.0	0.0	0.0	0.0	0.0	0.0	0.0
mitochondrial_disease	ENSG00000131055	ensembl_gene	COX4I2	1	3.0	mitocarta_human	gold	functional_localization	gold	contextual_biology	adapter_gene_id_resolved	0.0	0.0	0.0	0.0	0.0	0.0	0.0
mitochondrial_disease	ENSG00000178741	ensembl_gene	COX5A	1	3.0	mitocarta_human	gold	functional_localization	gold	contextual_biology	adapter_gene_id_resolved	0.0	0.0	0.0	0.0	0.0	0.0	0.0
mitochondrial_disease	ENSG00000135940	ensembl_gene	COX5B	1	3.0	mitocarta_human	gold	functional_localization	gold	contextual_biology	adapter_gene_id_resolved	0.0	0.0	0.0	0.0	0.0	0.0	0.0
mitochondrial_disease	ENSG00000111775	ensembl_gene	COX6A1	1	3.0	mitocarta_human	gold	functional_localization	gold	contextual_biology	adapter_gene_id_resolved	0.0	0.0	0.0	0.0	0.0	0.0	0.0
mitochondrial_disease	ENSG00000156885	ensembl_gene	COX6A2	1	3.0	mitocarta_human	gold	functional_localization	gold	contextual_biology	adapter_gene_id_resolved	0.0	0.0	0.0	0.0	0.0	0.0	0.0
mitochondrial_disease	ENSG00000126267	ensembl_gene	COX6B1	1	3.0	mitocarta_human	gold	functional_localization	gold	contextual_biology	adapter_gene_id_resolved	0.0	0.0	0.0	0.0	0.0	0.0	0.0
mitochondrial_disease	ENSG00000160471	ensembl_gene	COX6B2	1	3.0	mitocarta_human	gold	functional_localization	gold	contextual_biology	adapter_gene_id_resolved	0.0	0.0	0.0	0.0	0.0	0.0	0.0
mitochondrial_disease	ENSG00000164919	ensembl_gene	COX6C	1	3.0	mitocarta_human	gold	functional_localization	gold	contextual_biology	adapter_gene_id_resolved	0.0	0.0	0.0	0.0	0.0	0.0	0.0
mitochondrial_disease	ENSG00000161281	ensembl_gene	COX7A1	1	3.0	mitocarta_human	gold	functional_localization	gold	contextual_biology	adapter_gene_id_resolved	0.0	0.0	0.0	0.0	0.0	0.0	0.0
mitochondrial_disease	ENSG00000112695	ensembl_gene	COX7A2	1	3.0	mitocarta_human	gold	functional_localization	gold	contextual_biology	adapter_gene_id_resolved	0.0	0.0	0.0	0.0	0.0	0.0	0.0
mitochondrial_disease	ENSG00000115944	ensembl_gene	COX7A2L	1	3.0	mitocarta_human	gold	functional_localization	gold	contextual_biology	adapter_gene_id_resolved	0.0	0.0	0.0	0.0	0.0	0.0	0.0
mitochondrial_disease	ENSG00000131174	ensembl_gene	COX7B	1	3.0	mitocarta_human	gold	functional_localization	gold	contextual_biology	adapter_gene_id_resolved	0.0	0.0	0.0	0.0	0.0	0.0	0.0
mitochondrial_disease	ENSG00000170516	ensembl_gene	COX7B2	1	3.0	mitocarta_human	gold	functional_localization	gold	contextual_biology	adapter_gene_id_resolved	0.0	0.0	0.0	0.0	0.0	0.0	0.0
mitochondrial_disease	ENSG00000127184	ensembl_gene	COX7C	1	3.0	mitocarta_human	gold	functional_localization	gold	contextual_biology	adapter_gene_id_resolved	0.0	0.0	0.0	0.0	0.0	0.0	0.0
mitochondrial_disease	ENSG00000176340	ensembl_gene	COX8A	1	3.0	mitocarta_human	gold	functional_localization	gold	contextual_biology	adapter_gene_id_resolved	0.0	0.0	0.0	0.0	0.0	0.0	0.0
mitochondrial_disease	ENSG00000187581|ENSG00000277018	ensembl_gene	COX8C	1	3.0	mitocarta_human	gold	functional_localization	gold	contextual_biology	adapter_gene_id_resolved	0.0	0.0	0.0	0.0	0.0	0.0	0.0
mitochondrial_disease	ENSG00000080819	ensembl_gene	CPOX	1	3.0	mitocarta_human	gold	functional_localization	gold	contextual_biology	adapter_gene_id_resolved	0.0	0.0	0.0	0.0	0.0	0.0	0.0
mitochondrial_disease	ENSG00000021826	ensembl_gene	CPS1	1	3.0	mitocarta_human	gold	functional_localization	gold	contextual_biology	adapter_gene_id_resolved	0.0	0.0	0.0	0.0	0.0	0.0	0.0
mitochondrial_disease	ENSG00000110090	ensembl_gene	CPT1A	1	3.0	mitocarta_human	gold	functional_localization	gold	contextual_biology	adapter_gene_id_resolved	0.0	0.0	0.0	0.0	0.0	0.0	0.0
mitochondrial_disease	ENSG00000205560	ensembl_gene	CPT1B	1	3.0	mitocarta_human	gold	functional_localization	gold	contextual_biology	adapter_gene_id_resolved	0.0	0.0	0.0	0.0	0.0	0.0	0.0
mitochondrial_disease	ENSG00000169169	ensembl_gene	CPT1C	1	3.0	mitocarta_human	gold	functional_localization	gold	contextual_biology	adapter_gene_id_resolved	0.0	0.0	0.0	0.0	0.0	0.0	0.0
mitochondrial_disease	ENSG00000157184	ensembl_gene	CPT2	1	3.0	mitocarta_human	gold	functional_localization	gold	contextual_biology	adapter_gene_id_resolved	0.0	0.0	0.0	0.0	0.0	0.0	0.0
mitochondrial_disease	ENSG00000095321	ensembl_gene	CRAT	1	3.0	mitocarta_human	gold	functional_localization	gold	contextual_biology	adapter_gene_id_resolved	0.0	0.0	0.0	0.0	0.0	0.0	0.0
mitochondrial_disease	ENSG00000088766	ensembl_gene	CRLS1	1	3.0	mitocarta_human	gold	functional_localization	gold	contextual_biology	adapter_gene_id_resolved	0.0	0.0	0.0	0.0	0.0	0.0	0.0
mitochondrial_disease	ENSG00000005469	ensembl_gene	CROT	1	3.0	mitocarta_human	gold	functional_localization	gold	contextual_biology	adapter_gene_id_resolved	0.0	0.0	0.0	0.0	0.0	0.0	0.0
mitochondrial_disease	ENSG00000008405	ensembl_gene	CRY1	1	3.0	mitocarta_human	gold	functional_localization	gold	contextual_biology	adapter_gene_id_resolved	0.0	0.0	0.0	0.0	0.0	0.0	0.0
mitochondrial_disease	ENSG00000116791	ensembl_gene	CRYZ	1	3.0	mitocarta_human	gold	functional_localization	gold	contextual_biology	adapter_gene_id_resolved	0.0	0.0	0.0	0.0	0.0	0.0	0.0
mitochondrial_disease	ENSG00000062485	ensembl_gene	CS	1	3.0	mitocarta_human	gold	functional_localization	gold	contextual_biology	adapter_gene_id_resolved	0.0	0.0	0.0	0.0	0.0	0.0	0.0
mitochondrial_disease	ENSG00000214756	ensembl_gene	CSKMT	1	3.0	mitocarta_human	gold	functional_localization	gold	contextual_biology	adapter_gene_id_resolved	0.0	0.0	0.0	0.0	0.0	0.0	0.0
mitochondrial_disease	ENSG00000103018	ensembl_gene	CYB5B	1	3.0	mitocarta_human	gold	functional_localization	gold	contextual_biology	adapter_gene_id_resolved	0.0	0.0	0.0	0.0	0.0	0.0	0.0
mitochondrial_disease	ENSG00000100243	ensembl_gene	CYB5R3	1	3.0	mitocarta_human	gold	functional_localization	gold	contextual_biology	adapter_gene_id_resolved	0.0	0.0	0.0	0.0	0.0	0.0	0.0
mitochondrial_disease	ENSG00000179091	ensembl_gene	CYC1	1	3.0	mitocarta_human	gold	functional_localization	gold	contextual_biology	adapter_gene_id_resolved	0.0	0.0	0.0	0.0	0.0	0.0	0.0
mitochondrial_disease	ENSG00000172115	ensembl_gene	CYCS	1	3.0	mitocarta_human	gold	functional_localization	gold	contextual_biology	adapter_gene_id_resolved	0.0	0.0	0.0	0.0	0.0	0.0	0.0
mitochondrial_disease	ENSG00000140459|ENSG00000288362	ensembl_gene	CYP11A1	1	3.0	mitocarta_human	gold	functional_localization	gold	contextual_biology	adapter_gene_id_resolved	0.0	0.0	0.0	0.0	0.0	0.0	0.0
mitochondrial_disease	ENSG00000160882	ensembl_gene	CYP11B1	1	3.0	mitocarta_human	gold	functional_localization	gold	contextual_biology	adapter_gene_id_resolved	0.0	0.0	0.0	0.0	0.0	0.0	0.0
mitochondrial_disease	ENSG00000179142	ensembl_gene	CYP11B2	1	3.0	mitocarta_human	gold	functional_localization	gold	contextual_biology	adapter_gene_id_resolved	0.0	0.0	0.0	0.0	0.0	0.0	0.0
mitochondrial_disease	ENSG00000019186	ensembl_gene	CYP24A1	1	3.0	mitocarta_human	gold	functional_localization	gold	contextual_biology	adapter_gene_id_resolved	0.0	0.0	0.0	0.0	0.0	0.0	0.0
mitochondrial_disease	ENSG00000135929	ensembl_gene	CYP27A1	1	3.0	mitocarta_human	gold	functional_localization	gold	contextual_biology	adapter_gene_id_resolved	0.0	0.0	0.0	0.0	0.0	0.0	0.0
mitochondrial_disease	ENSG00000111012	ensembl_gene	CYP27B1	1	3.0	mitocarta_human	gold	functional_localization	gold	contextual_biology	adapter_gene_id_resolved	0.0	0.0	0.0	0.0	0.0	0.0	0.0
mitochondrial_disease	ENSG00000180902	ensembl_gene	D2HGDH	1	3.0	mitocarta_human	gold	functional_localization	gold	contextual_biology	adapter_gene_id_resolved	0.0	0.0	0.0	0.0	0.0	0.0	0.0
mitochondrial_disease	ENSG00000132676	ensembl_gene	DAP3	1	3.0	mitocarta_human	gold	functional_localization	gold	contextual_biology	adapter_gene_id_resolved	0.0	0.0	0.0	0.0	0.0	0.0	0.0
mitochondrial_disease	ENSG00000117593	ensembl_gene	DARS2	1	3.0	mitocarta_human	gold	functional_localization	gold	contextual_biology	adapter_gene_id_resolved	0.0	0.0	0.0	0.0	0.0	0.0	0.0
mitochondrial_disease	ENSG00000155368	ensembl_gene	DBI	1	3.0	mitocarta_human	gold	functional_localization	gold	contextual_biology	adapter_gene_id_resolved	0.0	0.0	0.0	0.0	0.0	0.0	0.0
mitochondrial_disease	ENSG00000137992	ensembl_gene	DBT	1	3.0	mitocarta_human	gold	functional_localization	gold	contextual_biology	adapter_gene_id_resolved	0.0	0.0	0.0	0.0	0.0	0.0	0.0
mitochondrial_disease	ENSG00000172992	ensembl_gene	DCAKD	1	3.0	mitocarta_human	gold	functional_localization	gold	contextual_biology	adapter_gene_id_resolved	0.0	0.0	0.0	0.0	0.0	0.0	0.0
mitochondrial_disease	ENSG00000169738	ensembl_gene	DCXR	1	3.0	mitocarta_human	gold	functional_localization	gold	contextual_biology	adapter_gene_id_resolved	0.0	0.0	0.0	0.0	0.0	0.0	0.0
mitochondrial_disease	ENSG00000182810	ensembl_gene	DDX28	1	3.0	mitocarta_human	gold	functional_localization	gold	contextual_biology	adapter_gene_id_resolved	0.0	0.0	0.0	0.0	0.0	0.0	0.0
mitochondrial_disease	ENSG00000104325	ensembl_gene	DECR1	1	3.0	mitocarta_human	gold	functional_localization	gold	contextual_biology	adapter_gene_id_resolved	0.0	0.0	0.0	0.0	0.0	0.0	0.0
mitochondrial_disease	ENSG00000081791	ensembl_gene	DELE1	1	3.0	mitocarta_human	gold	functional_localization	gold	contextual_biology	adapter_gene_id_resolved	0.0	0.0	0.0	0.0	0.0	0.0	0.0
mitochondrial_disease	ENSG00000133943	ensembl_gene	DGLUCY	1	3.0	mitocarta_human	gold	functional_localization	gold	contextual_biology	adapter_gene_id_resolved	0.0	0.0	0.0	0.0	0.0	0.0	0.0
mitochondrial_disease	ENSG00000114956	ensembl_gene	DGUOK	1	3.0	mitocarta_human	gold	functional_localization	gold	contextual_biology	adapter_gene_id_resolved	0.0	0.0	0.0	0.0	0.0	0.0	0.0
mitochondrial_disease	ENSG00000102967	ensembl_gene	DHODH	1	3.0	mitocarta_human	gold	functional_localization	gold	contextual_biology	adapter_gene_id_resolved	0.0	0.0	0.0	0.0	0.0	0.0	0.0
mitochondrial_disease	ENSG00000157379|ENSG00000284868	ensembl_gene	DHRS1	1	3.0	mitocarta_human	gold	functional_localization	gold	contextual_biology	adapter_gene_id_resolved	0.0	0.0	0.0	0.0	0.0	0.0	0.0
mitochondrial_disease	ENSG00000100867	ensembl_gene	DHRS2	1	3.0	mitocarta_human	gold	functional_localization	gold	contextual_biology	adapter_gene_id_resolved	0.0	0.0	0.0	0.0	0.0	0.0	0.0
mitochondrial_disease	ENSG00000157326|ENSG00000284807	ensembl_gene	DHRS4	1	3.0	mitocarta_human	gold	functional_localization	gold	contextual_biology	adapter_gene_id_resolved	0.0	0.0	0.0	0.0	0.0	0.0	0.0
mitochondrial_disease	ENSG00000109016	ensembl_gene	DHRS7B	1	3.0	mitocarta_human	gold	functional_localization	gold	contextual_biology	adapter_gene_id_resolved	0.0	0.0	0.0	0.0	0.0	0.0	0.0
mitochondrial_disease	ENSG00000181192	ensembl_gene	DHTKD1	1	3.0	mitocarta_human	gold	functional_localization	gold	contextual_biology	adapter_gene_id_resolved	0.0	0.0	0.0	0.0	0.0	0.0	0.0
mitochondrial_disease	ENSG00000132153	ensembl_gene	DHX30	1	3.0	mitocarta_human	gold	functional_localization	gold	contextual_biology	adapter_gene_id_resolved	0.0	0.0	0.0	0.0	0.0	0.0	0.0
mitochondrial_disease	ENSG00000184047	ensembl_gene	DIABLO	1	3.0	mitocarta_human	gold	functional_localization	gold	contextual_biology	adapter_gene_id_resolved	0.0	0.0	0.0	0.0	0.0	0.0	0.0
mitochondrial_disease	ENSG00000150768	ensembl_gene	DLAT	1	3.0	mitocarta_human	gold	functional_localization	gold	contextual_biology	adapter_gene_id_resolved	0.0	0.0	0.0	0.0	0.0	0.0	0.0
mitochondrial_disease	ENSG00000091140	ensembl_gene	DLD	1	3.0	mitocarta_human	gold	functional_localization	gold	contextual_biology	adapter_gene_id_resolved	0.0	0.0	0.0	0.0	0.0	0.0	0.0
mitochondrial_disease	ENSG00000119689	ensembl_gene	DLST	1	3.0	mitocarta_human	gold	functional_localization	gold	contextual_biology	adapter_gene_id_resolved	0.0	0.0	0.0	0.0	0.0	0.0	0.0
mitochondrial_disease	ENSG00000137038	ensembl_gene	DMAC1	1	3.0	mitocarta_human	gold	functional_localization	gold	contextual_biology	adapter_gene_id_resolved	0.0	0.0	0.0	0.0	0.0	0.0	0.0
mitochondrial_disease	ENSG00000105341	ensembl_gene	DMAC2	1	3.0	mitocarta_human	gold	functional_localization	gold	contextual_biology	adapter_gene_id_resolved	0.0	0.0	0.0	0.0	0.0	0.0	0.0
mitochondrial_disease	ENSG00000125375	ensembl_gene	DMAC2L	1	3.0	mitocarta_human	gold	functional_localization	gold	contextual_biology	adapter_gene_id_resolved	0.0	0.0	0.0	0.0	0.0	0.0	0.0
mitochondrial_disease	ENSG00000132837	ensembl_gene	DMGDH	1	3.0	mitocarta_human	gold	functional_localization	gold	contextual_biology	adapter_gene_id_resolved	0.0	0.0	0.0	0.0	0.0	0.0	0.0
mitochondrial_disease	ENSG00000104936	ensembl_gene	DMPK	1	3.0	mitocarta_human	gold	functional_localization	gold	contextual_biology	adapter_gene_id_resolved	0.0	0.0	0.0	0.0	0.0	0.0	0.0
mitochondrial_disease	ENSG00000138346	ensembl_gene	DNA2	1	3.0	mitocarta_human	gold	functional_localization	gold	contextual_biology	adapter_gene_id_resolved	0.0	0.0	0.0	0.0	0.0	0.0	0.0
mitochondrial_disease	ENSG00000103423|ENSG00000276726	ensembl_gene	DNAJA3	1	3.0	mitocarta_human	gold	functional_localization	gold	contextual_biology	adapter_gene_id_resolved	0.0	0.0	0.0	0.0	0.0	0.0	0.0
mitochondrial_disease	ENSG00000007923	ensembl_gene	DNAJC11	1	3.0	mitocarta_human	gold	functional_localization	gold	contextual_biology	adapter_gene_id_resolved	0.0	0.0	0.0	0.0	0.0	0.0	0.0
mitochondrial_disease	ENSG00000120675	ensembl_gene	DNAJC15	1	3.0	mitocarta_human	gold	functional_localization	gold	contextual_biology	adapter_gene_id_resolved	0.0	0.0	0.0	0.0	0.0	0.0	0.0
mitochondrial_disease	ENSG00000205981	ensembl_gene	DNAJC19	1	3.0	mitocarta_human	gold	functional_localization	gold	contextual_biology	adapter_gene_id_resolved	0.0	0.0	0.0	0.0	0.0	0.0	0.0
mitochondrial_disease	ENSG00000177692|ENSG00000262911	ensembl_gene	DNAJC28	1	3.0	mitocarta_human	gold	functional_localization	gold	contextual_biology	adapter_gene_id_resolved	0.0	0.0	0.0	0.0	0.0	0.0	0.0
mitochondrial_disease	ENSG00000176410	ensembl_gene	DNAJC30	1	3.0	mitocarta_human	gold	functional_localization	gold	contextual_biology	adapter_gene_id_resolved	0.0	0.0	0.0	0.0	0.0	0.0	0.0
mitochondrial_disease	ENSG00000110011	ensembl_gene	DNAJC4	1	3.0	mitocarta_human	gold	functional_localization	gold	contextual_biology	adapter_gene_id_resolved	0.0	0.0	0.0	0.0	0.0	0.0	0.0
mitochondrial_disease	ENSG00000213221	ensembl_gene	DNLZ	1	3.0	mitocarta_human	gold	functional_localization	gold	contextual_biology	adapter_gene_id_resolved	0.0	0.0	0.0	0.0	0.0	0.0	0.0
mitochondrial_disease	ENSG00000087470	ensembl_gene	DNM1L	1	3.0	mitocarta_human	gold	functional_localization	gold	contextual_biology	adapter_gene_id_resolved	0.0	0.0	0.0	0.0	0.0	0.0	0.0
mitochondrial_disease	ENSG00000168393	ensembl_gene	DTYMK	1	3.0	mitocarta_human	gold	functional_localization	gold	contextual_biology	adapter_gene_id_resolved	0.0	0.0	0.0	0.0	0.0	0.0	0.0
mitochondrial_disease	ENSG00000167264	ensembl_gene	DUS2	1	3.0	mitocarta_human	gold	functional_localization	gold	contextual_biology	adapter_gene_id_resolved	0.0	0.0	0.0	0.0	0.0	0.0	0.0
mitochondrial_disease	ENSG00000128951	ensembl_gene	DUT	1	3.0	mitocarta_human	gold	functional_localization	gold	contextual_biology	adapter_gene_id_resolved	0.0	0.0	0.0	0.0	0.0	0.0	0.0
mitochondrial_disease	ENSG00000103356	ensembl_gene	EARS2	1	3.0	mitocarta_human	gold	functional_localization	gold	contextual_biology	adapter_gene_id_resolved	0.0	0.0	0.0	0.0	0.0	0.0	0.0
mitochondrial_disease	ENSG00000104823|ENSG00000282853	ensembl_gene	ECH1	1	3.0	mitocarta_human	gold	functional_localization	gold	contextual_biology	adapter_gene_id_resolved	0.0	0.0	0.0	0.0	0.0	0.0	0.0
mitochondrial_disease	ENSG00000093144	ensembl_gene	ECHDC1	1	3.0	mitocarta_human	gold	functional_localization	gold	contextual_biology	adapter_gene_id_resolved	0.0	0.0	0.0	0.0	0.0	0.0	0.0
mitochondrial_disease	ENSG00000121310	ensembl_gene	ECHDC2	1	3.0	mitocarta_human	gold	functional_localization	gold	contextual_biology	adapter_gene_id_resolved	0.0	0.0	0.0	0.0	0.0	0.0	0.0
mitochondrial_disease	ENSG00000134463	ensembl_gene	ECHDC3	1	3.0	mitocarta_human	gold	functional_localization	gold	contextual_biology	adapter_gene_id_resolved	0.0	0.0	0.0	0.0	0.0	0.0	0.0
mitochondrial_disease	ENSG00000127884	ensembl_gene	ECHS1	1	3.0	mitocarta_human	gold	functional_localization	gold	contextual_biology	adapter_gene_id_resolved	0.0	0.0	0.0	0.0	0.0	0.0	0.0
mitochondrial_disease	ENSG00000167969	ensembl_gene	ECI1	1	3.0	mitocarta_human	gold	functional_localization	gold	contextual_biology	adapter_gene_id_resolved	0.0	0.0	0.0	0.0	0.0	0.0	0.0
mitochondrial_disease	ENSG00000198721	ensembl_gene	ECI2	1	3.0	mitocarta_human	gold	functional_localization	gold	contextual_biology	adapter_gene_id_resolved	0.0	0.0	0.0	0.0	0.0	0.0	0.0
mitochondrial_disease	ENSG00000130159	ensembl_gene	ECSIT	1	3.0	mitocarta_human	gold	functional_localization	gold	contextual_biology	adapter_gene_id_resolved	0.0	0.0	0.0	0.0	0.0	0.0	0.0
mitochondrial_disease	ENSG00000115468	ensembl_gene	EFHD1	1	3.0	mitocarta_human	gold	functional_localization	gold	contextual_biology	adapter_gene_id_resolved	0.0	0.0	0.0	0.0	0.0	0.0	0.0
mitochondrial_disease	ENSG00000113790	ensembl_gene	EHHADH	1	3.0	mitocarta_human	gold	functional_localization	gold	contextual_biology	adapter_gene_id_resolved	0.0	0.0	0.0	0.0	0.0	0.0	0.0
mitochondrial_disease	ENSG00000006744	ensembl_gene	ELAC2	1	3.0	mitocarta_human	gold	functional_localization	gold	contextual_biology	adapter_gene_id_resolved	0.0	0.0	0.0	0.0	0.0	0.0	0.0
mitochondrial_disease	ENSG00000167136	ensembl_gene	ENDOG	1	3.0	mitocarta_human	gold	functional_localization	gold	contextual_biology	adapter_gene_id_resolved	0.0	0.0	0.0	0.0	0.0	0.0	0.0
mitochondrial_disease	ENSG00000120915	ensembl_gene	EPHX2	1	3.0	mitocarta_human	gold	functional_localization	gold	contextual_biology	adapter_gene_id_resolved	0.0	0.0	0.0	0.0	0.0	0.0	0.0
mitochondrial_disease	ENSG00000132591	ensembl_gene	ERAL1	1	3.0	mitocarta_human	gold	functional_localization	gold	contextual_biology	adapter_gene_id_resolved	0.0	0.0	0.0	0.0	0.0	0.0	0.0
mitochondrial_disease	ENSG00000140374	ensembl_gene	ETFA	1	3.0	mitocarta_human	gold	functional_localization	gold	contextual_biology	adapter_gene_id_resolved	0.0	0.0	0.0	0.0	0.0	0.0	0.0
mitochondrial_disease	ENSG00000105379	ensembl_gene	ETFB	1	3.0	mitocarta_human	gold	functional_localization	gold	contextual_biology	adapter_gene_id_resolved	0.0	0.0	0.0	0.0	0.0	0.0	0.0
mitochondrial_disease	ENSG00000139160	ensembl_gene	ETFBKMT	1	3.0	mitocarta_human	gold	functional_localization	gold	contextual_biology	adapter_gene_id_resolved	0.0	0.0	0.0	0.0	0.0	0.0	0.0
mitochondrial_disease	ENSG00000171503	ensembl_gene	ETFDH	1	3.0	mitocarta_human	gold	functional_localization	gold	contextual_biology	adapter_gene_id_resolved	0.0	0.0	0.0	0.0	0.0	0.0	0.0
mitochondrial_disease	ENSG00000205707	ensembl_gene	ETFRF1	1	3.0	mitocarta_human	gold	functional_localization	gold	contextual_biology	adapter_gene_id_resolved	0.0	0.0	0.0	0.0	0.0	0.0	0.0
mitochondrial_disease	ENSG00000105755	ensembl_gene	ETHE1	1	3.0	mitocarta_human	gold	functional_localization	gold	contextual_biology	adapter_gene_id_resolved	0.0	0.0	0.0	0.0	0.0	0.0	0.0
mitochondrial_disease	ENSG00000081177	ensembl_gene	EXD2	1	3.0	mitocarta_human	gold	functional_localization	gold	contextual_biology	adapter_gene_id_resolved	0.0	0.0	0.0	0.0	0.0	0.0	0.0
mitochondrial_disease	ENSG00000157036	ensembl_gene	EXOG	1	3.0	mitocarta_human	gold	functional_localization	gold	contextual_biology	adapter_gene_id_resolved	0.0	0.0	0.0	0.0	0.0	0.0	0.0
mitochondrial_disease	ENSG00000163586	ensembl_gene	FABP1	1	3.0	mitocarta_human	gold	functional_localization	gold	contextual_biology	adapter_gene_id_resolved	0.0	0.0	0.0	0.0	0.0	0.0	0.0
mitochondrial_disease	ENSG00000180185	ensembl_gene	FAHD1	1	3.0	mitocarta_human	gold	functional_localization	gold	contextual_biology	adapter_gene_id_resolved	0.0	0.0	0.0	0.0	0.0	0.0	0.0
mitochondrial_disease	ENSG00000115042	ensembl_gene	FAHD2A	1	3.0	mitocarta_human	gold	functional_localization	gold	contextual_biology	adapter_gene_id_resolved	0.0	0.0	0.0	0.0	0.0	0.0	0.0
mitochondrial_disease	ENSG00000035141	ensembl_gene	FAM136A	1	3.0	mitocarta_human	gold	functional_localization	gold	contextual_biology	adapter_gene_id_resolved	0.0	0.0	0.0	0.0	0.0	0.0	0.0
mitochondrial_disease	ENSG00000114023	ensembl_gene	FAM162A	1	3.0	mitocarta_human	gold	functional_localization	gold	contextual_biology	adapter_gene_id_resolved	0.0	0.0	0.0	0.0	0.0	0.0	0.0
mitochondrial_disease	ENSG00000222011	ensembl_gene	FAM185A	1	3.0	mitocarta_human	gold	functional_localization	gold	contextual_biology	adapter_gene_id_resolved	0.0	0.0	0.0	0.0	0.0	0.0	0.0
mitochondrial_disease	ENSG00000177150	ensembl_gene	FAM210A	1	3.0	mitocarta_human	gold	functional_localization	gold	contextual_biology	adapter_gene_id_resolved	0.0	0.0	0.0	0.0	0.0	0.0	0.0
mitochondrial_disease	ENSG00000124098	ensembl_gene	FAM210B	1	3.0	mitocarta_human	gold	functional_localization	gold	contextual_biology	adapter_gene_id_resolved	0.0	0.0	0.0	0.0	0.0	0.0	0.0
mitochondrial_disease	ENSG00000145982	ensembl_gene	FARS2	1	3.0	mitocarta_human	gold	functional_localization	gold	contextual_biology	adapter_gene_id_resolved	0.0	0.0	0.0	0.0	0.0	0.0	0.0
mitochondrial_disease	ENSG00000169710	ensembl_gene	FASN	1	3.0	mitocarta_human	gold	functional_localization	gold	contextual_biology	adapter_gene_id_resolved	0.0	0.0	0.0	0.0	0.0	0.0	0.0
mitochondrial_disease	ENSG00000164896	ensembl_gene	FASTK	1	3.0	mitocarta_human	gold	functional_localization	gold	contextual_biology	adapter_gene_id_resolved	0.0	0.0	0.0	0.0	0.0	0.0	0.0
mitochondrial_disease	ENSG00000138399	ensembl_gene	FASTKD1	1	3.0	mitocarta_human	gold	functional_localization	gold	contextual_biology	adapter_gene_id_resolved	0.0	0.0	0.0	0.0	0.0	0.0	0.0
mitochondrial_disease	ENSG00000118246	ensembl_gene	FASTKD2	1	3.0	mitocarta_human	gold	functional_localization	gold	contextual_biology	adapter_gene_id_resolved	0.0	0.0	0.0	0.0	0.0	0.0	0.0
mitochondrial_disease	ENSG00000124279	ensembl_gene	FASTKD3	1	3.0	mitocarta_human	gold	functional_localization	gold	contextual_biology	adapter_gene_id_resolved	0.0	0.0	0.0	0.0	0.0	0.0	0.0
mitochondrial_disease	ENSG00000215251	ensembl_gene	FASTKD5	1	3.0	mitocarta_human	gold	functional_localization	gold	contextual_biology	adapter_gene_id_resolved	0.0	0.0	0.0	0.0	0.0	0.0	0.0
mitochondrial_disease	ENSG00000112234	ensembl_gene	FBXL4	1	3.0	mitocarta_human	gold	functional_localization	gold	contextual_biology	adapter_gene_id_resolved	0.0	0.0	0.0	0.0	0.0	0.0	0.0
mitochondrial_disease	ENSG00000160752	ensembl_gene	FDPS	1	3.0	mitocarta_human	gold	functional_localization	gold	contextual_biology	adapter_gene_id_resolved	0.0	0.0	0.0	0.0	0.0	0.0	0.0
mitochondrial_disease	ENSG00000137714	ensembl_gene	FDX1	1	3.0	mitocarta_human	gold	functional_localization	gold	contextual_biology	adapter_gene_id_resolved	0.0	0.0	0.0	0.0	0.0	0.0	0.0
mitochondrial_disease	ENSG00000267673	ensembl_gene	FDX2	1	3.0	mitocarta_human	gold	functional_localization	gold	contextual_biology	adapter_gene_id_resolved	0.0	0.0	0.0	0.0	0.0	0.0	0.0
mitochondrial_disease	ENSG00000161513	ensembl_gene	FDXR	1	3.0	mitocarta_human	gold	functional_localization	gold	contextual_biology	adapter_gene_id_resolved	0.0	0.0	0.0	0.0	0.0	0.0	0.0
mitochondrial_disease	ENSG00000066926	ensembl_gene	FECH	1	3.0	mitocarta_human	gold	functional_localization	gold	contextual_biology	adapter_gene_id_resolved	0.0	0.0	0.0	0.0	0.0	0.0	0.0
mitochondrial_disease	ENSG00000091483	ensembl_gene	FH	1	3.0	mitocarta_human	gold	functional_localization	gold	contextual_biology	adapter_gene_id_resolved	0.0	0.0	0.0	0.0	0.0	0.0	0.0
mitochondrial_disease	ENSG00000189283	ensembl_gene	FHIT	1	3.0	mitocarta_human	gold	functional_localization	gold	contextual_biology	adapter_gene_id_resolved	0.0	0.0	0.0	0.0	0.0	0.0	0.0
mitochondrial_disease	ENSG00000214253	ensembl_gene	FIS1	1	3.0	mitocarta_human	gold	functional_localization	gold	contextual_biology	adapter_gene_id_resolved	0.0	0.0	0.0	0.0	0.0	0.0	0.0
mitochondrial_disease	ENSG00000141756	ensembl_gene	FKBP10	1	3.0	mitocarta_human	gold	functional_localization	gold	contextual_biology	adapter_gene_id_resolved	0.0	0.0	0.0	0.0	0.0	0.0	0.0
mitochondrial_disease	ENSG00000105701	ensembl_gene	FKBP8	1	3.0	mitocarta_human	gold	functional_localization	gold	contextual_biology	adapter_gene_id_resolved	0.0	0.0	0.0	0.0	0.0	0.0	0.0
mitochondrial_disease	ENSG00000160688	ensembl_gene	FLAD1	1	3.0	mitocarta_human	gold	functional_localization	gold	contextual_biology	adapter_gene_id_resolved	0.0	0.0	0.0	0.0	0.0	0.0	0.0
mitochondrial_disease	ENSG00000164898	ensembl_gene	FMC1	1	3.0	mitocarta_human	gold	functional_localization	gold	contextual_biology	adapter_gene_id_resolved	0.0	0.0	0.0	0.0	0.0	0.0	0.0
mitochondrial_disease	ENSG00000110074	ensembl_gene	FOXRED1	1	3.0	mitocarta_human	gold	functional_localization	gold	contextual_biology	adapter_gene_id_resolved	0.0	0.0	0.0	0.0	0.0	0.0	0.0
mitochondrial_disease	ENSG00000136877	ensembl_gene	FPGS	1	3.0	mitocarta_human	gold	functional_localization	gold	contextual_biology	adapter_gene_id_resolved	0.0	0.0	0.0	0.0	0.0	0.0	0.0
mitochondrial_disease	ENSG00000167996	ensembl_gene	FTH1	1	3.0	mitocarta_human	gold	functional_localization	gold	contextual_biology	adapter_gene_id_resolved	0.0	0.0	0.0	0.0	0.0	0.0	0.0
mitochondrial_disease	ENSG00000181867	ensembl_gene	FTMT	1	3.0	mitocarta_human	gold	functional_localization	gold	contextual_biology	adapter_gene_id_resolved	0.0	0.0	0.0	0.0	0.0	0.0	0.0
mitochondrial_disease	ENSG00000069509	ensembl_gene	FUNDC1	1	3.0	mitocarta_human	gold	functional_localization	gold	contextual_biology	adapter_gene_id_resolved	0.0	0.0	0.0	0.0	0.0	0.0	0.0
mitochondrial_disease	ENSG00000165775	ensembl_gene	FUNDC2	1	3.0	mitocarta_human	gold	functional_localization	gold	contextual_biology	adapter_gene_id_resolved	0.0	0.0	0.0	0.0	0.0	0.0	0.0
mitochondrial_disease	ENSG00000165060	ensembl_gene	FXN	1	3.0	mitocarta_human	gold	functional_localization	gold	contextual_biology	adapter_gene_id_resolved	0.0	0.0	0.0	0.0	0.0	0.0	0.0
mitochondrial_disease	ENSG00000179271	ensembl_gene	GADD45GIP1	1	3.0	mitocarta_human	gold	functional_localization	gold	contextual_biology	adapter_gene_id_resolved	0.0	0.0	0.0	0.0	0.0	0.0	0.0
mitochondrial_disease	ENSG00000106105	ensembl_gene	GARS1	1	3.0	mitocarta_human	gold	functional_localization	gold	contextual_biology	adapter_gene_id_resolved	0.0	0.0	0.0	0.0	0.0	0.0	0.0
mitochondrial_disease	ENSG00000059691	ensembl_gene	GATB	1	3.0	mitocarta_human	gold	functional_localization	gold	contextual_biology	adapter_gene_id_resolved	0.0	0.0	0.0	0.0	0.0	0.0	0.0
mitochondrial_disease	ENSG00000257218	ensembl_gene	GATC	1	3.0	mitocarta_human	gold	functional_localization	gold	contextual_biology	adapter_gene_id_resolved	0.0	0.0	0.0	0.0	0.0	0.0	0.0
mitochondrial_disease	ENSG00000160221	ensembl_gene	GATD3A	1	3.0	mitocarta_human	gold	functional_localization	gold	contextual_biology	adapter_gene_id_resolved	0.0	0.0	0.0	0.0	0.0	0.0	0.0
mitochondrial_disease	ENSG00000171766	ensembl_gene	GATM	1	3.0	mitocarta_human	gold	functional_localization	gold	contextual_biology	adapter_gene_id_resolved	0.0	0.0	0.0	0.0	0.0	0.0	0.0
mitochondrial_disease	ENSG00000100116	ensembl_gene	GCAT	1	3.0	mitocarta_human	gold	functional_localization	gold	contextual_biology	adapter_gene_id_resolved	0.0	0.0	0.0	0.0	0.0	0.0	0.0
mitochondrial_disease	ENSG00000105607	ensembl_gene	GCDH	1	3.0	mitocarta_human	gold	functional_localization	gold	contextual_biology	adapter_gene_id_resolved	0.0	0.0	0.0	0.0	0.0	0.0	0.0
mitochondrial_disease	ENSG00000140905	ensembl_gene	GCSH	1	3.0	mitocarta_human	gold	functional_localization	gold	contextual_biology	adapter_gene_id_resolved	0.0	0.0	0.0	0.0	0.0	0.0	0.0
mitochondrial_disease	ENSG00000104381	ensembl_gene	GDAP1	1	3.0	mitocarta_human	gold	functional_localization	gold	contextual_biology	adapter_gene_id_resolved	0.0	0.0	0.0	0.0	0.0	0.0	0.0
mitochondrial_disease	ENSG00000127554	ensembl_gene	GFER	1	3.0	mitocarta_human	gold	functional_localization	gold	contextual_biology	adapter_gene_id_resolved	0.0	0.0	0.0	0.0	0.0	0.0	0.0
mitochondrial_disease	ENSG00000168827	ensembl_gene	GFM1	1	3.0	mitocarta_human	gold	functional_localization	gold	contextual_biology	adapter_gene_id_resolved	0.0	0.0	0.0	0.0	0.0	0.0	0.0
mitochondrial_disease	ENSG00000164347	ensembl_gene	GFM2	1	3.0	mitocarta_human	gold	functional_localization	gold	contextual_biology	adapter_gene_id_resolved	0.0	0.0	0.0	0.0	0.0	0.0	0.0
mitochondrial_disease	ENSG00000165678	ensembl_gene	GHITM	1	3.0	mitocarta_human	gold	functional_localization	gold	contextual_biology	adapter_gene_id_resolved	0.0	0.0	0.0	0.0	0.0	0.0	0.0
mitochondrial_disease	ENSG00000178445	ensembl_gene	GLDC	1	3.0	mitocarta_human	gold	functional_localization	gold	contextual_biology	adapter_gene_id_resolved	0.0	0.0	0.0	0.0	0.0	0.0	0.0
mitochondrial_disease	ENSG00000167699	ensembl_gene	GLOD4	1	3.0	mitocarta_human	gold	functional_localization	gold	contextual_biology	adapter_gene_id_resolved	0.0	0.0	0.0	0.0	0.0	0.0	0.0
mitochondrial_disease	ENSG00000023572	ensembl_gene	GLRX2	1	3.0	mitocarta_human	gold	functional_localization	gold	contextual_biology	adapter_gene_id_resolved	0.0	0.0	0.0	0.0	0.0	0.0	0.0
mitochondrial_disease	ENSG00000182512	ensembl_gene	GLRX5	1	3.0	mitocarta_human	gold	functional_localization	gold	contextual_biology	adapter_gene_id_resolved	0.0	0.0	0.0	0.0	0.0	0.0	0.0
mitochondrial_disease	ENSG00000115419	ensembl_gene	GLS	1	3.0	mitocarta_human	gold	functional_localization	gold	contextual_biology	adapter_gene_id_resolved	0.0	0.0	0.0	0.0	0.0	0.0	0.0
mitochondrial_disease	ENSG00000135423	ensembl_gene	GLS2	1	3.0	mitocarta_human	gold	functional_localization	gold	contextual_biology	adapter_gene_id_resolved	0.0	0.0	0.0	0.0	0.0	0.0	0.0
mitochondrial_disease	ENSG00000148672	ensembl_gene	GLUD1	1	3.0	mitocarta_human	gold	functional_localization	gold	contextual_biology	adapter_gene_id_resolved	0.0	0.0	0.0	0.0	0.0	0.0	0.0
mitochondrial_disease	ENSG00000182890|ENSG00000288118	ensembl_gene	GLUD2	1	3.0	mitocarta_human	gold	functional_localization	gold	contextual_biology	adapter_gene_id_resolved	0.0	0.0	0.0	0.0	0.0	0.0	0.0
mitochondrial_disease	ENSG00000149124	ensembl_gene	GLYAT	1	3.0	mitocarta_human	gold	functional_localization	gold	contextual_biology	adapter_gene_id_resolved	0.0	0.0	0.0	0.0	0.0	0.0	0.0
mitochondrial_disease	ENSG00000168237	ensembl_gene	GLYCTK	1	3.0	mitocarta_human	gold	functional_localization	gold	contextual_biology	adapter_gene_id_resolved	0.0	0.0	0.0	0.0	0.0	0.0	0.0
mitochondrial_disease	ENSG00000113384	ensembl_gene	GOLPH3	1	3.0	mitocarta_human	gold	functional_localization	gold	contextual_biology	adapter_gene_id_resolved	0.0	0.0	0.0	0.0	0.0	0.0	0.0
mitochondrial_disease	ENSG00000125166	ensembl_gene	GOT2	1	3.0	mitocarta_human	gold	functional_localization	gold	contextual_biology	adapter_gene_id_resolved	0.0	0.0	0.0	0.0	0.0	0.0	0.0
mitochondrial_disease	ENSG00000119927	ensembl_gene	GPAM	1	3.0	mitocarta_human	gold	functional_localization	gold	contextual_biology	adapter_gene_id_resolved	0.0	0.0	0.0	0.0	0.0	0.0	0.0
mitochondrial_disease	ENSG00000186281	ensembl_gene	GPAT2	1	3.0	mitocarta_human	gold	functional_localization	gold	contextual_biology	adapter_gene_id_resolved	0.0	0.0	0.0	0.0	0.0	0.0	0.0
mitochondrial_disease	ENSG00000115159	ensembl_gene	GPD2	1	3.0	mitocarta_human	gold	functional_localization	gold	contextual_biology	adapter_gene_id_resolved	0.0	0.0	0.0	0.0	0.0	0.0	0.0
mitochondrial_disease	ENSG00000166123	ensembl_gene	GPT2	1	3.0	mitocarta_human	gold	functional_localization	gold	contextual_biology	adapter_gene_id_resolved	0.0	0.0	0.0	0.0	0.0	0.0	0.0
mitochondrial_disease	ENSG00000233276	ensembl_gene	GPX1	1	3.0	mitocarta_human	gold	functional_localization	gold	contextual_biology	adapter_gene_id_resolved	0.0	0.0	0.0	0.0	0.0	0.0	0.0
mitochondrial_disease	ENSG00000167468	ensembl_gene	GPX4	1	3.0	mitocarta_human	gold	functional_localization	gold	contextual_biology	adapter_gene_id_resolved	0.0	0.0	0.0	0.0	0.0	0.0	0.0
mitochondrial_disease	ENSG00000137106	ensembl_gene	GRHPR	1	3.0	mitocarta_human	gold	functional_localization	gold	contextual_biology	adapter_gene_id_resolved	0.0	0.0	0.0	0.0	0.0	0.0	0.0
mitochondrial_disease	ENSG00000109519	ensembl_gene	GRPEL1	1	3.0	mitocarta_human	gold	functional_localization	gold	contextual_biology	adapter_gene_id_resolved	0.0	0.0	0.0	0.0	0.0	0.0	0.0
mitochondrial_disease	ENSG00000164284	ensembl_gene	GRPEL2	1	3.0	mitocarta_human	gold	functional_localization	gold	contextual_biology	adapter_gene_id_resolved	0.0	0.0	0.0	0.0	0.0	0.0	0.0
mitochondrial_disease	ENSG00000132463	ensembl_gene	GRSF1	1	3.0	mitocarta_human	gold	functional_localization	gold	contextual_biology	adapter_gene_id_resolved	0.0	0.0	0.0	0.0	0.0	0.0	0.0
mitochondrial_disease	ENSG00000104687	ensembl_gene	GSR	1	3.0	mitocarta_human	gold	functional_localization	gold	contextual_biology	adapter_gene_id_resolved	0.0	0.0	0.0	0.0	0.0	0.0	0.0
mitochondrial_disease	ENSG00000197448	ensembl_gene	GSTK1	1	3.0	mitocarta_human	gold	functional_localization	gold	contextual_biology	adapter_gene_id_resolved	0.0	0.0	0.0	0.0	0.0	0.0	0.0
mitochondrial_disease	ENSG00000100577	ensembl_gene	GSTZ1	1	3.0	mitocarta_human	gold	functional_localization	gold	contextual_biology	adapter_gene_id_resolved	0.0	0.0	0.0	0.0	0.0	0.0	0.0
mitochondrial_disease	ENSG00000105793	ensembl_gene	GTPBP10	1	3.0	mitocarta_human	gold	functional_localization	gold	contextual_biology	adapter_gene_id_resolved	0.0	0.0	0.0	0.0	0.0	0.0	0.0
mitochondrial_disease	ENSG00000130299	ensembl_gene	GTPBP3	1	3.0	mitocarta_human	gold	functional_localization	gold	contextual_biology	adapter_gene_id_resolved	0.0	0.0	0.0	0.0	0.0	0.0	0.0
mitochondrial_disease	ENSG00000178605	ensembl_gene	GTPBP6	1	3.0	mitocarta_human	gold	functional_localization	gold	contextual_biology	adapter_gene_id_resolved	0.0	0.0	0.0	0.0	0.0	0.0	0.0
mitochondrial_disease	ENSG00000151806	ensembl_gene	GUF1	1	3.0	mitocarta_human	gold	functional_localization	gold	contextual_biology	adapter_gene_id_resolved	0.0	0.0	0.0	0.0	0.0	0.0	0.0
mitochondrial_disease	ENSG00000143774	ensembl_gene	GUK1	1	3.0	mitocarta_human	gold	functional_localization	gold	contextual_biology	adapter_gene_id_resolved	0.0	0.0	0.0	0.0	0.0	0.0	0.0
mitochondrial_disease	ENSG00000138796	ensembl_gene	HADH	1	3.0	mitocarta_human	gold	functional_localization	gold	contextual_biology	adapter_gene_id_resolved	0.0	0.0	0.0	0.0	0.0	0.0	0.0
mitochondrial_disease	ENSG00000084754	ensembl_gene	HADHA	1	3.0	mitocarta_human	gold	functional_localization	gold	contextual_biology	adapter_gene_id_resolved	0.0	0.0	0.0	0.0	0.0	0.0	0.0
mitochondrial_disease	ENSG00000138029	ensembl_gene	HADHB	1	3.0	mitocarta_human	gold	functional_localization	gold	contextual_biology	adapter_gene_id_resolved	0.0	0.0	0.0	0.0	0.0	0.0	0.0
mitochondrial_disease	ENSG00000063854	ensembl_gene	HAGH	1	3.0	mitocarta_human	gold	functional_localization	gold	contextual_biology	adapter_gene_id_resolved	0.0	0.0	0.0	0.0	0.0	0.0	0.0
mitochondrial_disease	ENSG00000116882	ensembl_gene	HAO2	1	3.0	mitocarta_human	gold	functional_localization	gold	contextual_biology	adapter_gene_id_resolved	0.0	0.0	0.0	0.0	0.0	0.0	0.0
mitochondrial_disease	ENSG00000112855	ensembl_gene	HARS2	1	3.0	mitocarta_human	gold	functional_localization	gold	contextual_biology	adapter_gene_id_resolved	0.0	0.0	0.0	0.0	0.0	0.0	0.0
mitochondrial_disease	ENSG00000004961	ensembl_gene	HCCS	1	3.0	mitocarta_human	gold	functional_localization	gold	contextual_biology	adapter_gene_id_resolved	0.0	0.0	0.0	0.0	0.0	0.0	0.0
mitochondrial_disease	ENSG00000119431	ensembl_gene	HDHD3	1	3.0	mitocarta_human	gold	functional_localization	gold	contextual_biology	adapter_gene_id_resolved	0.0	0.0	0.0	0.0	0.0	0.0	0.0
mitochondrial_disease	ENSG00000069998	ensembl_gene	HDHD5	1	3.0	mitocarta_human	gold	functional_localization	gold	contextual_biology	adapter_gene_id_resolved	0.0	0.0	0.0	0.0	0.0	0.0	0.0
mitochondrial_disease	ENSG00000013583	ensembl_gene	HEBP1	1	3.0	mitocarta_human	gold	functional_localization	gold	contextual_biology	adapter_gene_id_resolved	0.0	0.0	0.0	0.0	0.0	0.0	0.0
mitochondrial_disease	ENSG00000114735	ensembl_gene	HEMK1	1	3.0	mitocarta_human	gold	functional_localization	gold	contextual_biology	adapter_gene_id_resolved	0.0	0.0	0.0	0.0	0.0	0.0	0.0
mitochondrial_disease	ENSG00000106049	ensembl_gene	HIBADH	1	3.0	mitocarta_human	gold	functional_localization	gold	contextual_biology	adapter_gene_id_resolved	0.0	0.0	0.0	0.0	0.0	0.0	0.0
mitochondrial_disease	ENSG00000198130	ensembl_gene	HIBCH	1	3.0	mitocarta_human	gold	functional_localization	gold	contextual_biology	adapter_gene_id_resolved	0.0	0.0	0.0	0.0	0.0	0.0	0.0
mitochondrial_disease	ENSG00000181061	ensembl_gene	HIGD1A	1	3.0	mitocarta_human	gold	functional_localization	gold	contextual_biology	adapter_gene_id_resolved	0.0	0.0	0.0	0.0	0.0	0.0	0.0
mitochondrial_disease	ENSG00000146066	ensembl_gene	HIGD2A	1	3.0	mitocarta_human	gold	functional_localization	gold	contextual_biology	adapter_gene_id_resolved	0.0	0.0	0.0	0.0	0.0	0.0	0.0
mitochondrial_disease	ENSG00000169567	ensembl_gene	HINT1	1	3.0	mitocarta_human	gold	functional_localization	gold	contextual_biology	adapter_gene_id_resolved	0.0	0.0	0.0	0.0	0.0	0.0	0.0
mitochondrial_disease	ENSG00000137133	ensembl_gene	HINT2	1	3.0	mitocarta_human	gold	functional_localization	gold	contextual_biology	adapter_gene_id_resolved	0.0	0.0	0.0	0.0	0.0	0.0	0.0
mitochondrial_disease	ENSG00000111911	ensembl_gene	HINT3	1	3.0	mitocarta_human	gold	functional_localization	gold	contextual_biology	adapter_gene_id_resolved	0.0	0.0	0.0	0.0	0.0	0.0	0.0
mitochondrial_disease	ENSG00000117305	ensembl_gene	HMGCL	1	3.0	mitocarta_human	gold	functional_localization	gold	contextual_biology	adapter_gene_id_resolved	0.0	0.0	0.0	0.0	0.0	0.0	0.0
mitochondrial_disease	ENSG00000134240	ensembl_gene	HMGCS2	1	3.0	mitocarta_human	gold	functional_localization	gold	contextual_biology	adapter_gene_id_resolved	0.0	0.0	0.0	0.0	0.0	0.0	0.0
mitochondrial_disease	ENSG00000241935	ensembl_gene	HOGA1	1	3.0	mitocarta_human	gold	functional_localization	gold	contextual_biology	adapter_gene_id_resolved	0.0	0.0	0.0	0.0	0.0	0.0	0.0
mitochondrial_disease	ENSG00000186603	ensembl_gene	HPDL	1	3.0	mitocarta_human	gold	functional_localization	gold	contextual_biology	adapter_gene_id_resolved	0.0	0.0	0.0	0.0	0.0	0.0	0.0
mitochondrial_disease	ENSG00000100209	ensembl_gene	HSCB	1	3.0	mitocarta_human	gold	functional_localization	gold	contextual_biology	adapter_gene_id_resolved	0.0	0.0	0.0	0.0	0.0	0.0	0.0
mitochondrial_disease	ENSG00000072506	ensembl_gene	HSD17B10	1	3.0	mitocarta_human	gold	functional_localization	gold	contextual_biology	adapter_gene_id_resolved	0.0	0.0	0.0	0.0	0.0	0.0	0.0
mitochondrial_disease	ENSG00000133835	ensembl_gene	HSD17B4	1	3.0	mitocarta_human	gold	functional_localization	gold	contextual_biology	adapter_gene_id_resolved	0.0	0.0	0.0	0.0	0.0	0.0	0.0
mitochondrial_disease	ENSG00000112474|ENSG00000204228|ENSG00000225312|ENSG00000228357|ENSG00000228712|ENSG00000232357	ensembl_gene	HSD17B8	1	3.0	mitocarta_human	gold	functional_localization	gold	contextual_biology	adapter_gene_id_resolved	0.0	0.0	0.0	0.0	0.0	0.0	0.0
mitochondrial_disease	ENSG00000103160	ensembl_gene	HSDL1	1	3.0	mitocarta_human	gold	functional_localization	gold	contextual_biology	adapter_gene_id_resolved	0.0	0.0	0.0	0.0	0.0	0.0	0.0
mitochondrial_disease	ENSG00000119471	ensembl_gene	HSDL2	1	3.0	mitocarta_human	gold	functional_localization	gold	contextual_biology	adapter_gene_id_resolved	0.0	0.0	0.0	0.0	0.0	0.0	0.0
mitochondrial_disease	ENSG00000113013	ensembl_gene	HSPA9	1	3.0	mitocarta_human	gold	functional_localization	gold	contextual_biology	adapter_gene_id_resolved	0.0	0.0	0.0	0.0	0.0	0.0	0.0
mitochondrial_disease	ENSG00000144381	ensembl_gene	HSPD1	1	3.0	mitocarta_human	gold	functional_localization	gold	contextual_biology	adapter_gene_id_resolved	0.0	0.0	0.0	0.0	0.0	0.0	0.0
mitochondrial_disease	ENSG00000115541	ensembl_gene	HSPE1	1	3.0	mitocarta_human	gold	functional_localization	gold	contextual_biology	adapter_gene_id_resolved	0.0	0.0	0.0	0.0	0.0	0.0	0.0
mitochondrial_disease	ENSG00000109854	ensembl_gene	HTATIP2	1	3.0	mitocarta_human	gold	functional_localization	gold	contextual_biology	adapter_gene_id_resolved	0.0	0.0	0.0	0.0	0.0	0.0	0.0
mitochondrial_disease	ENSG00000255154	ensembl_gene	HTD2	1	3.0	mitocarta_human	gold	functional_localization	gold	contextual_biology	adapter_gene_id_resolved	0.0	0.0	0.0	0.0	0.0	0.0	0.0
mitochondrial_disease	ENSG00000115317	ensembl_gene	HTRA2	1	3.0	mitocarta_human	gold	functional_localization	gold	contextual_biology	adapter_gene_id_resolved	0.0	0.0	0.0	0.0	0.0	0.0	0.0
mitochondrial_disease	ENSG00000067704	ensembl_gene	IARS2	1	3.0	mitocarta_human	gold	functional_localization	gold	contextual_biology	adapter_gene_id_resolved	0.0	0.0	0.0	0.0	0.0	0.0	0.0
mitochondrial_disease	ENSG00000181873	ensembl_gene	IBA57	1	3.0	mitocarta_human	gold	functional_localization	gold	contextual_biology	adapter_gene_id_resolved	0.0	0.0	0.0	0.0	0.0	0.0	0.0
mitochondrial_disease	ENSG00000119912	ensembl_gene	IDE	1	3.0	mitocarta_human	gold	functional_localization	gold	contextual_biology	adapter_gene_id_resolved	0.0	0.0	0.0	0.0	0.0	0.0	0.0
mitochondrial_disease	ENSG00000182054	ensembl_gene	IDH2	1	3.0	mitocarta_human	gold	functional_localization	gold	contextual_biology	adapter_gene_id_resolved	0.0	0.0	0.0	0.0	0.0	0.0	0.0
mitochondrial_disease	ENSG00000166411	ensembl_gene	IDH3A	1	3.0	mitocarta_human	gold	functional_localization	gold	contextual_biology	adapter_gene_id_resolved	0.0	0.0	0.0	0.0	0.0	0.0	0.0
mitochondrial_disease	ENSG00000101365	ensembl_gene	IDH3B	1	3.0	mitocarta_human	gold	functional_localization	gold	contextual_biology	adapter_gene_id_resolved	0.0	0.0	0.0	0.0	0.0	0.0	0.0
mitochondrial_disease	ENSG00000067829	ensembl_gene	IDH3G	1	3.0	mitocarta_human	gold	functional_localization	gold	contextual_biology	adapter_gene_id_resolved	0.0	0.0	0.0	0.0	0.0	0.0	0.0
mitochondrial_disease	ENSG00000067064	ensembl_gene	IDI1	1	3.0	mitocarta_human	gold	functional_localization	gold	contextual_biology	adapter_gene_id_resolved	0.0	0.0	0.0	0.0	0.0	0.0	0.0
mitochondrial_disease	ENSG00000165949|ENSG00000275214	ensembl_gene	IFI27	1	3.0	mitocarta_human	gold	functional_localization	gold	contextual_biology	adapter_gene_id_resolved	0.0	0.0	0.0	0.0	0.0	0.0	0.0
mitochondrial_disease	ENSG00000148950	ensembl_gene	IMMP1L	1	3.0	mitocarta_human	gold	functional_localization	gold	contextual_biology	adapter_gene_id_resolved	0.0	0.0	0.0	0.0	0.0	0.0	0.0
mitochondrial_disease	ENSG00000184903	ensembl_gene	IMMP2L	1	3.0	mitocarta_human	gold	functional_localization	gold	contextual_biology	adapter_gene_id_resolved	0.0	0.0	0.0	0.0	0.0	0.0	0.0
mitochondrial_disease	ENSG00000132305	ensembl_gene	IMMT	1	3.0	mitocarta_human	gold	functional_localization	gold	contextual_biology	adapter_gene_id_resolved	0.0	0.0	0.0	0.0	0.0	0.0	0.0
mitochondrial_disease	ENSG00000135070	ensembl_gene	ISCA1	1	3.0	mitocarta_human	gold	functional_localization	gold	contextual_biology	adapter_gene_id_resolved	0.0	0.0	0.0	0.0	0.0	0.0	0.0
mitochondrial_disease	ENSG00000165898	ensembl_gene	ISCA2	1	3.0	mitocarta_human	gold	functional_localization	gold	contextual_biology	adapter_gene_id_resolved	0.0	0.0	0.0	0.0	0.0	0.0	0.0
mitochondrial_disease	ENSG00000136003	ensembl_gene	ISCU	1	3.0	mitocarta_human	gold	functional_localization	gold	contextual_biology	adapter_gene_id_resolved	0.0	0.0	0.0	0.0	0.0	0.0	0.0
mitochondrial_disease	ENSG00000063241	ensembl_gene	ISOC2	1	3.0	mitocarta_human	gold	functional_localization	gold	contextual_biology	adapter_gene_id_resolved	0.0	0.0	0.0	0.0	0.0	0.0	0.0
mitochondrial_disease	ENSG00000128928	ensembl_gene	IVD	1	3.0	mitocarta_human	gold	functional_localization	gold	contextual_biology	adapter_gene_id_resolved	0.0	0.0	0.0	0.0	0.0	0.0	0.0
mitochondrial_disease	ENSG00000065427	ensembl_gene	KARS1	1	3.0	mitocarta_human	gold	functional_localization	gold	contextual_biology	adapter_gene_id_resolved	0.0	0.0	0.0	0.0	0.0	0.0	0.0
mitochondrial_disease	ENSG00000117009	ensembl_gene	KMO	1	3.0	mitocarta_human	gold	functional_localization	gold	contextual_biology	adapter_gene_id_resolved	0.0	0.0	0.0	0.0	0.0	0.0	0.0
mitochondrial_disease	ENSG00000137944	ensembl_gene	KYAT3	1	3.0	mitocarta_human	gold	functional_localization	gold	contextual_biology	adapter_gene_id_resolved	0.0	0.0	0.0	0.0	0.0	0.0	0.0
mitochondrial_disease	ENSG00000087299	ensembl_gene	L2HGDH	1	3.0	mitocarta_human	gold	functional_localization	gold	contextual_biology	adapter_gene_id_resolved	0.0	0.0	0.0	0.0	0.0	0.0	0.0
mitochondrial_disease	ENSG00000103642	ensembl_gene	LACTB	1	3.0	mitocarta_human	gold	functional_localization	gold	contextual_biology	adapter_gene_id_resolved	0.0	0.0	0.0	0.0	0.0	0.0	0.0
mitochondrial_disease	ENSG00000147592	ensembl_gene	LACTB2	1	3.0	mitocarta_human	gold	functional_localization	gold	contextual_biology	adapter_gene_id_resolved	0.0	0.0	0.0	0.0	0.0	0.0	0.0
mitochondrial_disease	ENSG00000002549	ensembl_gene	LAP3	1	3.0	mitocarta_human	gold	functional_localization	gold	contextual_biology	adapter_gene_id_resolved	0.0	0.0	0.0	0.0	0.0	0.0	0.0
mitochondrial_disease	ENSG00000011376	ensembl_gene	LARS2	1	3.0	mitocarta_human	gold	functional_localization	gold	contextual_biology	adapter_gene_id_resolved	0.0	0.0	0.0	0.0	0.0	0.0	0.0
mitochondrial_disease	ENSG00000171989	ensembl_gene	LDHAL6B	1	3.0	mitocarta_human	gold	functional_localization	gold	contextual_biology	adapter_gene_id_resolved	0.0	0.0	0.0	0.0	0.0	0.0	0.0
mitochondrial_disease	ENSG00000111716	ensembl_gene	LDHB	1	3.0	mitocarta_human	gold	functional_localization	gold	contextual_biology	adapter_gene_id_resolved	0.0	0.0	0.0	0.0	0.0	0.0	0.0
mitochondrial_disease	ENSG00000166816	ensembl_gene	LDHD	1	3.0	mitocarta_human	gold	functional_localization	gold	contextual_biology	adapter_gene_id_resolved	0.0	0.0	0.0	0.0	0.0	0.0	0.0
mitochondrial_disease	ENSG00000168924	ensembl_gene	LETM1	1	3.0	mitocarta_human	gold	functional_localization	gold	contextual_biology	adapter_gene_id_resolved	0.0	0.0	0.0	0.0	0.0	0.0	0.0
mitochondrial_disease	ENSG00000165046	ensembl_gene	LETM2	1	3.0	mitocarta_human	gold	functional_localization	gold	contextual_biology	adapter_gene_id_resolved	0.0	0.0	0.0	0.0	0.0	0.0	0.0
mitochondrial_disease	ENSG00000050426	ensembl_gene	LETMD1	1	3.0	mitocarta_human	gold	functional_localization	gold	contextual_biology	adapter_gene_id_resolved	0.0	0.0	0.0	0.0	0.0	0.0	0.0
mitochondrial_disease	ENSG00000121897	ensembl_gene	LIAS	1	3.0	mitocarta_human	gold	functional_localization	gold	contextual_biology	adapter_gene_id_resolved	0.0	0.0	0.0	0.0	0.0	0.0	0.0
mitochondrial_disease	ENSG00000005156	ensembl_gene	LIG3	1	3.0	mitocarta_human	gold	functional_localization	gold	contextual_biology	adapter_gene_id_resolved	0.0	0.0	0.0	0.0	0.0	0.0	0.0
mitochondrial_disease	ENSG00000144182	ensembl_gene	LIPT1	1	3.0	mitocarta_human	gold	functional_localization	gold	contextual_biology	adapter_gene_id_resolved	0.0	0.0	0.0	0.0	0.0	0.0	0.0
mitochondrial_disease	ENSG00000175536	ensembl_gene	LIPT2	1	3.0	mitocarta_human	gold	functional_localization	gold	contextual_biology	adapter_gene_id_resolved	0.0	0.0	0.0	0.0	0.0	0.0	0.0
mitochondrial_disease	ENSG00000196365	ensembl_gene	LONP1	1	3.0	mitocarta_human	gold	functional_localization	gold	contextual_biology	adapter_gene_id_resolved	0.0	0.0	0.0	0.0	0.0	0.0	0.0
mitochondrial_disease	ENSG00000138095	ensembl_gene	LRPPRC	1	3.0	mitocarta_human	gold	functional_localization	gold	contextual_biology	adapter_gene_id_resolved	0.0	0.0	0.0	0.0	0.0	0.0	0.0
mitochondrial_disease	ENSG00000120992	ensembl_gene	LYPLA1	1	3.0	mitocarta_human	gold	functional_localization	gold	contextual_biology	adapter_gene_id_resolved	0.0	0.0	0.0	0.0	0.0	0.0	0.0
mitochondrial_disease	ENSG00000143353	ensembl_gene	LYPLAL1	1	3.0	mitocarta_human	gold	functional_localization	gold	contextual_biology	adapter_gene_id_resolved	0.0	0.0	0.0	0.0	0.0	0.0	0.0
mitochondrial_disease	ENSG00000102897	ensembl_gene	LYRM1	1	3.0	mitocarta_human	gold	functional_localization	gold	contextual_biology	adapter_gene_id_resolved	0.0	0.0	0.0	0.0	0.0	0.0	0.0
mitochondrial_disease	ENSG00000083099	ensembl_gene	LYRM2	1	3.0	mitocarta_human	gold	functional_localization	gold	contextual_biology	adapter_gene_id_resolved	0.0	0.0	0.0	0.0	0.0	0.0	0.0
mitochondrial_disease	ENSG00000214113	ensembl_gene	LYRM4	1	3.0	mitocarta_human	gold	functional_localization	gold	contextual_biology	adapter_gene_id_resolved	0.0	0.0	0.0	0.0	0.0	0.0	0.0
mitochondrial_disease	ENSG00000186687	ensembl_gene	LYRM7	1	3.0	mitocarta_human	gold	functional_localization	gold	contextual_biology	adapter_gene_id_resolved	0.0	0.0	0.0	0.0	0.0	0.0	0.0
mitochondrial_disease	ENSG00000232859	ensembl_gene	LYRM9	1	3.0	mitocarta_human	gold	functional_localization	gold	contextual_biology	adapter_gene_id_resolved	0.0	0.0	0.0	0.0	0.0	0.0	0.0
mitochondrial_disease	ENSG00000133315	ensembl_gene	MACROD1	1	3.0	mitocarta_human	gold	functional_localization	gold	contextual_biology	adapter_gene_id_resolved	0.0	0.0	0.0	0.0	0.0	0.0	0.0
mitochondrial_disease	ENSG00000162972	ensembl_gene	MAIP1	1	3.0	mitocarta_human	gold	functional_localization	gold	contextual_biology	adapter_gene_id_resolved	0.0	0.0	0.0	0.0	0.0	0.0	0.0
mitochondrial_disease	ENSG00000156928	ensembl_gene	MALSU1	1	3.0	mitocarta_human	gold	functional_localization	gold	contextual_biology	adapter_gene_id_resolved	0.0	0.0	0.0	0.0	0.0	0.0	0.0
mitochondrial_disease	ENSG00000189221	ensembl_gene	MAOA	1	3.0	mitocarta_human	gold	functional_localization	gold	contextual_biology	adapter_gene_id_resolved	0.0	0.0	0.0	0.0	0.0	0.0	0.0
mitochondrial_disease	ENSG00000069535	ensembl_gene	MAOB	1	3.0	mitocarta_human	gold	functional_localization	gold	contextual_biology	adapter_gene_id_resolved	0.0	0.0	0.0	0.0	0.0	0.0	0.0
mitochondrial_disease	ENSG00000198060	ensembl_gene	MARCHF5	1	3.0	mitocarta_human	gold	functional_localization	gold	contextual_biology	adapter_gene_id_resolved	0.0	0.0	0.0	0.0	0.0	0.0	0.0
mitochondrial_disease	ENSG00000247626	ensembl_gene	MARS2	1	3.0	mitocarta_human	gold	functional_localization	gold	contextual_biology	adapter_gene_id_resolved	0.0	0.0	0.0	0.0	0.0	0.0	0.0
mitochondrial_disease	ENSG00000088888	ensembl_gene	MAVS	1	3.0	mitocarta_human	gold	functional_localization	gold	contextual_biology	adapter_gene_id_resolved	0.0	0.0	0.0	0.0	0.0	0.0	0.0
mitochondrial_disease	ENSG00000100294	ensembl_gene	MCAT	1	3.0	mitocarta_human	gold	functional_localization	gold	contextual_biology	adapter_gene_id_resolved	0.0	0.0	0.0	0.0	0.0	0.0	0.0
mitochondrial_disease	ENSG00000078070	ensembl_gene	MCCC1	1	3.0	mitocarta_human	gold	functional_localization	gold	contextual_biology	adapter_gene_id_resolved	0.0	0.0	0.0	0.0	0.0	0.0	0.0
mitochondrial_disease	ENSG00000131844|ENSG00000275300|ENSG00000281742	ensembl_gene	MCCC2	1	3.0	mitocarta_human	gold	functional_localization	gold	contextual_biology	adapter_gene_id_resolved	0.0	0.0	0.0	0.0	0.0	0.0	0.0
mitochondrial_disease	ENSG00000204511|ENSG00000206447|ENSG00000225228|ENSG00000226841|ENSG00000226923|ENSG00000228662|ENSG00000231975|ENSG00000238238	ensembl_gene	MCCD1	1	3.0	mitocarta_human	gold	functional_localization	gold	contextual_biology	adapter_gene_id_resolved	0.0	0.0	0.0	0.0	0.0	0.0	0.0
mitochondrial_disease	ENSG00000124370	ensembl_gene	MCEE	1	3.0	mitocarta_human	gold	functional_localization	gold	contextual_biology	adapter_gene_id_resolved	0.0	0.0	0.0	0.0	0.0	0.0	0.0
mitochondrial_disease	ENSG00000143384	ensembl_gene	MCL1	1	3.0	mitocarta_human	gold	functional_localization	gold	contextual_biology	adapter_gene_id_resolved	0.0	0.0	0.0	0.0	0.0	0.0	0.0
mitochondrial_disease	ENSG00000172366	ensembl_gene	MCRIP2	1	3.0	mitocarta_human	gold	functional_localization	gold	contextual_biology	adapter_gene_id_resolved	0.0	0.0	0.0	0.0	0.0	0.0	0.0
mitochondrial_disease	ENSG00000156026	ensembl_gene	MCU	1	3.0	mitocarta_human	gold	functional_localization	gold	contextual_biology	adapter_gene_id_resolved	0.0	0.0	0.0	0.0	0.0	0.0	0.0
mitochondrial_disease	ENSG00000005059	ensembl_gene	MCUB	1	3.0	mitocarta_human	gold	functional_localization	gold	contextual_biology	adapter_gene_id_resolved	0.0	0.0	0.0	0.0	0.0	0.0	0.0
mitochondrial_disease	ENSG00000050393	ensembl_gene	MCUR1	1	3.0	mitocarta_human	gold	functional_localization	gold	contextual_biology	adapter_gene_id_resolved	0.0	0.0	0.0	0.0	0.0	0.0	0.0
mitochondrial_disease	ENSG00000146701	ensembl_gene	MDH2	1	3.0	mitocarta_human	gold	functional_localization	gold	contextual_biology	adapter_gene_id_resolved	0.0	0.0	0.0	0.0	0.0	0.0	0.0
mitochondrial_disease	ENSG00000082212	ensembl_gene	ME2	1	3.0	mitocarta_human	gold	functional_localization	gold	contextual_biology	adapter_gene_id_resolved	0.0	0.0	0.0	0.0	0.0	0.0	0.0
mitochondrial_disease	ENSG00000151376	ensembl_gene	ME3	1	3.0	mitocarta_human	gold	functional_localization	gold	contextual_biology	adapter_gene_id_resolved	0.0	0.0	0.0	0.0	0.0	0.0	0.0
mitochondrial_disease	ENSG00000116353	ensembl_gene	MECR	1	3.0	mitocarta_human	gold	functional_localization	gold	contextual_biology	adapter_gene_id_resolved	0.0	0.0	0.0	0.0	0.0	0.0	0.0
mitochondrial_disease	ENSG00000172878	ensembl_gene	METAP1D	1	3.0	mitocarta_human	gold	functional_localization	gold	contextual_biology	adapter_gene_id_resolved	0.0	0.0	0.0	0.0	0.0	0.0	0.0
mitochondrial_disease	ENSG00000169519	ensembl_gene	METTL15	1	3.0	mitocarta_human	gold	functional_localization	gold	contextual_biology	adapter_gene_id_resolved	0.0	0.0	0.0	0.0	0.0	0.0	0.0
mitochondrial_disease	ENSG00000165792	ensembl_gene	METTL17	1	3.0	mitocarta_human	gold	functional_localization	gold	contextual_biology	adapter_gene_id_resolved	0.0	0.0	0.0	0.0	0.0	0.0	0.0
mitochondrial_disease	ENSG00000101574	ensembl_gene	METTL4	1	3.0	mitocarta_human	gold	functional_localization	gold	contextual_biology	adapter_gene_id_resolved	0.0	0.0	0.0	0.0	0.0	0.0	0.0
mitochondrial_disease	ENSG00000138382	ensembl_gene	METTL5	1	3.0	mitocarta_human	gold	functional_localization	gold	contextual_biology	adapter_gene_id_resolved	0.0	0.0	0.0	0.0	0.0	0.0	0.0
mitochondrial_disease	ENSG00000123600	ensembl_gene	METTL8	1	3.0	mitocarta_human	gold	functional_localization	gold	contextual_biology	adapter_gene_id_resolved	0.0	0.0	0.0	0.0	0.0	0.0	0.0
mitochondrial_disease	ENSG00000168958	ensembl_gene	MFF	1	3.0	mitocarta_human	gold	functional_localization	gold	contextual_biology	adapter_gene_id_resolved	0.0	0.0	0.0	0.0	0.0	0.0	0.0
mitochondrial_disease	ENSG00000171109	ensembl_gene	MFN1	1	3.0	mitocarta_human	gold	functional_localization	gold	contextual_biology	adapter_gene_id_resolved	0.0	0.0	0.0	0.0	0.0	0.0	0.0
mitochondrial_disease	ENSG00000116688	ensembl_gene	MFN2	1	3.0	mitocarta_human	gold	functional_localization	gold	contextual_biology	adapter_gene_id_resolved	0.0	0.0	0.0	0.0	0.0	0.0	0.0
mitochondrial_disease	ENSG00000137463	ensembl_gene	MGARP	1	3.0	mitocarta_human	gold	functional_localization	gold	contextual_biology	adapter_gene_id_resolved	0.0	0.0	0.0	0.0	0.0	0.0	0.0
mitochondrial_disease	ENSG00000125871	ensembl_gene	MGME1	1	3.0	mitocarta_human	gold	functional_localization	gold	contextual_biology	adapter_gene_id_resolved	0.0	0.0	0.0	0.0	0.0	0.0	0.0
mitochondrial_disease	ENSG00000008394	ensembl_gene	MGST1	1	3.0	mitocarta_human	gold	functional_localization	gold	contextual_biology	adapter_gene_id_resolved	0.0	0.0	0.0	0.0	0.0	0.0	0.0
mitochondrial_disease	ENSG00000143198	ensembl_gene	MGST3	1	3.0	mitocarta_human	gold	functional_localization	gold	contextual_biology	adapter_gene_id_resolved	0.0	0.0	0.0	0.0	0.0	0.0	0.0
mitochondrial_disease	ENSG00000173436	ensembl_gene	MICOS10	1	3.0	mitocarta_human	gold	functional_localization	gold	contextual_biology	adapter_gene_id_resolved	0.0	0.0	0.0	0.0	0.0	0.0	0.0
mitochondrial_disease	ENSG00000174917	ensembl_gene	MICOS13	1	3.0	mitocarta_human	gold	functional_localization	gold	contextual_biology	adapter_gene_id_resolved	0.0	0.0	0.0	0.0	0.0	0.0	0.0
mitochondrial_disease	ENSG00000107745	ensembl_gene	MICU1	1	3.0	mitocarta_human	gold	functional_localization	gold	contextual_biology	adapter_gene_id_resolved	0.0	0.0	0.0	0.0	0.0	0.0	0.0
mitochondrial_disease	ENSG00000165487	ensembl_gene	MICU2	1	3.0	mitocarta_human	gold	functional_localization	gold	contextual_biology	adapter_gene_id_resolved	0.0	0.0	0.0	0.0	0.0	0.0	0.0
mitochondrial_disease	ENSG00000155970	ensembl_gene	MICU3	1	3.0	mitocarta_human	gold	functional_localization	gold	contextual_biology	adapter_gene_id_resolved	0.0	0.0	0.0	0.0	0.0	0.0	0.0
mitochondrial_disease	ENSG00000100335	ensembl_gene	MIEF1	1	3.0	mitocarta_human	gold	functional_localization	gold	contextual_biology	adapter_gene_id_resolved	0.0	0.0	0.0	0.0	0.0	0.0	0.0
mitochondrial_disease	ENSG00000177427|ENSG00000284495	ensembl_gene	MIEF2	1	3.0	mitocarta_human	gold	functional_localization	gold	contextual_biology	adapter_gene_id_resolved	0.0	0.0	0.0	0.0	0.0	0.0	0.0
mitochondrial_disease	ENSG00000180488	ensembl_gene	MIGA1	1	3.0	mitocarta_human	gold	functional_localization	gold	contextual_biology	adapter_gene_id_resolved	0.0	0.0	0.0	0.0	0.0	0.0	0.0
mitochondrial_disease	ENSG00000148343	ensembl_gene	MIGA2	1	3.0	mitocarta_human	gold	functional_localization	gold	contextual_biology	adapter_gene_id_resolved	0.0	0.0	0.0	0.0	0.0	0.0	0.0
mitochondrial_disease	ENSG00000027001	ensembl_gene	MIPEP	1	3.0	mitocarta_human	gold	functional_localization	gold	contextual_biology	adapter_gene_id_resolved	0.0	0.0	0.0	0.0	0.0	0.0	0.0
mitochondrial_disease	ENSG00000103150	ensembl_gene	MLYCD	1	3.0	mitocarta_human	gold	functional_localization	gold	contextual_biology	adapter_gene_id_resolved	0.0	0.0	0.0	0.0	0.0	0.0	0.0
mitochondrial_disease	ENSG00000151611	ensembl_gene	MMAA	1	3.0	mitocarta_human	gold	functional_localization	gold	contextual_biology	adapter_gene_id_resolved	0.0	0.0	0.0	0.0	0.0	0.0	0.0
mitochondrial_disease	ENSG00000139428	ensembl_gene	MMAB	1	3.0	mitocarta_human	gold	functional_localization	gold	contextual_biology	adapter_gene_id_resolved	0.0	0.0	0.0	0.0	0.0	0.0	0.0
mitochondrial_disease	ENSG00000168288	ensembl_gene	MMADHC	1	3.0	mitocarta_human	gold	functional_localization	gold	contextual_biology	adapter_gene_id_resolved	0.0	0.0	0.0	0.0	0.0	0.0	0.0
mitochondrial_disease	ENSG00000146085	ensembl_gene	MMUT	1	3.0	mitocarta_human	gold	functional_localization	gold	contextual_biology	adapter_gene_id_resolved	0.0	0.0	0.0	0.0	0.0	0.0	0.0
mitochondrial_disease	ENSG00000124615	ensembl_gene	MOCS1	1	3.0	mitocarta_human	gold	functional_localization	gold	contextual_biology	adapter_gene_id_resolved	0.0	0.0	0.0	0.0	0.0	0.0	0.0
mitochondrial_disease	ENSG00000060762	ensembl_gene	MPC1	1	3.0	mitocarta_human	gold	functional_localization	gold	contextual_biology	adapter_gene_id_resolved	0.0	0.0	0.0	0.0	0.0	0.0	0.0
mitochondrial_disease	ENSG00000238205	ensembl_gene	MPC1L	1	3.0	mitocarta_human	gold	functional_localization	gold	contextual_biology	adapter_gene_id_resolved	0.0	0.0	0.0	0.0	0.0	0.0	0.0
mitochondrial_disease	ENSG00000143158	ensembl_gene	MPC2	1	3.0	mitocarta_human	gold	functional_localization	gold	contextual_biology	adapter_gene_id_resolved	0.0	0.0	0.0	0.0	0.0	0.0	0.0
mitochondrial_disease	ENSG00000128309	ensembl_gene	MPST	1	3.0	mitocarta_human	gold	functional_localization	gold	contextual_biology	adapter_gene_id_resolved	0.0	0.0	0.0	0.0	0.0	0.0	0.0
mitochondrial_disease	ENSG00000156968|ENSG00000261130|ENSG00000275543|ENSG00000282074	ensembl_gene	MPV17L	1	3.0	mitocarta_human	gold	functional_localization	gold	contextual_biology	adapter_gene_id_resolved	0.0	0.0	0.0	0.0	0.0	0.0	0.0
mitochondrial_disease	ENSG00000254858	ensembl_gene	MPV17L2	1	3.0	mitocarta_human	gold	functional_localization	gold	contextual_biology	adapter_gene_id_resolved	0.0	0.0	0.0	0.0	0.0	0.0	0.0
mitochondrial_disease	ENSG00000274853|ENSG00000278619	ensembl_gene	MRM1	1	3.0	mitocarta_human	gold	functional_localization	gold	contextual_biology	adapter_gene_id_resolved	0.0	0.0	0.0	0.0	0.0	0.0	0.0
mitochondrial_disease	ENSG00000122687	ensembl_gene	MRM2	1	3.0	mitocarta_human	gold	functional_localization	gold	contextual_biology	adapter_gene_id_resolved	0.0	0.0	0.0	0.0	0.0	0.0	0.0
mitochondrial_disease	ENSG00000171861	ensembl_gene	MRM3	1	3.0	mitocarta_human	gold	functional_localization	gold	contextual_biology	adapter_gene_id_resolved	0.0	0.0	0.0	0.0	0.0	0.0	0.0
mitochondrial_disease	ENSG00000169288	ensembl_gene	MRPL1	1	3.0	mitocarta_human	gold	functional_localization	gold	contextual_biology	adapter_gene_id_resolved	0.0	0.0	0.0	0.0	0.0	0.0	0.0
mitochondrial_disease	ENSG00000159111	ensembl_gene	MRPL10	1	3.0	mitocarta_human	gold	functional_localization	gold	contextual_biology	adapter_gene_id_resolved	0.0	0.0	0.0	0.0	0.0	0.0	0.0
mitochondrial_disease	ENSG00000174547	ensembl_gene	MRPL11	1	3.0	mitocarta_human	gold	functional_localization	gold	contextual_biology	adapter_gene_id_resolved	0.0	0.0	0.0	0.0	0.0	0.0	0.0
mitochondrial_disease	ENSG00000262814	ensembl_gene	MRPL12	1	3.0	mitocarta_human	gold	functional_localization	gold	contextual_biology	adapter_gene_id_resolved	0.0	0.0	0.0	0.0	0.0	0.0	0.0
mitochondrial_disease	ENSG00000172172	ensembl_gene	MRPL13	1	3.0	mitocarta_human	gold	functional_localization	gold	contextual_biology	adapter_gene_id_resolved	0.0	0.0	0.0	0.0	0.0	0.0	0.0
mitochondrial_disease	ENSG00000180992	ensembl_gene	MRPL14	1	3.0	mitocarta_human	gold	functional_localization	gold	contextual_biology	adapter_gene_id_resolved	0.0	0.0	0.0	0.0	0.0	0.0	0.0
mitochondrial_disease	ENSG00000137547	ensembl_gene	MRPL15	1	3.0	mitocarta_human	gold	functional_localization	gold	contextual_biology	adapter_gene_id_resolved	0.0	0.0	0.0	0.0	0.0	0.0	0.0
mitochondrial_disease	ENSG00000166902	ensembl_gene	MRPL16	1	3.0	mitocarta_human	gold	functional_localization	gold	contextual_biology	adapter_gene_id_resolved	0.0	0.0	0.0	0.0	0.0	0.0	0.0
mitochondrial_disease	ENSG00000158042	ensembl_gene	MRPL17	1	3.0	mitocarta_human	gold	functional_localization	gold	contextual_biology	adapter_gene_id_resolved	0.0	0.0	0.0	0.0	0.0	0.0	0.0
mitochondrial_disease	ENSG00000112110	ensembl_gene	MRPL18	1	3.0	mitocarta_human	gold	functional_localization	gold	contextual_biology	adapter_gene_id_resolved	0.0	0.0	0.0	0.0	0.0	0.0	0.0
mitochondrial_disease	ENSG00000115364	ensembl_gene	MRPL19	1	3.0	mitocarta_human	gold	functional_localization	gold	contextual_biology	adapter_gene_id_resolved	0.0	0.0	0.0	0.0	0.0	0.0	0.0
mitochondrial_disease	ENSG00000112651	ensembl_gene	MRPL2	1	3.0	mitocarta_human	gold	functional_localization	gold	contextual_biology	adapter_gene_id_resolved	0.0	0.0	0.0	0.0	0.0	0.0	0.0
mitochondrial_disease	ENSG00000242485	ensembl_gene	MRPL20	1	3.0	mitocarta_human	gold	functional_localization	gold	contextual_biology	adapter_gene_id_resolved	0.0	0.0	0.0	0.0	0.0	0.0	0.0
mitochondrial_disease	ENSG00000197345	ensembl_gene	MRPL21	1	3.0	mitocarta_human	gold	functional_localization	gold	contextual_biology	adapter_gene_id_resolved	0.0	0.0	0.0	0.0	0.0	0.0	0.0
mitochondrial_disease	ENSG00000082515	ensembl_gene	MRPL22	1	3.0	mitocarta_human	gold	functional_localization	gold	contextual_biology	adapter_gene_id_resolved	0.0	0.0	0.0	0.0	0.0	0.0	0.0
mitochondrial_disease	ENSG00000214026|ENSG00000288141	ensembl_gene	MRPL23	1	3.0	mitocarta_human	gold	functional_localization	gold	contextual_biology	adapter_gene_id_resolved	0.0	0.0	0.0	0.0	0.0	0.0	0.0
mitochondrial_disease	ENSG00000143314	ensembl_gene	MRPL24	1	3.0	mitocarta_human	gold	functional_localization	gold	contextual_biology	adapter_gene_id_resolved	0.0	0.0	0.0	0.0	0.0	0.0	0.0
mitochondrial_disease	ENSG00000108826	ensembl_gene	MRPL27	1	3.0	mitocarta_human	gold	functional_localization	gold	contextual_biology	adapter_gene_id_resolved	0.0	0.0	0.0	0.0	0.0	0.0	0.0
mitochondrial_disease	ENSG00000086504	ensembl_gene	MRPL28	1	3.0	mitocarta_human	gold	functional_localization	gold	contextual_biology	adapter_gene_id_resolved	0.0	0.0	0.0	0.0	0.0	0.0	0.0
mitochondrial_disease	ENSG00000114686	ensembl_gene	MRPL3	1	3.0	mitocarta_human	gold	functional_localization	gold	contextual_biology	adapter_gene_id_resolved	0.0	0.0	0.0	0.0	0.0	0.0	0.0
mitochondrial_disease	ENSG00000185414	ensembl_gene	MRPL30	1	3.0	mitocarta_human	gold	functional_localization	gold	contextual_biology	adapter_gene_id_resolved	0.0	0.0	0.0	0.0	0.0	0.0	0.0
mitochondrial_disease	ENSG00000106591	ensembl_gene	MRPL32	1	3.0	mitocarta_human	gold	functional_localization	gold	contextual_biology	adapter_gene_id_resolved	0.0	0.0	0.0	0.0	0.0	0.0	0.0
mitochondrial_disease	ENSG00000243147	ensembl_gene	MRPL33	1	3.0	mitocarta_human	gold	functional_localization	gold	contextual_biology	adapter_gene_id_resolved	0.0	0.0	0.0	0.0	0.0	0.0	0.0
mitochondrial_disease	ENSG00000130312	ensembl_gene	MRPL34	1	3.0	mitocarta_human	gold	functional_localization	gold	contextual_biology	adapter_gene_id_resolved	0.0	0.0	0.0	0.0	0.0	0.0	0.0
mitochondrial_disease	ENSG00000132313	ensembl_gene	MRPL35	1	3.0	mitocarta_human	gold	functional_localization	gold	contextual_biology	adapter_gene_id_resolved	0.0	0.0	0.0	0.0	0.0	0.0	0.0
mitochondrial_disease	ENSG00000171421	ensembl_gene	MRPL36	1	3.0	mitocarta_human	gold	functional_localization	gold	contextual_biology	adapter_gene_id_resolved	0.0	0.0	0.0	0.0	0.0	0.0	0.0
mitochondrial_disease	ENSG00000116221	ensembl_gene	MRPL37	1	3.0	mitocarta_human	gold	functional_localization	gold	contextual_biology	adapter_gene_id_resolved	0.0	0.0	0.0	0.0	0.0	0.0	0.0
mitochondrial_disease	ENSG00000204316	ensembl_gene	MRPL38	1	3.0	mitocarta_human	gold	functional_localization	gold	contextual_biology	adapter_gene_id_resolved	0.0	0.0	0.0	0.0	0.0	0.0	0.0
mitochondrial_disease	ENSG00000154719	ensembl_gene	MRPL39	1	3.0	mitocarta_human	gold	functional_localization	gold	contextual_biology	adapter_gene_id_resolved	0.0	0.0	0.0	0.0	0.0	0.0	0.0
mitochondrial_disease	ENSG00000105364	ensembl_gene	MRPL4	1	3.0	mitocarta_human	gold	functional_localization	gold	contextual_biology	adapter_gene_id_resolved	0.0	0.0	0.0	0.0	0.0	0.0	0.0
mitochondrial_disease	ENSG00000185608	ensembl_gene	MRPL40	1	3.0	mitocarta_human	gold	functional_localization	gold	contextual_biology	adapter_gene_id_resolved	0.0	0.0	0.0	0.0	0.0	0.0	0.0
mitochondrial_disease	ENSG00000182154	ensembl_gene	MRPL41	1	3.0	mitocarta_human	gold	functional_localization	gold	contextual_biology	adapter_gene_id_resolved	0.0	0.0	0.0	0.0	0.0	0.0	0.0
mitochondrial_disease	ENSG00000198015	ensembl_gene	MRPL42	1	3.0	mitocarta_human	gold	functional_localization	gold	contextual_biology	adapter_gene_id_resolved	0.0	0.0	0.0	0.0	0.0	0.0	0.0
mitochondrial_disease	ENSG00000055950	ensembl_gene	MRPL43	1	3.0	mitocarta_human	gold	functional_localization	gold	contextual_biology	adapter_gene_id_resolved	0.0	0.0	0.0	0.0	0.0	0.0	0.0
mitochondrial_disease	ENSG00000135900	ensembl_gene	MRPL44	1	3.0	mitocarta_human	gold	functional_localization	gold	contextual_biology	adapter_gene_id_resolved	0.0	0.0	0.0	0.0	0.0	0.0	0.0
mitochondrial_disease	ENSG00000277936|ENSG00000278845	ensembl_gene	MRPL45	1	3.0	mitocarta_human	gold	functional_localization	gold	contextual_biology	adapter_gene_id_resolved	0.0	0.0	0.0	0.0	0.0	0.0	0.0
mitochondrial_disease	ENSG00000259494	ensembl_gene	MRPL46	1	3.0	mitocarta_human	gold	functional_localization	gold	contextual_biology	adapter_gene_id_resolved	0.0	0.0	0.0	0.0	0.0	0.0	0.0
mitochondrial_disease	ENSG00000136522	ensembl_gene	MRPL47	1	3.0	mitocarta_human	gold	functional_localization	gold	contextual_biology	adapter_gene_id_resolved	0.0	0.0	0.0	0.0	0.0	0.0	0.0
mitochondrial_disease	ENSG00000175581	ensembl_gene	MRPL48	1	3.0	mitocarta_human	gold	functional_localization	gold	contextual_biology	adapter_gene_id_resolved	0.0	0.0	0.0	0.0	0.0	0.0	0.0
mitochondrial_disease	ENSG00000149792	ensembl_gene	MRPL49	1	3.0	mitocarta_human	gold	functional_localization	gold	contextual_biology	adapter_gene_id_resolved	0.0	0.0	0.0	0.0	0.0	0.0	0.0
mitochondrial_disease	ENSG00000136897	ensembl_gene	MRPL50	1	3.0	mitocarta_human	gold	functional_localization	gold	contextual_biology	adapter_gene_id_resolved	0.0	0.0	0.0	0.0	0.0	0.0	0.0
mitochondrial_disease	ENSG00000111639	ensembl_gene	MRPL51	1	3.0	mitocarta_human	gold	functional_localization	gold	contextual_biology	adapter_gene_id_resolved	0.0	0.0	0.0	0.0	0.0	0.0	0.0
mitochondrial_disease	ENSG00000172590	ensembl_gene	MRPL52	1	3.0	mitocarta_human	gold	functional_localization	gold	contextual_biology	adapter_gene_id_resolved	0.0	0.0	0.0	0.0	0.0	0.0	0.0
mitochondrial_disease	ENSG00000204822	ensembl_gene	MRPL53	1	3.0	mitocarta_human	gold	functional_localization	gold	contextual_biology	adapter_gene_id_resolved	0.0	0.0	0.0	0.0	0.0	0.0	0.0
mitochondrial_disease	ENSG00000183617	ensembl_gene	MRPL54	1	3.0	mitocarta_human	gold	functional_localization	gold	contextual_biology	adapter_gene_id_resolved	0.0	0.0	0.0	0.0	0.0	0.0	0.0
mitochondrial_disease	ENSG00000162910	ensembl_gene	MRPL55	1	3.0	mitocarta_human	gold	functional_localization	gold	contextual_biology	adapter_gene_id_resolved	0.0	0.0	0.0	0.0	0.0	0.0	0.0
mitochondrial_disease	ENSG00000173141	ensembl_gene	MRPL57	1	3.0	mitocarta_human	gold	functional_localization	gold	contextual_biology	adapter_gene_id_resolved	0.0	0.0	0.0	0.0	0.0	0.0	0.0
mitochondrial_disease	ENSG00000167862	ensembl_gene	MRPL58	1	3.0	mitocarta_human	gold	functional_localization	gold	contextual_biology	adapter_gene_id_resolved	0.0	0.0	0.0	0.0	0.0	0.0	0.0
mitochondrial_disease	ENSG00000143436	ensembl_gene	MRPL9	1	3.0	mitocarta_human	gold	functional_localization	gold	contextual_biology	adapter_gene_id_resolved	0.0	0.0	0.0	0.0	0.0	0.0	0.0
mitochondrial_disease	ENSG00000048544	ensembl_gene	MRPS10	1	3.0	mitocarta_human	gold	functional_localization	gold	contextual_biology	adapter_gene_id_resolved	0.0	0.0	0.0	0.0	0.0	0.0	0.0
mitochondrial_disease	ENSG00000181991	ensembl_gene	MRPS11	1	3.0	mitocarta_human	gold	functional_localization	gold	contextual_biology	adapter_gene_id_resolved	0.0	0.0	0.0	0.0	0.0	0.0	0.0
mitochondrial_disease	ENSG00000128626|ENSG00000283018	ensembl_gene	MRPS12	1	3.0	mitocarta_human	gold	functional_localization	gold	contextual_biology	adapter_gene_id_resolved	0.0	0.0	0.0	0.0	0.0	0.0	0.0
mitochondrial_disease	ENSG00000120333	ensembl_gene	MRPS14	1	3.0	mitocarta_human	gold	functional_localization	gold	contextual_biology	adapter_gene_id_resolved	0.0	0.0	0.0	0.0	0.0	0.0	0.0
mitochondrial_disease	ENSG00000116898	ensembl_gene	MRPS15	1	3.0	mitocarta_human	gold	functional_localization	gold	contextual_biology	adapter_gene_id_resolved	0.0	0.0	0.0	0.0	0.0	0.0	0.0
mitochondrial_disease	ENSG00000182180	ensembl_gene	MRPS16	1	3.0	mitocarta_human	gold	functional_localization	gold	contextual_biology	adapter_gene_id_resolved	0.0	0.0	0.0	0.0	0.0	0.0	0.0
mitochondrial_disease	ENSG00000239789	ensembl_gene	MRPS17	1	3.0	mitocarta_human	gold	functional_localization	gold	contextual_biology	adapter_gene_id_resolved	0.0	0.0	0.0	0.0	0.0	0.0	0.0
mitochondrial_disease	ENSG00000096080	ensembl_gene	MRPS18A	1	3.0	mitocarta_human	gold	functional_localization	gold	contextual_biology	adapter_gene_id_resolved	0.0	0.0	0.0	0.0	0.0	0.0	0.0
mitochondrial_disease	ENSG00000203624|ENSG00000204568|ENSG00000223775|ENSG00000226111|ENSG00000227420|ENSG00000229861|ENSG00000233813	ensembl_gene	MRPS18B	1	3.0	mitocarta_human	gold	functional_localization	gold	contextual_biology	adapter_gene_id_resolved	0.0	0.0	0.0	0.0	0.0	0.0	0.0
mitochondrial_disease	ENSG00000163319	ensembl_gene	MRPS18C	1	3.0	mitocarta_human	gold	functional_localization	gold	contextual_biology	adapter_gene_id_resolved	0.0	0.0	0.0	0.0	0.0	0.0	0.0
mitochondrial_disease	ENSG00000122140	ensembl_gene	MRPS2	1	3.0	mitocarta_human	gold	functional_localization	gold	contextual_biology	adapter_gene_id_resolved	0.0	0.0	0.0	0.0	0.0	0.0	0.0
mitochondrial_disease	ENSG00000266472	ensembl_gene	MRPS21	1	3.0	mitocarta_human	gold	functional_localization	gold	contextual_biology	adapter_gene_id_resolved	0.0	0.0	0.0	0.0	0.0	0.0	0.0
mitochondrial_disease	ENSG00000175110	ensembl_gene	MRPS22	1	3.0	mitocarta_human	gold	functional_localization	gold	contextual_biology	adapter_gene_id_resolved	0.0	0.0	0.0	0.0	0.0	0.0	0.0
mitochondrial_disease	ENSG00000181610	ensembl_gene	MRPS23	1	3.0	mitocarta_human	gold	functional_localization	gold	contextual_biology	adapter_gene_id_resolved	0.0	0.0	0.0	0.0	0.0	0.0	0.0
mitochondrial_disease	ENSG00000062582	ensembl_gene	MRPS24	1	3.0	mitocarta_human	gold	functional_localization	gold	contextual_biology	adapter_gene_id_resolved	0.0	0.0	0.0	0.0	0.0	0.0	0.0
mitochondrial_disease	ENSG00000131368	ensembl_gene	MRPS25	1	3.0	mitocarta_human	gold	functional_localization	gold	contextual_biology	adapter_gene_id_resolved	0.0	0.0	0.0	0.0	0.0	0.0	0.0
mitochondrial_disease	ENSG00000125901	ensembl_gene	MRPS26	1	3.0	mitocarta_human	gold	functional_localization	gold	contextual_biology	adapter_gene_id_resolved	0.0	0.0	0.0	0.0	0.0	0.0	0.0
mitochondrial_disease	ENSG00000113048	ensembl_gene	MRPS27	1	3.0	mitocarta_human	gold	functional_localization	gold	contextual_biology	adapter_gene_id_resolved	0.0	0.0	0.0	0.0	0.0	0.0	0.0
mitochondrial_disease	ENSG00000147586	ensembl_gene	MRPS28	1	3.0	mitocarta_human	gold	functional_localization	gold	contextual_biology	adapter_gene_id_resolved	0.0	0.0	0.0	0.0	0.0	0.0	0.0
mitochondrial_disease	ENSG00000112996	ensembl_gene	MRPS30	1	3.0	mitocarta_human	gold	functional_localization	gold	contextual_biology	adapter_gene_id_resolved	0.0	0.0	0.0	0.0	0.0	0.0	0.0
mitochondrial_disease	ENSG00000102738	ensembl_gene	MRPS31	1	3.0	mitocarta_human	gold	functional_localization	gold	contextual_biology	adapter_gene_id_resolved	0.0	0.0	0.0	0.0	0.0	0.0	0.0
mitochondrial_disease	ENSG00000090263	ensembl_gene	MRPS33	1	3.0	mitocarta_human	gold	functional_localization	gold	contextual_biology	adapter_gene_id_resolved	0.0	0.0	0.0	0.0	0.0	0.0	0.0
mitochondrial_disease	ENSG00000074071	ensembl_gene	MRPS34	1	3.0	mitocarta_human	gold	functional_localization	gold	contextual_biology	adapter_gene_id_resolved	0.0	0.0	0.0	0.0	0.0	0.0	0.0
mitochondrial_disease	ENSG00000061794	ensembl_gene	MRPS35	1	3.0	mitocarta_human	gold	functional_localization	gold	contextual_biology	adapter_gene_id_resolved	0.0	0.0	0.0	0.0	0.0	0.0	0.0
mitochondrial_disease	ENSG00000134056|ENSG00000278461	ensembl_gene	MRPS36	1	3.0	mitocarta_human	gold	functional_localization	gold	contextual_biology	adapter_gene_id_resolved	0.0	0.0	0.0	0.0	0.0	0.0	0.0
mitochondrial_disease	ENSG00000144029	ensembl_gene	MRPS5	1	3.0	mitocarta_human	gold	functional_localization	gold	contextual_biology	adapter_gene_id_resolved	0.0	0.0	0.0	0.0	0.0	0.0	0.0
mitochondrial_disease	ENSG00000243927	ensembl_gene	MRPS6	1	3.0	mitocarta_human	gold	functional_localization	gold	contextual_biology	adapter_gene_id_resolved	0.0	0.0	0.0	0.0	0.0	0.0	0.0
mitochondrial_disease	ENSG00000125445	ensembl_gene	MRPS7	1	3.0	mitocarta_human	gold	functional_localization	gold	contextual_biology	adapter_gene_id_resolved	0.0	0.0	0.0	0.0	0.0	0.0	0.0
mitochondrial_disease	ENSG00000135972	ensembl_gene	MRPS9	1	3.0	mitocarta_human	gold	functional_localization	gold	contextual_biology	adapter_gene_id_resolved	0.0	0.0	0.0	0.0	0.0	0.0	0.0
mitochondrial_disease	ENSG00000148187	ensembl_gene	MRRF	1	3.0	mitocarta_human	gold	functional_localization	gold	contextual_biology	adapter_gene_id_resolved	0.0	0.0	0.0	0.0	0.0	0.0	0.0
mitochondrial_disease	ENSG00000124532	ensembl_gene	MRS2	1	3.0	mitocarta_human	gold	functional_localization	gold	contextual_biology	adapter_gene_id_resolved	0.0	0.0	0.0	0.0	0.0	0.0	0.0
mitochondrial_disease	ENSG00000175806|ENSG00000285250	ensembl_gene	MSRA	1	3.0	mitocarta_human	gold	functional_localization	gold	contextual_biology	adapter_gene_id_resolved	0.0	0.0	0.0	0.0	0.0	0.0	0.0
mitochondrial_disease	ENSG00000148450	ensembl_gene	MSRB2	1	3.0	mitocarta_human	gold	functional_localization	gold	contextual_biology	adapter_gene_id_resolved	0.0	0.0	0.0	0.0	0.0	0.0	0.0
mitochondrial_disease	ENSG00000174099	ensembl_gene	MSRB3	1	3.0	mitocarta_human	gold	functional_localization	gold	contextual_biology	adapter_gene_id_resolved	0.0	0.0	0.0	0.0	0.0	0.0	0.0
mitochondrial_disease	ENSG00000198899	ensembl_gene	MT-ATP6	1	3.0	mitocarta_human	gold	functional_localization	gold	contextual_biology	adapter_gene_id_resolved	0.0	0.0	0.0	0.0	0.0	0.0	0.0
mitochondrial_disease	ENSG00000228253	ensembl_gene	MT-ATP8	1	3.0	mitocarta_human	gold	functional_localization	gold	contextual_biology	adapter_gene_id_resolved	0.0	0.0	0.0	0.0	0.0	0.0	0.0
mitochondrial_disease	ENSG00000198804	ensembl_gene	MT-CO1	1	3.0	mitocarta_human	gold	functional_localization	gold	contextual_biology	adapter_gene_id_resolved	0.0	0.0	0.0	0.0	0.0	0.0	0.0
mitochondrial_disease	ENSG00000198712	ensembl_gene	MT-CO2	1	3.0	mitocarta_human	gold	functional_localization	gold	contextual_biology	adapter_gene_id_resolved	0.0	0.0	0.0	0.0	0.0	0.0	0.0
mitochondrial_disease	ENSG00000198938	ensembl_gene	MT-CO3	1	3.0	mitocarta_human	gold	functional_localization	gold	contextual_biology	adapter_gene_id_resolved	0.0	0.0	0.0	0.0	0.0	0.0	0.0
mitochondrial_disease	ENSG00000198727	ensembl_gene	MT-CYB	1	3.0	mitocarta_human	gold	functional_localization	gold	contextual_biology	adapter_gene_id_resolved	0.0	0.0	0.0	0.0	0.0	0.0	0.0
mitochondrial_disease	ENSG00000198888	ensembl_gene	MT-ND1	1	3.0	mitocarta_human	gold	functional_localization	gold	contextual_biology	adapter_gene_id_resolved	0.0	0.0	0.0	0.0	0.0	0.0	0.0
mitochondrial_disease	ENSG00000198763	ensembl_gene	MT-ND2	1	3.0	mitocarta_human	gold	functional_localization	gold	contextual_biology	adapter_gene_id_resolved	0.0	0.0	0.0	0.0	0.0	0.0	0.0
mitochondrial_disease	ENSG00000198840	ensembl_gene	MT-ND3	1	3.0	mitocarta_human	gold	functional_localization	gold	contextual_biology	adapter_gene_id_resolved	0.0	0.0	0.0	0.0	0.0	0.0	0.0
mitochondrial_disease	ENSG00000198886	ensembl_gene	MT-ND4	1	3.0	mitocarta_human	gold	functional_localization	gold	contextual_biology	adapter_gene_id_resolved	0.0	0.0	0.0	0.0	0.0	0.0	0.0
mitochondrial_disease	ENSG00000212907	ensembl_gene	MT-ND4L	1	3.0	mitocarta_human	gold	functional_localization	gold	contextual_biology	adapter_gene_id_resolved	0.0	0.0	0.0	0.0	0.0	0.0	0.0
mitochondrial_disease	ENSG00000198786	ensembl_gene	MT-ND5	1	3.0	mitocarta_human	gold	functional_localization	gold	contextual_biology	adapter_gene_id_resolved	0.0	0.0	0.0	0.0	0.0	0.0	0.0
mitochondrial_disease	ENSG00000198695	ensembl_gene	MT-ND6	1	3.0	mitocarta_human	gold	functional_localization	gold	contextual_biology	adapter_gene_id_resolved	0.0	0.0	0.0	0.0	0.0	0.0	0.0
mitochondrial_disease	ENSG00000186205	ensembl_gene	MTARC1	1	3.0	mitocarta_human	gold	functional_localization	gold	contextual_biology	adapter_gene_id_resolved	0.0	0.0	0.0	0.0	0.0	0.0	0.0
mitochondrial_disease	ENSG00000117791	ensembl_gene	MTARC2	1	3.0	mitocarta_human	gold	functional_localization	gold	contextual_biology	adapter_gene_id_resolved	0.0	0.0	0.0	0.0	0.0	0.0	0.0
mitochondrial_disease	ENSG00000137409	ensembl_gene	MTCH1	1	3.0	mitocarta_human	gold	functional_localization	gold	contextual_biology	adapter_gene_id_resolved	0.0	0.0	0.0	0.0	0.0	0.0	0.0
mitochondrial_disease	ENSG00000109919|ENSG00000285121	ensembl_gene	MTCH2	1	3.0	mitocarta_human	gold	functional_localization	gold	contextual_biology	adapter_gene_id_resolved	0.0	0.0	0.0	0.0	0.0	0.0	0.0
mitochondrial_disease	ENSG00000127989	ensembl_gene	MTERF1	1	3.0	mitocarta_human	gold	functional_localization	gold	contextual_biology	adapter_gene_id_resolved	0.0	0.0	0.0	0.0	0.0	0.0	0.0
mitochondrial_disease	ENSG00000120832	ensembl_gene	MTERF2	1	3.0	mitocarta_human	gold	functional_localization	gold	contextual_biology	adapter_gene_id_resolved	0.0	0.0	0.0	0.0	0.0	0.0	0.0
mitochondrial_disease	ENSG00000156469	ensembl_gene	MTERF3	1	3.0	mitocarta_human	gold	functional_localization	gold	contextual_biology	adapter_gene_id_resolved	0.0	0.0	0.0	0.0	0.0	0.0	0.0
mitochondrial_disease	ENSG00000122085	ensembl_gene	MTERF4	1	3.0	mitocarta_human	gold	functional_localization	gold	contextual_biology	adapter_gene_id_resolved	0.0	0.0	0.0	0.0	0.0	0.0	0.0
mitochondrial_disease	ENSG00000103707	ensembl_gene	MTFMT	1	3.0	mitocarta_human	gold	functional_localization	gold	contextual_biology	adapter_gene_id_resolved	0.0	0.0	0.0	0.0	0.0	0.0	0.0
mitochondrial_disease	ENSG00000242114	ensembl_gene	MTFP1	1	3.0	mitocarta_human	gold	functional_localization	gold	contextual_biology	adapter_gene_id_resolved	0.0	0.0	0.0	0.0	0.0	0.0	0.0
mitochondrial_disease	ENSG00000066855	ensembl_gene	MTFR1	1	3.0	mitocarta_human	gold	functional_localization	gold	contextual_biology	adapter_gene_id_resolved	0.0	0.0	0.0	0.0	0.0	0.0	0.0
mitochondrial_disease	ENSG00000117640	ensembl_gene	MTFR1L	1	3.0	mitocarta_human	gold	functional_localization	gold	contextual_biology	adapter_gene_id_resolved	0.0	0.0	0.0	0.0	0.0	0.0	0.0
mitochondrial_disease	ENSG00000146410	ensembl_gene	MTFR2	1	3.0	mitocarta_human	gold	functional_localization	gold	contextual_biology	adapter_gene_id_resolved	0.0	0.0	0.0	0.0	0.0	0.0	0.0
mitochondrial_disease	ENSG00000148824	ensembl_gene	MTG1	1	3.0	mitocarta_human	gold	functional_localization	gold	contextual_biology	adapter_gene_id_resolved	0.0	0.0	0.0	0.0	0.0	0.0	0.0
mitochondrial_disease	ENSG00000101181	ensembl_gene	MTG2	1	3.0	mitocarta_human	gold	functional_localization	gold	contextual_biology	adapter_gene_id_resolved	0.0	0.0	0.0	0.0	0.0	0.0	0.0
mitochondrial_disease	ENSG00000120254	ensembl_gene	MTHFD1L	1	3.0	mitocarta_human	gold	functional_localization	gold	contextual_biology	adapter_gene_id_resolved	0.0	0.0	0.0	0.0	0.0	0.0	0.0
mitochondrial_disease	ENSG00000065911	ensembl_gene	MTHFD2	1	3.0	mitocarta_human	gold	functional_localization	gold	contextual_biology	adapter_gene_id_resolved	0.0	0.0	0.0	0.0	0.0	0.0	0.0
mitochondrial_disease	ENSG00000163738	ensembl_gene	MTHFD2L	1	3.0	mitocarta_human	gold	functional_localization	gold	contextual_biology	adapter_gene_id_resolved	0.0	0.0	0.0	0.0	0.0	0.0	0.0
mitochondrial_disease	ENSG00000136371	ensembl_gene	MTHFS	1	3.0	mitocarta_human	gold	functional_localization	gold	contextual_biology	adapter_gene_id_resolved	0.0	0.0	0.0	0.0	0.0	0.0	0.0
mitochondrial_disease	ENSG00000085760	ensembl_gene	MTIF2	1	3.0	mitocarta_human	gold	functional_localization	gold	contextual_biology	adapter_gene_id_resolved	0.0	0.0	0.0	0.0	0.0	0.0	0.0
mitochondrial_disease	ENSG00000122033	ensembl_gene	MTIF3	1	3.0	mitocarta_human	gold	functional_localization	gold	contextual_biology	adapter_gene_id_resolved	0.0	0.0	0.0	0.0	0.0	0.0	0.0
mitochondrial_disease	ENSG00000135297	ensembl_gene	MTO1	1	3.0	mitocarta_human	gold	functional_localization	gold	contextual_biology	adapter_gene_id_resolved	0.0	0.0	0.0	0.0	0.0	0.0	0.0
mitochondrial_disease	ENSG00000107951	ensembl_gene	MTPAP	1	3.0	mitocarta_human	gold	functional_localization	gold	contextual_biology	adapter_gene_id_resolved	0.0	0.0	0.0	0.0	0.0	0.0	0.0
mitochondrial_disease	ENSG00000130349	ensembl_gene	MTRES1	1	3.0	mitocarta_human	gold	functional_localization	gold	contextual_biology	adapter_gene_id_resolved	0.0	0.0	0.0	0.0	0.0	0.0	0.0
mitochondrial_disease	ENSG00000120662	ensembl_gene	MTRF1	1	3.0	mitocarta_human	gold	functional_localization	gold	contextual_biology	adapter_gene_id_resolved	0.0	0.0	0.0	0.0	0.0	0.0	0.0
mitochondrial_disease	ENSG00000112031	ensembl_gene	MTRF1L	1	3.0	mitocarta_human	gold	functional_localization	gold	contextual_biology	adapter_gene_id_resolved	0.0	0.0	0.0	0.0	0.0	0.0	0.0
mitochondrial_disease	ENSG00000173171	ensembl_gene	MTX1	1	3.0	mitocarta_human	gold	functional_localization	gold	contextual_biology	adapter_gene_id_resolved	0.0	0.0	0.0	0.0	0.0	0.0	0.0
mitochondrial_disease	ENSG00000128654	ensembl_gene	MTX2	1	3.0	mitocarta_human	gold	functional_localization	gold	contextual_biology	adapter_gene_id_resolved	0.0	0.0	0.0	0.0	0.0	0.0	0.0
mitochondrial_disease	ENSG00000177034	ensembl_gene	MTX3	1	3.0	mitocarta_human	gold	functional_localization	gold	contextual_biology	adapter_gene_id_resolved	0.0	0.0	0.0	0.0	0.0	0.0	0.0
mitochondrial_disease	ENSG00000090432	ensembl_gene	MUL1	1	3.0	mitocarta_human	gold	functional_localization	gold	contextual_biology	adapter_gene_id_resolved	0.0	0.0	0.0	0.0	0.0	0.0	0.0
mitochondrial_disease	ENSG00000132781	ensembl_gene	MUTYH	1	3.0	mitocarta_human	gold	functional_localization	gold	contextual_biology	adapter_gene_id_resolved	0.0	0.0	0.0	0.0	0.0	0.0	0.0
mitochondrial_disease	ENSG00000139637	ensembl_gene	MYG1	1	3.0	mitocarta_human	gold	functional_localization	gold	contextual_biology	adapter_gene_id_resolved	0.0	0.0	0.0	0.0	0.0	0.0	0.0
mitochondrial_disease	ENSG00000278259|ENSG00000278372	ensembl_gene	MYO19	1	3.0	mitocarta_human	gold	functional_localization	gold	contextual_biology	adapter_gene_id_resolved	0.0	0.0	0.0	0.0	0.0	0.0	0.0
mitochondrial_disease	ENSG00000152620	ensembl_gene	NADK2	1	3.0	mitocarta_human	gold	functional_localization	gold	contextual_biology	adapter_gene_id_resolved	0.0	0.0	0.0	0.0	0.0	0.0	0.0
mitochondrial_disease	ENSG00000161653	ensembl_gene	NAGS	1	3.0	mitocarta_human	gold	functional_localization	gold	contextual_biology	adapter_gene_id_resolved	0.0	0.0	0.0	0.0	0.0	0.0	0.0
mitochondrial_disease	ENSG00000137513	ensembl_gene	NARS2	1	3.0	mitocarta_human	gold	functional_localization	gold	contextual_biology	adapter_gene_id_resolved	0.0	0.0	0.0	0.0	0.0	0.0	0.0
mitochondrial_disease	ENSG00000185818	ensembl_gene	NAT8L	1	3.0	mitocarta_human	gold	functional_localization	gold	contextual_biology	adapter_gene_id_resolved	0.0	0.0	0.0	0.0	0.0	0.0	0.0
mitochondrial_disease	ENSG00000213995	ensembl_gene	NAXD	1	3.0	mitocarta_human	gold	functional_localization	gold	contextual_biology	adapter_gene_id_resolved	0.0	0.0	0.0	0.0	0.0	0.0	0.0
mitochondrial_disease	ENSG00000163382	ensembl_gene	NAXE	1	3.0	mitocarta_human	gold	functional_localization	gold	contextual_biology	adapter_gene_id_resolved	0.0	0.0	0.0	0.0	0.0	0.0	0.0
mitochondrial_disease	ENSG00000188554	ensembl_gene	NBR1	1	3.0	mitocarta_human	gold	functional_localization	gold	contextual_biology	adapter_gene_id_resolved	0.0	0.0	0.0	0.0	0.0	0.0	0.0
mitochondrial_disease	ENSG00000125356	ensembl_gene	NDUFA1	1	3.0	mitocarta_human	gold	functional_localization	gold	contextual_biology	adapter_gene_id_resolved	0.0	0.0	0.0	0.0	0.0	0.0	0.0
mitochondrial_disease	ENSG00000130414	ensembl_gene	NDUFA10	1	3.0	mitocarta_human	gold	functional_localization	gold	contextual_biology	adapter_gene_id_resolved	0.0	0.0	0.0	0.0	0.0	0.0	0.0
mitochondrial_disease	ENSG00000174886	ensembl_gene	NDUFA11	1	3.0	mitocarta_human	gold	functional_localization	gold	contextual_biology	adapter_gene_id_resolved	0.0	0.0	0.0	0.0	0.0	0.0	0.0
mitochondrial_disease	ENSG00000184752	ensembl_gene	NDUFA12	1	3.0	mitocarta_human	gold	functional_localization	gold	contextual_biology	adapter_gene_id_resolved	0.0	0.0	0.0	0.0	0.0	0.0	0.0
mitochondrial_disease	ENSG00000186010	ensembl_gene	NDUFA13	1	3.0	mitocarta_human	gold	functional_localization	gold	contextual_biology	adapter_gene_id_resolved	0.0	0.0	0.0	0.0	0.0	0.0	0.0
mitochondrial_disease	ENSG00000131495	ensembl_gene	NDUFA2	1	3.0	mitocarta_human	gold	functional_localization	gold	contextual_biology	adapter_gene_id_resolved	0.0	0.0	0.0	0.0	0.0	0.0	0.0
mitochondrial_disease	ENSG00000170906|ENSG00000273642|ENSG00000274359|ENSG00000275605|ENSG00000275724|ENSG00000276061|ENSG00000276220|ENSG00000276766|ENSG00000277722|ENSG00000278365	ensembl_gene	NDUFA3	1	3.0	mitocarta_human	gold	functional_localization	gold	contextual_biology	adapter_gene_id_resolved	0.0	0.0	0.0	0.0	0.0	0.0	0.0
mitochondrial_disease	ENSG00000189043	ensembl_gene	NDUFA4	1	3.0	mitocarta_human	gold	functional_localization	gold	contextual_biology	adapter_gene_id_resolved	0.0	0.0	0.0	0.0	0.0	0.0	0.0
mitochondrial_disease	ENSG00000128609	ensembl_gene	NDUFA5	1	3.0	mitocarta_human	gold	functional_localization	gold	contextual_biology	adapter_gene_id_resolved	0.0	0.0	0.0	0.0	0.0	0.0	0.0
mitochondrial_disease	ENSG00000184983|ENSG00000272765|ENSG00000273397|ENSG00000277365|ENSG00000281013	ensembl_gene	NDUFA6	1	3.0	mitocarta_human	gold	functional_localization	gold	contextual_biology	adapter_gene_id_resolved	0.0	0.0	0.0	0.0	0.0	0.0	0.0
mitochondrial_disease	ENSG00000267855	ensembl_gene	NDUFA7	1	3.0	mitocarta_human	gold	functional_localization	gold	contextual_biology	adapter_gene_id_resolved	0.0	0.0	0.0	0.0	0.0	0.0	0.0
mitochondrial_disease	ENSG00000119421	ensembl_gene	NDUFA8	1	3.0	mitocarta_human	gold	functional_localization	gold	contextual_biology	adapter_gene_id_resolved	0.0	0.0	0.0	0.0	0.0	0.0	0.0
mitochondrial_disease	ENSG00000139180	ensembl_gene	NDUFA9	1	3.0	mitocarta_human	gold	functional_localization	gold	contextual_biology	adapter_gene_id_resolved	0.0	0.0	0.0	0.0	0.0	0.0	0.0
mitochondrial_disease	ENSG00000004779	ensembl_gene	NDUFAB1	1	3.0	mitocarta_human	gold	functional_localization	gold	contextual_biology	adapter_gene_id_resolved	0.0	0.0	0.0	0.0	0.0	0.0	0.0
mitochondrial_disease	ENSG00000137806	ensembl_gene	NDUFAF1	1	3.0	mitocarta_human	gold	functional_localization	gold	contextual_biology	adapter_gene_id_resolved	0.0	0.0	0.0	0.0	0.0	0.0	0.0
mitochondrial_disease	ENSG00000164182	ensembl_gene	NDUFAF2	1	3.0	mitocarta_human	gold	functional_localization	gold	contextual_biology	adapter_gene_id_resolved	0.0	0.0	0.0	0.0	0.0	0.0	0.0
mitochondrial_disease	ENSG00000178057	ensembl_gene	NDUFAF3	1	3.0	mitocarta_human	gold	functional_localization	gold	contextual_biology	adapter_gene_id_resolved	0.0	0.0	0.0	0.0	0.0	0.0	0.0
mitochondrial_disease	ENSG00000123545	ensembl_gene	NDUFAF4	1	3.0	mitocarta_human	gold	functional_localization	gold	contextual_biology	adapter_gene_id_resolved	0.0	0.0	0.0	0.0	0.0	0.0	0.0
mitochondrial_disease	ENSG00000101247	ensembl_gene	NDUFAF5	1	3.0	mitocarta_human	gold	functional_localization	gold	contextual_biology	adapter_gene_id_resolved	0.0	0.0	0.0	0.0	0.0	0.0	0.0
mitochondrial_disease	ENSG00000156170	ensembl_gene	NDUFAF6	1	3.0	mitocarta_human	gold	functional_localization	gold	contextual_biology	adapter_gene_id_resolved	0.0	0.0	0.0	0.0	0.0	0.0	0.0
mitochondrial_disease	ENSG00000003509	ensembl_gene	NDUFAF7	1	3.0	mitocarta_human	gold	functional_localization	gold	contextual_biology	adapter_gene_id_resolved	0.0	0.0	0.0	0.0	0.0	0.0	0.0
mitochondrial_disease	ENSG00000224877	ensembl_gene	NDUFAF8	1	3.0	mitocarta_human	gold	functional_localization	gold	contextual_biology	adapter_gene_id_resolved	0.0	0.0	0.0	0.0	0.0	0.0	0.0
mitochondrial_disease	ENSG00000183648	ensembl_gene	NDUFB1	1	3.0	mitocarta_human	gold	functional_localization	gold	contextual_biology	adapter_gene_id_resolved	0.0	0.0	0.0	0.0	0.0	0.0	0.0
mitochondrial_disease	ENSG00000140990	ensembl_gene	NDUFB10	1	3.0	mitocarta_human	gold	functional_localization	gold	contextual_biology	adapter_gene_id_resolved	0.0	0.0	0.0	0.0	0.0	0.0	0.0
mitochondrial_disease	ENSG00000147123	ensembl_gene	NDUFB11	1	3.0	mitocarta_human	gold	functional_localization	gold	contextual_biology	adapter_gene_id_resolved	0.0	0.0	0.0	0.0	0.0	0.0	0.0
mitochondrial_disease	ENSG00000090266	ensembl_gene	NDUFB2	1	3.0	mitocarta_human	gold	functional_localization	gold	contextual_biology	adapter_gene_id_resolved	0.0	0.0	0.0	0.0	0.0	0.0	0.0
mitochondrial_disease	ENSG00000119013	ensembl_gene	NDUFB3	1	3.0	mitocarta_human	gold	functional_localization	gold	contextual_biology	adapter_gene_id_resolved	0.0	0.0	0.0	0.0	0.0	0.0	0.0
mitochondrial_disease	ENSG00000065518	ensembl_gene	NDUFB4	1	3.0	mitocarta_human	gold	functional_localization	gold	contextual_biology	adapter_gene_id_resolved	0.0	0.0	0.0	0.0	0.0	0.0	0.0
mitochondrial_disease	ENSG00000136521	ensembl_gene	NDUFB5	1	3.0	mitocarta_human	gold	functional_localization	gold	contextual_biology	adapter_gene_id_resolved	0.0	0.0	0.0	0.0	0.0	0.0	0.0
mitochondrial_disease	ENSG00000165264	ensembl_gene	NDUFB6	1	3.0	mitocarta_human	gold	functional_localization	gold	contextual_biology	adapter_gene_id_resolved	0.0	0.0	0.0	0.0	0.0	0.0	0.0
mitochondrial_disease	ENSG00000099795	ensembl_gene	NDUFB7	1	3.0	mitocarta_human	gold	functional_localization	gold	contextual_biology	adapter_gene_id_resolved	0.0	0.0	0.0	0.0	0.0	0.0	0.0
mitochondrial_disease	ENSG00000166136	ensembl_gene	NDUFB8	1	3.0	mitocarta_human	gold	functional_localization	gold	contextual_biology	adapter_gene_id_resolved	0.0	0.0	0.0	0.0	0.0	0.0	0.0
mitochondrial_disease	ENSG00000147684	ensembl_gene	NDUFB9	1	3.0	mitocarta_human	gold	functional_localization	gold	contextual_biology	adapter_gene_id_resolved	0.0	0.0	0.0	0.0	0.0	0.0	0.0
mitochondrial_disease	ENSG00000109390	ensembl_gene	NDUFC1	1	3.0	mitocarta_human	gold	functional_localization	gold	contextual_biology	adapter_gene_id_resolved	0.0	0.0	0.0	0.0	0.0	0.0	0.0
mitochondrial_disease	ENSG00000151366	ensembl_gene	NDUFC2	1	3.0	mitocarta_human	gold	functional_localization	gold	contextual_biology	adapter_gene_id_resolved	0.0	0.0	0.0	0.0	0.0	0.0	0.0
mitochondrial_disease	ENSG00000023228|ENSG00000283447	ensembl_gene	NDUFS1	1	3.0	mitocarta_human	gold	functional_localization	gold	contextual_biology	adapter_gene_id_resolved	0.0	0.0	0.0	0.0	0.0	0.0	0.0
mitochondrial_disease	ENSG00000158864	ensembl_gene	NDUFS2	1	3.0	mitocarta_human	gold	functional_localization	gold	contextual_biology	adapter_gene_id_resolved	0.0	0.0	0.0	0.0	0.0	0.0	0.0
mitochondrial_disease	ENSG00000213619|ENSG00000285387	ensembl_gene	NDUFS3	1	3.0	mitocarta_human	gold	functional_localization	gold	contextual_biology	adapter_gene_id_resolved	0.0	0.0	0.0	0.0	0.0	0.0	0.0
mitochondrial_disease	ENSG00000164258	ensembl_gene	NDUFS4	1	3.0	mitocarta_human	gold	functional_localization	gold	contextual_biology	adapter_gene_id_resolved	0.0	0.0	0.0	0.0	0.0	0.0	0.0
mitochondrial_disease	ENSG00000168653	ensembl_gene	NDUFS5	1	3.0	mitocarta_human	gold	functional_localization	gold	contextual_biology	adapter_gene_id_resolved	0.0	0.0	0.0	0.0	0.0	0.0	0.0
mitochondrial_disease	ENSG00000145494	ensembl_gene	NDUFS6	1	3.0	mitocarta_human	gold	functional_localization	gold	contextual_biology	adapter_gene_id_resolved	0.0	0.0	0.0	0.0	0.0	0.0	0.0
mitochondrial_disease	ENSG00000115286	ensembl_gene	NDUFS7	1	3.0	mitocarta_human	gold	functional_localization	gold	contextual_biology	adapter_gene_id_resolved	0.0	0.0	0.0	0.0	0.0	0.0	0.0
mitochondrial_disease	ENSG00000110717	ensembl_gene	NDUFS8	1	3.0	mitocarta_human	gold	functional_localization	gold	contextual_biology	adapter_gene_id_resolved	0.0	0.0	0.0	0.0	0.0	0.0	0.0
mitochondrial_disease	ENSG00000167792	ensembl_gene	NDUFV1	1	3.0	mitocarta_human	gold	functional_localization	gold	contextual_biology	adapter_gene_id_resolved	0.0	0.0	0.0	0.0	0.0	0.0	0.0
mitochondrial_disease	ENSG00000178127	ensembl_gene	NDUFV2	1	3.0	mitocarta_human	gold	functional_localization	gold	contextual_biology	adapter_gene_id_resolved	0.0	0.0	0.0	0.0	0.0	0.0	0.0
mitochondrial_disease	ENSG00000160194	ensembl_gene	NDUFV3	1	3.0	mitocarta_human	gold	functional_localization	gold	contextual_biology	adapter_gene_id_resolved	0.0	0.0	0.0	0.0	0.0	0.0	0.0
mitochondrial_disease	ENSG00000204099|ENSG00000277926	ensembl_gene	NEU4	1	3.0	mitocarta_human	gold	functional_localization	gold	contextual_biology	adapter_gene_id_resolved	0.0	0.0	0.0	0.0	0.0	0.0	0.0
mitochondrial_disease	ENSG00000244005	ensembl_gene	NFS1	1	3.0	mitocarta_human	gold	functional_localization	gold	contextual_biology	adapter_gene_id_resolved	0.0	0.0	0.0	0.0	0.0	0.0	0.0
mitochondrial_disease	ENSG00000169599	ensembl_gene	NFU1	1	3.0	mitocarta_human	gold	functional_localization	gold	contextual_biology	adapter_gene_id_resolved	0.0	0.0	0.0	0.0	0.0	0.0	0.0
mitochondrial_disease	ENSG00000182768	ensembl_gene	NGRN	1	3.0	mitocarta_human	gold	functional_localization	gold	contextual_biology	adapter_gene_id_resolved	0.0	0.0	0.0	0.0	0.0	0.0	0.0
mitochondrial_disease	ENSG00000196290	ensembl_gene	NIF3L1	1	3.0	mitocarta_human	gold	functional_localization	gold	contextual_biology	adapter_gene_id_resolved	0.0	0.0	0.0	0.0	0.0	0.0	0.0
mitochondrial_disease	ENSG00000184117	ensembl_gene	NIPSNAP1	1	3.0	mitocarta_human	gold	functional_localization	gold	contextual_biology	adapter_gene_id_resolved	0.0	0.0	0.0	0.0	0.0	0.0	0.0
mitochondrial_disease	ENSG00000146729	ensembl_gene	NIPSNAP2	1	3.0	mitocarta_human	gold	functional_localization	gold	contextual_biology	adapter_gene_id_resolved	0.0	0.0	0.0	0.0	0.0	0.0	0.0
mitochondrial_disease	ENSG00000136783	ensembl_gene	NIPSNAP3A	1	3.0	mitocarta_human	gold	functional_localization	gold	contextual_biology	adapter_gene_id_resolved	0.0	0.0	0.0	0.0	0.0	0.0	0.0
mitochondrial_disease	ENSG00000165028	ensembl_gene	NIPSNAP3B	1	3.0	mitocarta_human	gold	functional_localization	gold	contextual_biology	adapter_gene_id_resolved	0.0	0.0	0.0	0.0	0.0	0.0	0.0
mitochondrial_disease	ENSG00000158793	ensembl_gene	NIT1	1	3.0	mitocarta_human	gold	functional_localization	gold	contextual_biology	adapter_gene_id_resolved	0.0	0.0	0.0	0.0	0.0	0.0	0.0
mitochondrial_disease	ENSG00000114021	ensembl_gene	NIT2	1	3.0	mitocarta_human	gold	functional_localization	gold	contextual_biology	adapter_gene_id_resolved	0.0	0.0	0.0	0.0	0.0	0.0	0.0
mitochondrial_disease	ENSG00000123213	ensembl_gene	NLN	1	3.0	mitocarta_human	gold	functional_localization	gold	contextual_biology	adapter_gene_id_resolved	0.0	0.0	0.0	0.0	0.0	0.0	0.0
mitochondrial_disease	ENSG00000160703	ensembl_gene	NLRX1	1	3.0	mitocarta_human	gold	functional_localization	gold	contextual_biology	adapter_gene_id_resolved	0.0	0.0	0.0	0.0	0.0	0.0	0.0
mitochondrial_disease	ENSG00000103024	ensembl_gene	NME3	1	3.0	mitocarta_human	gold	functional_localization	gold	contextual_biology	adapter_gene_id_resolved	0.0	0.0	0.0	0.0	0.0	0.0	0.0
mitochondrial_disease	ENSG00000103202	ensembl_gene	NME4	1	3.0	mitocarta_human	gold	functional_localization	gold	contextual_biology	adapter_gene_id_resolved	0.0	0.0	0.0	0.0	0.0	0.0	0.0
mitochondrial_disease	ENSG00000172113	ensembl_gene	NME6	1	3.0	mitocarta_human	gold	functional_localization	gold	contextual_biology	adapter_gene_id_resolved	0.0	0.0	0.0	0.0	0.0	0.0	0.0
mitochondrial_disease	ENSG00000163864	ensembl_gene	NMNAT3	1	3.0	mitocarta_human	gold	functional_localization	gold	contextual_biology	adapter_gene_id_resolved	0.0	0.0	0.0	0.0	0.0	0.0	0.0
mitochondrial_disease	ENSG00000112992	ensembl_gene	NNT	1	3.0	mitocarta_human	gold	functional_localization	gold	contextual_biology	adapter_gene_id_resolved	0.0	0.0	0.0	0.0	0.0	0.0	0.0
mitochondrial_disease	ENSG00000084092	ensembl_gene	NOA1	1	3.0	mitocarta_human	gold	functional_localization	gold	contextual_biology	adapter_gene_id_resolved	0.0	0.0	0.0	0.0	0.0	0.0	0.0
mitochondrial_disease	ENSG00000151014	ensembl_gene	NOCT	1	3.0	mitocarta_human	gold	functional_localization	gold	contextual_biology	adapter_gene_id_resolved	0.0	0.0	0.0	0.0	0.0	0.0	0.0
mitochondrial_disease	ENSG00000078618	ensembl_gene	NRDC	1	3.0	mitocarta_human	gold	functional_localization	gold	contextual_biology	adapter_gene_id_resolved	0.0	0.0	0.0	0.0	0.0	0.0	0.0
mitochondrial_disease	ENSG00000037474	ensembl_gene	NSUN2	1	3.0	mitocarta_human	gold	functional_localization	gold	contextual_biology	adapter_gene_id_resolved	0.0	0.0	0.0	0.0	0.0	0.0	0.0
mitochondrial_disease	ENSG00000178694	ensembl_gene	NSUN3	1	3.0	mitocarta_human	gold	functional_localization	gold	contextual_biology	adapter_gene_id_resolved	0.0	0.0	0.0	0.0	0.0	0.0	0.0
mitochondrial_disease	ENSG00000117481	ensembl_gene	NSUN4	1	3.0	mitocarta_human	gold	functional_localization	gold	contextual_biology	adapter_gene_id_resolved	0.0	0.0	0.0	0.0	0.0	0.0	0.0
mitochondrial_disease	ENSG00000168268	ensembl_gene	NT5DC2	1	3.0	mitocarta_human	gold	functional_localization	gold	contextual_biology	adapter_gene_id_resolved	0.0	0.0	0.0	0.0	0.0	0.0	0.0
mitochondrial_disease	ENSG00000111696	ensembl_gene	NT5DC3	1	3.0	mitocarta_human	gold	functional_localization	gold	contextual_biology	adapter_gene_id_resolved	0.0	0.0	0.0	0.0	0.0	0.0	0.0
mitochondrial_disease	ENSG00000205309	ensembl_gene	NT5M	1	3.0	mitocarta_human	gold	functional_localization	gold	contextual_biology	adapter_gene_id_resolved	0.0	0.0	0.0	0.0	0.0	0.0	0.0
mitochondrial_disease	ENSG00000065057	ensembl_gene	NTHL1	1	3.0	mitocarta_human	gold	functional_localization	gold	contextual_biology	adapter_gene_id_resolved	0.0	0.0	0.0	0.0	0.0	0.0	0.0
mitochondrial_disease	ENSG00000151413	ensembl_gene	NUBPL	1	3.0	mitocarta_human	gold	functional_localization	gold	contextual_biology	adapter_gene_id_resolved	0.0	0.0	0.0	0.0	0.0	0.0	0.0
mitochondrial_disease	ENSG00000166321	ensembl_gene	NUDT13	1	3.0	mitocarta_human	gold	functional_localization	gold	contextual_biology	adapter_gene_id_resolved	0.0	0.0	0.0	0.0	0.0	0.0	0.0
mitochondrial_disease	ENSG00000213965	ensembl_gene	NUDT19	1	3.0	mitocarta_human	gold	functional_localization	gold	contextual_biology	adapter_gene_id_resolved	0.0	0.0	0.0	0.0	0.0	0.0	0.0
mitochondrial_disease	ENSG00000164978	ensembl_gene	NUDT2	1	3.0	mitocarta_human	gold	functional_localization	gold	contextual_biology	adapter_gene_id_resolved	0.0	0.0	0.0	0.0	0.0	0.0	0.0
mitochondrial_disease	ENSG00000165609	ensembl_gene	NUDT5	1	3.0	mitocarta_human	gold	functional_localization	gold	contextual_biology	adapter_gene_id_resolved	0.0	0.0	0.0	0.0	0.0	0.0	0.0
mitochondrial_disease	ENSG00000170917	ensembl_gene	NUDT6	1	3.0	mitocarta_human	gold	functional_localization	gold	contextual_biology	adapter_gene_id_resolved	0.0	0.0	0.0	0.0	0.0	0.0	0.0
mitochondrial_disease	ENSG00000167799	ensembl_gene	NUDT8	1	3.0	mitocarta_human	gold	functional_localization	gold	contextual_biology	adapter_gene_id_resolved	0.0	0.0	0.0	0.0	0.0	0.0	0.0
mitochondrial_disease	ENSG00000170502	ensembl_gene	NUDT9	1	3.0	mitocarta_human	gold	functional_localization	gold	contextual_biology	adapter_gene_id_resolved	0.0	0.0	0.0	0.0	0.0	0.0	0.0
mitochondrial_disease	ENSG00000065154	ensembl_gene	OAT	1	3.0	mitocarta_human	gold	functional_localization	gold	contextual_biology	adapter_gene_id_resolved	0.0	0.0	0.0	0.0	0.0	0.0	0.0
mitochondrial_disease	ENSG00000109180	ensembl_gene	OCIAD1	1	3.0	mitocarta_human	gold	functional_localization	gold	contextual_biology	adapter_gene_id_resolved	0.0	0.0	0.0	0.0	0.0	0.0	0.0
mitochondrial_disease	ENSG00000145247	ensembl_gene	OCIAD2	1	3.0	mitocarta_human	gold	functional_localization	gold	contextual_biology	adapter_gene_id_resolved	0.0	0.0	0.0	0.0	0.0	0.0	0.0
mitochondrial_disease	ENSG00000105953	ensembl_gene	OGDH	1	3.0	mitocarta_human	gold	functional_localization	gold	contextual_biology	adapter_gene_id_resolved	0.0	0.0	0.0	0.0	0.0	0.0	0.0
mitochondrial_disease	ENSG00000197444	ensembl_gene	OGDHL	1	3.0	mitocarta_human	gold	functional_localization	gold	contextual_biology	adapter_gene_id_resolved	0.0	0.0	0.0	0.0	0.0	0.0	0.0
mitochondrial_disease	ENSG00000114026	ensembl_gene	OGG1	1	3.0	mitocarta_human	gold	functional_localization	gold	contextual_biology	adapter_gene_id_resolved	0.0	0.0	0.0	0.0	0.0	0.0	0.0
mitochondrial_disease	ENSG00000162600	ensembl_gene	OMA1	1	3.0	mitocarta_human	gold	functional_localization	gold	contextual_biology	adapter_gene_id_resolved	0.0	0.0	0.0	0.0	0.0	0.0	0.0
mitochondrial_disease	ENSG00000125741	ensembl_gene	OPA3	1	3.0	mitocarta_human	gold	functional_localization	gold	contextual_biology	adapter_gene_id_resolved	0.0	0.0	0.0	0.0	0.0	0.0	0.0
mitochondrial_disease	ENSG00000141447	ensembl_gene	OSBPL1A	1	3.0	mitocarta_human	gold	functional_localization	gold	contextual_biology	adapter_gene_id_resolved	0.0	0.0	0.0	0.0	0.0	0.0	0.0
mitochondrial_disease	ENSG00000128694	ensembl_gene	OSGEPL1	1	3.0	mitocarta_human	gold	functional_localization	gold	contextual_biology	adapter_gene_id_resolved	0.0	0.0	0.0	0.0	0.0	0.0	0.0
mitochondrial_disease	ENSG00000036473	ensembl_gene	OTC	1	3.0	mitocarta_human	gold	functional_localization	gold	contextual_biology	adapter_gene_id_resolved	0.0	0.0	0.0	0.0	0.0	0.0	0.0
mitochondrial_disease	ENSG00000155463	ensembl_gene	OXA1L	1	3.0	mitocarta_human	gold	functional_localization	gold	contextual_biology	adapter_gene_id_resolved	0.0	0.0	0.0	0.0	0.0	0.0	0.0
mitochondrial_disease	ENSG00000083720	ensembl_gene	OXCT1	1	3.0	mitocarta_human	gold	functional_localization	gold	contextual_biology	adapter_gene_id_resolved	0.0	0.0	0.0	0.0	0.0	0.0	0.0
mitochondrial_disease	ENSG00000198754	ensembl_gene	OXCT2	1	3.0	mitocarta_human	gold	functional_localization	gold	contextual_biology	adapter_gene_id_resolved	0.0	0.0	0.0	0.0	0.0	0.0	0.0
mitochondrial_disease	ENSG00000204237	ensembl_gene	OXLD1	1	3.0	mitocarta_human	gold	functional_localization	gold	contextual_biology	adapter_gene_id_resolved	0.0	0.0	0.0	0.0	0.0	0.0	0.0
mitochondrial_disease	ENSG00000154814	ensembl_gene	OXNAD1	1	3.0	mitocarta_human	gold	functional_localization	gold	contextual_biology	adapter_gene_id_resolved	0.0	0.0	0.0	0.0	0.0	0.0	0.0
mitochondrial_disease	ENSG00000164830	ensembl_gene	OXR1	1	3.0	mitocarta_human	gold	functional_localization	gold	contextual_biology	adapter_gene_id_resolved	0.0	0.0	0.0	0.0	0.0	0.0	0.0
mitochondrial_disease	ENSG00000151093	ensembl_gene	OXSM	1	3.0	mitocarta_human	gold	functional_localization	gold	contextual_biology	adapter_gene_id_resolved	0.0	0.0	0.0	0.0	0.0	0.0	0.0
mitochondrial_disease	ENSG00000174740	ensembl_gene	PABPC5	1	3.0	mitocarta_human	gold	functional_localization	gold	contextual_biology	adapter_gene_id_resolved	0.0	0.0	0.0	0.0	0.0	0.0	0.0
mitochondrial_disease	ENSG00000128050	ensembl_gene	PAICS	1	3.0	mitocarta_human	gold	functional_localization	gold	contextual_biology	adapter_gene_id_resolved	0.0	0.0	0.0	0.0	0.0	0.0	0.0
mitochondrial_disease	ENSG00000217930|ENSG00000282228	ensembl_gene	PAM16	1	3.0	mitocarta_human	gold	functional_localization	gold	contextual_biology	adapter_gene_id_resolved	0.0	0.0	0.0	0.0	0.0	0.0	0.0
mitochondrial_disease	ENSG00000125779	ensembl_gene	PANK2	1	3.0	mitocarta_human	gold	functional_localization	gold	contextual_biology	adapter_gene_id_resolved	0.0	0.0	0.0	0.0	0.0	0.0	0.0
mitochondrial_disease	ENSG00000116288	ensembl_gene	PARK7	1	3.0	mitocarta_human	gold	functional_localization	gold	contextual_biology	adapter_gene_id_resolved	0.0	0.0	0.0	0.0	0.0	0.0	0.0
mitochondrial_disease	ENSG00000175193|ENSG00000283765	ensembl_gene	PARL	1	3.0	mitocarta_human	gold	functional_localization	gold	contextual_biology	adapter_gene_id_resolved	0.0	0.0	0.0	0.0	0.0	0.0	0.0
mitochondrial_disease	ENSG00000162396	ensembl_gene	PARS2	1	3.0	mitocarta_human	gold	functional_localization	gold	contextual_biology	adapter_gene_id_resolved	0.0	0.0	0.0	0.0	0.0	0.0	0.0
mitochondrial_disease	ENSG00000173599	ensembl_gene	PC	1	3.0	mitocarta_human	gold	functional_localization	gold	contextual_biology	adapter_gene_id_resolved	0.0	0.0	0.0	0.0	0.0	0.0	0.0
mitochondrial_disease	ENSG00000132570	ensembl_gene	PCBD2	1	3.0	mitocarta_human	gold	functional_localization	gold	contextual_biology	adapter_gene_id_resolved	0.0	0.0	0.0	0.0	0.0	0.0	0.0
mitochondrial_disease	ENSG00000175198	ensembl_gene	PCCA	1	3.0	mitocarta_human	gold	functional_localization	gold	contextual_biology	adapter_gene_id_resolved	0.0	0.0	0.0	0.0	0.0	0.0	0.0
mitochondrial_disease	ENSG00000114054	ensembl_gene	PCCB	1	3.0	mitocarta_human	gold	functional_localization	gold	contextual_biology	adapter_gene_id_resolved	0.0	0.0	0.0	0.0	0.0	0.0	0.0
mitochondrial_disease	ENSG00000100889|ENSG00000285241	ensembl_gene	PCK2	1	3.0	mitocarta_human	gold	functional_localization	gold	contextual_biology	adapter_gene_id_resolved	0.0	0.0	0.0	0.0	0.0	0.0	0.0
mitochondrial_disease	ENSG00000174840	ensembl_gene	PDE12	1	3.0	mitocarta_human	gold	functional_localization	gold	contextual_biology	adapter_gene_id_resolved	0.0	0.0	0.0	0.0	0.0	0.0	0.0
mitochondrial_disease	ENSG00000186642	ensembl_gene	PDE2A	1	3.0	mitocarta_human	gold	functional_localization	gold	contextual_biology	adapter_gene_id_resolved	0.0	0.0	0.0	0.0	0.0	0.0	0.0
mitochondrial_disease	ENSG00000258429	ensembl_gene	PDF	1	3.0	mitocarta_human	gold	functional_localization	gold	contextual_biology	adapter_gene_id_resolved	0.0	0.0	0.0	0.0	0.0	0.0	0.0
mitochondrial_disease	ENSG00000131828	ensembl_gene	PDHA1	1	3.0	mitocarta_human	gold	functional_localization	gold	contextual_biology	adapter_gene_id_resolved	0.0	0.0	0.0	0.0	0.0	0.0	0.0
mitochondrial_disease	ENSG00000163114	ensembl_gene	PDHA2	1	3.0	mitocarta_human	gold	functional_localization	gold	contextual_biology	adapter_gene_id_resolved	0.0	0.0	0.0	0.0	0.0	0.0	0.0
mitochondrial_disease	ENSG00000168291	ensembl_gene	PDHB	1	3.0	mitocarta_human	gold	functional_localization	gold	contextual_biology	adapter_gene_id_resolved	0.0	0.0	0.0	0.0	0.0	0.0	0.0
mitochondrial_disease	ENSG00000110435	ensembl_gene	PDHX	1	3.0	mitocarta_human	gold	functional_localization	gold	contextual_biology	adapter_gene_id_resolved	0.0	0.0	0.0	0.0	0.0	0.0	0.0
mitochondrial_disease	ENSG00000152256	ensembl_gene	PDK1	1	3.0	mitocarta_human	gold	functional_localization	gold	contextual_biology	adapter_gene_id_resolved	0.0	0.0	0.0	0.0	0.0	0.0	0.0
mitochondrial_disease	ENSG00000005882	ensembl_gene	PDK2	1	3.0	mitocarta_human	gold	functional_localization	gold	contextual_biology	adapter_gene_id_resolved	0.0	0.0	0.0	0.0	0.0	0.0	0.0
mitochondrial_disease	ENSG00000067992	ensembl_gene	PDK3	1	3.0	mitocarta_human	gold	functional_localization	gold	contextual_biology	adapter_gene_id_resolved	0.0	0.0	0.0	0.0	0.0	0.0	0.0
mitochondrial_disease	ENSG00000004799	ensembl_gene	PDK4	1	3.0	mitocarta_human	gold	functional_localization	gold	contextual_biology	adapter_gene_id_resolved	0.0	0.0	0.0	0.0	0.0	0.0	0.0
mitochondrial_disease	ENSG00000164951	ensembl_gene	PDP1	1	3.0	mitocarta_human	gold	functional_localization	gold	contextual_biology	adapter_gene_id_resolved	0.0	0.0	0.0	0.0	0.0	0.0	0.0
mitochondrial_disease	ENSG00000172840	ensembl_gene	PDP2	1	3.0	mitocarta_human	gold	functional_localization	gold	contextual_biology	adapter_gene_id_resolved	0.0	0.0	0.0	0.0	0.0	0.0	0.0
mitochondrial_disease	ENSG00000090857	ensembl_gene	PDPR	1	3.0	mitocarta_human	gold	functional_localization	gold	contextual_biology	adapter_gene_id_resolved	0.0	0.0	0.0	0.0	0.0	0.0	0.0
mitochondrial_disease	ENSG00000148459	ensembl_gene	PDSS1	1	3.0	mitocarta_human	gold	functional_localization	gold	contextual_biology	adapter_gene_id_resolved	0.0	0.0	0.0	0.0	0.0	0.0	0.0
mitochondrial_disease	ENSG00000164494	ensembl_gene	PDSS2	1	3.0	mitocarta_human	gold	functional_localization	gold	contextual_biology	adapter_gene_id_resolved	0.0	0.0	0.0	0.0	0.0	0.0	0.0
mitochondrial_disease	ENSG00000229833	ensembl_gene	PET100	1	3.0	mitocarta_human	gold	functional_localization	gold	contextual_biology	adapter_gene_id_resolved	0.0	0.0	0.0	0.0	0.0	0.0	0.0
mitochondrial_disease	ENSG00000232838	ensembl_gene	PET117	1	3.0	mitocarta_human	gold	functional_localization	gold	contextual_biology	adapter_gene_id_resolved	0.0	0.0	0.0	0.0	0.0	0.0	0.0
mitochondrial_disease	ENSG00000131779	ensembl_gene	PEX11B	1	3.0	mitocarta_human	gold	functional_localization	gold	contextual_biology	adapter_gene_id_resolved	0.0	0.0	0.0	0.0	0.0	0.0	0.0
mitochondrial_disease	ENSG00000247077	ensembl_gene	PGAM5	1	3.0	mitocarta_human	gold	functional_localization	gold	contextual_biology	adapter_gene_id_resolved	0.0	0.0	0.0	0.0	0.0	0.0	0.0
mitochondrial_disease	ENSG00000087157	ensembl_gene	PGS1	1	3.0	mitocarta_human	gold	functional_localization	gold	contextual_biology	adapter_gene_id_resolved	0.0	0.0	0.0	0.0	0.0	0.0	0.0
mitochondrial_disease	ENSG00000167085	ensembl_gene	PHB	1	3.0	mitocarta_human	gold	functional_localization	gold	contextual_biology	adapter_gene_id_resolved	0.0	0.0	0.0	0.0	0.0	0.0	0.0
mitochondrial_disease	ENSG00000215021	ensembl_gene	PHB2	1	3.0	mitocarta_human	gold	functional_localization	gold	contextual_biology	adapter_gene_id_resolved	0.0	0.0	0.0	0.0	0.0	0.0	0.0
mitochondrial_disease	ENSG00000107537	ensembl_gene	PHYH	1	3.0	mitocarta_human	gold	functional_localization	gold	contextual_biology	adapter_gene_id_resolved	0.0	0.0	0.0	0.0	0.0	0.0	0.0
mitochondrial_disease	ENSG00000100151	ensembl_gene	PICK1	1	3.0	mitocarta_human	gold	functional_localization	gold	contextual_biology	adapter_gene_id_resolved	0.0	0.0	0.0	0.0	0.0	0.0	0.0
mitochondrial_disease	ENSG00000140451	ensembl_gene	PIF1	1	3.0	mitocarta_human	gold	functional_localization	gold	contextual_biology	adapter_gene_id_resolved	0.0	0.0	0.0	0.0	0.0	0.0	0.0
mitochondrial_disease	ENSG00000225973	ensembl_gene	PIGBOS1	1	3.0	mitocarta_human	gold	functional_localization	gold	contextual_biology	adapter_gene_id_resolved	0.0	0.0	0.0	0.0	0.0	0.0	0.0
mitochondrial_disease	ENSG00000158828	ensembl_gene	PINK1	1	3.0	mitocarta_human	gold	functional_localization	gold	contextual_biology	adapter_gene_id_resolved	0.0	0.0	0.0	0.0	0.0	0.0	0.0
mitochondrial_disease	ENSG00000241878	ensembl_gene	PISD	1	3.0	mitocarta_human	gold	functional_localization	gold	contextual_biology	adapter_gene_id_resolved	0.0	0.0	0.0	0.0	0.0	0.0	0.0
mitochondrial_disease	ENSG00000107959	ensembl_gene	PITRM1	1	3.0	mitocarta_human	gold	functional_localization	gold	contextual_biology	adapter_gene_id_resolved	0.0	0.0	0.0	0.0	0.0	0.0	0.0
mitochondrial_disease	ENSG00000179598	ensembl_gene	PLD6	1	3.0	mitocarta_human	gold	functional_localization	gold	contextual_biology	adapter_gene_id_resolved	0.0	0.0	0.0	0.0	0.0	0.0	0.0
mitochondrial_disease	ENSG00000107020	ensembl_gene	PLGRKT	1	3.0	mitocarta_human	gold	functional_localization	gold	contextual_biology	adapter_gene_id_resolved	0.0	0.0	0.0	0.0	0.0	0.0	0.0
mitochondrial_disease	ENSG00000147471	ensembl_gene	PLPBP	1	3.0	mitocarta_human	gold	functional_localization	gold	contextual_biology	adapter_gene_id_resolved	0.0	0.0	0.0	0.0	0.0	0.0	0.0
mitochondrial_disease	ENSG00000187838|ENSG00000284009	ensembl_gene	PLSCR3	1	3.0	mitocarta_human	gold	functional_localization	gold	contextual_biology	adapter_gene_id_resolved	0.0	0.0	0.0	0.0	0.0	0.0	0.0
mitochondrial_disease	ENSG00000141682	ensembl_gene	PMAIP1	1	3.0	mitocarta_human	gold	functional_localization	gold	contextual_biology	adapter_gene_id_resolved	0.0	0.0	0.0	0.0	0.0	0.0	0.0
mitochondrial_disease	ENSG00000165688	ensembl_gene	PMPCA	1	3.0	mitocarta_human	gold	functional_localization	gold	contextual_biology	adapter_gene_id_resolved	0.0	0.0	0.0	0.0	0.0	0.0	0.0
mitochondrial_disease	ENSG00000105819	ensembl_gene	PMPCB	1	3.0	mitocarta_human	gold	functional_localization	gold	contextual_biology	adapter_gene_id_resolved	0.0	0.0	0.0	0.0	0.0	0.0	0.0
mitochondrial_disease	ENSG00000127838	ensembl_gene	PNKD	1	3.0	mitocarta_human	gold	functional_localization	gold	contextual_biology	adapter_gene_id_resolved	0.0	0.0	0.0	0.0	0.0	0.0	0.0
mitochondrial_disease	ENSG00000135241	ensembl_gene	PNPLA8	1	3.0	mitocarta_human	gold	functional_localization	gold	contextual_biology	adapter_gene_id_resolved	0.0	0.0	0.0	0.0	0.0	0.0	0.0
mitochondrial_disease	ENSG00000108439	ensembl_gene	PNPO	1	3.0	mitocarta_human	gold	functional_localization	gold	contextual_biology	adapter_gene_id_resolved	0.0	0.0	0.0	0.0	0.0	0.0	0.0
mitochondrial_disease	ENSG00000138035	ensembl_gene	PNPT1	1	3.0	mitocarta_human	gold	functional_localization	gold	contextual_biology	adapter_gene_id_resolved	0.0	0.0	0.0	0.0	0.0	0.0	0.0
mitochondrial_disease	ENSG00000070501	ensembl_gene	POLB	1	3.0	mitocarta_human	gold	functional_localization	gold	contextual_biology	adapter_gene_id_resolved	0.0	0.0	0.0	0.0	0.0	0.0	0.0
mitochondrial_disease	ENSG00000004142	ensembl_gene	POLDIP2	1	3.0	mitocarta_human	gold	functional_localization	gold	contextual_biology	adapter_gene_id_resolved	0.0	0.0	0.0	0.0	0.0	0.0	0.0
mitochondrial_disease	ENSG00000256525	ensembl_gene	POLG2	1	3.0	mitocarta_human	gold	functional_localization	gold	contextual_biology	adapter_gene_id_resolved	0.0	0.0	0.0	0.0	0.0	0.0	0.0
mitochondrial_disease	ENSG00000051341	ensembl_gene	POLQ	1	3.0	mitocarta_human	gold	functional_localization	gold	contextual_biology	adapter_gene_id_resolved	0.0	0.0	0.0	0.0	0.0	0.0	0.0
mitochondrial_disease	ENSG00000099821	ensembl_gene	POLRMT	1	3.0	mitocarta_human	gold	functional_localization	gold	contextual_biology	adapter_gene_id_resolved	0.0	0.0	0.0	0.0	0.0	0.0	0.0
mitochondrial_disease	ENSG00000138777	ensembl_gene	PPA2	1	3.0	mitocarta_human	gold	functional_localization	gold	contextual_biology	adapter_gene_id_resolved	0.0	0.0	0.0	0.0	0.0	0.0	0.0
mitochondrial_disease	ENSG00000108179	ensembl_gene	PPIF	1	3.0	mitocarta_human	gold	functional_localization	gold	contextual_biology	adapter_gene_id_resolved	0.0	0.0	0.0	0.0	0.0	0.0	0.0
mitochondrial_disease	ENSG00000163644	ensembl_gene	PPM1K	1	3.0	mitocarta_human	gold	functional_localization	gold	contextual_biology	adapter_gene_id_resolved	0.0	0.0	0.0	0.0	0.0	0.0	0.0
mitochondrial_disease	ENSG00000143224	ensembl_gene	PPOX	1	3.0	mitocarta_human	gold	functional_localization	gold	contextual_biology	adapter_gene_id_resolved	0.0	0.0	0.0	0.0	0.0	0.0	0.0
mitochondrial_disease	ENSG00000196850	ensembl_gene	PPTC7	1	3.0	mitocarta_human	gold	functional_localization	gold	contextual_biology	adapter_gene_id_resolved	0.0	0.0	0.0	0.0	0.0	0.0	0.0
mitochondrial_disease	ENSG00000167815	ensembl_gene	PRDX2	1	3.0	mitocarta_human	gold	functional_localization	gold	contextual_biology	adapter_gene_id_resolved	0.0	0.0	0.0	0.0	0.0	0.0	0.0
mitochondrial_disease	ENSG00000165672	ensembl_gene	PRDX3	1	3.0	mitocarta_human	gold	functional_localization	gold	contextual_biology	adapter_gene_id_resolved	0.0	0.0	0.0	0.0	0.0	0.0	0.0
mitochondrial_disease	ENSG00000123131	ensembl_gene	PRDX4	1	3.0	mitocarta_human	gold	functional_localization	gold	contextual_biology	adapter_gene_id_resolved	0.0	0.0	0.0	0.0	0.0	0.0	0.0
mitochondrial_disease	ENSG00000126432	ensembl_gene	PRDX5	1	3.0	mitocarta_human	gold	functional_localization	gold	contextual_biology	adapter_gene_id_resolved	0.0	0.0	0.0	0.0	0.0	0.0	0.0
mitochondrial_disease	ENSG00000117592	ensembl_gene	PRDX6	1	3.0	mitocarta_human	gold	functional_localization	gold	contextual_biology	adapter_gene_id_resolved	0.0	0.0	0.0	0.0	0.0	0.0	0.0
mitochondrial_disease	ENSG00000169230	ensembl_gene	PRELID1	1	3.0	mitocarta_human	gold	functional_localization	gold	contextual_biology	adapter_gene_id_resolved	0.0	0.0	0.0	0.0	0.0	0.0	0.0
mitochondrial_disease	ENSG00000186314	ensembl_gene	PRELID2	1	3.0	mitocarta_human	gold	functional_localization	gold	contextual_biology	adapter_gene_id_resolved	0.0	0.0	0.0	0.0	0.0	0.0	0.0
mitochondrial_disease	ENSG00000141391	ensembl_gene	PRELID3A	1	3.0	mitocarta_human	gold	functional_localization	gold	contextual_biology	adapter_gene_id_resolved	0.0	0.0	0.0	0.0	0.0	0.0	0.0
mitochondrial_disease	ENSG00000101166	ensembl_gene	PRELID3B	1	3.0	mitocarta_human	gold	functional_localization	gold	contextual_biology	adapter_gene_id_resolved	0.0	0.0	0.0	0.0	0.0	0.0	0.0
mitochondrial_disease	ENSG00000138078	ensembl_gene	PREPL	1	3.0	mitocarta_human	gold	functional_localization	gold	contextual_biology	adapter_gene_id_resolved	0.0	0.0	0.0	0.0	0.0	0.0	0.0
mitochondrial_disease	ENSG00000164306	ensembl_gene	PRIMPOL	1	3.0	mitocarta_human	gold	functional_localization	gold	contextual_biology	adapter_gene_id_resolved	0.0	0.0	0.0	0.0	0.0	0.0	0.0
mitochondrial_disease	ENSG00000072062|ENSG00000288516	ensembl_gene	PRKACA	1	3.0	mitocarta_human	gold	functional_localization	gold	contextual_biology	adapter_gene_id_resolved	0.0	0.0	0.0	0.0	0.0	0.0	0.0
mitochondrial_disease	ENSG00000185345	ensembl_gene	PRKN	1	3.0	mitocarta_human	gold	functional_localization	gold	contextual_biology	adapter_gene_id_resolved	0.0	0.0	0.0	0.0	0.0	0.0	0.0
mitochondrial_disease	ENSG00000100033	ensembl_gene	PRODH	1	3.0	mitocarta_human	gold	functional_localization	gold	contextual_biology	adapter_gene_id_resolved	0.0	0.0	0.0	0.0	0.0	0.0	0.0
mitochondrial_disease	ENSG00000250799	ensembl_gene	PRODH2	1	3.0	mitocarta_human	gold	functional_localization	gold	contextual_biology	adapter_gene_id_resolved	0.0	0.0	0.0	0.0	0.0	0.0	0.0
mitochondrial_disease	ENSG00000100890	ensembl_gene	PRORP	1	3.0	mitocarta_human	gold	functional_localization	gold	contextual_biology	adapter_gene_id_resolved	0.0	0.0	0.0	0.0	0.0	0.0	0.0
mitochondrial_disease	ENSG00000146250	ensembl_gene	PRSS35	1	3.0	mitocarta_human	gold	functional_localization	gold	contextual_biology	adapter_gene_id_resolved	0.0	0.0	0.0	0.0	0.0	0.0	0.0
mitochondrial_disease	ENSG00000122378	ensembl_gene	PRXL2A	1	3.0	mitocarta_human	gold	functional_localization	gold	contextual_biology	adapter_gene_id_resolved	0.0	0.0	0.0	0.0	0.0	0.0	0.0
mitochondrial_disease	ENSG00000106246	ensembl_gene	PTCD1	1	3.0	mitocarta_human	gold	functional_localization	gold	contextual_biology	adapter_gene_id_resolved	0.0	0.0	0.0	0.0	0.0	0.0	0.0
mitochondrial_disease	ENSG00000049883	ensembl_gene	PTCD2	1	3.0	mitocarta_human	gold	functional_localization	gold	contextual_biology	adapter_gene_id_resolved	0.0	0.0	0.0	0.0	0.0	0.0	0.0
mitochondrial_disease	ENSG00000132300	ensembl_gene	PTCD3	1	3.0	mitocarta_human	gold	functional_localization	gold	contextual_biology	adapter_gene_id_resolved	0.0	0.0	0.0	0.0	0.0	0.0	0.0
mitochondrial_disease	ENSG00000148334	ensembl_gene	PTGES2	1	3.0	mitocarta_human	gold	functional_localization	gold	contextual_biology	adapter_gene_id_resolved	0.0	0.0	0.0	0.0	0.0	0.0	0.0
mitochondrial_disease	ENSG00000110536|ENSG00000285206	ensembl_gene	PTPMT1	1	3.0	mitocarta_human	gold	functional_localization	gold	contextual_biology	adapter_gene_id_resolved	0.0	0.0	0.0	0.0	0.0	0.0	0.0
mitochondrial_disease	ENSG00000187024	ensembl_gene	PTRH1	1	3.0	mitocarta_human	gold	functional_localization	gold	contextual_biology	adapter_gene_id_resolved	0.0	0.0	0.0	0.0	0.0	0.0	0.0
mitochondrial_disease	ENSG00000141378	ensembl_gene	PTRH2	1	3.0	mitocarta_human	gold	functional_localization	gold	contextual_biology	adapter_gene_id_resolved	0.0	0.0	0.0	0.0	0.0	0.0	0.0
mitochondrial_disease	ENSG00000177192	ensembl_gene	PUS1	1	3.0	mitocarta_human	gold	functional_localization	gold	contextual_biology	adapter_gene_id_resolved	0.0	0.0	0.0	0.0	0.0	0.0	0.0
mitochondrial_disease	ENSG00000169972	ensembl_gene	PUSL1	1	3.0	mitocarta_human	gold	functional_localization	gold	contextual_biology	adapter_gene_id_resolved	0.0	0.0	0.0	0.0	0.0	0.0	0.0
mitochondrial_disease	ENSG00000176894	ensembl_gene	PXMP2	1	3.0	mitocarta_human	gold	functional_localization	gold	contextual_biology	adapter_gene_id_resolved	0.0	0.0	0.0	0.0	0.0	0.0	0.0
mitochondrial_disease	ENSG00000101417	ensembl_gene	PXMP4	1	3.0	mitocarta_human	gold	functional_localization	gold	contextual_biology	adapter_gene_id_resolved	0.0	0.0	0.0	0.0	0.0	0.0	0.0
mitochondrial_disease	ENSG00000183010	ensembl_gene	PYCR1	1	3.0	mitocarta_human	gold	functional_localization	gold	contextual_biology	adapter_gene_id_resolved	0.0	0.0	0.0	0.0	0.0	0.0	0.0
mitochondrial_disease	ENSG00000143811	ensembl_gene	PYCR2	1	3.0	mitocarta_human	gold	functional_localization	gold	contextual_biology	adapter_gene_id_resolved	0.0	0.0	0.0	0.0	0.0	0.0	0.0
mitochondrial_disease	ENSG00000145337	ensembl_gene	PYURF	1	3.0	mitocarta_human	gold	functional_localization	gold	contextual_biology	adapter_gene_id_resolved	0.0	0.0	0.0	0.0	0.0	0.0	0.0
mitochondrial_disease	ENSG00000151552	ensembl_gene	QDPR	1	3.0	mitocarta_human	gold	functional_localization	gold	contextual_biology	adapter_gene_id_resolved	0.0	0.0	0.0	0.0	0.0	0.0	0.0
mitochondrial_disease	ENSG00000130348	ensembl_gene	QRSL1	1	3.0	mitocarta_human	gold	functional_localization	gold	contextual_biology	adapter_gene_id_resolved	0.0	0.0	0.0	0.0	0.0	0.0	0.0
mitochondrial_disease	ENSG00000213339	ensembl_gene	QTRT1	1	3.0	mitocarta_human	gold	functional_localization	gold	contextual_biology	adapter_gene_id_resolved	0.0	0.0	0.0	0.0	0.0	0.0	0.0
mitochondrial_disease	ENSG00000169228	ensembl_gene	RAB24	1	3.0	mitocarta_human	gold	functional_localization	gold	contextual_biology	adapter_gene_id_resolved	0.0	0.0	0.0	0.0	0.0	0.0	0.0
mitochondrial_disease	ENSG00000101084	ensembl_gene	RAB5IF	1	3.0	mitocarta_human	gold	functional_localization	gold	contextual_biology	adapter_gene_id_resolved	0.0	0.0	0.0	0.0	0.0	0.0	0.0
mitochondrial_disease	ENSG00000146282	ensembl_gene	RARS2	1	3.0	mitocarta_human	gold	functional_localization	gold	contextual_biology	adapter_gene_id_resolved	0.0	0.0	0.0	0.0	0.0	0.0	0.0
mitochondrial_disease	ENSG00000101546	ensembl_gene	RBFA	1	3.0	mitocarta_human	gold	functional_localization	gold	contextual_biology	adapter_gene_id_resolved	0.0	0.0	0.0	0.0	0.0	0.0	0.0
mitochondrial_disease	ENSG00000274523	ensembl_gene	RCC1L	1	3.0	mitocarta_human	gold	functional_localization	gold	contextual_biology	adapter_gene_id_resolved	0.0	0.0	0.0	0.0	0.0	0.0	0.0
mitochondrial_disease	ENSG00000160439|ENSG00000273944|ENSG00000274418|ENSG00000274504|ENSG00000275474|ENSG00000276341|ENSG00000276684|ENSG00000276826|ENSG00000278149|ENSG00000278284	ensembl_gene	RDH13	1	3.0	mitocarta_human	gold	functional_localization	gold	contextual_biology	adapter_gene_id_resolved	0.0	0.0	0.0	0.0	0.0	0.0	0.0
mitochondrial_disease	ENSG00000240857	ensembl_gene	RDH14	1	3.0	mitocarta_human	gold	functional_localization	gold	contextual_biology	adapter_gene_id_resolved	0.0	0.0	0.0	0.0	0.0	0.0	0.0
mitochondrial_disease	ENSG00000160957	ensembl_gene	RECQL4	1	3.0	mitocarta_human	gold	functional_localization	gold	contextual_biology	adapter_gene_id_resolved	0.0	0.0	0.0	0.0	0.0	0.0	0.0
mitochondrial_disease	ENSG00000076043	ensembl_gene	REXO2	1	3.0	mitocarta_human	gold	functional_localization	gold	contextual_biology	adapter_gene_id_resolved	0.0	0.0	0.0	0.0	0.0	0.0	0.0
mitochondrial_disease	ENSG00000135002	ensembl_gene	RFK	1	3.0	mitocarta_human	gold	functional_localization	gold	contextual_biology	adapter_gene_id_resolved	0.0	0.0	0.0	0.0	0.0	0.0	0.0
mitochondrial_disease	ENSG00000126858	ensembl_gene	RHOT1	1	3.0	mitocarta_human	gold	functional_localization	gold	contextual_biology	adapter_gene_id_resolved	0.0	0.0	0.0	0.0	0.0	0.0	0.0
mitochondrial_disease	ENSG00000140983	ensembl_gene	RHOT2	1	3.0	mitocarta_human	gold	functional_localization	gold	contextual_biology	adapter_gene_id_resolved	0.0	0.0	0.0	0.0	0.0	0.0	0.0
mitochondrial_disease	ENSG00000132541	ensembl_gene	RIDA	1	3.0	mitocarta_human	gold	functional_localization	gold	contextual_biology	adapter_gene_id_resolved	0.0	0.0	0.0	0.0	0.0	0.0	0.0
mitochondrial_disease	ENSG00000176623	ensembl_gene	RMDN1	1	3.0	mitocarta_human	gold	functional_localization	gold	contextual_biology	adapter_gene_id_resolved	0.0	0.0	0.0	0.0	0.0	0.0	0.0
mitochondrial_disease	ENSG00000137824	ensembl_gene	RMDN3	1	3.0	mitocarta_human	gold	functional_localization	gold	contextual_biology	adapter_gene_id_resolved	0.0	0.0	0.0	0.0	0.0	0.0	0.0
mitochondrial_disease	ENSG00000155906	ensembl_gene	RMND1	1	3.0	mitocarta_human	gold	functional_localization	gold	contextual_biology	adapter_gene_id_resolved	0.0	0.0	0.0	0.0	0.0	0.0	0.0
mitochondrial_disease	ENSG00000171865	ensembl_gene	RNASEH1	1	3.0	mitocarta_human	gold	functional_localization	gold	contextual_biology	adapter_gene_id_resolved	0.0	0.0	0.0	0.0	0.0	0.0	0.0
mitochondrial_disease	ENSG00000125995	ensembl_gene	ROMO1	1	3.0	mitocarta_human	gold	functional_localization	gold	contextual_biology	adapter_gene_id_resolved	0.0	0.0	0.0	0.0	0.0	0.0	0.0
mitochondrial_disease	ENSG00000230623	ensembl_gene	RP11_469A15.2	1	3.0	mitocarta_human	gold	functional_localization	gold	contextual_biology	adapter_gene_id_resolved	0.0	0.0	0.0	0.0	0.0	0.0	0.0
mitochondrial_disease	ENSG00000153574	ensembl_gene	RPIA	1	3.0	mitocarta_human	gold	functional_localization	gold	contextual_biology	adapter_gene_id_resolved	0.0	0.0	0.0	0.0	0.0	0.0	0.0
mitochondrial_disease	ENSG00000156990	ensembl_gene	RPUSD3	1	3.0	mitocarta_human	gold	functional_localization	gold	contextual_biology	adapter_gene_id_resolved	0.0	0.0	0.0	0.0	0.0	0.0	0.0
mitochondrial_disease	ENSG00000165526	ensembl_gene	RPUSD4	1	3.0	mitocarta_human	gold	functional_localization	gold	contextual_biology	adapter_gene_id_resolved	0.0	0.0	0.0	0.0	0.0	0.0	0.0
mitochondrial_disease	ENSG00000136444	ensembl_gene	RSAD1	1	3.0	mitocarta_human	gold	functional_localization	gold	contextual_biology	adapter_gene_id_resolved	0.0	0.0	0.0	0.0	0.0	0.0	0.0
mitochondrial_disease	ENSG00000215012	ensembl_gene	RTL10	1	3.0	mitocarta_human	gold	functional_localization	gold	contextual_biology	adapter_gene_id_resolved	0.0	0.0	0.0	0.0	0.0	0.0	0.0
mitochondrial_disease	ENSG00000130347	ensembl_gene	RTN4IP1	1	3.0	mitocarta_human	gold	functional_localization	gold	contextual_biology	adapter_gene_id_resolved	0.0	0.0	0.0	0.0	0.0	0.0	0.0
mitochondrial_disease	ENSG00000100347	ensembl_gene	SAMM50	1	3.0	mitocarta_human	gold	functional_localization	gold	contextual_biology	adapter_gene_id_resolved	0.0	0.0	0.0	0.0	0.0	0.0	0.0
mitochondrial_disease	ENSG00000123453	ensembl_gene	SARDH	1	3.0	mitocarta_human	gold	functional_localization	gold	contextual_biology	adapter_gene_id_resolved	0.0	0.0	0.0	0.0	0.0	0.0	0.0
mitochondrial_disease	ENSG00000104835|ENSG00000283104	ensembl_gene	SARS2	1	3.0	mitocarta_human	gold	functional_localization	gold	contextual_biology	adapter_gene_id_resolved	0.0	0.0	0.0	0.0	0.0	0.0	0.0
mitochondrial_disease	ENSG00000133028	ensembl_gene	SCO1	1	3.0	mitocarta_human	gold	functional_localization	gold	contextual_biology	adapter_gene_id_resolved	0.0	0.0	0.0	0.0	0.0	0.0	0.0
mitochondrial_disease	ENSG00000284194	ensembl_gene	SCO2	1	3.0	mitocarta_human	gold	functional_localization	gold	contextual_biology	adapter_gene_id_resolved	0.0	0.0	0.0	0.0	0.0	0.0	0.0
mitochondrial_disease	ENSG00000116171	ensembl_gene	SCP2	1	3.0	mitocarta_human	gold	functional_localization	gold	contextual_biology	adapter_gene_id_resolved	0.0	0.0	0.0	0.0	0.0	0.0	0.0
mitochondrial_disease	ENSG00000073578	ensembl_gene	SDHA	1	3.0	mitocarta_human	gold	functional_localization	gold	contextual_biology	adapter_gene_id_resolved	0.0	0.0	0.0	0.0	0.0	0.0	0.0
mitochondrial_disease	ENSG00000205138	ensembl_gene	SDHAF1	1	3.0	mitocarta_human	gold	functional_localization	gold	contextual_biology	adapter_gene_id_resolved	0.0	0.0	0.0	0.0	0.0	0.0	0.0
mitochondrial_disease	ENSG00000167985	ensembl_gene	SDHAF2	1	3.0	mitocarta_human	gold	functional_localization	gold	contextual_biology	adapter_gene_id_resolved	0.0	0.0	0.0	0.0	0.0	0.0	0.0
mitochondrial_disease	ENSG00000196636	ensembl_gene	SDHAF3	1	3.0	mitocarta_human	gold	functional_localization	gold	contextual_biology	adapter_gene_id_resolved	0.0	0.0	0.0	0.0	0.0	0.0	0.0
mitochondrial_disease	ENSG00000154079	ensembl_gene	SDHAF4	1	3.0	mitocarta_human	gold	functional_localization	gold	contextual_biology	adapter_gene_id_resolved	0.0	0.0	0.0	0.0	0.0	0.0	0.0
mitochondrial_disease	ENSG00000117118	ensembl_gene	SDHB	1	3.0	mitocarta_human	gold	functional_localization	gold	contextual_biology	adapter_gene_id_resolved	0.0	0.0	0.0	0.0	0.0	0.0	0.0
mitochondrial_disease	ENSG00000143252	ensembl_gene	SDHC	1	3.0	mitocarta_human	gold	functional_localization	gold	contextual_biology	adapter_gene_id_resolved	0.0	0.0	0.0	0.0	0.0	0.0	0.0
mitochondrial_disease	ENSG00000204370	ensembl_gene	SDHD	1	3.0	mitocarta_human	gold	functional_localization	gold	contextual_biology	adapter_gene_id_resolved	0.0	0.0	0.0	0.0	0.0	0.0	0.0
mitochondrial_disease	ENSG00000100445	ensembl_gene	SDR39U1	1	3.0	mitocarta_human	gold	functional_localization	gold	contextual_biology	adapter_gene_id_resolved	0.0	0.0	0.0	0.0	0.0	0.0	0.0
mitochondrial_disease	ENSG00000139410	ensembl_gene	SDSL	1	3.0	mitocarta_human	gold	functional_localization	gold	contextual_biology	adapter_gene_id_resolved	0.0	0.0	0.0	0.0	0.0	0.0	0.0
mitochondrial_disease	ENSG00000073169	ensembl_gene	SELENOO	1	3.0	mitocarta_human	gold	functional_localization	gold	contextual_biology	adapter_gene_id_resolved	0.0	0.0	0.0	0.0	0.0	0.0	0.0
mitochondrial_disease	ENSG00000108387	ensembl_gene	SEPTIN4	1	3.0	mitocarta_human	gold	functional_localization	gold	contextual_biology	adapter_gene_id_resolved	0.0	0.0	0.0	0.0	0.0	0.0	0.0
mitochondrial_disease	ENSG00000122335	ensembl_gene	SERAC1	1	3.0	mitocarta_human	gold	functional_localization	gold	contextual_biology	adapter_gene_id_resolved	0.0	0.0	0.0	0.0	0.0	0.0	0.0
mitochondrial_disease	ENSG00000183569	ensembl_gene	SERHL2	1	3.0	mitocarta_human	gold	functional_localization	gold	contextual_biology	adapter_gene_id_resolved	0.0	0.0	0.0	0.0	0.0	0.0	0.0
mitochondrial_disease	ENSG00000155542	ensembl_gene	SETD9	1	3.0	mitocarta_human	gold	functional_localization	gold	contextual_biology	adapter_gene_id_resolved	0.0	0.0	0.0	0.0	0.0	0.0	0.0
mitochondrial_disease	ENSG00000164466	ensembl_gene	SFXN1	1	3.0	mitocarta_human	gold	functional_localization	gold	contextual_biology	adapter_gene_id_resolved	0.0	0.0	0.0	0.0	0.0	0.0	0.0
mitochondrial_disease	ENSG00000156398	ensembl_gene	SFXN2	1	3.0	mitocarta_human	gold	functional_localization	gold	contextual_biology	adapter_gene_id_resolved	0.0	0.0	0.0	0.0	0.0	0.0	0.0
mitochondrial_disease	ENSG00000107819	ensembl_gene	SFXN3	1	3.0	mitocarta_human	gold	functional_localization	gold	contextual_biology	adapter_gene_id_resolved	0.0	0.0	0.0	0.0	0.0	0.0	0.0
mitochondrial_disease	ENSG00000183605	ensembl_gene	SFXN4	1	3.0	mitocarta_human	gold	functional_localization	gold	contextual_biology	adapter_gene_id_resolved	0.0	0.0	0.0	0.0	0.0	0.0	0.0
mitochondrial_disease	ENSG00000144040	ensembl_gene	SFXN5	1	3.0	mitocarta_human	gold	functional_localization	gold	contextual_biology	adapter_gene_id_resolved	0.0	0.0	0.0	0.0	0.0	0.0	0.0
mitochondrial_disease	ENSG00000182199	ensembl_gene	SHMT2	1	3.0	mitocarta_human	gold	functional_localization	gold	contextual_biology	adapter_gene_id_resolved	0.0	0.0	0.0	0.0	0.0	0.0	0.0
mitochondrial_disease	ENSG00000142082	ensembl_gene	SIRT3	1	3.0	mitocarta_human	gold	functional_localization	gold	contextual_biology	adapter_gene_id_resolved	0.0	0.0	0.0	0.0	0.0	0.0	0.0
mitochondrial_disease	ENSG00000089163	ensembl_gene	SIRT4	1	3.0	mitocarta_human	gold	functional_localization	gold	contextual_biology	adapter_gene_id_resolved	0.0	0.0	0.0	0.0	0.0	0.0	0.0
mitochondrial_disease	ENSG00000124523	ensembl_gene	SIRT5	1	3.0	mitocarta_human	gold	functional_localization	gold	contextual_biology	adapter_gene_id_resolved	0.0	0.0	0.0	0.0	0.0	0.0	0.0
mitochondrial_disease	ENSG00000100075	ensembl_gene	SLC25A1	1	3.0	mitocarta_human	gold	functional_localization	gold	contextual_biology	adapter_gene_id_resolved	0.0	0.0	0.0	0.0	0.0	0.0	0.0
mitochondrial_disease	ENSG00000183048	ensembl_gene	SLC25A10	1	3.0	mitocarta_human	gold	functional_localization	gold	contextual_biology	adapter_gene_id_resolved	0.0	0.0	0.0	0.0	0.0	0.0	0.0
mitochondrial_disease	ENSG00000108528	ensembl_gene	SLC25A11	1	3.0	mitocarta_human	gold	functional_localization	gold	contextual_biology	adapter_gene_id_resolved	0.0	0.0	0.0	0.0	0.0	0.0	0.0
mitochondrial_disease	ENSG00000115840	ensembl_gene	SLC25A12	1	3.0	mitocarta_human	gold	functional_localization	gold	contextual_biology	adapter_gene_id_resolved	0.0	0.0	0.0	0.0	0.0	0.0	0.0
mitochondrial_disease	ENSG00000004864	ensembl_gene	SLC25A13	1	3.0	mitocarta_human	gold	functional_localization	gold	contextual_biology	adapter_gene_id_resolved	0.0	0.0	0.0	0.0	0.0	0.0	0.0
mitochondrial_disease	ENSG00000102078	ensembl_gene	SLC25A14	1	3.0	mitocarta_human	gold	functional_localization	gold	contextual_biology	adapter_gene_id_resolved	0.0	0.0	0.0	0.0	0.0	0.0	0.0
mitochondrial_disease	ENSG00000102743	ensembl_gene	SLC25A15	1	3.0	mitocarta_human	gold	functional_localization	gold	contextual_biology	adapter_gene_id_resolved	0.0	0.0	0.0	0.0	0.0	0.0	0.0
mitochondrial_disease	ENSG00000122912	ensembl_gene	SLC25A16	1	3.0	mitocarta_human	gold	functional_localization	gold	contextual_biology	adapter_gene_id_resolved	0.0	0.0	0.0	0.0	0.0	0.0	0.0
mitochondrial_disease	ENSG00000182902	ensembl_gene	SLC25A18	1	3.0	mitocarta_human	gold	functional_localization	gold	contextual_biology	adapter_gene_id_resolved	0.0	0.0	0.0	0.0	0.0	0.0	0.0
mitochondrial_disease	ENSG00000125454	ensembl_gene	SLC25A19	1	3.0	mitocarta_human	gold	functional_localization	gold	contextual_biology	adapter_gene_id_resolved	0.0	0.0	0.0	0.0	0.0	0.0	0.0
mitochondrial_disease	ENSG00000178537	ensembl_gene	SLC25A20	1	3.0	mitocarta_human	gold	functional_localization	gold	contextual_biology	adapter_gene_id_resolved	0.0	0.0	0.0	0.0	0.0	0.0	0.0
mitochondrial_disease	ENSG00000183032	ensembl_gene	SLC25A21	1	3.0	mitocarta_human	gold	functional_localization	gold	contextual_biology	adapter_gene_id_resolved	0.0	0.0	0.0	0.0	0.0	0.0	0.0
mitochondrial_disease	ENSG00000177542	ensembl_gene	SLC25A22	1	3.0	mitocarta_human	gold	functional_localization	gold	contextual_biology	adapter_gene_id_resolved	0.0	0.0	0.0	0.0	0.0	0.0	0.0
mitochondrial_disease	ENSG00000125648	ensembl_gene	SLC25A23	1	3.0	mitocarta_human	gold	functional_localization	gold	contextual_biology	adapter_gene_id_resolved	0.0	0.0	0.0	0.0	0.0	0.0	0.0
mitochondrial_disease	ENSG00000085491|ENSG00000284468	ensembl_gene	SLC25A24	1	3.0	mitocarta_human	gold	functional_localization	gold	contextual_biology	adapter_gene_id_resolved	0.0	0.0	0.0	0.0	0.0	0.0	0.0
mitochondrial_disease	ENSG00000148339	ensembl_gene	SLC25A25	1	3.0	mitocarta_human	gold	functional_localization	gold	contextual_biology	adapter_gene_id_resolved	0.0	0.0	0.0	0.0	0.0	0.0	0.0
mitochondrial_disease	ENSG00000144741|ENSG00000282739	ensembl_gene	SLC25A26	1	3.0	mitocarta_human	gold	functional_localization	gold	contextual_biology	adapter_gene_id_resolved	0.0	0.0	0.0	0.0	0.0	0.0	0.0
mitochondrial_disease	ENSG00000153291	ensembl_gene	SLC25A27	1	3.0	mitocarta_human	gold	functional_localization	gold	contextual_biology	adapter_gene_id_resolved	0.0	0.0	0.0	0.0	0.0	0.0	0.0
mitochondrial_disease	ENSG00000155287	ensembl_gene	SLC25A28	1	3.0	mitocarta_human	gold	functional_localization	gold	contextual_biology	adapter_gene_id_resolved	0.0	0.0	0.0	0.0	0.0	0.0	0.0
mitochondrial_disease	ENSG00000197119	ensembl_gene	SLC25A29	1	3.0	mitocarta_human	gold	functional_localization	gold	contextual_biology	adapter_gene_id_resolved	0.0	0.0	0.0	0.0	0.0	0.0	0.0
mitochondrial_disease	ENSG00000075415	ensembl_gene	SLC25A3	1	3.0	mitocarta_human	gold	functional_localization	gold	contextual_biology	adapter_gene_id_resolved	0.0	0.0	0.0	0.0	0.0	0.0	0.0
mitochondrial_disease	ENSG00000174032	ensembl_gene	SLC25A30	1	3.0	mitocarta_human	gold	functional_localization	gold	contextual_biology	adapter_gene_id_resolved	0.0	0.0	0.0	0.0	0.0	0.0	0.0
mitochondrial_disease	ENSG00000151475	ensembl_gene	SLC25A31	1	3.0	mitocarta_human	gold	functional_localization	gold	contextual_biology	adapter_gene_id_resolved	0.0	0.0	0.0	0.0	0.0	0.0	0.0
mitochondrial_disease	ENSG00000164933	ensembl_gene	SLC25A32	1	3.0	mitocarta_human	gold	functional_localization	gold	contextual_biology	adapter_gene_id_resolved	0.0	0.0	0.0	0.0	0.0	0.0	0.0
mitochondrial_disease	ENSG00000171612	ensembl_gene	SLC25A33	1	3.0	mitocarta_human	gold	functional_localization	gold	contextual_biology	adapter_gene_id_resolved	0.0	0.0	0.0	0.0	0.0	0.0	0.0
mitochondrial_disease	ENSG00000162461	ensembl_gene	SLC25A34	1	3.0	mitocarta_human	gold	functional_localization	gold	contextual_biology	adapter_gene_id_resolved	0.0	0.0	0.0	0.0	0.0	0.0	0.0
mitochondrial_disease	ENSG00000125434	ensembl_gene	SLC25A35	1	3.0	mitocarta_human	gold	functional_localization	gold	contextual_biology	adapter_gene_id_resolved	0.0	0.0	0.0	0.0	0.0	0.0	0.0
mitochondrial_disease	ENSG00000114120	ensembl_gene	SLC25A36	1	3.0	mitocarta_human	gold	functional_localization	gold	contextual_biology	adapter_gene_id_resolved	0.0	0.0	0.0	0.0	0.0	0.0	0.0
mitochondrial_disease	ENSG00000147454	ensembl_gene	SLC25A37	1	3.0	mitocarta_human	gold	functional_localization	gold	contextual_biology	adapter_gene_id_resolved	0.0	0.0	0.0	0.0	0.0	0.0	0.0
mitochondrial_disease	ENSG00000144659	ensembl_gene	SLC25A38	1	3.0	mitocarta_human	gold	functional_localization	gold	contextual_biology	adapter_gene_id_resolved	0.0	0.0	0.0	0.0	0.0	0.0	0.0
mitochondrial_disease	ENSG00000013306	ensembl_gene	SLC25A39	1	3.0	mitocarta_human	gold	functional_localization	gold	contextual_biology	adapter_gene_id_resolved	0.0	0.0	0.0	0.0	0.0	0.0	0.0
mitochondrial_disease	ENSG00000151729	ensembl_gene	SLC25A4	1	3.0	mitocarta_human	gold	functional_localization	gold	contextual_biology	adapter_gene_id_resolved	0.0	0.0	0.0	0.0	0.0	0.0	0.0
mitochondrial_disease	ENSG00000075303	ensembl_gene	SLC25A40	1	3.0	mitocarta_human	gold	functional_localization	gold	contextual_biology	adapter_gene_id_resolved	0.0	0.0	0.0	0.0	0.0	0.0	0.0
mitochondrial_disease	ENSG00000181240	ensembl_gene	SLC25A41	1	3.0	mitocarta_human	gold	functional_localization	gold	contextual_biology	adapter_gene_id_resolved	0.0	0.0	0.0	0.0	0.0	0.0	0.0
mitochondrial_disease	ENSG00000181035	ensembl_gene	SLC25A42	1	3.0	mitocarta_human	gold	functional_localization	gold	contextual_biology	adapter_gene_id_resolved	0.0	0.0	0.0	0.0	0.0	0.0	0.0
mitochondrial_disease	ENSG00000077713	ensembl_gene	SLC25A43	1	3.0	mitocarta_human	gold	functional_localization	gold	contextual_biology	adapter_gene_id_resolved	0.0	0.0	0.0	0.0	0.0	0.0	0.0
mitochondrial_disease	ENSG00000160785	ensembl_gene	SLC25A44	1	3.0	mitocarta_human	gold	functional_localization	gold	contextual_biology	adapter_gene_id_resolved	0.0	0.0	0.0	0.0	0.0	0.0	0.0
mitochondrial_disease	ENSG00000162241	ensembl_gene	SLC25A45	1	3.0	mitocarta_human	gold	functional_localization	gold	contextual_biology	adapter_gene_id_resolved	0.0	0.0	0.0	0.0	0.0	0.0	0.0
mitochondrial_disease	ENSG00000164209	ensembl_gene	SLC25A46	1	3.0	mitocarta_human	gold	functional_localization	gold	contextual_biology	adapter_gene_id_resolved	0.0	0.0	0.0	0.0	0.0	0.0	0.0
mitochondrial_disease	ENSG00000140107	ensembl_gene	SLC25A47	1	3.0	mitocarta_human	gold	functional_localization	gold	contextual_biology	adapter_gene_id_resolved	0.0	0.0	0.0	0.0	0.0	0.0	0.0
mitochondrial_disease	ENSG00000145832	ensembl_gene	SLC25A48	1	3.0	mitocarta_human	gold	functional_localization	gold	contextual_biology	adapter_gene_id_resolved	0.0	0.0	0.0	0.0	0.0	0.0	0.0
mitochondrial_disease	ENSG00000005022	ensembl_gene	SLC25A5	1	3.0	mitocarta_human	gold	functional_localization	gold	contextual_biology	adapter_gene_id_resolved	0.0	0.0	0.0	0.0	0.0	0.0	0.0
mitochondrial_disease	ENSG00000122696	ensembl_gene	SLC25A51	1	3.0	mitocarta_human	gold	functional_localization	gold	contextual_biology	adapter_gene_id_resolved	0.0	0.0	0.0	0.0	0.0	0.0	0.0
mitochondrial_disease	ENSG00000141437	ensembl_gene	SLC25A52	1	3.0	mitocarta_human	gold	functional_localization	gold	contextual_biology	adapter_gene_id_resolved	0.0	0.0	0.0	0.0	0.0	0.0	0.0
mitochondrial_disease	ENSG00000269743	ensembl_gene	SLC25A53	1	3.0	mitocarta_human	gold	functional_localization	gold	contextual_biology	adapter_gene_id_resolved	0.0	0.0	0.0	0.0	0.0	0.0	0.0
mitochondrial_disease	ENSG00000169100	ensembl_gene	SLC25A6	1	3.0	mitocarta_human	gold	functional_localization	gold	contextual_biology	adapter_gene_id_resolved	0.0	0.0	0.0	0.0	0.0	0.0	0.0
mitochondrial_disease	ENSG00000014824	ensembl_gene	SLC30A9	1	3.0	mitocarta_human	gold	functional_localization	gold	contextual_biology	adapter_gene_id_resolved	0.0	0.0	0.0	0.0	0.0	0.0	0.0
mitochondrial_disease	ENSG00000089060	ensembl_gene	SLC8B1	1	3.0	mitocarta_human	gold	functional_localization	gold	contextual_biology	adapter_gene_id_resolved	0.0	0.0	0.0	0.0	0.0	0.0	0.0
mitochondrial_disease	ENSG00000119705	ensembl_gene	SLIRP	1	3.0	mitocarta_human	gold	functional_localization	gold	contextual_biology	adapter_gene_id_resolved	0.0	0.0	0.0	0.0	0.0	0.0	0.0
mitochondrial_disease	ENSG00000183172|ENSG00000272835|ENSG00000272901|ENSG00000274112	ensembl_gene	SMDT1	1	3.0	mitocarta_human	gold	functional_localization	gold	contextual_biology	adapter_gene_id_resolved	0.0	0.0	0.0	0.0	0.0	0.0	0.0
mitochondrial_disease	ENSG00000250317	ensembl_gene	SMIM20	1	3.0	mitocarta_human	gold	functional_localization	gold	contextual_biology	adapter_gene_id_resolved	0.0	0.0	0.0	0.0	0.0	0.0	0.0
mitochondrial_disease	ENSG00000111850	ensembl_gene	SMIM8	1	3.0	mitocarta_human	gold	functional_localization	gold	contextual_biology	adapter_gene_id_resolved	0.0	0.0	0.0	0.0	0.0	0.0	0.0
mitochondrial_disease	ENSG00000099940	ensembl_gene	SNAP29	1	3.0	mitocarta_human	gold	functional_localization	gold	contextual_biology	adapter_gene_id_resolved	0.0	0.0	0.0	0.0	0.0	0.0	0.0
mitochondrial_disease	ENSG00000197157	ensembl_gene	SND1	1	3.0	mitocarta_human	gold	functional_localization	gold	contextual_biology	adapter_gene_id_resolved	0.0	0.0	0.0	0.0	0.0	0.0	0.0
mitochondrial_disease	ENSG00000142168	ensembl_gene	SOD1	1	3.0	mitocarta_human	gold	functional_localization	gold	contextual_biology	adapter_gene_id_resolved	0.0	0.0	0.0	0.0	0.0	0.0	0.0
mitochondrial_disease	ENSG00000112096|ENSG00000285441	ensembl_gene	SOD2	1	3.0	mitocarta_human	gold	functional_localization	gold	contextual_biology	adapter_gene_id_resolved	0.0	0.0	0.0	0.0	0.0	0.0	0.0
mitochondrial_disease	ENSG00000166118	ensembl_gene	SPATA19	1	3.0	mitocarta_human	gold	functional_localization	gold	contextual_biology	adapter_gene_id_resolved	0.0	0.0	0.0	0.0	0.0	0.0	0.0
mitochondrial_disease	ENSG00000006282	ensembl_gene	SPATA20	1	3.0	mitocarta_human	gold	functional_localization	gold	contextual_biology	adapter_gene_id_resolved	0.0	0.0	0.0	0.0	0.0	0.0	0.0
mitochondrial_disease	ENSG00000197912	ensembl_gene	SPG7	1	3.0	mitocarta_human	gold	functional_localization	gold	contextual_biology	adapter_gene_id_resolved	0.0	0.0	0.0	0.0	0.0	0.0	0.0
mitochondrial_disease	ENSG00000063176	ensembl_gene	SPHK2	1	3.0	mitocarta_human	gold	functional_localization	gold	contextual_biology	adapter_gene_id_resolved	0.0	0.0	0.0	0.0	0.0	0.0	0.0
mitochondrial_disease	ENSG00000153820	ensembl_gene	SPHKAP	1	3.0	mitocarta_human	gold	functional_localization	gold	contextual_biology	adapter_gene_id_resolved	0.0	0.0	0.0	0.0	0.0	0.0	0.0
mitochondrial_disease	ENSG00000134278	ensembl_gene	SPIRE1	1	3.0	mitocarta_human	gold	functional_localization	gold	contextual_biology	adapter_gene_id_resolved	0.0	0.0	0.0	0.0	0.0	0.0	0.0
mitochondrial_disease	ENSG00000116096	ensembl_gene	SPR	1	3.0	mitocarta_human	gold	functional_localization	gold	contextual_biology	adapter_gene_id_resolved	0.0	0.0	0.0	0.0	0.0	0.0	0.0
mitochondrial_disease	ENSG00000176422	ensembl_gene	SPRYD4	1	3.0	mitocarta_human	gold	functional_localization	gold	contextual_biology	adapter_gene_id_resolved	0.0	0.0	0.0	0.0	0.0	0.0	0.0
mitochondrial_disease	ENSG00000100596	ensembl_gene	SPTLC2	1	3.0	mitocarta_human	gold	functional_localization	gold	contextual_biology	adapter_gene_id_resolved	0.0	0.0	0.0	0.0	0.0	0.0	0.0
mitochondrial_disease	ENSG00000137767	ensembl_gene	SQOR	1	3.0	mitocarta_human	gold	functional_localization	gold	contextual_biology	adapter_gene_id_resolved	0.0	0.0	0.0	0.0	0.0	0.0	0.0
mitochondrial_disease	ENSG00000106028|ENSG00000262771	ensembl_gene	SSBP1	1	3.0	mitocarta_human	gold	functional_localization	gold	contextual_biology	adapter_gene_id_resolved	0.0	0.0	0.0	0.0	0.0	0.0	0.0
mitochondrial_disease	ENSG00000147465	ensembl_gene	STAR	1	3.0	mitocarta_human	gold	functional_localization	gold	contextual_biology	adapter_gene_id_resolved	0.0	0.0	0.0	0.0	0.0	0.0	0.0
mitochondrial_disease	ENSG00000084090	ensembl_gene	STARD7	1	3.0	mitocarta_human	gold	functional_localization	gold	contextual_biology	adapter_gene_id_resolved	0.0	0.0	0.0	0.0	0.0	0.0	0.0
mitochondrial_disease	ENSG00000148175	ensembl_gene	STOM	1	3.0	mitocarta_human	gold	functional_localization	gold	contextual_biology	adapter_gene_id_resolved	0.0	0.0	0.0	0.0	0.0	0.0	0.0
mitochondrial_disease	ENSG00000165283	ensembl_gene	STOML2	1	3.0	mitocarta_human	gold	functional_localization	gold	contextual_biology	adapter_gene_id_resolved	0.0	0.0	0.0	0.0	0.0	0.0	0.0
mitochondrial_disease	ENSG00000136874	ensembl_gene	STX17	1	3.0	mitocarta_human	gold	functional_localization	gold	contextual_biology	adapter_gene_id_resolved	0.0	0.0	0.0	0.0	0.0	0.0	0.0
mitochondrial_disease	ENSG00000127952	ensembl_gene	STYXL1	1	3.0	mitocarta_human	gold	functional_localization	gold	contextual_biology	adapter_gene_id_resolved	0.0	0.0	0.0	0.0	0.0	0.0	0.0
mitochondrial_disease	ENSG00000136143	ensembl_gene	SUCLA2	1	3.0	mitocarta_human	gold	functional_localization	gold	contextual_biology	adapter_gene_id_resolved	0.0	0.0	0.0	0.0	0.0	0.0	0.0
mitochondrial_disease	ENSG00000163541	ensembl_gene	SUCLG1	1	3.0	mitocarta_human	gold	functional_localization	gold	contextual_biology	adapter_gene_id_resolved	0.0	0.0	0.0	0.0	0.0	0.0	0.0
mitochondrial_disease	ENSG00000172340	ensembl_gene	SUCLG2	1	3.0	mitocarta_human	gold	functional_localization	gold	contextual_biology	adapter_gene_id_resolved	0.0	0.0	0.0	0.0	0.0	0.0	0.0
mitochondrial_disease	ENSG00000175600	ensembl_gene	SUGCT	1	3.0	mitocarta_human	gold	functional_localization	gold	contextual_biology	adapter_gene_id_resolved	0.0	0.0	0.0	0.0	0.0	0.0	0.0
mitochondrial_disease	ENSG00000139531	ensembl_gene	SUOX	1	3.0	mitocarta_human	gold	functional_localization	gold	contextual_biology	adapter_gene_id_resolved	0.0	0.0	0.0	0.0	0.0	0.0	0.0
mitochondrial_disease	ENSG00000156502	ensembl_gene	SUPV3L1	1	3.0	mitocarta_human	gold	functional_localization	gold	contextual_biology	adapter_gene_id_resolved	0.0	0.0	0.0	0.0	0.0	0.0	0.0
mitochondrial_disease	ENSG00000148290|ENSG00000280627	ensembl_gene	SURF1	1	3.0	mitocarta_human	gold	functional_localization	gold	contextual_biology	adapter_gene_id_resolved	0.0	0.0	0.0	0.0	0.0	0.0	0.0
mitochondrial_disease	ENSG00000213463	ensembl_gene	SYNJ2BP	1	3.0	mitocarta_human	gold	functional_localization	gold	contextual_biology	adapter_gene_id_resolved	0.0	0.0	0.0	0.0	0.0	0.0	0.0
mitochondrial_disease	ENSG00000136463	ensembl_gene	TACO1	1	3.0	mitocarta_human	gold	functional_localization	gold	contextual_biology	adapter_gene_id_resolved	0.0	0.0	0.0	0.0	0.0	0.0	0.0
mitochondrial_disease	ENSG00000144559|ENSG00000279643	ensembl_gene	TAMM41	1	3.0	mitocarta_human	gold	functional_localization	gold	contextual_biology	adapter_gene_id_resolved	0.0	0.0	0.0	0.0	0.0	0.0	0.0
mitochondrial_disease	ENSG00000143374	ensembl_gene	TARS2	1	3.0	mitocarta_human	gold	functional_localization	gold	contextual_biology	adapter_gene_id_resolved	0.0	0.0	0.0	0.0	0.0	0.0	0.0
mitochondrial_disease	ENSG00000102125	ensembl_gene	TAZ	1	3.0	mitocarta_human	gold	functional_localization	gold	contextual_biology	adapter_gene_id_resolved	0.0	0.0	0.0	0.0	0.0	0.0	0.0
mitochondrial_disease	ENSG00000136270	ensembl_gene	TBRG4	1	3.0	mitocarta_human	gold	functional_localization	gold	contextual_biology	adapter_gene_id_resolved	0.0	0.0	0.0	0.0	0.0	0.0	0.0
mitochondrial_disease	ENSG00000179152	ensembl_gene	TCAIM	1	3.0	mitocarta_human	gold	functional_localization	gold	contextual_biology	adapter_gene_id_resolved	0.0	0.0	0.0	0.0	0.0	0.0	0.0
mitochondrial_disease	ENSG00000182134	ensembl_gene	TDRKH	1	3.0	mitocarta_human	gold	functional_localization	gold	contextual_biology	adapter_gene_id_resolved	0.0	0.0	0.0	0.0	0.0	0.0	0.0
mitochondrial_disease	ENSG00000172171	ensembl_gene	TEFM	1	3.0	mitocarta_human	gold	functional_localization	gold	contextual_biology	adapter_gene_id_resolved	0.0	0.0	0.0	0.0	0.0	0.0	0.0
mitochondrial_disease	ENSG00000108064	ensembl_gene	TFAM	1	3.0	mitocarta_human	gold	functional_localization	gold	contextual_biology	adapter_gene_id_resolved	0.0	0.0	0.0	0.0	0.0	0.0	0.0
mitochondrial_disease	ENSG00000029639	ensembl_gene	TFB1M	1	3.0	mitocarta_human	gold	functional_localization	gold	contextual_biology	adapter_gene_id_resolved	0.0	0.0	0.0	0.0	0.0	0.0	0.0
mitochondrial_disease	ENSG00000162851	ensembl_gene	TFB2M	1	3.0	mitocarta_human	gold	functional_localization	gold	contextual_biology	adapter_gene_id_resolved	0.0	0.0	0.0	0.0	0.0	0.0	0.0
mitochondrial_disease	ENSG00000159445	ensembl_gene	THEM4	1	3.0	mitocarta_human	gold	functional_localization	gold	contextual_biology	adapter_gene_id_resolved	0.0	0.0	0.0	0.0	0.0	0.0	0.0
mitochondrial_disease	ENSG00000196407	ensembl_gene	THEM5	1	3.0	mitocarta_human	gold	functional_localization	gold	contextual_biology	adapter_gene_id_resolved	0.0	0.0	0.0	0.0	0.0	0.0	0.0
mitochondrial_disease	ENSG00000113272	ensembl_gene	THG1L	1	3.0	mitocarta_human	gold	functional_localization	gold	contextual_biology	adapter_gene_id_resolved	0.0	0.0	0.0	0.0	0.0	0.0	0.0
mitochondrial_disease	ENSG00000185875	ensembl_gene	THNSL1	1	3.0	mitocarta_human	gold	functional_localization	gold	contextual_biology	adapter_gene_id_resolved	0.0	0.0	0.0	0.0	0.0	0.0	0.0
mitochondrial_disease	ENSG00000134809	ensembl_gene	TIMM10	1	3.0	mitocarta_human	gold	functional_localization	gold	contextual_biology	adapter_gene_id_resolved	0.0	0.0	0.0	0.0	0.0	0.0	0.0
mitochondrial_disease	ENSG00000132286	ensembl_gene	TIMM10B	1	3.0	mitocarta_human	gold	functional_localization	gold	contextual_biology	adapter_gene_id_resolved	0.0	0.0	0.0	0.0	0.0	0.0	0.0
mitochondrial_disease	ENSG00000099800	ensembl_gene	TIMM13	1	3.0	mitocarta_human	gold	functional_localization	gold	contextual_biology	adapter_gene_id_resolved	0.0	0.0	0.0	0.0	0.0	0.0	0.0
mitochondrial_disease	ENSG00000134375	ensembl_gene	TIMM17A	1	3.0	mitocarta_human	gold	functional_localization	gold	contextual_biology	adapter_gene_id_resolved	0.0	0.0	0.0	0.0	0.0	0.0	0.0
mitochondrial_disease	ENSG00000126768	ensembl_gene	TIMM17B	1	3.0	mitocarta_human	gold	functional_localization	gold	contextual_biology	adapter_gene_id_resolved	0.0	0.0	0.0	0.0	0.0	0.0	0.0
mitochondrial_disease	ENSG00000075336	ensembl_gene	TIMM21	1	3.0	mitocarta_human	gold	functional_localization	gold	contextual_biology	adapter_gene_id_resolved	0.0	0.0	0.0	0.0	0.0	0.0	0.0
mitochondrial_disease	ENSG00000177370|ENSG00000277649|ENSG00000278501	ensembl_gene	TIMM22	1	3.0	mitocarta_human	gold	functional_localization	gold	contextual_biology	adapter_gene_id_resolved	0.0	0.0	0.0	0.0	0.0	0.0	0.0
mitochondrial_disease	ENSG00000265354	ensembl_gene	TIMM23	1	3.0	mitocarta_human	gold	functional_localization	gold	contextual_biology	adapter_gene_id_resolved	0.0	0.0	0.0	0.0	0.0	0.0	0.0
mitochondrial_disease	ENSG00000142444	ensembl_gene	TIMM29	1	3.0	mitocarta_human	gold	functional_localization	gold	contextual_biology	adapter_gene_id_resolved	0.0	0.0	0.0	0.0	0.0	0.0	0.0
mitochondrial_disease	ENSG00000104980	ensembl_gene	TIMM44	1	3.0	mitocarta_human	gold	functional_localization	gold	contextual_biology	adapter_gene_id_resolved	0.0	0.0	0.0	0.0	0.0	0.0	0.0
mitochondrial_disease	ENSG00000105197	ensembl_gene	TIMM50	1	3.0	mitocarta_human	gold	functional_localization	gold	contextual_biology	adapter_gene_id_resolved	0.0	0.0	0.0	0.0	0.0	0.0	0.0
mitochondrial_disease	ENSG00000126953	ensembl_gene	TIMM8A	1	3.0	mitocarta_human	gold	functional_localization	gold	contextual_biology	adapter_gene_id_resolved	0.0	0.0	0.0	0.0	0.0	0.0	0.0
mitochondrial_disease	ENSG00000150779	ensembl_gene	TIMM8B	1	3.0	mitocarta_human	gold	functional_localization	gold	contextual_biology	adapter_gene_id_resolved	0.0	0.0	0.0	0.0	0.0	0.0	0.0
mitochondrial_disease	ENSG00000100575	ensembl_gene	TIMM9	1	3.0	mitocarta_human	gold	functional_localization	gold	contextual_biology	adapter_gene_id_resolved	0.0	0.0	0.0	0.0	0.0	0.0	0.0
mitochondrial_disease	ENSG00000113845	ensembl_gene	TIMMDC1	1	3.0	mitocarta_human	gold	functional_localization	gold	contextual_biology	adapter_gene_id_resolved	0.0	0.0	0.0	0.0	0.0	0.0	0.0
mitochondrial_disease	ENSG00000166548	ensembl_gene	TK2	1	3.0	mitocarta_human	gold	functional_localization	gold	contextual_biology	adapter_gene_id_resolved	0.0	0.0	0.0	0.0	0.0	0.0	0.0
mitochondrial_disease	ENSG00000178307	ensembl_gene	TMEM11	1	3.0	mitocarta_human	gold	functional_localization	gold	contextual_biology	adapter_gene_id_resolved	0.0	0.0	0.0	0.0	0.0	0.0	0.0
mitochondrial_disease	ENSG00000171202	ensembl_gene	TMEM126A	1	3.0	mitocarta_human	gold	functional_localization	gold	contextual_biology	adapter_gene_id_resolved	0.0	0.0	0.0	0.0	0.0	0.0	0.0
mitochondrial_disease	ENSG00000171204	ensembl_gene	TMEM126B	1	3.0	mitocarta_human	gold	functional_localization	gold	contextual_biology	adapter_gene_id_resolved	0.0	0.0	0.0	0.0	0.0	0.0	0.0
mitochondrial_disease	ENSG00000161558	ensembl_gene	TMEM143	1	3.0	mitocarta_human	gold	functional_localization	gold	contextual_biology	adapter_gene_id_resolved	0.0	0.0	0.0	0.0	0.0	0.0	0.0
mitochondrial_disease	ENSG00000111843|ENSG00000284936	ensembl_gene	TMEM14C	1	3.0	mitocarta_human	gold	functional_localization	gold	contextual_biology	adapter_gene_id_resolved	0.0	0.0	0.0	0.0	0.0	0.0	0.0
mitochondrial_disease	ENSG00000144120	ensembl_gene	TMEM177	1	3.0	mitocarta_human	gold	functional_localization	gold	contextual_biology	adapter_gene_id_resolved	0.0	0.0	0.0	0.0	0.0	0.0	0.0
mitochondrial_disease	ENSG00000184857	ensembl_gene	TMEM186	1	3.0	mitocarta_human	gold	functional_localization	gold	contextual_biology	adapter_gene_id_resolved	0.0	0.0	0.0	0.0	0.0	0.0	0.0
mitochondrial_disease	ENSG00000105518	ensembl_gene	TMEM205	1	3.0	mitocarta_human	gold	functional_localization	gold	contextual_biology	adapter_gene_id_resolved	0.0	0.0	0.0	0.0	0.0	0.0	0.0
mitochondrial_disease	ENSG00000164983	ensembl_gene	TMEM65	1	3.0	mitocarta_human	gold	functional_localization	gold	contextual_biology	adapter_gene_id_resolved	0.0	0.0	0.0	0.0	0.0	0.0	0.0
mitochondrial_disease	ENSG00000175606	ensembl_gene	TMEM70	1	3.0	mitocarta_human	gold	functional_localization	gold	contextual_biology	adapter_gene_id_resolved	0.0	0.0	0.0	0.0	0.0	0.0	0.0
mitochondrial_disease	ENSG00000185973	ensembl_gene	TMLHE	1	3.0	mitocarta_human	gold	functional_localization	gold	contextual_biology	adapter_gene_id_resolved	0.0	0.0	0.0	0.0	0.0	0.0	0.0
mitochondrial_disease	ENSG00000173726	ensembl_gene	TOMM20	1	3.0	mitocarta_human	gold	functional_localization	gold	contextual_biology	adapter_gene_id_resolved	0.0	0.0	0.0	0.0	0.0	0.0	0.0
mitochondrial_disease	ENSG00000196860	ensembl_gene	TOMM20L	1	3.0	mitocarta_human	gold	functional_localization	gold	contextual_biology	adapter_gene_id_resolved	0.0	0.0	0.0	0.0	0.0	0.0	0.0
mitochondrial_disease	ENSG00000100216	ensembl_gene	TOMM22	1	3.0	mitocarta_human	gold	functional_localization	gold	contextual_biology	adapter_gene_id_resolved	0.0	0.0	0.0	0.0	0.0	0.0	0.0
mitochondrial_disease	ENSG00000025772	ensembl_gene	TOMM34	1	3.0	mitocarta_human	gold	functional_localization	gold	contextual_biology	adapter_gene_id_resolved	0.0	0.0	0.0	0.0	0.0	0.0	0.0
mitochondrial_disease	ENSG00000130204	ensembl_gene	TOMM40	1	3.0	mitocarta_human	gold	functional_localization	gold	contextual_biology	adapter_gene_id_resolved	0.0	0.0	0.0	0.0	0.0	0.0	0.0
mitochondrial_disease	ENSG00000158882	ensembl_gene	TOMM40L	1	3.0	mitocarta_human	gold	functional_localization	gold	contextual_biology	adapter_gene_id_resolved	0.0	0.0	0.0	0.0	0.0	0.0	0.0
mitochondrial_disease	ENSG00000175768	ensembl_gene	TOMM5	1	3.0	mitocarta_human	gold	functional_localization	gold	contextual_biology	adapter_gene_id_resolved	0.0	0.0	0.0	0.0	0.0	0.0	0.0
mitochondrial_disease	ENSG00000214736	ensembl_gene	TOMM6	1	3.0	mitocarta_human	gold	functional_localization	gold	contextual_biology	adapter_gene_id_resolved	0.0	0.0	0.0	0.0	0.0	0.0	0.0
mitochondrial_disease	ENSG00000196683	ensembl_gene	TOMM7	1	3.0	mitocarta_human	gold	functional_localization	gold	contextual_biology	adapter_gene_id_resolved	0.0	0.0	0.0	0.0	0.0	0.0	0.0
mitochondrial_disease	ENSG00000154174	ensembl_gene	TOMM70	1	3.0	mitocarta_human	gold	functional_localization	gold	contextual_biology	adapter_gene_id_resolved	0.0	0.0	0.0	0.0	0.0	0.0	0.0
mitochondrial_disease	ENSG00000184428	ensembl_gene	TOP1MT	1	3.0	mitocarta_human	gold	functional_localization	gold	contextual_biology	adapter_gene_id_resolved	0.0	0.0	0.0	0.0	0.0	0.0	0.0
mitochondrial_disease	ENSG00000177302|ENSG00000284238	ensembl_gene	TOP3A	1	3.0	mitocarta_human	gold	functional_localization	gold	contextual_biology	adapter_gene_id_resolved	0.0	0.0	0.0	0.0	0.0	0.0	0.0
mitochondrial_disease	ENSG00000126602	ensembl_gene	TRAP1	1	3.0	mitocarta_human	gold	functional_localization	gold	contextual_biology	adapter_gene_id_resolved	0.0	0.0	0.0	0.0	0.0	0.0	0.0
mitochondrial_disease	ENSG00000170855	ensembl_gene	TRIAP1	1	3.0	mitocarta_human	gold	functional_localization	gold	contextual_biology	adapter_gene_id_resolved	0.0	0.0	0.0	0.0	0.0	0.0	0.0
mitochondrial_disease	ENSG00000043514	ensembl_gene	TRIT1	1	3.0	mitocarta_human	gold	functional_localization	gold	contextual_biology	adapter_gene_id_resolved	0.0	0.0	0.0	0.0	0.0	0.0	0.0
mitochondrial_disease	ENSG00000104907	ensembl_gene	TRMT1	1	3.0	mitocarta_human	gold	functional_localization	gold	contextual_biology	adapter_gene_id_resolved	0.0	0.0	0.0	0.0	0.0	0.0	0.0
mitochondrial_disease	ENSG00000174173	ensembl_gene	TRMT10C	1	3.0	mitocarta_human	gold	functional_localization	gold	contextual_biology	adapter_gene_id_resolved	0.0	0.0	0.0	0.0	0.0	0.0	0.0
mitochondrial_disease	ENSG00000188917	ensembl_gene	TRMT2B	1	3.0	mitocarta_human	gold	functional_localization	gold	contextual_biology	adapter_gene_id_resolved	0.0	0.0	0.0	0.0	0.0	0.0	0.0
mitochondrial_disease	ENSG00000126814	ensembl_gene	TRMT5	1	3.0	mitocarta_human	gold	functional_localization	gold	contextual_biology	adapter_gene_id_resolved	0.0	0.0	0.0	0.0	0.0	0.0	0.0
mitochondrial_disease	ENSG00000171103	ensembl_gene	TRMT61B	1	3.0	mitocarta_human	gold	functional_localization	gold	contextual_biology	adapter_gene_id_resolved	0.0	0.0	0.0	0.0	0.0	0.0	0.0
mitochondrial_disease	ENSG00000100416	ensembl_gene	TRMU	1	3.0	mitocarta_human	gold	functional_localization	gold	contextual_biology	adapter_gene_id_resolved	0.0	0.0	0.0	0.0	0.0	0.0	0.0
mitochondrial_disease	ENSG00000072756	ensembl_gene	TRNT1	1	3.0	mitocarta_human	gold	functional_localization	gold	contextual_biology	adapter_gene_id_resolved	0.0	0.0	0.0	0.0	0.0	0.0	0.0
mitochondrial_disease	ENSG00000167112	ensembl_gene	TRUB2	1	3.0	mitocarta_human	gold	functional_localization	gold	contextual_biology	adapter_gene_id_resolved	0.0	0.0	0.0	0.0	0.0	0.0	0.0
mitochondrial_disease	ENSG00000123297	ensembl_gene	TSFM	1	3.0	mitocarta_human	gold	functional_localization	gold	contextual_biology	adapter_gene_id_resolved	0.0	0.0	0.0	0.0	0.0	0.0	0.0
mitochondrial_disease	ENSG00000100300	ensembl_gene	TSPO	1	3.0	mitocarta_human	gold	functional_localization	gold	contextual_biology	adapter_gene_id_resolved	0.0	0.0	0.0	0.0	0.0	0.0	0.0
mitochondrial_disease	ENSG00000128311	ensembl_gene	TST	1	3.0	mitocarta_human	gold	functional_localization	gold	contextual_biology	adapter_gene_id_resolved	0.0	0.0	0.0	0.0	0.0	0.0	0.0
mitochondrial_disease	ENSG00000215845	ensembl_gene	TSTD1	1	3.0	mitocarta_human	gold	functional_localization	gold	contextual_biology	adapter_gene_id_resolved	0.0	0.0	0.0	0.0	0.0	0.0	0.0
mitochondrial_disease	ENSG00000279170	ensembl_gene	TSTD3	1	3.0	mitocarta_human	gold	functional_localization	gold	contextual_biology	adapter_gene_id_resolved	0.0	0.0	0.0	0.0	0.0	0.0	0.0
mitochondrial_disease	ENSG00000011295	ensembl_gene	TTC19	1	3.0	mitocarta_human	gold	functional_localization	gold	contextual_biology	adapter_gene_id_resolved	0.0	0.0	0.0	0.0	0.0	0.0	0.0
mitochondrial_disease	ENSG00000178952	ensembl_gene	TUFM	1	3.0	mitocarta_human	gold	functional_localization	gold	contextual_biology	adapter_gene_id_resolved	0.0	0.0	0.0	0.0	0.0	0.0	0.0
mitochondrial_disease	ENSG00000100348	ensembl_gene	TXN2	1	3.0	mitocarta_human	gold	functional_localization	gold	contextual_biology	adapter_gene_id_resolved	0.0	0.0	0.0	0.0	0.0	0.0	0.0
mitochondrial_disease	ENSG00000198431	ensembl_gene	TXNRD1	1	3.0	mitocarta_human	gold	functional_localization	gold	contextual_biology	adapter_gene_id_resolved	0.0	0.0	0.0	0.0	0.0	0.0	0.0
mitochondrial_disease	ENSG00000184470	ensembl_gene	TXNRD2	1	3.0	mitocarta_human	gold	functional_localization	gold	contextual_biology	adapter_gene_id_resolved	0.0	0.0	0.0	0.0	0.0	0.0	0.0
mitochondrial_disease	ENSG00000109424	ensembl_gene	UCP1	1	3.0	mitocarta_human	gold	functional_localization	gold	contextual_biology	adapter_gene_id_resolved	0.0	0.0	0.0	0.0	0.0	0.0	0.0
mitochondrial_disease	ENSG00000175567	ensembl_gene	UCP2	1	3.0	mitocarta_human	gold	functional_localization	gold	contextual_biology	adapter_gene_id_resolved	0.0	0.0	0.0	0.0	0.0	0.0	0.0
mitochondrial_disease	ENSG00000175564	ensembl_gene	UCP3	1	3.0	mitocarta_human	gold	functional_localization	gold	contextual_biology	adapter_gene_id_resolved	0.0	0.0	0.0	0.0	0.0	0.0	0.0
mitochondrial_disease	ENSG00000076248	ensembl_gene	UNG	1	3.0	mitocarta_human	gold	functional_localization	gold	contextual_biology	adapter_gene_id_resolved	0.0	0.0	0.0	0.0	0.0	0.0	0.0
mitochondrial_disease	ENSG00000101019	ensembl_gene	UQCC1	1	3.0	mitocarta_human	gold	functional_localization	gold	contextual_biology	adapter_gene_id_resolved	0.0	0.0	0.0	0.0	0.0	0.0	0.0
mitochondrial_disease	ENSG00000137288	ensembl_gene	UQCC2	1	3.0	mitocarta_human	gold	functional_localization	gold	contextual_biology	adapter_gene_id_resolved	0.0	0.0	0.0	0.0	0.0	0.0	0.0
mitochondrial_disease	ENSG00000204922	ensembl_gene	UQCC3	1	3.0	mitocarta_human	gold	functional_localization	gold	contextual_biology	adapter_gene_id_resolved	0.0	0.0	0.0	0.0	0.0	0.0	0.0
mitochondrial_disease	ENSG00000184076	ensembl_gene	UQCR10	1	3.0	mitocarta_human	gold	functional_localization	gold	contextual_biology	adapter_gene_id_resolved	0.0	0.0	0.0	0.0	0.0	0.0	0.0
mitochondrial_disease	ENSG00000127540	ensembl_gene	UQCR11	1	3.0	mitocarta_human	gold	functional_localization	gold	contextual_biology	adapter_gene_id_resolved	0.0	0.0	0.0	0.0	0.0	0.0	0.0
mitochondrial_disease	ENSG00000156467	ensembl_gene	UQCRB	1	3.0	mitocarta_human	gold	functional_localization	gold	contextual_biology	adapter_gene_id_resolved	0.0	0.0	0.0	0.0	0.0	0.0	0.0
mitochondrial_disease	ENSG00000010256	ensembl_gene	UQCRC1	1	3.0	mitocarta_human	gold	functional_localization	gold	contextual_biology	adapter_gene_id_resolved	0.0	0.0	0.0	0.0	0.0	0.0	0.0
mitochondrial_disease	ENSG00000140740	ensembl_gene	UQCRC2	1	3.0	mitocarta_human	gold	functional_localization	gold	contextual_biology	adapter_gene_id_resolved	0.0	0.0	0.0	0.0	0.0	0.0	0.0
mitochondrial_disease	ENSG00000169021	ensembl_gene	UQCRFS1	1	3.0	mitocarta_human	gold	functional_localization	gold	contextual_biology	adapter_gene_id_resolved	0.0	0.0	0.0	0.0	0.0	0.0	0.0
mitochondrial_disease	ENSG00000173660	ensembl_gene	UQCRH	1	3.0	mitocarta_human	gold	functional_localization	gold	contextual_biology	adapter_gene_id_resolved	0.0	0.0	0.0	0.0	0.0	0.0	0.0
mitochondrial_disease	ENSG00000164405	ensembl_gene	UQCRQ	1	3.0	mitocarta_human	gold	functional_localization	gold	contextual_biology	adapter_gene_id_resolved	0.0	0.0	0.0	0.0	0.0	0.0	0.0
mitochondrial_disease	ENSG00000135093	ensembl_gene	USP30	1	3.0	mitocarta_human	gold	functional_localization	gold	contextual_biology	adapter_gene_id_resolved	0.0	0.0	0.0	0.0	0.0	0.0	0.0
mitochondrial_disease	ENSG00000137411|ENSG00000206476|ENSG00000223494|ENSG00000230985|ENSG00000234032|ENSG00000236178	ensembl_gene	VARS2	1	3.0	mitocarta_human	gold	functional_localization	gold	contextual_biology	adapter_gene_id_resolved	0.0	0.0	0.0	0.0	0.0	0.0	0.0
mitochondrial_disease	ENSG00000213585	ensembl_gene	VDAC1	1	3.0	mitocarta_human	gold	functional_localization	gold	contextual_biology	adapter_gene_id_resolved	0.0	0.0	0.0	0.0	0.0	0.0	0.0
mitochondrial_disease	ENSG00000165637	ensembl_gene	VDAC2	1	3.0	mitocarta_human	gold	functional_localization	gold	contextual_biology	adapter_gene_id_resolved	0.0	0.0	0.0	0.0	0.0	0.0	0.0
mitochondrial_disease	ENSG00000078668	ensembl_gene	VDAC3	1	3.0	mitocarta_human	gold	functional_localization	gold	contextual_biology	adapter_gene_id_resolved	0.0	0.0	0.0	0.0	0.0	0.0	0.0
mitochondrial_disease	ENSG00000048707	ensembl_gene	VPS13D	1	3.0	mitocarta_human	gold	functional_localization	gold	contextual_biology	adapter_gene_id_resolved	0.0	0.0	0.0	0.0	0.0	0.0	0.0
mitochondrial_disease	ENSG00000102763	ensembl_gene	VWA8	1	3.0	mitocarta_human	gold	functional_localization	gold	contextual_biology	adapter_gene_id_resolved	0.0	0.0	0.0	0.0	0.0	0.0	0.0
mitochondrial_disease	ENSG00000116874	ensembl_gene	WARS2	1	3.0	mitocarta_human	gold	functional_localization	gold	contextual_biology	adapter_gene_id_resolved	0.0	0.0	0.0	0.0	0.0	0.0	0.0
mitochondrial_disease	ENSG00000196236	ensembl_gene	XPNPEP3	1	3.0	mitocarta_human	gold	functional_localization	gold	contextual_biology	adapter_gene_id_resolved	0.0	0.0	0.0	0.0	0.0	0.0	0.0
mitochondrial_disease	ENSG00000139131	ensembl_gene	YARS2	1	3.0	mitocarta_human	gold	functional_localization	gold	contextual_biology	adapter_gene_id_resolved	0.0	0.0	0.0	0.0	0.0	0.0	0.0
mitochondrial_disease	ENSG00000182362	ensembl_gene	YBEY	1	3.0	mitocarta_human	gold	functional_localization	gold	contextual_biology	adapter_gene_id_resolved	0.0	0.0	0.0	0.0	0.0	0.0	0.0
mitochondrial_disease	ENSG00000136758	ensembl_gene	YME1L1	1	3.0	mitocarta_human	gold	functional_localization	gold	contextual_biology	adapter_gene_id_resolved	0.0	0.0	0.0	0.0	0.0	0.0	0.0
mitochondrial_disease	ENSG00000196449	ensembl_gene	YRDC	1	3.0	mitocarta_human	gold	functional_localization	gold	contextual_biology	adapter_gene_id_resolved	0.0	0.0	0.0	0.0	0.0	0.0	0.0
mitochondrial_disease	ENSG00000180011	ensembl_gene	ZADH2	1	3.0	mitocarta_human	gold	functional_localization	gold	contextual_biology	adapter_gene_id_resolved	0.0	0.0	0.0	0.0	0.0	0.0	0.0
mitochondrial_disease	144568	ncbi_gene	A2ML1	1	2.0	gtr_mitochondrial_gene_summary	silver	clinical_utilization	silver	clinical_utilization	adapter_gene_id_resolved	0.0	1.0	0.0	2.0	0.0	0.0	0.0
mitochondrial_disease	8086	ncbi_gene	AAAS	1	2.0	gtr_mitochondrial_gene_summary	silver	clinical_utilization	silver	clinical_utilization	adapter_gene_id_resolved	0.0	0.0	0.0	7.0	0.0	0.0	0.0
mitochondrial_disease	16	ncbi_gene	AARS1	1	2.0	gtr_mitochondrial_gene_summary	silver	clinical_utilization	silver	clinical_utilization	adapter_gene_id_resolved	0.0	0.0	1.0	2.0	0.0	0.0	0.0
mitochondrial_disease	57505	ncbi_gene	AARS2	1	2.0	gtr_mitochondrial_gene_summary	silver	clinical_utilization	silver	clinical_utilization	adapter_gene_id_resolved	13.0	5.0	6.0	15.0	0.0	0.0	0.0
mitochondrial_disease	10157	ncbi_gene	AASS	1	2.0	gtr_mitochondrial_gene_summary	silver	clinical_utilization	silver	clinical_utilization	adapter_gene_id_resolved	0.0	0.0	0.0	1.0	0.0	0.0	0.0
mitochondrial_disease	18	ncbi_gene	ABAT	1	2.0	gtr_mitochondrial_gene_summary	silver	clinical_utilization	silver	clinical_utilization	adapter_gene_id_resolved	0.0	0.0	0.0	3.0	0.0	0.0	0.0
mitochondrial_disease	19	ncbi_gene	ABCA1	1	2.0	gtr_mitochondrial_gene_summary	silver	clinical_utilization	silver	clinical_utilization	adapter_gene_id_resolved	0.0	0.0	0.0	4.0	0.0	0.0	0.0
mitochondrial_disease	26154	ncbi_gene	ABCA12	1	2.0	gtr_mitochondrial_gene_summary	silver	clinical_utilization	silver	clinical_utilization	adapter_gene_id_resolved	0.0	0.0	0.0	6.0	0.0	0.0	0.0
mitochondrial_disease	21	ncbi_gene	ABCA3	1	2.0	gtr_mitochondrial_gene_summary	silver	clinical_utilization	silver	clinical_utilization	adapter_gene_id_resolved	0.0	0.0	0.0	8.0	0.0	0.0	0.0
mitochondrial_disease	8647	ncbi_gene	ABCB11	1	2.0	gtr_mitochondrial_gene_summary	silver	clinical_utilization	silver	clinical_utilization	adapter_gene_id_resolved	0.0	0.0	0.0	7.0	0.0	0.0	0.0
mitochondrial_disease	5244	ncbi_gene	ABCB4	1	2.0	gtr_mitochondrial_gene_summary	silver	clinical_utilization	silver	clinical_utilization	adapter_gene_id_resolved	0.0	0.0	0.0	7.0	0.0	0.0	0.0
mitochondrial_disease	22	ncbi_gene	ABCB7	1	2.0	gtr_mitochondrial_gene_summary	silver	clinical_utilization	silver	clinical_utilization	adapter_gene_id_resolved	0.0	1.0	0.0	7.0	0.0	0.0	0.0
mitochondrial_disease	368	ncbi_gene	ABCC6	1	2.0	gtr_mitochondrial_gene_summary	silver	clinical_utilization	silver	clinical_utilization	adapter_gene_id_resolved	0.0	0.0	0.0	2.0	0.0	0.0	0.0
mitochondrial_disease	6833	ncbi_gene	ABCC8	1	2.0	gtr_mitochondrial_gene_summary	silver	clinical_utilization	silver	clinical_utilization	adapter_gene_id_resolved	0.0	0.0	0.0	12.0	0.0	0.0	0.0
mitochondrial_disease	10060	ncbi_gene	ABCC9	1	2.0	gtr_mitochondrial_gene_summary	silver	clinical_utilization	silver	clinical_utilization	adapter_gene_id_resolved	0.0	0.0	3.0	4.0	0.0	0.0	0.0
mitochondrial_disease	215	ncbi_gene	ABCD1	1	2.0	gtr_mitochondrial_gene_summary	silver	clinical_utilization	silver	clinical_utilization	adapter_gene_id_resolved	0.0	0.0	4.0	15.0	0.0	0.0	0.0
mitochondrial_disease	225	ncbi_gene	ABCD2	1	2.0	gtr_mitochondrial_gene_summary	silver	clinical_utilization	silver	clinical_utilization	adapter_gene_id_resolved	0.0	0.0	1.0	0.0	0.0	0.0	0.0
mitochondrial_disease	5825	ncbi_gene	ABCD3	1	2.0	gtr_mitochondrial_gene_summary	silver	clinical_utilization	silver	clinical_utilization	adapter_gene_id_resolved	0.0	0.0	1.0	1.0	0.0	0.0	0.0
mitochondrial_disease	5826	ncbi_gene	ABCD4	1	2.0	gtr_mitochondrial_gene_summary	silver	clinical_utilization	silver	clinical_utilization	adapter_gene_id_resolved	0.0	0.0	0.0	10.0	0.0	0.0	0.0
mitochondrial_disease	64240	ncbi_gene	ABCG5	1	2.0	gtr_mitochondrial_gene_summary	silver	clinical_utilization	silver	clinical_utilization	adapter_gene_id_resolved	0.0	0.0	0.0	2.0	0.0	0.0	0.0
mitochondrial_disease	64241	ncbi_gene	ABCG8	1	2.0	gtr_mitochondrial_gene_summary	silver	clinical_utilization	silver	clinical_utilization	adapter_gene_id_resolved	0.0	0.0	0.0	2.0	0.0	0.0	0.0
mitochondrial_disease	26090	ncbi_gene	ABHD12	1	2.0	gtr_mitochondrial_gene_summary	silver	clinical_utilization	silver	clinical_utilization	adapter_gene_id_resolved	0.0	1.0	0.0	4.0	0.0	0.0	0.0
mitochondrial_disease	51099	ncbi_gene	ABHD5	1	2.0	gtr_mitochondrial_gene_summary	silver	clinical_utilization	silver	clinical_utilization	adapter_gene_id_resolved	0.0	1.0	0.0	3.0	0.0	0.0	0.0
mitochondrial_disease	31	ncbi_gene	ACACA	1	2.0	gtr_mitochondrial_gene_summary	silver	clinical_utilization	silver	clinical_utilization	adapter_gene_id_resolved	0.0	0.0	0.0	3.0	0.0	0.0	0.0
mitochondrial_disease	32	ncbi_gene	ACACB	1	2.0	gtr_mitochondrial_gene_summary	silver	clinical_utilization	silver	clinical_utilization	adapter_gene_id_resolved	0.0	0.0	0.0	3.0	0.0	0.0	0.0
mitochondrial_disease	27034	ncbi_gene	ACAD8	1	2.0	gtr_mitochondrial_gene_summary	silver	clinical_utilization	silver	clinical_utilization	adapter_gene_id_resolved	0.0	1.0	0.0	2.0	0.0	0.0	0.0
mitochondrial_disease	28976	ncbi_gene	ACAD9	1	2.0	gtr_mitochondrial_gene_summary	silver	clinical_utilization	silver	clinical_utilization	adapter_gene_id_resolved	21.0	25.0	18.0	22.0	0.0	0.0	0.0
mitochondrial_disease	33	ncbi_gene	ACADL	1	2.0	gtr_mitochondrial_gene_summary	silver	clinical_utilization	silver	clinical_utilization	adapter_gene_id_resolved	0.0	1.0	1.0	3.0	0.0	0.0	0.0
mitochondrial_disease	34	ncbi_gene	ACADM	1	2.0	gtr_mitochondrial_gene_summary	silver	clinical_utilization	silver	clinical_utilization	adapter_gene_id_resolved	0.0	5.0	0.0	15.0	0.0	0.0	0.0
mitochondrial_disease	35	ncbi_gene	ACADS	1	2.0	gtr_mitochondrial_gene_summary	silver	clinical_utilization	silver	clinical_utilization	adapter_gene_id_resolved	0.0	4.0	0.0	6.0	0.0	0.0	0.0
mitochondrial_disease	36	ncbi_gene	ACADSB	1	2.0	gtr_mitochondrial_gene_summary	silver	clinical_utilization	silver	clinical_utilization	adapter_gene_id_resolved	0.0	1.0	0.0	9.0	0.0	0.0	0.0
mitochondrial_disease	37	ncbi_gene	ACADVL	1	2.0	gtr_mitochondrial_gene_summary	silver	clinical_utilization	silver	clinical_utilization	adapter_gene_id_resolved	0.0	5.0	0.0	14.0	0.0	0.0	0.0
mitochondrial_disease	38	ncbi_gene	ACAT1	1	2.0	gtr_mitochondrial_gene_summary	silver	clinical_utilization	silver	clinical_utilization	adapter_gene_id_resolved	30.0	24.0	5.0	19.0	0.0	0.0	0.0
mitochondrial_disease	1636	ncbi_gene	ACE	1	2.0	gtr_mitochondrial_gene_summary	silver	clinical_utilization	silver	clinical_utilization	adapter_gene_id_resolved	0.0	0.0	0.0	1.0	0.0	0.0	0.0
mitochondrial_disease	2532	ncbi_gene	ACKR1	1	2.0	gtr_mitochondrial_gene_summary	silver	clinical_utilization	silver	clinical_utilization	adapter_gene_id_resolved	0.0	0.0	1.0	0.0	0.0	0.0	0.0
mitochondrial_disease	50	ncbi_gene	ACO2	1	2.0	gtr_mitochondrial_gene_summary	silver	clinical_utilization	silver	clinical_utilization	adapter_gene_id_resolved	0.0	0.0	1.0	5.0	0.0	0.0	0.0
mitochondrial_disease	51	ncbi_gene	ACOX1	1	2.0	gtr_mitochondrial_gene_summary	silver	clinical_utilization	silver	clinical_utilization	adapter_gene_id_resolved	0.0	0.0	1.0	11.0	0.0	0.0	0.0
mitochondrial_disease	8310	ncbi_gene	ACOX3	1	2.0	gtr_mitochondrial_gene_summary	silver	clinical_utilization	silver	clinical_utilization	adapter_gene_id_resolved	0.0	0.0	1.0	0.0	0.0	0.0	0.0
mitochondrial_disease	197322	ncbi_gene	ACSF3	1	2.0	gtr_mitochondrial_gene_summary	silver	clinical_utilization	silver	clinical_utilization	adapter_gene_id_resolved	0.0	0.0	0.0	9.0	0.0	0.0	0.0
mitochondrial_disease	2182	ncbi_gene	ACSL4	1	2.0	gtr_mitochondrial_gene_summary	silver	clinical_utilization	silver	clinical_utilization	adapter_gene_id_resolved	0.0	0.0	1.0	3.0	0.0	0.0	0.0
mitochondrial_disease	58	ncbi_gene	ACTA1	1	2.0	gtr_mitochondrial_gene_summary	silver	clinical_utilization	silver	clinical_utilization	adapter_gene_id_resolved	0.0	0.0	2.0	0.0	0.0	0.0	0.0
mitochondrial_disease	59	ncbi_gene	ACTA2	1	2.0	gtr_mitochondrial_gene_summary	silver	clinical_utilization	silver	clinical_utilization	adapter_gene_id_resolved	0.0	0.0	0.0	2.0	0.0	0.0	0.0
mitochondrial_disease	60	ncbi_gene	ACTB	1	2.0	gtr_mitochondrial_gene_summary	silver	clinical_utilization	silver	clinical_utilization	adapter_gene_id_resolved	0.0	0.0	1.0	3.0	0.0	0.0	0.0
mitochondrial_disease	70	ncbi_gene	ACTC1	1	2.0	gtr_mitochondrial_gene_summary	silver	clinical_utilization	silver	clinical_utilization	adapter_gene_id_resolved	0.0	1.0	3.0	2.0	0.0	0.0	0.0
mitochondrial_disease	71	ncbi_gene	ACTG1	1	2.0	gtr_mitochondrial_gene_summary	silver	clinical_utilization	silver	clinical_utilization	adapter_gene_id_resolved	0.0	0.0	0.0	4.0	0.0	0.0	0.0
mitochondrial_disease	72	ncbi_gene	ACTG2	1	2.0	gtr_mitochondrial_gene_summary	silver	clinical_utilization	silver	clinical_utilization	adapter_gene_id_resolved	0.0	0.0	0.0	2.0	0.0	0.0	0.0
mitochondrial_disease	88	ncbi_gene	ACTN2	1	2.0	gtr_mitochondrial_gene_summary	silver	clinical_utilization	silver	clinical_utilization	adapter_gene_id_resolved	0.0	1.0	3.0	2.0	0.0	0.0	0.0
mitochondrial_disease	90	ncbi_gene	ACVR1	1	2.0	gtr_mitochondrial_gene_summary	silver	clinical_utilization	silver	clinical_utilization	adapter_gene_id_resolved	0.0	0.0	1.0	1.0	0.0	0.0	0.0
mitochondrial_disease	94	ncbi_gene	ACVRL1	1	2.0	gtr_mitochondrial_gene_summary	silver	clinical_utilization	silver	clinical_utilization	adapter_gene_id_resolved	0.0	0.0	0.0	1.0	0.0	0.0	0.0
mitochondrial_disease	95	ncbi_gene	ACY1	1	2.0	gtr_mitochondrial_gene_summary	silver	clinical_utilization	silver	clinical_utilization	adapter_gene_id_resolved	0.0	0.0	0.0	3.0	0.0	0.0	0.0
mitochondrial_disease	100	ncbi_gene	ADA	1	2.0	gtr_mitochondrial_gene_summary	silver	clinical_utilization	silver	clinical_utilization	adapter_gene_id_resolved	0.0	0.0	0.0	9.0	0.0	0.0	0.0
mitochondrial_disease	51816	ncbi_gene	ADA2	1	2.0	gtr_mitochondrial_gene_summary	silver	clinical_utilization	silver	clinical_utilization	adapter_gene_id_resolved	0.0	0.0	0.0	1.0	0.0	0.0	0.0
mitochondrial_disease	6868	ncbi_gene	ADAM17	1	2.0	gtr_mitochondrial_gene_summary	silver	clinical_utilization	silver	clinical_utilization	adapter_gene_id_resolved	0.0	0.0	0.0	1.0	0.0	0.0	0.0
mitochondrial_disease	170691	ncbi_gene	ADAMTS17	1	2.0	gtr_mitochondrial_gene_summary	silver	clinical_utilization	silver	clinical_utilization	adapter_gene_id_resolved	0.0	0.0	1.0	0.0	0.0	0.0	0.0
mitochondrial_disease	9509	ncbi_gene	ADAMTS2	1	2.0	gtr_mitochondrial_gene_summary	silver	clinical_utilization	silver	clinical_utilization	adapter_gene_id_resolved	0.0	0.0	0.0	8.0	0.0	0.0	0.0
mitochondrial_disease	9719	ncbi_gene	ADAMTSL2	1	2.0	gtr_mitochondrial_gene_summary	silver	clinical_utilization	silver	clinical_utilization	adapter_gene_id_resolved	0.0	0.0	0.0	2.0	0.0	0.0	0.0
mitochondrial_disease	103	ncbi_gene	ADAR	1	2.0	gtr_mitochondrial_gene_summary	silver	clinical_utilization	silver	clinical_utilization	adapter_gene_id_resolved	0.0	0.0	4.0	4.0	0.0	0.0	0.0
mitochondrial_disease	111	ncbi_gene	ADCY5	1	2.0	gtr_mitochondrial_gene_summary	silver	clinical_utilization	silver	clinical_utilization	adapter_gene_id_resolved	0.0	0.0	0.0	1.0	0.0	0.0	0.0
mitochondrial_disease	120	ncbi_gene	ADD3	1	2.0	gtr_mitochondrial_gene_summary	silver	clinical_utilization	silver	clinical_utilization	adapter_gene_id_resolved	0.0	0.0	0.0	2.0	0.0	0.0	0.0
mitochondrial_disease	166647	ncbi_gene	ADGRA3	1	2.0	gtr_mitochondrial_gene_summary	silver	clinical_utilization	silver	clinical_utilization	adapter_gene_id_resolved	0.0	1.0	0.0	0.0	0.0	0.0	0.0
mitochondrial_disease	9289	ncbi_gene	ADGRG1	1	2.0	gtr_mitochondrial_gene_summary	silver	clinical_utilization	silver	clinical_utilization	adapter_gene_id_resolved	0.0	0.0	0.0	8.0	0.0	0.0	0.0
mitochondrial_disease	84059	ncbi_gene	ADGRV1	1	2.0	gtr_mitochondrial_gene_summary	silver	clinical_utilization	silver	clinical_utilization	adapter_gene_id_resolved	0.0	0.0	0.0	9.0	0.0	0.0	0.0
mitochondrial_disease	9370	ncbi_gene	ADIPOQ	1	2.0	gtr_mitochondrial_gene_summary	silver	clinical_utilization	silver	clinical_utilization	adapter_gene_id_resolved	0.0	0.0	0.0	1.0	0.0	0.0	0.0
mitochondrial_disease	51094	ncbi_gene	ADIPOR1	1	2.0	gtr_mitochondrial_gene_summary	silver	clinical_utilization	silver	clinical_utilization	adapter_gene_id_resolved	0.0	1.0	0.0	1.0	0.0	0.0	0.0
mitochondrial_disease	79602	ncbi_gene	ADIPOR2	1	2.0	gtr_mitochondrial_gene_summary	silver	clinical_utilization	silver	clinical_utilization	adapter_gene_id_resolved	0.0	0.0	0.0	1.0	0.0	0.0	0.0
mitochondrial_disease	132	ncbi_gene	ADK	1	2.0	gtr_mitochondrial_gene_summary	silver	clinical_utilization	silver	clinical_utilization	adapter_gene_id_resolved	0.0	0.0	0.0	2.0	0.0	0.0	0.0
mitochondrial_disease	23394	ncbi_gene	ADNP	1	2.0	gtr_mitochondrial_gene_summary	silver	clinical_utilization	silver	clinical_utilization	adapter_gene_id_resolved	0.0	0.0	0.0	2.0	0.0	0.0	0.0
mitochondrial_disease	151	ncbi_gene	ADRA2B	1	2.0	gtr_mitochondrial_gene_summary	silver	clinical_utilization	silver	clinical_utilization	adapter_gene_id_resolved	0.0	0.0	0.0	1.0	0.0	0.0	0.0
mitochondrial_disease	158	ncbi_gene	ADSL	1	2.0	gtr_mitochondrial_gene_summary	silver	clinical_utilization	silver	clinical_utilization	adapter_gene_id_resolved	0.0	0.0	1.0	2.0	0.0	0.0	0.0
mitochondrial_disease	60312	ncbi_gene	AFAP1	1	2.0	gtr_mitochondrial_gene_summary	silver	clinical_utilization	silver	clinical_utilization	adapter_gene_id_resolved	0.0	0.0	0.0	1.0	0.0	0.0	0.0
mitochondrial_disease	2334	ncbi_gene	AFF2	1	2.0	gtr_mitochondrial_gene_summary	silver	clinical_utilization	silver	clinical_utilization	adapter_gene_id_resolved	0.0	0.0	0.0	2.0	0.0	0.0	0.0
mitochondrial_disease	27125	ncbi_gene	AFF4	1	2.0	gtr_mitochondrial_gene_summary	silver	clinical_utilization	silver	clinical_utilization	adapter_gene_id_resolved	0.0	0.0	0.0	1.0	0.0	0.0	0.0
mitochondrial_disease	166378	ncbi_gene	AFG2A	1	2.0	gtr_mitochondrial_gene_summary	silver	clinical_utilization	silver	clinical_utilization	adapter_gene_id_resolved	0.0	0.0	0.0	3.0	0.0	0.0	0.0
mitochondrial_disease	10939	ncbi_gene	AFG3L2	1	2.0	gtr_mitochondrial_gene_summary	silver	clinical_utilization	silver	clinical_utilization	adapter_gene_id_resolved	0.0	1.0	0.0	8.0	0.0	0.0	0.0
mitochondrial_disease	175	ncbi_gene	AGA	1	2.0	gtr_mitochondrial_gene_summary	silver	clinical_utilization	silver	clinical_utilization	adapter_gene_id_resolved	0.0	0.0	0.0	12.0	0.0	0.0	0.0
mitochondrial_disease	116987	ncbi_gene	AGAP1	1	2.0	gtr_mitochondrial_gene_summary	silver	clinical_utilization	silver	clinical_utilization	adapter_gene_id_resolved	0.0	1.0	0.0	0.0	0.0	0.0	0.0
mitochondrial_disease	55750	ncbi_gene	AGK	1	2.0	gtr_mitochondrial_gene_summary	silver	clinical_utilization	silver	clinical_utilization	adapter_gene_id_resolved	11.0	11.0	9.0	12.0	0.0	0.0	0.0
mitochondrial_disease	178	ncbi_gene	AGL	1	2.0	gtr_mitochondrial_gene_summary	silver	clinical_utilization	silver	clinical_utilization	adapter_gene_id_resolved	0.0	1.0	0.0	14.0	0.0	0.0	0.0
mitochondrial_disease	10554	ncbi_gene	AGPAT1	1	2.0	gtr_mitochondrial_gene_summary	silver	clinical_utilization	silver	clinical_utilization	adapter_gene_id_resolved	0.0	0.0	0.0	1.0	0.0	0.0	0.0
mitochondrial_disease	10555	ncbi_gene	AGPAT2	1	2.0	gtr_mitochondrial_gene_summary	silver	clinical_utilization	silver	clinical_utilization	adapter_gene_id_resolved	0.0	0.0	0.0	7.0	0.0	0.0	0.0
mitochondrial_disease	8540	ncbi_gene	AGPS	1	2.0	gtr_mitochondrial_gene_summary	silver	clinical_utilization	silver	clinical_utilization	adapter_gene_id_resolved	0.0	0.0	1.0	8.0	0.0	0.0	0.0
mitochondrial_disease	375790	ncbi_gene	AGRN	1	2.0	gtr_mitochondrial_gene_summary	silver	clinical_utilization	silver	clinical_utilization	adapter_gene_id_resolved	0.0	0.0	1.0	1.0	0.0	0.0	0.0
mitochondrial_disease	186	ncbi_gene	AGTR2	1	2.0	gtr_mitochondrial_gene_summary	silver	clinical_utilization	silver	clinical_utilization	adapter_gene_id_resolved	0.0	0.0	1.0	3.0	0.0	0.0	0.0
mitochondrial_disease	189	ncbi_gene	AGXT	1	2.0	gtr_mitochondrial_gene_summary	silver	clinical_utilization	silver	clinical_utilization	adapter_gene_id_resolved	0.0	0.0	0.0	11.0	0.0	0.0	0.0
mitochondrial_disease	191	ncbi_gene	AHCY	1	2.0	gtr_mitochondrial_gene_summary	silver	clinical_utilization	silver	clinical_utilization	adapter_gene_id_resolved	0.0	0.0	0.0	1.0	0.0	0.0	0.0
mitochondrial_disease	54806	ncbi_gene	AHI1	1	2.0	gtr_mitochondrial_gene_summary	silver	clinical_utilization	silver	clinical_utilization	adapter_gene_id_resolved	0.0	0.0	0.0	9.0	0.0	0.0	0.0
mitochondrial_disease	57379	ncbi_gene	AICDA	1	2.0	gtr_mitochondrial_gene_summary	silver	clinical_utilization	silver	clinical_utilization	adapter_gene_id_resolved	0.0	0.0	0.0	6.0	0.0	0.0	0.0
mitochondrial_disease	9131	ncbi_gene	AIFM1	1	2.0	gtr_mitochondrial_gene_summary	silver	clinical_utilization	silver	clinical_utilization	adapter_gene_id_resolved	12.0	4.0	4.0	16.0	0.0	0.0	0.0
mitochondrial_disease	9255	ncbi_gene	AIMP1	1	2.0	gtr_mitochondrial_gene_summary	silver	clinical_utilization	silver	clinical_utilization	adapter_gene_id_resolved	0.0	0.0	2.0	4.0	0.0	0.0	0.0
mitochondrial_disease	9049	ncbi_gene	AIP	1	2.0	gtr_mitochondrial_gene_summary	silver	clinical_utilization	silver	clinical_utilization	adapter_gene_id_resolved	0.0	0.0	1.0	0.0	0.0	0.0	0.0
mitochondrial_disease	23746	ncbi_gene	AIPL1	1	2.0	gtr_mitochondrial_gene_summary	silver	clinical_utilization	silver	clinical_utilization	adapter_gene_id_resolved	0.0	0.0	0.0	6.0	0.0	0.0	0.0
mitochondrial_disease	326	ncbi_gene	AIRE	1	2.0	gtr_mitochondrial_gene_summary	silver	clinical_utilization	silver	clinical_utilization	adapter_gene_id_resolved	0.0	0.0	1.0	8.0	0.0	0.0	0.0
mitochondrial_disease	204	ncbi_gene	AK2	1	2.0	gtr_mitochondrial_gene_summary	silver	clinical_utilization	silver	clinical_utilization	adapter_gene_id_resolved	1.0	0.0	0.0	8.0	0.0	0.0	0.0
mitochondrial_disease	158798	ncbi_gene	AKAP14	1	2.0	gtr_mitochondrial_gene_summary	silver	clinical_utilization	silver	clinical_utilization	adapter_gene_id_resolved	0.0	0.0	0.0	1.0	0.0	0.0	0.0
mitochondrial_disease	10142	ncbi_gene	AKAP9	1	2.0	gtr_mitochondrial_gene_summary	silver	clinical_utilization	silver	clinical_utilization	adapter_gene_id_resolved	0.0	0.0	1.0	2.0	0.0	0.0	0.0
mitochondrial_disease	1645	ncbi_gene	AKR1C1	1	2.0	gtr_mitochondrial_gene_summary	silver	clinical_utilization	silver	clinical_utilization	adapter_gene_id_resolved	0.0	0.0	0.0	1.0	0.0	0.0	0.0
mitochondrial_disease	1646	ncbi_gene	AKR1C2	1	2.0	gtr_mitochondrial_gene_summary	silver	clinical_utilization	silver	clinical_utilization	adapter_gene_id_resolved	0.0	1.0	0.0	0.0	0.0	0.0	0.0
mitochondrial_disease	207	ncbi_gene	AKT1	1	2.0	gtr_mitochondrial_gene_summary	silver	clinical_utilization	silver	clinical_utilization	adapter_gene_id_resolved	0.0	0.0	0.0	3.0	0.0	0.0	0.0
mitochondrial_disease	208	ncbi_gene	AKT2	1	2.0	gtr_mitochondrial_gene_summary	silver	clinical_utilization	silver	clinical_utilization	adapter_gene_id_resolved	0.0	0.0	0.0	2.0	0.0	0.0	0.0
mitochondrial_disease	10000	ncbi_gene	AKT3	1	2.0	gtr_mitochondrial_gene_summary	silver	clinical_utilization	silver	clinical_utilization	adapter_gene_id_resolved	0.0	0.0	0.0	3.0	0.0	0.0	0.0
mitochondrial_disease	210	ncbi_gene	ALAD	1	2.0	gtr_mitochondrial_gene_summary	silver	clinical_utilization	silver	clinical_utilization	adapter_gene_id_resolved	0.0	0.0	0.0	1.0	0.0	0.0	0.0
mitochondrial_disease	212	ncbi_gene	ALAS2	1	2.0	gtr_mitochondrial_gene_summary	silver	clinical_utilization	silver	clinical_utilization	adapter_gene_id_resolved	0.0	0.0	0.0	3.0	0.0	0.0	0.0
mitochondrial_disease	5832	ncbi_gene	ALDH18A1	1	2.0	gtr_mitochondrial_gene_summary	silver	clinical_utilization	silver	clinical_utilization	adapter_gene_id_resolved	0.0	1.0	0.0	2.0	0.0	0.0	0.0
mitochondrial_disease	224	ncbi_gene	ALDH3A2	1	2.0	gtr_mitochondrial_gene_summary	silver	clinical_utilization	silver	clinical_utilization	adapter_gene_id_resolved	0.0	0.0	0.0	13.0	0.0	0.0	0.0
mitochondrial_disease	8659	ncbi_gene	ALDH4A1	1	2.0	gtr_mitochondrial_gene_summary	silver	clinical_utilization	silver	clinical_utilization	adapter_gene_id_resolved	0.0	0.0	0.0	2.0	0.0	0.0	0.0
mitochondrial_disease	7915	ncbi_gene	ALDH5A1	1	2.0	gtr_mitochondrial_gene_summary	silver	clinical_utilization	silver	clinical_utilization	adapter_gene_id_resolved	0.0	0.0	0.0	4.0	0.0	0.0	0.0
mitochondrial_disease	4329	ncbi_gene	ALDH6A1	1	2.0	gtr_mitochondrial_gene_summary	silver	clinical_utilization	silver	clinical_utilization	adapter_gene_id_resolved	0.0	0.0	0.0	1.0	0.0	0.0	0.0
mitochondrial_disease	501	ncbi_gene	ALDH7A1	1	2.0	gtr_mitochondrial_gene_summary	silver	clinical_utilization	silver	clinical_utilization	adapter_gene_id_resolved	0.0	2.0	2.0	11.0	0.0	0.0	0.0
mitochondrial_disease	226	ncbi_gene	ALDOA	1	2.0	gtr_mitochondrial_gene_summary	silver	clinical_utilization	silver	clinical_utilization	adapter_gene_id_resolved	0.0	0.0	0.0	2.0	0.0	0.0	0.0
mitochondrial_disease	229	ncbi_gene	ALDOB	1	2.0	gtr_mitochondrial_gene_summary	silver	clinical_utilization	silver	clinical_utilization	adapter_gene_id_resolved	0.0	0.0	0.0	11.0	0.0	0.0	0.0
mitochondrial_disease	56052	ncbi_gene	ALG1	1	2.0	gtr_mitochondrial_gene_summary	silver	clinical_utilization	silver	clinical_utilization	adapter_gene_id_resolved	0.0	0.0	0.0	10.0	0.0	0.0	0.0
mitochondrial_disease	440138	ncbi_gene	ALG11	1	2.0	gtr_mitochondrial_gene_summary	silver	clinical_utilization	silver	clinical_utilization	adapter_gene_id_resolved	0.0	0.0	0.0	3.0	0.0	0.0	0.0
mitochondrial_disease	79087	ncbi_gene	ALG12	1	2.0	gtr_mitochondrial_gene_summary	silver	clinical_utilization	silver	clinical_utilization	adapter_gene_id_resolved	0.0	0.0	0.0	3.0	0.0	0.0	0.0
mitochondrial_disease	79868	ncbi_gene	ALG13	1	2.0	gtr_mitochondrial_gene_summary	silver	clinical_utilization	silver	clinical_utilization	adapter_gene_id_resolved	0.0	0.0	1.0	3.0	0.0	0.0	0.0
mitochondrial_disease	199857	ncbi_gene	ALG14	1	2.0	gtr_mitochondrial_gene_summary	silver	clinical_utilization	silver	clinical_utilization	adapter_gene_id_resolved	0.0	0.0	1.0	1.0	0.0	0.0	0.0
mitochondrial_disease	85365	ncbi_gene	ALG2	1	2.0	gtr_mitochondrial_gene_summary	silver	clinical_utilization	silver	clinical_utilization	adapter_gene_id_resolved	0.0	0.0	2.0	5.0	0.0	0.0	0.0
mitochondrial_disease	10195	ncbi_gene	ALG3	1	2.0	gtr_mitochondrial_gene_summary	silver	clinical_utilization	silver	clinical_utilization	adapter_gene_id_resolved	0.0	0.0	0.0	3.0	0.0	0.0	0.0
mitochondrial_disease	29929	ncbi_gene	ALG6	1	2.0	gtr_mitochondrial_gene_summary	silver	clinical_utilization	silver	clinical_utilization	adapter_gene_id_resolved	0.0	0.0	0.0	11.0	0.0	0.0	0.0
mitochondrial_disease	79053	ncbi_gene	ALG8	1	2.0	gtr_mitochondrial_gene_summary	silver	clinical_utilization	silver	clinical_utilization	adapter_gene_id_resolved	0.0	0.0	0.0	2.0	0.0	0.0	0.0
mitochondrial_disease	79796	ncbi_gene	ALG9	1	2.0	gtr_mitochondrial_gene_summary	silver	clinical_utilization	silver	clinical_utilization	adapter_gene_id_resolved	0.0	0.0	0.0	2.0	0.0	0.0	0.0
mitochondrial_disease	238	ncbi_gene	ALK	1	2.0	gtr_mitochondrial_gene_summary	silver	clinical_utilization	silver	clinical_utilization	adapter_gene_id_resolved	0.0	0.0	3.0	0.0	0.0	0.0	0.0
mitochondrial_disease	7840	ncbi_gene	ALMS1	1	2.0	gtr_mitochondrial_gene_summary	silver	clinical_utilization	silver	clinical_utilization	adapter_gene_id_resolved	0.0	0.0	0.0	8.0	0.0	0.0	0.0
mitochondrial_disease	242	ncbi_gene	ALOX12B	1	2.0	gtr_mitochondrial_gene_summary	silver	clinical_utilization	silver	clinical_utilization	adapter_gene_id_resolved	0.0	0.0	0.0	6.0	0.0	0.0	0.0
mitochondrial_disease	59344	ncbi_gene	ALOXE3	1	2.0	gtr_mitochondrial_gene_summary	silver	clinical_utilization	silver	clinical_utilization	adapter_gene_id_resolved	0.0	0.0	0.0	6.0	0.0	0.0	0.0
mitochondrial_disease	248	ncbi_gene	ALPI	1	2.0	gtr_mitochondrial_gene_summary	silver	clinical_utilization	silver	clinical_utilization	adapter_gene_id_resolved	1.0	0.0	0.0	0.0	0.0	0.0	0.0
mitochondrial_disease	57538	ncbi_gene	ALPK3	1	2.0	gtr_mitochondrial_gene_summary	silver	clinical_utilization	silver	clinical_utilization	adapter_gene_id_resolved	0.0	0.0	0.0	2.0	0.0	0.0	0.0
mitochondrial_disease	249	ncbi_gene	ALPL	1	2.0	gtr_mitochondrial_gene_summary	silver	clinical_utilization	silver	clinical_utilization	adapter_gene_id_resolved	0.0	0.0	0.0	11.0	0.0	0.0	0.0
mitochondrial_disease	57679	ncbi_gene	ALS2	1	2.0	gtr_mitochondrial_gene_summary	silver	clinical_utilization	silver	clinical_utilization	adapter_gene_id_resolved	0.0	0.0	0.0	2.0	0.0	0.0	0.0
mitochondrial_disease	8092	ncbi_gene	ALX1	1	2.0	gtr_mitochondrial_gene_summary	silver	clinical_utilization	silver	clinical_utilization	adapter_gene_id_resolved	0.0	0.0	0.0	2.0	0.0	0.0	0.0
mitochondrial_disease	257	ncbi_gene	ALX3	1	2.0	gtr_mitochondrial_gene_summary	silver	clinical_utilization	silver	clinical_utilization	adapter_gene_id_resolved	0.0	0.0	0.0	4.0	0.0	0.0	0.0
mitochondrial_disease	60529	ncbi_gene	ALX4	1	2.0	gtr_mitochondrial_gene_summary	silver	clinical_utilization	silver	clinical_utilization	adapter_gene_id_resolved	0.0	0.0	0.0	3.0	0.0	0.0	0.0
mitochondrial_disease	10189	ncbi_gene	ALYREF	1	2.0	gtr_mitochondrial_gene_summary	silver	clinical_utilization	silver	clinical_utilization	adapter_gene_id_resolved	0.0	1.0	0.0	0.0	0.0	0.0	0.0
mitochondrial_disease	23600	ncbi_gene	AMACR	1	2.0	gtr_mitochondrial_gene_summary	silver	clinical_utilization	silver	clinical_utilization	adapter_gene_id_resolved	0.0	0.0	2.0	7.0	0.0	0.0	0.0
mitochondrial_disease	139285	ncbi_gene	AMER1	1	2.0	gtr_mitochondrial_gene_summary	silver	clinical_utilization	silver	clinical_utilization	adapter_gene_id_resolved	0.0	0.0	0.0	2.0	0.0	0.0	0.0
mitochondrial_disease	81693	ncbi_gene	AMN	1	2.0	gtr_mitochondrial_gene_summary	silver	clinical_utilization	silver	clinical_utilization	adapter_gene_id_resolved	0.0	0.0	0.0	1.0	0.0	0.0	0.0
mitochondrial_disease	270	ncbi_gene	AMPD1	1	2.0	gtr_mitochondrial_gene_summary	silver	clinical_utilization	silver	clinical_utilization	adapter_gene_id_resolved	0.0	0.0	0.0	1.0	0.0	0.0	0.0
mitochondrial_disease	271	ncbi_gene	AMPD2	1	2.0	gtr_mitochondrial_gene_summary	silver	clinical_utilization	silver	clinical_utilization	adapter_gene_id_resolved	0.0	0.0	0.0	9.0	0.0	0.0	0.0
mitochondrial_disease	275	ncbi_gene	AMT	1	2.0	gtr_mitochondrial_gene_summary	silver	clinical_utilization	silver	clinical_utilization	adapter_gene_id_resolved	0.0	1.0	1.0	12.0	0.0	0.0	0.0
mitochondrial_disease	283	ncbi_gene	ANG	1	2.0	gtr_mitochondrial_gene_summary	silver	clinical_utilization	silver	clinical_utilization	adapter_gene_id_resolved	0.0	0.0	0.0	1.0	0.0	0.0	0.0
mitochondrial_disease	284	ncbi_gene	ANGPT1	1	2.0	gtr_mitochondrial_gene_summary	silver	clinical_utilization	silver	clinical_utilization	adapter_gene_id_resolved	0.0	0.0	2.0	1.0	0.0	0.0	0.0
mitochondrial_disease	287	ncbi_gene	ANK2	1	2.0	gtr_mitochondrial_gene_summary	silver	clinical_utilization	silver	clinical_utilization	adapter_gene_id_resolved	0.0	0.0	1.0	2.0	0.0	0.0	0.0
mitochondrial_disease	288	ncbi_gene	ANK3	1	2.0	gtr_mitochondrial_gene_summary	silver	clinical_utilization	silver	clinical_utilization	adapter_gene_id_resolved	0.0	0.0	0.0	2.0	0.0	0.0	0.0
mitochondrial_disease	56172	ncbi_gene	ANKH	1	2.0	gtr_mitochondrial_gene_summary	silver	clinical_utilization	silver	clinical_utilization	adapter_gene_id_resolved	0.0	0.0	0.0	1.0	0.0	0.0	0.0
mitochondrial_disease	23141	ncbi_gene	ANKLE2	1	2.0	gtr_mitochondrial_gene_summary	silver	clinical_utilization	silver	clinical_utilization	adapter_gene_id_resolved	0.0	0.0	0.0	1.0	0.0	0.0	0.0
mitochondrial_disease	27063	ncbi_gene	ANKRD1	1	2.0	gtr_mitochondrial_gene_summary	silver	clinical_utilization	silver	clinical_utilization	adapter_gene_id_resolved	0.0	1.0	3.0	2.0	0.0	0.0	0.0
mitochondrial_disease	29123	ncbi_gene	ANKRD11	1	2.0	gtr_mitochondrial_gene_summary	silver	clinical_utilization	silver	clinical_utilization	adapter_gene_id_resolved	0.0	0.0	0.0	3.0	0.0	0.0	0.0
mitochondrial_disease	203286	ncbi_gene	ANKS6	1	2.0	gtr_mitochondrial_gene_summary	silver	clinical_utilization	silver	clinical_utilization	adapter_gene_id_resolved	0.0	1.0	0.0	0.0	0.0	0.0	0.0
mitochondrial_disease	55139	ncbi_gene	ANKZF1	1	2.0	gtr_mitochondrial_gene_summary	silver	clinical_utilization	silver	clinical_utilization	adapter_gene_id_resolved	0.0	1.0	2.0	0.0	0.0	0.0	0.0
mitochondrial_disease	55129	ncbi_gene	ANO10	1	2.0	gtr_mitochondrial_gene_summary	silver	clinical_utilization	silver	clinical_utilization	adapter_gene_id_resolved	0.0	0.0	0.0	12.0	0.0	0.0	0.0
mitochondrial_disease	63982	ncbi_gene	ANO3	1	2.0	gtr_mitochondrial_gene_summary	silver	clinical_utilization	silver	clinical_utilization	adapter_gene_id_resolved	0.0	0.0	0.0	1.0	0.0	0.0	0.0
mitochondrial_disease	203859	ncbi_gene	ANO5	1	2.0	gtr_mitochondrial_gene_summary	silver	clinical_utilization	silver	clinical_utilization	adapter_gene_id_resolved	0.0	0.0	3.0	1.0	0.0	0.0	0.0
mitochondrial_disease	3730	ncbi_gene	ANOS1	1	2.0	gtr_mitochondrial_gene_summary	silver	clinical_utilization	silver	clinical_utilization	adapter_gene_id_resolved	0.0	1.0	0.0	0.0	0.0	0.0	0.0
mitochondrial_disease	84168	ncbi_gene	ANTXR1	1	2.0	gtr_mitochondrial_gene_summary	silver	clinical_utilization	silver	clinical_utilization	adapter_gene_id_resolved	0.0	0.0	0.0	1.0	0.0	0.0	0.0
mitochondrial_disease	118429	ncbi_gene	ANTXR2	1	2.0	gtr_mitochondrial_gene_summary	silver	clinical_utilization	silver	clinical_utilization	adapter_gene_id_resolved	0.0	0.0	0.0	7.0	0.0	0.0	0.0
mitochondrial_disease	8905	ncbi_gene	AP1S2	1	2.0	gtr_mitochondrial_gene_summary	silver	clinical_utilization	silver	clinical_utilization	adapter_gene_id_resolved	0.0	0.0	1.0	4.0	0.0	0.0	0.0
mitochondrial_disease	8546	ncbi_gene	AP3B1	1	2.0	gtr_mitochondrial_gene_summary	silver	clinical_utilization	silver	clinical_utilization	adapter_gene_id_resolved	0.0	0.0	2.0	6.0	0.0	0.0	0.0
mitochondrial_disease	8120	ncbi_gene	AP3B2	1	2.0	gtr_mitochondrial_gene_summary	silver	clinical_utilization	silver	clinical_utilization	adapter_gene_id_resolved	0.0	0.0	0.0	2.0	0.0	0.0	0.0
mitochondrial_disease	8943	ncbi_gene	AP3D1	1	2.0	gtr_mitochondrial_gene_summary	silver	clinical_utilization	silver	clinical_utilization	adapter_gene_id_resolved	0.0	0.0	0.0	1.0	0.0	0.0	0.0
mitochondrial_disease	10717	ncbi_gene	AP4B1	1	2.0	gtr_mitochondrial_gene_summary	silver	clinical_utilization	silver	clinical_utilization	adapter_gene_id_resolved	0.0	0.0	0.0	4.0	0.0	0.0	0.0
mitochondrial_disease	23431	ncbi_gene	AP4E1	1	2.0	gtr_mitochondrial_gene_summary	silver	clinical_utilization	silver	clinical_utilization	adapter_gene_id_resolved	0.0	0.0	0.0	4.0	0.0	0.0	0.0
mitochondrial_disease	9179	ncbi_gene	AP4M1	1	2.0	gtr_mitochondrial_gene_summary	silver	clinical_utilization	silver	clinical_utilization	adapter_gene_id_resolved	0.0	0.0	0.0	3.0	0.0	0.0	0.0
mitochondrial_disease	11154	ncbi_gene	AP4S1	1	2.0	gtr_mitochondrial_gene_summary	silver	clinical_utilization	silver	clinical_utilization	adapter_gene_id_resolved	0.0	0.0	0.0	2.0	0.0	0.0	0.0
mitochondrial_disease	9907	ncbi_gene	AP5Z1	1	2.0	gtr_mitochondrial_gene_summary	silver	clinical_utilization	silver	clinical_utilization	adapter_gene_id_resolved	0.0	0.0	0.0	2.0	0.0	0.0	0.0
mitochondrial_disease	324	ncbi_gene	APC	1	2.0	gtr_mitochondrial_gene_summary	silver	clinical_utilization	silver	clinical_utilization	adapter_gene_id_resolved	0.0	0.0	3.0	0.0	0.0	0.0	0.0
mitochondrial_disease	147495	ncbi_gene	APCDD1	1	2.0	gtr_mitochondrial_gene_summary	silver	clinical_utilization	silver	clinical_utilization	adapter_gene_id_resolved	0.0	1.0	0.0	0.0	0.0	0.0	0.0
mitochondrial_disease	335	ncbi_gene	APOA1	1	2.0	gtr_mitochondrial_gene_summary	silver	clinical_utilization	silver	clinical_utilization	adapter_gene_id_resolved	0.0	0.0	0.0	2.0	0.0	0.0	0.0
mitochondrial_disease	116519	ncbi_gene	APOA5	1	2.0	gtr_mitochondrial_gene_summary	silver	clinical_utilization	silver	clinical_utilization	adapter_gene_id_resolved	0.0	0.0	0.0	2.0	0.0	0.0	0.0
mitochondrial_disease	338	ncbi_gene	APOB	1	2.0	gtr_mitochondrial_gene_summary	silver	clinical_utilization	silver	clinical_utilization	adapter_gene_id_resolved	0.0	0.0	0.0	4.0	0.0	0.0	0.0
mitochondrial_disease	345	ncbi_gene	APOC3	1	2.0	gtr_mitochondrial_gene_summary	silver	clinical_utilization	silver	clinical_utilization	adapter_gene_id_resolved	0.0	0.0	0.0	2.0	0.0	0.0	0.0
mitochondrial_disease	348	ncbi_gene	APOE	1	2.0	gtr_mitochondrial_gene_summary	silver	clinical_utilization	silver	clinical_utilization	adapter_gene_id_resolved	0.0	0.0	0.0	1.0	0.0	0.0	0.0
mitochondrial_disease	8542	ncbi_gene	APOL1	1	2.0	gtr_mitochondrial_gene_summary	silver	clinical_utilization	silver	clinical_utilization	adapter_gene_id_resolved	0.0	1.0	0.0	0.0	0.0	0.0	0.0
mitochondrial_disease	23780	ncbi_gene	APOL2	1	2.0	gtr_mitochondrial_gene_summary	silver	clinical_utilization	silver	clinical_utilization	adapter_gene_id_resolved	0.0	0.0	0.0	1.0	0.0	0.0	0.0
mitochondrial_disease	80832	ncbi_gene	APOL4	1	2.0	gtr_mitochondrial_gene_summary	silver	clinical_utilization	silver	clinical_utilization	adapter_gene_id_resolved	0.0	0.0	0.0	1.0	0.0	0.0	0.0
mitochondrial_disease	351	ncbi_gene	APP	1	2.0	gtr_mitochondrial_gene_summary	silver	clinical_utilization	silver	clinical_utilization	adapter_gene_id_resolved	0.0	0.0	0.0	1.0	0.0	0.0	0.0
mitochondrial_disease	353	ncbi_gene	APRT	1	2.0	gtr_mitochondrial_gene_summary	silver	clinical_utilization	silver	clinical_utilization	adapter_gene_id_resolved	0.0	0.0	0.0	1.0	0.0	0.0	0.0
mitochondrial_disease	54840	ncbi_gene	APTX	1	2.0	gtr_mitochondrial_gene_summary	silver	clinical_utilization	silver	clinical_utilization	adapter_gene_id_resolved	0.0	3.0	0.0	7.0	0.0	0.0	0.0
mitochondrial_disease	359	ncbi_gene	AQP2	1	2.0	gtr_mitochondrial_gene_summary	silver	clinical_utilization	silver	clinical_utilization	adapter_gene_id_resolved	0.0	0.0	0.0	1.0	0.0	0.0	0.0
mitochondrial_disease	367	ncbi_gene	AR	1	2.0	gtr_mitochondrial_gene_summary	silver	clinical_utilization	silver	clinical_utilization	adapter_gene_id_resolved	0.0	1.0	0.0	0.0	0.0	0.0	0.0
mitochondrial_disease	372	ncbi_gene	ARCN1	1	2.0	gtr_mitochondrial_gene_summary	silver	clinical_utilization	silver	clinical_utilization	adapter_gene_id_resolved	0.0	0.0	0.0	1.0	0.0	0.0	0.0
mitochondrial_disease	84364	ncbi_gene	ARFGAP2	1	2.0	gtr_mitochondrial_gene_summary	silver	clinical_utilization	silver	clinical_utilization	adapter_gene_id_resolved	0.0	0.0	0.0	1.0	0.0	0.0	0.0
mitochondrial_disease	10564	ncbi_gene	ARFGEF2	1	2.0	gtr_mitochondrial_gene_summary	silver	clinical_utilization	silver	clinical_utilization	adapter_gene_id_resolved	0.0	0.0	0.0	1.0	0.0	0.0	0.0
mitochondrial_disease	383	ncbi_gene	ARG1	1	2.0	gtr_mitochondrial_gene_summary	silver	clinical_utilization	silver	clinical_utilization	adapter_gene_id_resolved	0.0	0.0	0.0	11.0	0.0	0.0	0.0
mitochondrial_disease	83478	ncbi_gene	ARHGAP24	1	2.0	gtr_mitochondrial_gene_summary	silver	clinical_utilization	silver	clinical_utilization	adapter_gene_id_resolved	0.0	1.0	0.0	0.0	0.0	0.0	0.0
mitochondrial_disease	57514	ncbi_gene	ARHGAP31	1	2.0	gtr_mitochondrial_gene_summary	silver	clinical_utilization	silver	clinical_utilization	adapter_gene_id_resolved	0.0	0.0	0.0	3.0	0.0	0.0	0.0
mitochondrial_disease	396	ncbi_gene	ARHGDIA	1	2.0	gtr_mitochondrial_gene_summary	silver	clinical_utilization	silver	clinical_utilization	adapter_gene_id_resolved	0.0	0.0	0.0	2.0	0.0	0.0	0.0
mitochondrial_disease	23365	ncbi_gene	ARHGEF12	1	2.0	gtr_mitochondrial_gene_summary	silver	clinical_utilization	silver	clinical_utilization	adapter_gene_id_resolved	0.0	0.0	0.0	1.0	0.0	0.0	0.0
mitochondrial_disease	22899	ncbi_gene	ARHGEF15	1	2.0	gtr_mitochondrial_gene_summary	silver	clinical_utilization	silver	clinical_utilization	adapter_gene_id_resolved	0.0	0.0	1.0	3.0	0.0	0.0	0.0
mitochondrial_disease	64283	ncbi_gene	ARHGEF28	1	2.0	gtr_mitochondrial_gene_summary	silver	clinical_utilization	silver	clinical_utilization	adapter_gene_id_resolved	0.0	0.0	0.0	1.0	0.0	0.0	0.0
mitochondrial_disease	9459	ncbi_gene	ARHGEF6	1	2.0	gtr_mitochondrial_gene_summary	silver	clinical_utilization	silver	clinical_utilization	adapter_gene_id_resolved	0.0	0.0	1.0	3.0	0.0	0.0	0.0
mitochondrial_disease	23229	ncbi_gene	ARHGEF9	1	2.0	gtr_mitochondrial_gene_summary	silver	clinical_utilization	silver	clinical_utilization	adapter_gene_id_resolved	0.0	0.0	3.0	7.0	0.0	0.0	0.0
mitochondrial_disease	8289	ncbi_gene	ARID1A	1	2.0	gtr_mitochondrial_gene_summary	silver	clinical_utilization	silver	clinical_utilization	adapter_gene_id_resolved	0.0	0.0	0.0	3.0	0.0	0.0	0.0
mitochondrial_disease	57492	ncbi_gene	ARID1B	1	2.0	gtr_mitochondrial_gene_summary	silver	clinical_utilization	silver	clinical_utilization	adapter_gene_id_resolved	0.0	0.0	0.0	3.0	0.0	0.0	0.0
mitochondrial_disease	10865	ncbi_gene	ARID5A	1	2.0	gtr_mitochondrial_gene_summary	silver	clinical_utilization	silver	clinical_utilization	adapter_gene_id_resolved	0.0	1.0	0.0	0.0	0.0	0.0	0.0
mitochondrial_disease	200894	ncbi_gene	ARL13B	1	2.0	gtr_mitochondrial_gene_summary	silver	clinical_utilization	silver	clinical_utilization	adapter_gene_id_resolved	0.0	0.0	0.0	8.0	0.0	0.0	0.0
mitochondrial_disease	54622	ncbi_gene	ARL15	1	2.0	gtr_mitochondrial_gene_summary	silver	clinical_utilization	silver	clinical_utilization	adapter_gene_id_resolved	0.0	0.0	1.0	0.0	0.0	0.0	0.0
mitochondrial_disease	84100	ncbi_gene	ARL6	1	2.0	gtr_mitochondrial_gene_summary	silver	clinical_utilization	silver	clinical_utilization	adapter_gene_id_resolved	0.0	0.0	0.0	7.0	0.0	0.0	0.0
mitochondrial_disease	23204	ncbi_gene	ARL6IP1	1	2.0	gtr_mitochondrial_gene_summary	silver	clinical_utilization	silver	clinical_utilization	adapter_gene_id_resolved	0.0	0.0	0.0	2.0	0.0	0.0	0.0
mitochondrial_disease	9915	ncbi_gene	ARNT2	1	2.0	gtr_mitochondrial_gene_summary	silver	clinical_utilization	silver	clinical_utilization	adapter_gene_id_resolved	0.0	0.0	0.0	1.0	0.0	0.0	0.0
mitochondrial_disease	410	ncbi_gene	ARSA	1	2.0	gtr_mitochondrial_gene_summary	silver	clinical_utilization	silver	clinical_utilization	adapter_gene_id_resolved	0.0	1.0	2.0	15.0	0.0	0.0	0.0
mitochondrial_disease	411	ncbi_gene	ARSB	1	2.0	gtr_mitochondrial_gene_summary	silver	clinical_utilization	silver	clinical_utilization	adapter_gene_id_resolved	0.0	0.0	0.0	10.0	0.0	0.0	0.0
mitochondrial_disease	340075	ncbi_gene	ARSI	1	2.0	gtr_mitochondrial_gene_summary	silver	clinical_utilization	silver	clinical_utilization	adapter_gene_id_resolved	0.0	0.0	1.0	2.0	0.0	0.0	0.0
mitochondrial_disease	64801	ncbi_gene	ARV1	1	2.0	gtr_mitochondrial_gene_summary	silver	clinical_utilization	silver	clinical_utilization	adapter_gene_id_resolved	0.0	0.0	0.0	1.0	0.0	0.0	0.0
mitochondrial_disease	170302	ncbi_gene	ARX	1	2.0	gtr_mitochondrial_gene_summary	silver	clinical_utilization	silver	clinical_utilization	adapter_gene_id_resolved	0.0	2.0	3.0	15.0	0.0	0.0	0.0
mitochondrial_disease	427	ncbi_gene	ASAH1	1	2.0	gtr_mitochondrial_gene_summary	silver	clinical_utilization	silver	clinical_utilization	adapter_gene_id_resolved	0.0	0.0	3.0	6.0	0.0	0.0	0.0
mitochondrial_disease	51802	ncbi_gene	ASIC5	1	2.0	gtr_mitochondrial_gene_summary	silver	clinical_utilization	silver	clinical_utilization	adapter_gene_id_resolved	0.0	0.0	1.0	1.0	0.0	0.0	0.0
mitochondrial_disease	435	ncbi_gene	ASL	1	2.0	gtr_mitochondrial_gene_summary	silver	clinical_utilization	silver	clinical_utilization	adapter_gene_id_resolved	0.0	0.0	0.0	13.0	0.0	0.0	0.0
mitochondrial_disease	440	ncbi_gene	ASNS	1	2.0	gtr_mitochondrial_gene_summary	silver	clinical_utilization	silver	clinical_utilization	adapter_gene_id_resolved	0.0	0.0	0.0	7.0	0.0	0.0	0.0
mitochondrial_disease	443	ncbi_gene	ASPA	1	2.0	gtr_mitochondrial_gene_summary	silver	clinical_utilization	silver	clinical_utilization	adapter_gene_id_resolved	0.0	0.0	2.0	16.0	0.0	0.0	0.0
mitochondrial_disease	259266	ncbi_gene	ASPM	1	2.0	gtr_mitochondrial_gene_summary	silver	clinical_utilization	silver	clinical_utilization	adapter_gene_id_resolved	0.0	0.0	0.0	1.0	0.0	0.0	0.0
mitochondrial_disease	80150	ncbi_gene	ASRGL1	1	2.0	gtr_mitochondrial_gene_summary	silver	clinical_utilization	silver	clinical_utilization	adapter_gene_id_resolved	0.0	1.0	0.0	0.0	0.0	0.0	0.0
mitochondrial_disease	445	ncbi_gene	ASS1	1	2.0	gtr_mitochondrial_gene_summary	silver	clinical_utilization	silver	clinical_utilization	adapter_gene_id_resolved	0.0	0.0	0.0	12.0	0.0	0.0	0.0
mitochondrial_disease	171023	ncbi_gene	ASXL1	1	2.0	gtr_mitochondrial_gene_summary	silver	clinical_utilization	silver	clinical_utilization	adapter_gene_id_resolved	0.0	0.0	0.0	1.0	0.0	0.0	0.0
mitochondrial_disease	55252	ncbi_gene	ASXL2	1	2.0	gtr_mitochondrial_gene_summary	silver	clinical_utilization	silver	clinical_utilization	adapter_gene_id_resolved	0.0	0.0	0.0	1.0	0.0	0.0	0.0
mitochondrial_disease	85300	ncbi_gene	ATCAY	1	2.0	gtr_mitochondrial_gene_summary	silver	clinical_utilization	silver	clinical_utilization	adapter_gene_id_resolved	0.0	0.0	0.0	1.0	0.0	0.0	0.0
mitochondrial_disease	471	ncbi_gene	ATIC	1	2.0	gtr_mitochondrial_gene_summary	silver	clinical_utilization	silver	clinical_utilization	adapter_gene_id_resolved	0.0	0.0	0.0	2.0	0.0	0.0	0.0
mitochondrial_disease	51062	ncbi_gene	ATL1	1	2.0	gtr_mitochondrial_gene_summary	silver	clinical_utilization	silver	clinical_utilization	adapter_gene_id_resolved	0.0	1.0	0.0	3.0	0.0	0.0	0.0
mitochondrial_disease	25923	ncbi_gene	ATL3	1	2.0	gtr_mitochondrial_gene_summary	silver	clinical_utilization	silver	clinical_utilization	adapter_gene_id_resolved	0.0	0.0	1.0	0.0	0.0	0.0	0.0
mitochondrial_disease	472	ncbi_gene	ATM	1	2.0	gtr_mitochondrial_gene_summary	silver	clinical_utilization	silver	clinical_utilization	adapter_gene_id_resolved	0.0	0.0	2.0	11.0	0.0	0.0	0.0
mitochondrial_disease	1822	ncbi_gene	ATN1	1	2.0	gtr_mitochondrial_gene_summary	silver	clinical_utilization	silver	clinical_utilization	adapter_gene_id_resolved	0.0	0.0	0.0	1.0	0.0	0.0	0.0
mitochondrial_disease	474	ncbi_gene	ATOH1	1	2.0	gtr_mitochondrial_gene_summary	silver	clinical_utilization	silver	clinical_utilization	adapter_gene_id_resolved	0.0	0.0	1.0	0.0	0.0	0.0	0.0
mitochondrial_disease	23400	ncbi_gene	ATP13A2	1	2.0	gtr_mitochondrial_gene_summary	silver	clinical_utilization	silver	clinical_utilization	adapter_gene_id_resolved	0.0	1.0	2.0	10.0	0.0	0.0	0.0
mitochondrial_disease	477	ncbi_gene	ATP1A2	1	2.0	gtr_mitochondrial_gene_summary	silver	clinical_utilization	silver	clinical_utilization	adapter_gene_id_resolved	0.0	0.0	1.0	3.0	0.0	0.0	0.0
mitochondrial_disease	478	ncbi_gene	ATP1A3	1	2.0	gtr_mitochondrial_gene_summary	silver	clinical_utilization	silver	clinical_utilization	adapter_gene_id_resolved	0.0	1.0	1.0	3.0	0.0	0.0	0.0
mitochondrial_disease	481	ncbi_gene	ATP1B1	1	2.0	gtr_mitochondrial_gene_summary	silver	clinical_utilization	silver	clinical_utilization	adapter_gene_id_resolved	0.0	0.0	0.0	2.0	0.0	0.0	0.0
mitochondrial_disease	488	ncbi_gene	ATP2A2	1	2.0	gtr_mitochondrial_gene_summary	silver	clinical_utilization	silver	clinical_utilization	adapter_gene_id_resolved	0.0	0.0	0.0	1.0	0.0	0.0	0.0
mitochondrial_disease	491	ncbi_gene	ATP2B2	1	2.0	gtr_mitochondrial_gene_summary	silver	clinical_utilization	silver	clinical_utilization	adapter_gene_id_resolved	0.0	0.0	0.0	1.0	0.0	0.0	0.0
mitochondrial_disease	492	ncbi_gene	ATP2B3	1	2.0	gtr_mitochondrial_gene_summary	silver	clinical_utilization	silver	clinical_utilization	adapter_gene_id_resolved	0.0	0.0	0.0	1.0	0.0	0.0	0.0
mitochondrial_disease	493	ncbi_gene	ATP2B4	1	2.0	gtr_mitochondrial_gene_summary	silver	clinical_utilization	silver	clinical_utilization	adapter_gene_id_resolved	0.0	1.0	1.0	2.0	0.0	0.0	0.0
mitochondrial_disease	495	ncbi_gene	ATP4A	1	2.0	gtr_mitochondrial_gene_summary	silver	clinical_utilization	silver	clinical_utilization	adapter_gene_id_resolved	1.0	0.0	0.0	0.0	0.0	0.0	0.0
mitochondrial_disease	498	ncbi_gene	ATP5F1A	1	2.0	gtr_mitochondrial_gene_summary	silver	clinical_utilization	silver	clinical_utilization	adapter_gene_id_resolved	13.0	0.0	1.0	12.0	0.0	0.0	0.0
mitochondrial_disease	513	ncbi_gene	ATP5F1D	1	2.0	gtr_mitochondrial_gene_summary	silver	clinical_utilization	silver	clinical_utilization	adapter_gene_id_resolved	2.0	0.0	2.0	2.0	0.0	0.0	0.0
mitochondrial_disease	514	ncbi_gene	ATP5F1E	1	2.0	gtr_mitochondrial_gene_summary	silver	clinical_utilization	silver	clinical_utilization	adapter_gene_id_resolved	11.0	1.0	1.0	12.0	0.0	0.0	0.0
mitochondrial_disease	9551	ncbi_gene	ATP5MF	1	2.0	gtr_mitochondrial_gene_summary	silver	clinical_utilization	silver	clinical_utilization	adapter_gene_id_resolved	0.0	0.0	0.0	1.0	0.0	0.0	0.0
mitochondrial_disease	10632	ncbi_gene	ATP5MG	1	2.0	gtr_mitochondrial_gene_summary	silver	clinical_utilization	silver	clinical_utilization	adapter_gene_id_resolved	0.0	0.0	0.0	1.0	0.0	0.0	0.0
mitochondrial_disease	267020	ncbi_gene	ATP5MGL	1	2.0	gtr_mitochondrial_gene_summary	silver	clinical_utilization	silver	clinical_utilization	adapter_gene_id_resolved	0.0	0.0	0.0	1.0	0.0	0.0	0.0
mitochondrial_disease	84833	ncbi_gene	ATP5MK	1	2.0	gtr_mitochondrial_gene_summary	silver	clinical_utilization	silver	clinical_utilization	adapter_gene_id_resolved	1.0	0.0	0.0	0.0	0.0	0.0	0.0
mitochondrial_disease	515	ncbi_gene	ATP5PB	1	2.0	gtr_mitochondrial_gene_summary	silver	clinical_utilization	silver	clinical_utilization	adapter_gene_id_resolved	0.0	0.0	0.0	1.0	0.0	0.0	0.0
mitochondrial_disease	10476	ncbi_gene	ATP5PD	1	2.0	gtr_mitochondrial_gene_summary	silver	clinical_utilization	silver	clinical_utilization	adapter_gene_id_resolved	0.0	0.0	0.0	1.0	0.0	0.0	0.0
mitochondrial_disease	539	ncbi_gene	ATP5PO	1	2.0	gtr_mitochondrial_gene_summary	silver	clinical_utilization	silver	clinical_utilization	adapter_gene_id_resolved	1.0	0.0	0.0	0.0	0.0	0.0	0.0
mitochondrial_disease	537	ncbi_gene	ATP6AP1	1	2.0	gtr_mitochondrial_gene_summary	silver	clinical_utilization	silver	clinical_utilization	adapter_gene_id_resolved	0.0	0.0	0.0	1.0	0.0	0.0	0.0
mitochondrial_disease	10159	ncbi_gene	ATP6AP2	1	2.0	gtr_mitochondrial_gene_summary	silver	clinical_utilization	silver	clinical_utilization	adapter_gene_id_resolved	0.0	1.0	3.0	4.0	0.0	0.0	0.0
mitochondrial_disease	23545	ncbi_gene	ATP6V0A2	1	2.0	gtr_mitochondrial_gene_summary	silver	clinical_utilization	silver	clinical_utilization	adapter_gene_id_resolved	0.0	0.0	0.0	8.0	0.0	0.0	0.0
mitochondrial_disease	50617	ncbi_gene	ATP6V0A4	1	2.0	gtr_mitochondrial_gene_summary	silver	clinical_utilization	silver	clinical_utilization	adapter_gene_id_resolved	0.0	0.0	0.0	6.0	0.0	0.0	0.0
mitochondrial_disease	523	ncbi_gene	ATP6V1A	1	2.0	gtr_mitochondrial_gene_summary	silver	clinical_utilization	silver	clinical_utilization	adapter_gene_id_resolved	0.0	0.0	0.0	2.0	0.0	0.0	0.0
mitochondrial_disease	525	ncbi_gene	ATP6V1B1	1	2.0	gtr_mitochondrial_gene_summary	silver	clinical_utilization	silver	clinical_utilization	adapter_gene_id_resolved	0.0	0.0	0.0	7.0	0.0	0.0	0.0
mitochondrial_disease	526	ncbi_gene	ATP6V1B2	1	2.0	gtr_mitochondrial_gene_summary	silver	clinical_utilization	silver	clinical_utilization	adapter_gene_id_resolved	0.0	0.0	0.0	1.0	0.0	0.0	0.0
mitochondrial_disease	529	ncbi_gene	ATP6V1E1	1	2.0	gtr_mitochondrial_gene_summary	silver	clinical_utilization	silver	clinical_utilization	adapter_gene_id_resolved	0.0	0.0	0.0	6.0	0.0	0.0	0.0
mitochondrial_disease	538	ncbi_gene	ATP7A	1	2.0	gtr_mitochondrial_gene_summary	silver	clinical_utilization	silver	clinical_utilization	adapter_gene_id_resolved	0.0	0.0	2.0	13.0	0.0	0.0	0.0
mitochondrial_disease	540	ncbi_gene	ATP7B	1	2.0	gtr_mitochondrial_gene_summary	silver	clinical_utilization	silver	clinical_utilization	adapter_gene_id_resolved	0.0	0.0	0.0	14.0	0.0	0.0	0.0
mitochondrial_disease	51761	ncbi_gene	ATP8A2	1	2.0	gtr_mitochondrial_gene_summary	silver	clinical_utilization	silver	clinical_utilization	adapter_gene_id_resolved	0.0	0.0	0.0	2.0	0.0	0.0	0.0
mitochondrial_disease	5205	ncbi_gene	ATP8B1	1	2.0	gtr_mitochondrial_gene_summary	silver	clinical_utilization	silver	clinical_utilization	adapter_gene_id_resolved	0.0	0.0	0.0	7.0	0.0	0.0	0.0
mitochondrial_disease	64756	ncbi_gene	ATPAF1	1	2.0	gtr_mitochondrial_gene_summary	silver	clinical_utilization	silver	clinical_utilization	adapter_gene_id_resolved	0.0	0.0	0.0	1.0	0.0	0.0	0.0
mitochondrial_disease	91647	ncbi_gene	ATPAF2	1	2.0	gtr_mitochondrial_gene_summary	silver	clinical_utilization	silver	clinical_utilization	adapter_gene_id_resolved	12.0	4.0	8.0	15.0	0.0	0.0	0.0
mitochondrial_disease	545	ncbi_gene	ATR	1	2.0	gtr_mitochondrial_gene_summary	silver	clinical_utilization	silver	clinical_utilization	adapter_gene_id_resolved	0.0	0.0	0.0	1.0	0.0	0.0	0.0
mitochondrial_disease	84126	ncbi_gene	ATRIP	1	2.0	gtr_mitochondrial_gene_summary	silver	clinical_utilization	silver	clinical_utilization	adapter_gene_id_resolved	1.0	0.0	2.0	0.0	0.0	0.0	0.0
mitochondrial_disease	8455	ncbi_gene	ATRN	1	2.0	gtr_mitochondrial_gene_summary	silver	clinical_utilization	silver	clinical_utilization	adapter_gene_id_resolved	0.0	0.0	0.0	1.0	0.0	0.0	0.0
mitochondrial_disease	546	ncbi_gene	ATRX	1	2.0	gtr_mitochondrial_gene_summary	silver	clinical_utilization	silver	clinical_utilization	adapter_gene_id_resolved	0.0	0.0	1.0	10.0	0.0	0.0	0.0
mitochondrial_disease	6310	ncbi_gene	ATXN1	1	2.0	gtr_mitochondrial_gene_summary	silver	clinical_utilization	silver	clinical_utilization	adapter_gene_id_resolved	1.0	0.0	0.0	1.0	0.0	0.0	0.0
mitochondrial_disease	25814	ncbi_gene	ATXN10	1	2.0	gtr_mitochondrial_gene_summary	silver	clinical_utilization	silver	clinical_utilization	adapter_gene_id_resolved	0.0	0.0	0.0	1.0	0.0	0.0	0.0
mitochondrial_disease	6311	ncbi_gene	ATXN2	1	2.0	gtr_mitochondrial_gene_summary	silver	clinical_utilization	silver	clinical_utilization	adapter_gene_id_resolved	0.0	1.0	1.0	2.0	0.0	0.0	0.0
mitochondrial_disease	4287	ncbi_gene	ATXN3	1	2.0	gtr_mitochondrial_gene_summary	silver	clinical_utilization	silver	clinical_utilization	adapter_gene_id_resolved	0.0	1.0	1.0	1.0	0.0	0.0	0.0
mitochondrial_disease	6314	ncbi_gene	ATXN7	1	2.0	gtr_mitochondrial_gene_summary	silver	clinical_utilization	silver	clinical_utilization	adapter_gene_id_resolved	0.0	0.0	0.0	2.0	0.0	0.0	0.0
mitochondrial_disease	549	ncbi_gene	AUH	1	2.0	gtr_mitochondrial_gene_summary	silver	clinical_utilization	silver	clinical_utilization	adapter_gene_id_resolved	1.0	1.0	0.0	11.0	0.0	0.0	0.0
mitochondrial_disease	26053	ncbi_gene	AUTS2	1	2.0	gtr_mitochondrial_gene_summary	silver	clinical_utilization	silver	clinical_utilization	adapter_gene_id_resolved	0.0	0.0	0.0	1.0	0.0	0.0	0.0
mitochondrial_disease	10677	ncbi_gene	AVIL	1	2.0	gtr_mitochondrial_gene_summary	silver	clinical_utilization	silver	clinical_utilization	adapter_gene_id_resolved	1.0	0.0	0.0	0.0	0.0	0.0	0.0
mitochondrial_disease	554	ncbi_gene	AVPR2	1	2.0	gtr_mitochondrial_gene_summary	silver	clinical_utilization	silver	clinical_utilization	adapter_gene_id_resolved	0.0	0.0	0.0	7.0	0.0	0.0	0.0
mitochondrial_disease	8313	ncbi_gene	AXIN2	1	2.0	gtr_mitochondrial_gene_summary	silver	clinical_utilization	silver	clinical_utilization	adapter_gene_id_resolved	0.0	0.0	2.0	0.0	0.0	0.0	0.0
mitochondrial_disease	26229	ncbi_gene	B3GAT3	1	2.0	gtr_mitochondrial_gene_summary	silver	clinical_utilization	silver	clinical_utilization	adapter_gene_id_resolved	0.0	0.0	0.0	1.0	0.0	0.0	0.0
mitochondrial_disease	145173	ncbi_gene	B3GLCT	1	2.0	gtr_mitochondrial_gene_summary	silver	clinical_utilization	silver	clinical_utilization	adapter_gene_id_resolved	0.0	0.0	0.0	2.0	0.0	0.0	0.0
mitochondrial_disease	2583	ncbi_gene	B4GALNT1	1	2.0	gtr_mitochondrial_gene_summary	silver	clinical_utilization	silver	clinical_utilization	adapter_gene_id_resolved	0.0	0.0	0.0	2.0	0.0	0.0	0.0
mitochondrial_disease	2683	ncbi_gene	B4GALT1	1	2.0	gtr_mitochondrial_gene_summary	silver	clinical_utilization	silver	clinical_utilization	adapter_gene_id_resolved	0.0	0.0	0.0	2.0	0.0	0.0	0.0
mitochondrial_disease	11041	ncbi_gene	B4GAT1	1	2.0	gtr_mitochondrial_gene_summary	silver	clinical_utilization	silver	clinical_utilization	adapter_gene_id_resolved	0.0	1.0	1.0	0.0	0.0	0.0	0.0
mitochondrial_disease	27077	ncbi_gene	B9D1	1	2.0	gtr_mitochondrial_gene_summary	silver	clinical_utilization	silver	clinical_utilization	adapter_gene_id_resolved	0.0	0.0	0.0	7.0	0.0	0.0	0.0
mitochondrial_disease	80776	ncbi_gene	B9D2	1	2.0	gtr_mitochondrial_gene_summary	silver	clinical_utilization	silver	clinical_utilization	adapter_gene_id_resolved	0.0	0.0	0.0	7.0	0.0	0.0	0.0
mitochondrial_disease	9531	ncbi_gene	BAG3	1	2.0	gtr_mitochondrial_gene_summary	silver	clinical_utilization	silver	clinical_utilization	adapter_gene_id_resolved	0.0	1.0	5.0	2.0	0.0	0.0	0.0
mitochondrial_disease	8314	ncbi_gene	BAP1	1	2.0	gtr_mitochondrial_gene_summary	silver	clinical_utilization	silver	clinical_utilization	adapter_gene_id_resolved	0.0	0.0	2.0	0.0	0.0	0.0	0.0
mitochondrial_disease	580	ncbi_gene	BARD1	1	2.0	gtr_mitochondrial_gene_summary	silver	clinical_utilization	silver	clinical_utilization	adapter_gene_id_resolved	0.0	1.0	3.0	0.0	0.0	0.0	0.0
mitochondrial_disease	11177	ncbi_gene	BAZ1A	1	2.0	gtr_mitochondrial_gene_summary	silver	clinical_utilization	silver	clinical_utilization	adapter_gene_id_resolved	0.0	1.0	0.0	0.0	0.0	0.0	0.0
mitochondrial_disease	582	ncbi_gene	BBS1	1	2.0	gtr_mitochondrial_gene_summary	silver	clinical_utilization	silver	clinical_utilization	adapter_gene_id_resolved	0.0	1.0	0.0	9.0	0.0	0.0	0.0
mitochondrial_disease	79738	ncbi_gene	BBS10	1	2.0	gtr_mitochondrial_gene_summary	silver	clinical_utilization	silver	clinical_utilization	adapter_gene_id_resolved	0.0	0.0	0.0	8.0	0.0	0.0	0.0
mitochondrial_disease	166379	ncbi_gene	BBS12	1	2.0	gtr_mitochondrial_gene_summary	silver	clinical_utilization	silver	clinical_utilization	adapter_gene_id_resolved	0.0	0.0	0.0	7.0	0.0	0.0	0.0
mitochondrial_disease	583	ncbi_gene	BBS2	1	2.0	gtr_mitochondrial_gene_summary	silver	clinical_utilization	silver	clinical_utilization	adapter_gene_id_resolved	0.0	0.0	0.0	9.0	0.0	0.0	0.0
mitochondrial_disease	585	ncbi_gene	BBS4	1	2.0	gtr_mitochondrial_gene_summary	silver	clinical_utilization	silver	clinical_utilization	adapter_gene_id_resolved	0.0	0.0	0.0	7.0	0.0	0.0	0.0
mitochondrial_disease	129880	ncbi_gene	BBS5	1	2.0	gtr_mitochondrial_gene_summary	silver	clinical_utilization	silver	clinical_utilization	adapter_gene_id_resolved	0.0	0.0	0.0	7.0	0.0	0.0	0.0
mitochondrial_disease	55212	ncbi_gene	BBS7	1	2.0	gtr_mitochondrial_gene_summary	silver	clinical_utilization	silver	clinical_utilization	adapter_gene_id_resolved	0.0	0.0	0.0	7.0	0.0	0.0	0.0
mitochondrial_disease	27241	ncbi_gene	BBS9	1	2.0	gtr_mitochondrial_gene_summary	silver	clinical_utilization	silver	clinical_utilization	adapter_gene_id_resolved	0.0	0.0	0.0	7.0	0.0	0.0	0.0
mitochondrial_disease	10134	ncbi_gene	BCAP31	1	2.0	gtr_mitochondrial_gene_summary	silver	clinical_utilization	silver	clinical_utilization	adapter_gene_id_resolved	0.0	0.0	0.0	2.0	0.0	0.0	0.0
mitochondrial_disease	587	ncbi_gene	BCAT2	1	2.0	gtr_mitochondrial_gene_summary	silver	clinical_utilization	silver	clinical_utilization	adapter_gene_id_resolved	0.0	0.0	0.0	1.0	0.0	0.0	0.0
mitochondrial_disease	590	ncbi_gene	BCHE	1	2.0	gtr_mitochondrial_gene_summary	silver	clinical_utilization	silver	clinical_utilization	adapter_gene_id_resolved	0.0	0.0	0.0	6.0	0.0	0.0	0.0
mitochondrial_disease	593	ncbi_gene	BCKDHA	1	2.0	gtr_mitochondrial_gene_summary	silver	clinical_utilization	silver	clinical_utilization	adapter_gene_id_resolved	0.0	0.0	0.0	13.0	0.0	0.0	0.0
mitochondrial_disease	594	ncbi_gene	BCKDHB	1	2.0	gtr_mitochondrial_gene_summary	silver	clinical_utilization	silver	clinical_utilization	adapter_gene_id_resolved	0.0	0.0	1.0	14.0	0.0	0.0	0.0
mitochondrial_disease	8915	ncbi_gene	BCL10	1	2.0	gtr_mitochondrial_gene_summary	silver	clinical_utilization	silver	clinical_utilization	adapter_gene_id_resolved	0.0	0.0	0.0	1.0	0.0	0.0	0.0
mitochondrial_disease	53335	ncbi_gene	BCL11A	1	2.0	gtr_mitochondrial_gene_summary	silver	clinical_utilization	silver	clinical_utilization	adapter_gene_id_resolved	0.0	0.0	0.0	2.0	0.0	0.0	0.0
mitochondrial_disease	64919	ncbi_gene	BCL11B	1	2.0	gtr_mitochondrial_gene_summary	silver	clinical_utilization	silver	clinical_utilization	adapter_gene_id_resolved	0.0	0.0	0.0	1.0	0.0	0.0	0.0
mitochondrial_disease	83875	ncbi_gene	BCO2	1	2.0	gtr_mitochondrial_gene_summary	silver	clinical_utilization	silver	clinical_utilization	adapter_gene_id_resolved	0.0	0.0	0.0	1.0	0.0	0.0	0.0
mitochondrial_disease	54880	ncbi_gene	BCOR	1	2.0	gtr_mitochondrial_gene_summary	silver	clinical_utilization	silver	clinical_utilization	adapter_gene_id_resolved	0.0	0.0	2.0	3.0	0.0	0.0	0.0
mitochondrial_disease	617	ncbi_gene	BCS1L	1	2.0	gtr_mitochondrial_gene_summary	silver	clinical_utilization	silver	clinical_utilization	adapter_gene_id_resolved	20.0	22.0	13.0	27.0	0.0	0.0	0.0
mitochondrial_disease	146227	ncbi_gene	BEAN1	1	2.0	gtr_mitochondrial_gene_summary	silver	clinical_utilization	silver	clinical_utilization	adapter_gene_id_resolved	0.0	0.0	0.0	1.0	0.0	0.0	0.0
mitochondrial_disease	631	ncbi_gene	BFSP1	1	2.0	gtr_mitochondrial_gene_summary	silver	clinical_utilization	silver	clinical_utilization	adapter_gene_id_resolved	0.0	0.0	1.0	0.0	0.0	0.0	0.0
mitochondrial_disease	8419	ncbi_gene	BFSP2	1	2.0	gtr_mitochondrial_gene_summary	silver	clinical_utilization	silver	clinical_utilization	adapter_gene_id_resolved	0.0	0.0	1.0	0.0	0.0	0.0	0.0
mitochondrial_disease	633	ncbi_gene	BGN	1	2.0	gtr_mitochondrial_gene_summary	silver	clinical_utilization	silver	clinical_utilization	adapter_gene_id_resolved	0.0	0.0	0.0	2.0	0.0	0.0	0.0
mitochondrial_disease	635	ncbi_gene	BHMT	1	2.0	gtr_mitochondrial_gene_summary	silver	clinical_utilization	silver	clinical_utilization	adapter_gene_id_resolved	0.0	0.0	1.0	0.0	0.0	0.0	0.0
mitochondrial_disease	636	ncbi_gene	BICD1	1	2.0	gtr_mitochondrial_gene_summary	silver	clinical_utilization	silver	clinical_utilization	adapter_gene_id_resolved	0.0	0.0	1.0	0.0	0.0	0.0	0.0
mitochondrial_disease	23299	ncbi_gene	BICD2	1	2.0	gtr_mitochondrial_gene_summary	silver	clinical_utilization	silver	clinical_utilization	adapter_gene_id_resolved	0.0	0.0	2.0	2.0	0.0	0.0	0.0
mitochondrial_disease	274	ncbi_gene	BIN1	1	2.0	gtr_mitochondrial_gene_summary	silver	clinical_utilization	silver	clinical_utilization	adapter_gene_id_resolved	0.0	0.0	2.0	0.0	0.0	0.0	0.0
mitochondrial_disease	641	ncbi_gene	BLM	1	2.0	gtr_mitochondrial_gene_summary	silver	clinical_utilization	silver	clinical_utilization	adapter_gene_id_resolved	0.0	0.0	1.0	9.0	0.0	0.0	0.0
mitochondrial_disease	388552	ncbi_gene	BLOC1S3	1	2.0	gtr_mitochondrial_gene_summary	silver	clinical_utilization	silver	clinical_utilization	adapter_gene_id_resolved	0.0	0.0	1.0	6.0	0.0	0.0	0.0
mitochondrial_disease	26258	ncbi_gene	BLOC1S6	1	2.0	gtr_mitochondrial_gene_summary	silver	clinical_utilization	silver	clinical_utilization	adapter_gene_id_resolved	0.0	0.0	0.0	6.0	0.0	0.0	0.0
mitochondrial_disease	649	ncbi_gene	BMP1	1	2.0	gtr_mitochondrial_gene_summary	silver	clinical_utilization	silver	clinical_utilization	adapter_gene_id_resolved	0.0	0.0	0.0	6.0	0.0	0.0	0.0
mitochondrial_disease	650	ncbi_gene	BMP2	1	2.0	gtr_mitochondrial_gene_summary	silver	clinical_utilization	silver	clinical_utilization	adapter_gene_id_resolved	0.0	0.0	0.0	1.0	0.0	0.0	0.0
mitochondrial_disease	655	ncbi_gene	BMP7	1	2.0	gtr_mitochondrial_gene_summary	silver	clinical_utilization	silver	clinical_utilization	adapter_gene_id_resolved	0.0	1.0	0.0	1.0	0.0	0.0	0.0
mitochondrial_disease	657	ncbi_gene	BMPR1A	1	2.0	gtr_mitochondrial_gene_summary	silver	clinical_utilization	silver	clinical_utilization	adapter_gene_id_resolved	0.0	0.0	3.0	0.0	0.0	0.0	0.0
mitochondrial_disease	388962	ncbi_gene	BOLA3	1	2.0	gtr_mitochondrial_gene_summary	silver	clinical_utilization	silver	clinical_utilization	adapter_gene_id_resolved	9.0	7.0	9.0	17.0	0.0	0.0	0.0
mitochondrial_disease	54928	ncbi_gene	BPNT2	1	2.0	gtr_mitochondrial_gene_summary	silver	clinical_utilization	silver	clinical_utilization	adapter_gene_id_resolved	0.0	0.0	0.0	1.0	0.0	0.0	0.0
mitochondrial_disease	673	ncbi_gene	BRAF	1	2.0	gtr_mitochondrial_gene_summary	silver	clinical_utilization	silver	clinical_utilization	adapter_gene_id_resolved	0.0	0.0	4.0	5.0	0.0	0.0	0.0
mitochondrial_disease	221927	ncbi_gene	BRAT1	1	2.0	gtr_mitochondrial_gene_summary	silver	clinical_utilization	silver	clinical_utilization	adapter_gene_id_resolved	0.0	0.0	0.0	1.0	0.0	0.0	0.0
mitochondrial_disease	672	ncbi_gene	BRCA1	1	2.0	gtr_mitochondrial_gene_summary	silver	clinical_utilization	silver	clinical_utilization	adapter_gene_id_resolved	0.0	0.0	2.0	0.0	0.0	0.0	0.0
mitochondrial_disease	675	ncbi_gene	BRCA2	1	2.0	gtr_mitochondrial_gene_summary	silver	clinical_utilization	silver	clinical_utilization	adapter_gene_id_resolved	0.0	0.0	3.0	0.0	0.0	0.0	0.0
mitochondrial_disease	23476	ncbi_gene	BRD4	1	2.0	gtr_mitochondrial_gene_summary	silver	clinical_utilization	silver	clinical_utilization	adapter_gene_id_resolved	1.0	0.0	0.0	0.0	0.0	0.0	0.0
mitochondrial_disease	83990	ncbi_gene	BRIP1	1	2.0	gtr_mitochondrial_gene_summary	silver	clinical_utilization	silver	clinical_utilization	adapter_gene_id_resolved	0.0	0.0	3.0	7.0	0.0	0.0	0.0
mitochondrial_disease	254065	ncbi_gene	BRWD3	1	2.0	gtr_mitochondrial_gene_summary	silver	clinical_utilization	silver	clinical_utilization	adapter_gene_id_resolved	0.0	0.0	1.0	3.0	0.0	0.0	0.0
mitochondrial_disease	26580	ncbi_gene	BSCL2	1	2.0	gtr_mitochondrial_gene_summary	silver	clinical_utilization	silver	clinical_utilization	adapter_gene_id_resolved	0.0	2.0	1.0	5.0	0.0	0.0	0.0
mitochondrial_disease	7809	ncbi_gene	BSND	1	2.0	gtr_mitochondrial_gene_summary	silver	clinical_utilization	silver	clinical_utilization	adapter_gene_id_resolved	0.0	2.0	0.0	8.0	0.0	0.0	0.0
mitochondrial_disease	686	ncbi_gene	BTD	1	2.0	gtr_mitochondrial_gene_summary	silver	clinical_utilization	silver	clinical_utilization	adapter_gene_id_resolved	0.0	0.0	0.0	13.0	0.0	0.0	0.0
mitochondrial_disease	695	ncbi_gene	BTK	1	2.0	gtr_mitochondrial_gene_summary	silver	clinical_utilization	silver	clinical_utilization	adapter_gene_id_resolved	0.0	0.0	0.0	7.0	0.0	0.0	0.0
mitochondrial_disease	701	ncbi_gene	BUB1B	1	2.0	gtr_mitochondrial_gene_summary	silver	clinical_utilization	silver	clinical_utilization	adapter_gene_id_resolved	0.0	0.0	0.0	1.0	0.0	0.0	0.0
mitochondrial_disease	113246	ncbi_gene	C12ORF57	1	2.0	gtr_mitochondrial_gene_summary	silver	clinical_utilization	silver	clinical_utilization	adapter_gene_id_resolved	0.0	0.0	0.0	2.0	0.0	0.0	0.0
mitochondrial_disease	83636	ncbi_gene	C19ORF12	1	2.0	gtr_mitochondrial_gene_summary	silver	clinical_utilization	silver	clinical_utilization	adapter_gene_id_resolved	14.0	6.0	5.0	13.0	0.0	0.0	0.0
mitochondrial_disease	708	ncbi_gene	C1QBP	1	2.0	gtr_mitochondrial_gene_summary	silver	clinical_utilization	silver	clinical_utilization	adapter_gene_id_resolved	1.0	0.0	5.0	6.0	0.0	0.0	0.0
mitochondrial_disease	717	ncbi_gene	C2	1	2.0	gtr_mitochondrial_gene_summary	silver	clinical_utilization	silver	clinical_utilization	adapter_gene_id_resolved	0.0	0.0	0.0	1.0	0.0	0.0	0.0
mitochondrial_disease	26005	ncbi_gene	C2CD3	1	2.0	gtr_mitochondrial_gene_summary	silver	clinical_utilization	silver	clinical_utilization	adapter_gene_id_resolved	0.0	0.0	0.0	3.0	0.0	0.0	0.0
mitochondrial_disease	205327	ncbi_gene	C2ORF69	1	2.0	gtr_mitochondrial_gene_summary	silver	clinical_utilization	silver	clinical_utilization	adapter_gene_id_resolved	1.0	0.0	0.0	0.0	0.0	0.0	0.0
mitochondrial_disease	718	ncbi_gene	C3	1	2.0	gtr_mitochondrial_gene_summary	silver	clinical_utilization	silver	clinical_utilization	adapter_gene_id_resolved	0.0	0.0	0.0	1.0	0.0	0.0	0.0
mitochondrial_disease	735	ncbi_gene	C9	1	2.0	gtr_mitochondrial_gene_summary	silver	clinical_utilization	silver	clinical_utilization	adapter_gene_id_resolved	0.0	0.0	0.0	1.0	0.0	0.0	0.0
mitochondrial_disease	203228	ncbi_gene	C9ORF72	1	2.0	gtr_mitochondrial_gene_summary	silver	clinical_utilization	silver	clinical_utilization	adapter_gene_id_resolved	0.0	1.0	0.0	1.0	0.0	0.0	0.0
mitochondrial_disease	760	ncbi_gene	CA2	1	2.0	gtr_mitochondrial_gene_summary	silver	clinical_utilization	silver	clinical_utilization	adapter_gene_id_resolved	0.0	0.0	1.0	0.0	0.0	0.0	0.0
mitochondrial_disease	763	ncbi_gene	CA5A	1	2.0	gtr_mitochondrial_gene_summary	silver	clinical_utilization	silver	clinical_utilization	adapter_gene_id_resolved	0.0	0.0	0.0	2.0	0.0	0.0	0.0
mitochondrial_disease	767	ncbi_gene	CA8	1	2.0	gtr_mitochondrial_gene_summary	silver	clinical_utilization	silver	clinical_utilization	adapter_gene_id_resolved	0.0	0.0	0.0	2.0	0.0	0.0	0.0
mitochondrial_disease	773	ncbi_gene	CACNA1A	1	2.0	gtr_mitochondrial_gene_summary	silver	clinical_utilization	silver	clinical_utilization	adapter_gene_id_resolved	0.0	0.0	0.0	4.0	0.0	0.0	0.0
mitochondrial_disease	774	ncbi_gene	CACNA1B	1	2.0	gtr_mitochondrial_gene_summary	silver	clinical_utilization	silver	clinical_utilization	adapter_gene_id_resolved	0.0	0.0	0.0	1.0	0.0	0.0	0.0
mitochondrial_disease	775	ncbi_gene	CACNA1C	1	2.0	gtr_mitochondrial_gene_summary	silver	clinical_utilization	silver	clinical_utilization	adapter_gene_id_resolved	0.0	0.0	1.0	3.0	0.0	0.0	0.0
mitochondrial_disease	776	ncbi_gene	CACNA1D	1	2.0	gtr_mitochondrial_gene_summary	silver	clinical_utilization	silver	clinical_utilization	adapter_gene_id_resolved	0.0	0.0	0.0	2.0	0.0	0.0	0.0
mitochondrial_disease	8913	ncbi_gene	CACNA1G	1	2.0	gtr_mitochondrial_gene_summary	silver	clinical_utilization	silver	clinical_utilization	adapter_gene_id_resolved	0.0	0.0	0.0	3.0	0.0	0.0	0.0
mitochondrial_disease	8912	ncbi_gene	CACNA1H	1	2.0	gtr_mitochondrial_gene_summary	silver	clinical_utilization	silver	clinical_utilization	adapter_gene_id_resolved	0.0	0.0	0.0	3.0	0.0	0.0	0.0
mitochondrial_disease	779	ncbi_gene	CACNA1S	1	2.0	gtr_mitochondrial_gene_summary	silver	clinical_utilization	silver	clinical_utilization	adapter_gene_id_resolved	0.0	0.0	0.0	1.0	0.0	0.0	0.0
mitochondrial_disease	781	ncbi_gene	CACNA2D1	1	2.0	gtr_mitochondrial_gene_summary	silver	clinical_utilization	silver	clinical_utilization	adapter_gene_id_resolved	0.0	1.0	1.0	2.0	0.0	0.0	0.0
mitochondrial_disease	9254	ncbi_gene	CACNA2D2	1	2.0	gtr_mitochondrial_gene_summary	silver	clinical_utilization	silver	clinical_utilization	adapter_gene_id_resolved	0.0	0.0	0.0	1.0	0.0	0.0	0.0
mitochondrial_disease	783	ncbi_gene	CACNB2	1	2.0	gtr_mitochondrial_gene_summary	silver	clinical_utilization	silver	clinical_utilization	adapter_gene_id_resolved	0.0	0.0	1.0	2.0	0.0	0.0	0.0
mitochondrial_disease	785	ncbi_gene	CACNB4	1	2.0	gtr_mitochondrial_gene_summary	silver	clinical_utilization	silver	clinical_utilization	adapter_gene_id_resolved	0.0	0.0	2.0	4.0	0.0	0.0	0.0
mitochondrial_disease	10369	ncbi_gene	CACNG2	1	2.0	gtr_mitochondrial_gene_summary	silver	clinical_utilization	silver	clinical_utilization	adapter_gene_id_resolved	0.0	0.0	0.0	2.0	0.0	0.0	0.0
mitochondrial_disease	790	ncbi_gene	CAD	1	2.0	gtr_mitochondrial_gene_summary	silver	clinical_utilization	silver	clinical_utilization	adapter_gene_id_resolved	0.0	0.0	0.0	8.0	0.0	0.0	0.0
mitochondrial_disease	801	ncbi_gene	CALM1	1	2.0	gtr_mitochondrial_gene_summary	silver	clinical_utilization	silver	clinical_utilization	adapter_gene_id_resolved	0.0	0.0	1.0	2.0	0.0	0.0	0.0
mitochondrial_disease	805	ncbi_gene	CALM2	1	2.0	gtr_mitochondrial_gene_summary	silver	clinical_utilization	silver	clinical_utilization	adapter_gene_id_resolved	0.0	0.0	0.0	2.0	0.0	0.0	0.0
mitochondrial_disease	808	ncbi_gene	CALM3	1	2.0	gtr_mitochondrial_gene_summary	silver	clinical_utilization	silver	clinical_utilization	adapter_gene_id_resolved	0.0	0.0	0.0	2.0	0.0	0.0	0.0
mitochondrial_disease	125972	ncbi_gene	CALR3	1	2.0	gtr_mitochondrial_gene_summary	silver	clinical_utilization	silver	clinical_utilization	adapter_gene_id_resolved	0.0	2.0	0.0	2.0	0.0	0.0	0.0
mitochondrial_disease	815	ncbi_gene	CAMK2A	1	2.0	gtr_mitochondrial_gene_summary	silver	clinical_utilization	silver	clinical_utilization	adapter_gene_id_resolved	0.0	0.0	0.0	1.0	0.0	0.0	0.0
mitochondrial_disease	816	ncbi_gene	CAMK2B	1	2.0	gtr_mitochondrial_gene_summary	silver	clinical_utilization	silver	clinical_utilization	adapter_gene_id_resolved	0.0	0.0	0.0	1.0	0.0	0.0	0.0
mitochondrial_disease	825	ncbi_gene	CAPN3	1	2.0	gtr_mitochondrial_gene_summary	silver	clinical_utilization	silver	clinical_utilization	adapter_gene_id_resolved	0.0	0.0	1.0	7.0	0.0	0.0	0.0
mitochondrial_disease	79587	ncbi_gene	CARS2	1	2.0	gtr_mitochondrial_gene_summary	silver	clinical_utilization	silver	clinical_utilization	adapter_gene_id_resolved	5.0	2.0	4.0	11.0	0.0	0.0	0.0
mitochondrial_disease	8573	ncbi_gene	CASK	1	2.0	gtr_mitochondrial_gene_summary	silver	clinical_utilization	silver	clinical_utilization	adapter_gene_id_resolved	0.0	0.0	1.0	4.0	0.0	0.0	0.0
mitochondrial_disease	844	ncbi_gene	CASQ1	1	2.0	gtr_mitochondrial_gene_summary	silver	clinical_utilization	silver	clinical_utilization	adapter_gene_id_resolved	0.0	0.0	1.0	0.0	0.0	0.0	0.0
mitochondrial_disease	845	ncbi_gene	CASQ2	1	2.0	gtr_mitochondrial_gene_summary	silver	clinical_utilization	silver	clinical_utilization	adapter_gene_id_resolved	0.0	1.0	2.0	3.0	0.0	0.0	0.0
mitochondrial_disease	846	ncbi_gene	CASR	1	2.0	gtr_mitochondrial_gene_summary	silver	clinical_utilization	silver	clinical_utilization	adapter_gene_id_resolved	0.0	0.0	2.0	4.0	0.0	0.0	0.0
mitochondrial_disease	847	ncbi_gene	CAT	1	2.0	gtr_mitochondrial_gene_summary	silver	clinical_utilization	silver	clinical_utilization	adapter_gene_id_resolved	0.0	0.0	1.0	0.0	0.0	0.0	0.0
mitochondrial_disease	857	ncbi_gene	CAV1	1	2.0	gtr_mitochondrial_gene_summary	silver	clinical_utilization	silver	clinical_utilization	adapter_gene_id_resolved	0.0	0.0	0.0	1.0	0.0	0.0	0.0
mitochondrial_disease	858	ncbi_gene	CAV2	1	2.0	gtr_mitochondrial_gene_summary	silver	clinical_utilization	silver	clinical_utilization	adapter_gene_id_resolved	0.0	0.0	0.0	1.0	0.0	0.0	0.0
mitochondrial_disease	859	ncbi_gene	CAV3	1	2.0	gtr_mitochondrial_gene_summary	silver	clinical_utilization	silver	clinical_utilization	adapter_gene_id_resolved	0.0	0.0	4.0	3.0	0.0	0.0	0.0
mitochondrial_disease	284119	ncbi_gene	CAVIN1	1	2.0	gtr_mitochondrial_gene_summary	silver	clinical_utilization	silver	clinical_utilization	adapter_gene_id_resolved	0.0	0.0	1.0	7.0	0.0	0.0	0.0
mitochondrial_disease	347273	ncbi_gene	CAVIN4	1	2.0	gtr_mitochondrial_gene_summary	silver	clinical_utilization	silver	clinical_utilization	adapter_gene_id_resolved	0.0	1.0	0.0	0.0	0.0	0.0	0.0
mitochondrial_disease	867	ncbi_gene	CBL	1	2.0	gtr_mitochondrial_gene_summary	silver	clinical_utilization	silver	clinical_utilization	adapter_gene_id_resolved	0.0	0.0	3.0	5.0	0.0	0.0	0.0
mitochondrial_disease	2694	ncbi_gene	CBLIF	1	2.0	gtr_mitochondrial_gene_summary	silver	clinical_utilization	silver	clinical_utilization	adapter_gene_id_resolved	0.0	0.0	0.0	1.0	0.0	0.0	0.0
mitochondrial_disease	875	ncbi_gene	CBS	1	2.0	gtr_mitochondrial_gene_summary	silver	clinical_utilization	silver	clinical_utilization	adapter_gene_id_resolved	0.0	0.0	0.0	14.0	0.0	0.0	0.0
mitochondrial_disease	84733	ncbi_gene	CBX2	1	2.0	gtr_mitochondrial_gene_summary	silver	clinical_utilization	silver	clinical_utilization	adapter_gene_id_resolved	0.0	1.0	0.0	0.0	0.0	0.0	0.0
mitochondrial_disease	54862	ncbi_gene	CC2D1A	1	2.0	gtr_mitochondrial_gene_summary	silver	clinical_utilization	silver	clinical_utilization	adapter_gene_id_resolved	0.0	0.0	0.0	3.0	0.0	0.0	0.0
mitochondrial_disease	57545	ncbi_gene	CC2D2A	1	2.0	gtr_mitochondrial_gene_summary	silver	clinical_utilization	silver	clinical_utilization	adapter_gene_id_resolved	0.0	0.0	0.0	9.0	0.0	0.0	0.0
mitochondrial_disease	147372	ncbi_gene	CCBE1	1	2.0	gtr_mitochondrial_gene_summary	silver	clinical_utilization	silver	clinical_utilization	adapter_gene_id_resolved	0.0	0.0	0.0	2.0	0.0	0.0	0.0
mitochondrial_disease	133957	ncbi_gene	CCDC127	1	2.0	gtr_mitochondrial_gene_summary	silver	clinical_utilization	silver	clinical_utilization	adapter_gene_id_resolved	1.0	0.0	0.0	0.0	0.0	0.0	0.0
mitochondrial_disease	28952	ncbi_gene	CCDC22	1	2.0	gtr_mitochondrial_gene_summary	silver	clinical_utilization	silver	clinical_utilization	adapter_gene_id_resolved	0.0	0.0	1.0	3.0	0.0	0.0	0.0
mitochondrial_disease	152137	ncbi_gene	CCDC50	1	2.0	gtr_mitochondrial_gene_summary	silver	clinical_utilization	silver	clinical_utilization	adapter_gene_id_resolved	0.0	0.0	0.0	1.0	0.0	0.0	0.0
mitochondrial_disease	124093	ncbi_gene	CCDC78	1	2.0	gtr_mitochondrial_gene_summary	silver	clinical_utilization	silver	clinical_utilization	adapter_gene_id_resolved	0.0	0.0	1.0	0.0	0.0	0.0	0.0
mitochondrial_disease	83987	ncbi_gene	CCDC8	1	2.0	gtr_mitochondrial_gene_summary	silver	clinical_utilization	silver	clinical_utilization	adapter_gene_id_resolved	0.0	0.0	0.0	8.0	0.0	0.0	0.0
mitochondrial_disease	55704	ncbi_gene	CCDC88A	1	2.0	gtr_mitochondrial_gene_summary	silver	clinical_utilization	silver	clinical_utilization	adapter_gene_id_resolved	0.0	0.0	0.0	1.0	0.0	0.0	0.0
mitochondrial_disease	440193	ncbi_gene	CCDC88C	1	2.0	gtr_mitochondrial_gene_summary	silver	clinical_utilization	silver	clinical_utilization	adapter_gene_id_resolved	0.0	0.0	0.0	11.0	0.0	0.0	0.0
mitochondrial_disease	196477	ncbi_gene	CCER1	1	2.0	gtr_mitochondrial_gene_summary	silver	clinical_utilization	silver	clinical_utilization	adapter_gene_id_resolved	0.0	0.0	0.0	1.0	0.0	0.0	0.0
mitochondrial_disease	83605	ncbi_gene	CCM2	1	2.0	gtr_mitochondrial_gene_summary	silver	clinical_utilization	silver	clinical_utilization	adapter_gene_id_resolved	0.0	0.0	0.0	1.0	0.0	0.0	0.0
mitochondrial_disease	8838	ncbi_gene	CCN6	1	2.0	gtr_mitochondrial_gene_summary	silver	clinical_utilization	silver	clinical_utilization	adapter_gene_id_resolved	0.0	0.0	0.0	6.0	0.0	0.0	0.0
mitochondrial_disease	595	ncbi_gene	CCND1	1	2.0	gtr_mitochondrial_gene_summary	silver	clinical_utilization	silver	clinical_utilization	adapter_gene_id_resolved	0.0	0.0	0.0	1.0	0.0	0.0	0.0
mitochondrial_disease	894	ncbi_gene	CCND2	1	2.0	gtr_mitochondrial_gene_summary	silver	clinical_utilization	silver	clinical_utilization	adapter_gene_id_resolved	0.0	0.0	0.0	2.0	0.0	0.0	0.0
mitochondrial_disease	79935	ncbi_gene	CCNP	1	2.0	gtr_mitochondrial_gene_summary	silver	clinical_utilization	silver	clinical_utilization	adapter_gene_id_resolved	0.0	0.0	0.0	1.0	0.0	0.0	0.0
mitochondrial_disease	92002	ncbi_gene	CCNQ	1	2.0	gtr_mitochondrial_gene_summary	silver	clinical_utilization	silver	clinical_utilization	adapter_gene_id_resolved	0.0	0.0	0.0	2.0	0.0	0.0	0.0
mitochondrial_disease	10576	ncbi_gene	CCT2	1	2.0	gtr_mitochondrial_gene_summary	silver	clinical_utilization	silver	clinical_utilization	adapter_gene_id_resolved	0.0	1.0	0.0	0.0	0.0	0.0	0.0
mitochondrial_disease	22948	ncbi_gene	CCT5	1	2.0	gtr_mitochondrial_gene_summary	silver	clinical_utilization	silver	clinical_utilization	adapter_gene_id_resolved	1.0	0.0	0.0	2.0	0.0	0.0	0.0
mitochondrial_disease	8763	ncbi_gene	CD164	1	2.0	gtr_mitochondrial_gene_summary	silver	clinical_utilization	silver	clinical_utilization	adapter_gene_id_resolved	0.0	0.0	0.0	1.0	0.0	0.0	0.0
mitochondrial_disease	919	ncbi_gene	CD247	1	2.0	gtr_mitochondrial_gene_summary	silver	clinical_utilization	silver	clinical_utilization	adapter_gene_id_resolved	0.0	0.0	0.0	7.0	0.0	0.0	0.0
mitochondrial_disease	51293	ncbi_gene	CD320	1	2.0	gtr_mitochondrial_gene_summary	silver	clinical_utilization	silver	clinical_utilization	adapter_gene_id_resolved	0.0	0.0	0.0	2.0	0.0	0.0	0.0
mitochondrial_disease	948	ncbi_gene	CD36	1	2.0	gtr_mitochondrial_gene_summary	silver	clinical_utilization	silver	clinical_utilization	adapter_gene_id_resolved	0.0	0.0	0.0	2.0	0.0	0.0	0.0
mitochondrial_disease	915	ncbi_gene	CD3D	1	2.0	gtr_mitochondrial_gene_summary	silver	clinical_utilization	silver	clinical_utilization	adapter_gene_id_resolved	0.0	0.0	0.0	7.0	0.0	0.0	0.0
mitochondrial_disease	916	ncbi_gene	CD3E	1	2.0	gtr_mitochondrial_gene_summary	silver	clinical_utilization	silver	clinical_utilization	adapter_gene_id_resolved	0.0	0.0	0.0	7.0	0.0	0.0	0.0
mitochondrial_disease	917	ncbi_gene	CD3G	1	2.0	gtr_mitochondrial_gene_summary	silver	clinical_utilization	silver	clinical_utilization	adapter_gene_id_resolved	0.0	0.0	0.0	7.0	0.0	0.0	0.0
mitochondrial_disease	958	ncbi_gene	CD40	1	2.0	gtr_mitochondrial_gene_summary	silver	clinical_utilization	silver	clinical_utilization	adapter_gene_id_resolved	0.0	0.0	0.0	6.0	0.0	0.0	0.0
mitochondrial_disease	959	ncbi_gene	CD40LG	1	2.0	gtr_mitochondrial_gene_summary	silver	clinical_utilization	silver	clinical_utilization	adapter_gene_id_resolved	0.0	0.0	0.0	6.0	0.0	0.0	0.0
mitochondrial_disease	925	ncbi_gene	CD8A	1	2.0	gtr_mitochondrial_gene_summary	silver	clinical_utilization	silver	clinical_utilization	adapter_gene_id_resolved	0.0	0.0	0.0	7.0	0.0	0.0	0.0
mitochondrial_disease	10225	ncbi_gene	CD96	1	2.0	gtr_mitochondrial_gene_summary	silver	clinical_utilization	silver	clinical_utilization	adapter_gene_id_resolved	0.0	0.0	0.0	2.0	0.0	0.0	0.0
mitochondrial_disease	146059	ncbi_gene	CDAN1	1	2.0	gtr_mitochondrial_gene_summary	silver	clinical_utilization	silver	clinical_utilization	adapter_gene_id_resolved	0.0	1.0	1.0	0.0	0.0	0.0	0.0
mitochondrial_disease	79577	ncbi_gene	CDC73	1	2.0	gtr_mitochondrial_gene_summary	silver	clinical_utilization	silver	clinical_utilization	adapter_gene_id_resolved	0.0	1.0	3.0	0.0	0.0	0.0	0.0
mitochondrial_disease	83879	ncbi_gene	CDCA7	1	2.0	gtr_mitochondrial_gene_summary	silver	clinical_utilization	silver	clinical_utilization	adapter_gene_id_resolved	0.0	0.0	0.0	6.0	0.0	0.0	0.0
mitochondrial_disease	999	ncbi_gene	CDH1	1	2.0	gtr_mitochondrial_gene_summary	silver	clinical_utilization	silver	clinical_utilization	adapter_gene_id_resolved	0.0	0.0	2.0	0.0	0.0	0.0	0.0
mitochondrial_disease	1013	ncbi_gene	CDH15	1	2.0	gtr_mitochondrial_gene_summary	silver	clinical_utilization	silver	clinical_utilization	adapter_gene_id_resolved	0.0	0.0	0.0	2.0	0.0	0.0	0.0
mitochondrial_disease	1016	ncbi_gene	CDH18	1	2.0	gtr_mitochondrial_gene_summary	silver	clinical_utilization	silver	clinical_utilization	adapter_gene_id_resolved	0.0	0.0	1.0	0.0	0.0	0.0	0.0
mitochondrial_disease	64072	ncbi_gene	CDH23	1	2.0	gtr_mitochondrial_gene_summary	silver	clinical_utilization	silver	clinical_utilization	adapter_gene_id_resolved	0.0	0.0	0.0	8.0	0.0	0.0	0.0
mitochondrial_disease	1019	ncbi_gene	CDK4	1	2.0	gtr_mitochondrial_gene_summary	silver	clinical_utilization	silver	clinical_utilization	adapter_gene_id_resolved	0.0	0.0	3.0	0.0	0.0	0.0	0.0
mitochondrial_disease	1020	ncbi_gene	CDK5	1	2.0	gtr_mitochondrial_gene_summary	silver	clinical_utilization	silver	clinical_utilization	adapter_gene_id_resolved	0.0	0.0	0.0	1.0	0.0	0.0	0.0
mitochondrial_disease	1025	ncbi_gene	CDK9	1	2.0	gtr_mitochondrial_gene_summary	silver	clinical_utilization	silver	clinical_utilization	adapter_gene_id_resolved	0.0	0.0	1.0	0.0	0.0	0.0	0.0
mitochondrial_disease	6792	ncbi_gene	CDKL5	1	2.0	gtr_mitochondrial_gene_summary	silver	clinical_utilization	silver	clinical_utilization	adapter_gene_id_resolved	0.0	2.0	3.0	7.0	0.0	0.0	0.0
mitochondrial_disease	1027	ncbi_gene	CDKN1B	1	2.0	gtr_mitochondrial_gene_summary	silver	clinical_utilization	silver	clinical_utilization	adapter_gene_id_resolved	0.0	0.0	2.0	0.0	0.0	0.0	0.0
mitochondrial_disease	1028	ncbi_gene	CDKN1C	1	2.0	gtr_mitochondrial_gene_summary	silver	clinical_utilization	silver	clinical_utilization	adapter_gene_id_resolved	0.0	2.0	2.0	2.0	0.0	0.0	0.0
mitochondrial_disease	1029	ncbi_gene	CDKN2A	1	2.0	gtr_mitochondrial_gene_summary	silver	clinical_utilization	silver	clinical_utilization	adapter_gene_id_resolved	0.0	0.0	3.0	1.0	0.0	0.0	0.0
mitochondrial_disease	100048912	ncbi_gene	CDKN2B-AS1	1	2.0	gtr_mitochondrial_gene_summary	silver	clinical_utilization	silver	clinical_utilization	adapter_gene_id_resolved	0.0	0.0	0.0	1.0	0.0	0.0	0.0
mitochondrial_disease	1041	ncbi_gene	CDSN	1	2.0	gtr_mitochondrial_gene_summary	silver	clinical_utilization	silver	clinical_utilization	adapter_gene_id_resolved	0.0	1.0	0.0	0.0	0.0	0.0	0.0
mitochondrial_disease	1044	ncbi_gene	CDX1	1	2.0	gtr_mitochondrial_gene_summary	silver	clinical_utilization	silver	clinical_utilization	adapter_gene_id_resolved	0.0	0.0	1.0	0.0	0.0	0.0	0.0
mitochondrial_disease	388551	ncbi_gene	CEACAM16	1	2.0	gtr_mitochondrial_gene_summary	silver	clinical_utilization	silver	clinical_utilization	adapter_gene_id_resolved	0.0	0.0	0.0	1.0	0.0	0.0	0.0
mitochondrial_disease	1050	ncbi_gene	CEBPA	1	2.0	gtr_mitochondrial_gene_summary	silver	clinical_utilization	silver	clinical_utilization	adapter_gene_id_resolved	0.0	0.0	2.0	0.0	0.0	0.0	0.0
mitochondrial_disease	1053	ncbi_gene	CEBPE	1	2.0	gtr_mitochondrial_gene_summary	silver	clinical_utilization	silver	clinical_utilization	adapter_gene_id_resolved	0.0	0.0	1.0	0.0	0.0	0.0	0.0
mitochondrial_disease	9620	ncbi_gene	CELSR1	1	2.0	gtr_mitochondrial_gene_summary	silver	clinical_utilization	silver	clinical_utilization	adapter_gene_id_resolved	0.0	1.0	0.0	0.0	0.0	0.0	0.0
mitochondrial_disease	1062	ncbi_gene	CENPE	1	2.0	gtr_mitochondrial_gene_summary	silver	clinical_utilization	silver	clinical_utilization	adapter_gene_id_resolved	0.0	0.0	0.0	1.0	0.0	0.0	0.0
mitochondrial_disease	9731	ncbi_gene	CEP104	1	2.0	gtr_mitochondrial_gene_summary	silver	clinical_utilization	silver	clinical_utilization	adapter_gene_id_resolved	0.0	0.0	0.0	7.0	0.0	0.0	0.0
mitochondrial_disease	22897	ncbi_gene	CEP164	1	2.0	gtr_mitochondrial_gene_summary	silver	clinical_utilization	silver	clinical_utilization	adapter_gene_id_resolved	0.0	0.0	0.0	1.0	0.0	0.0	0.0
mitochondrial_disease	80184	ncbi_gene	CEP290	1	2.0	gtr_mitochondrial_gene_summary	silver	clinical_utilization	silver	clinical_utilization	adapter_gene_id_resolved	0.0	1.0	0.0	9.0	0.0	0.0	0.0
mitochondrial_disease	84131	ncbi_gene	CEP78	1	2.0	gtr_mitochondrial_gene_summary	silver	clinical_utilization	silver	clinical_utilization	adapter_gene_id_resolved	0.0	0.0	0.0	1.0	0.0	0.0	0.0
mitochondrial_disease	84902	ncbi_gene	CEP89	1	2.0	gtr_mitochondrial_gene_summary	silver	clinical_utilization	silver	clinical_utilization	adapter_gene_id_resolved	0.0	1.0	0.0	2.0	0.0	0.0	0.0
mitochondrial_disease	79598	ncbi_gene	CEP97	1	2.0	gtr_mitochondrial_gene_summary	silver	clinical_utilization	silver	clinical_utilization	adapter_gene_id_resolved	1.0	0.0	1.0	0.0	0.0	0.0	0.0
mitochondrial_disease	375298	ncbi_gene	CERKL	1	2.0	gtr_mitochondrial_gene_summary	silver	clinical_utilization	silver	clinical_utilization	adapter_gene_id_resolved	0.0	0.0	0.0	7.0	0.0	0.0	0.0
mitochondrial_disease	10715	ncbi_gene	CERS1	1	2.0	gtr_mitochondrial_gene_summary	silver	clinical_utilization	silver	clinical_utilization	adapter_gene_id_resolved	0.0	0.0	0.0	1.0	0.0	0.0	0.0
mitochondrial_disease	204219	ncbi_gene	CERS3	1	2.0	gtr_mitochondrial_gene_summary	silver	clinical_utilization	silver	clinical_utilization	adapter_gene_id_resolved	0.0	0.0	0.0	6.0	0.0	0.0	0.0
mitochondrial_disease	10087	ncbi_gene	CERT1	1	2.0	gtr_mitochondrial_gene_summary	silver	clinical_utilization	silver	clinical_utilization	adapter_gene_id_resolved	0.0	0.0	0.0	1.0	0.0	0.0	0.0
mitochondrial_disease	3075	ncbi_gene	CFH	1	2.0	gtr_mitochondrial_gene_summary	silver	clinical_utilization	silver	clinical_utilization	adapter_gene_id_resolved	0.0	0.0	0.0	1.0	0.0	0.0	0.0
mitochondrial_disease	3078	ncbi_gene	CFHR1	1	2.0	gtr_mitochondrial_gene_summary	silver	clinical_utilization	silver	clinical_utilization	adapter_gene_id_resolved	0.0	0.0	0.0	1.0	0.0	0.0	0.0
mitochondrial_disease	3080	ncbi_gene	CFHR2	1	2.0	gtr_mitochondrial_gene_summary	silver	clinical_utilization	silver	clinical_utilization	adapter_gene_id_resolved	0.0	0.0	0.0	1.0	0.0	0.0	0.0
mitochondrial_disease	10878	ncbi_gene	CFHR3	1	2.0	gtr_mitochondrial_gene_summary	silver	clinical_utilization	silver	clinical_utilization	adapter_gene_id_resolved	0.0	0.0	0.0	2.0	0.0	0.0	0.0
mitochondrial_disease	3426	ncbi_gene	CFI	1	2.0	gtr_mitochondrial_gene_summary	silver	clinical_utilization	silver	clinical_utilization	adapter_gene_id_resolved	0.0	0.0	0.0	1.0	0.0	0.0	0.0
mitochondrial_disease	1073	ncbi_gene	CFL2	1	2.0	gtr_mitochondrial_gene_summary	silver	clinical_utilization	silver	clinical_utilization	adapter_gene_id_resolved	0.0	0.0	2.0	0.0	0.0	0.0	0.0
mitochondrial_disease	1080	ncbi_gene	CFTR	1	2.0	gtr_mitochondrial_gene_summary	silver	clinical_utilization	silver	clinical_utilization	adapter_gene_id_resolved	0.0	0.0	2.0	9.0	0.0	0.0	0.0
mitochondrial_disease	1103	ncbi_gene	CHAT	1	2.0	gtr_mitochondrial_gene_summary	silver	clinical_utilization	silver	clinical_utilization	adapter_gene_id_resolved	0.0	0.0	1.0	9.0	0.0	0.0	0.0
mitochondrial_disease	400916	ncbi_gene	CHCHD10	1	2.0	gtr_mitochondrial_gene_summary	silver	clinical_utilization	silver	clinical_utilization	adapter_gene_id_resolved	9.0	4.0	3.0	10.0	0.0	0.0	0.0
mitochondrial_disease	51142	ncbi_gene	CHCHD2	1	2.0	gtr_mitochondrial_gene_summary	silver	clinical_utilization	silver	clinical_utilization	adapter_gene_id_resolved	0.0	0.0	1.0	0.0	0.0	0.0	0.0
mitochondrial_disease	1105	ncbi_gene	CHD1	1	2.0	gtr_mitochondrial_gene_summary	silver	clinical_utilization	silver	clinical_utilization	adapter_gene_id_resolved	0.0	0.0	0.0	1.0	0.0	0.0	0.0
mitochondrial_disease	1106	ncbi_gene	CHD2	1	2.0	gtr_mitochondrial_gene_summary	silver	clinical_utilization	silver	clinical_utilization	adapter_gene_id_resolved	0.0	0.0	1.0	4.0	0.0	0.0	0.0
mitochondrial_disease	55636	ncbi_gene	CHD7	1	2.0	gtr_mitochondrial_gene_summary	silver	clinical_utilization	silver	clinical_utilization	adapter_gene_id_resolved	0.0	0.0	0.0	4.0	0.0	0.0	0.0
mitochondrial_disease	57680	ncbi_gene	CHD8	1	2.0	gtr_mitochondrial_gene_summary	silver	clinical_utilization	silver	clinical_utilization	adapter_gene_id_resolved	0.0	0.0	0.0	4.0	0.0	0.0	0.0
mitochondrial_disease	11200	ncbi_gene	CHEK2	1	2.0	gtr_mitochondrial_gene_summary	silver	clinical_utilization	silver	clinical_utilization	adapter_gene_id_resolved	0.0	0.0	2.0	0.0	0.0	0.0	0.0
mitochondrial_disease	10523	ncbi_gene	CHERP	1	2.0	gtr_mitochondrial_gene_summary	silver	clinical_utilization	silver	clinical_utilization	adapter_gene_id_resolved	0.0	0.0	0.0	1.0	0.0	0.0	0.0
mitochondrial_disease	1120	ncbi_gene	CHKB	1	2.0	gtr_mitochondrial_gene_summary	silver	clinical_utilization	silver	clinical_utilization	adapter_gene_id_resolved	16.0	5.0	8.0	6.0	0.0	0.0	0.0
mitochondrial_disease	5119	ncbi_gene	CHMP1A	1	2.0	gtr_mitochondrial_gene_summary	silver	clinical_utilization	silver	clinical_utilization	adapter_gene_id_resolved	0.0	0.0	0.0	6.0	0.0	0.0	0.0
mitochondrial_disease	25978	ncbi_gene	CHMP2B	1	2.0	gtr_mitochondrial_gene_summary	silver	clinical_utilization	silver	clinical_utilization	adapter_gene_id_resolved	0.0	0.0	0.0	2.0	0.0	0.0	0.0
mitochondrial_disease	128866	ncbi_gene	CHMP4B	1	2.0	gtr_mitochondrial_gene_summary	silver	clinical_utilization	silver	clinical_utilization	adapter_gene_id_resolved	0.0	0.0	1.0	0.0	0.0	0.0	0.0
mitochondrial_disease	1134	ncbi_gene	CHRNA1	1	2.0	gtr_mitochondrial_gene_summary	silver	clinical_utilization	silver	clinical_utilization	adapter_gene_id_resolved	0.0	0.0	1.0	1.0	0.0	0.0	0.0
mitochondrial_disease	1135	ncbi_gene	CHRNA2	1	2.0	gtr_mitochondrial_gene_summary	silver	clinical_utilization	silver	clinical_utilization	adapter_gene_id_resolved	0.0	0.0	1.0	3.0	0.0	0.0	0.0
mitochondrial_disease	1137	ncbi_gene	CHRNA4	1	2.0	gtr_mitochondrial_gene_summary	silver	clinical_utilization	silver	clinical_utilization	adapter_gene_id_resolved	0.0	0.0	1.0	3.0	0.0	0.0	0.0
mitochondrial_disease	1139	ncbi_gene	CHRNA7	1	2.0	gtr_mitochondrial_gene_summary	silver	clinical_utilization	silver	clinical_utilization	adapter_gene_id_resolved	0.0	0.0	1.0	2.0	0.0	0.0	0.0
mitochondrial_disease	1140	ncbi_gene	CHRNB1	1	2.0	gtr_mitochondrial_gene_summary	silver	clinical_utilization	silver	clinical_utilization	adapter_gene_id_resolved	0.0	0.0	1.0	1.0	0.0	0.0	0.0
mitochondrial_disease	1141	ncbi_gene	CHRNB2	1	2.0	gtr_mitochondrial_gene_summary	silver	clinical_utilization	silver	clinical_utilization	adapter_gene_id_resolved	0.0	0.0	1.0	3.0	0.0	0.0	0.0
mitochondrial_disease	1144	ncbi_gene	CHRND	1	2.0	gtr_mitochondrial_gene_summary	silver	clinical_utilization	silver	clinical_utilization	adapter_gene_id_resolved	0.0	0.0	1.0	1.0	0.0	0.0	0.0
mitochondrial_disease	1145	ncbi_gene	CHRNE	1	2.0	gtr_mitochondrial_gene_summary	silver	clinical_utilization	silver	clinical_utilization	adapter_gene_id_resolved	0.0	0.0	1.0	9.0	0.0	0.0	0.0
mitochondrial_disease	1146	ncbi_gene	CHRNG	1	2.0	gtr_mitochondrial_gene_summary	silver	clinical_utilization	silver	clinical_utilization	adapter_gene_id_resolved	0.0	0.0	0.0	6.0	0.0	0.0	0.0
mitochondrial_disease	4166	ncbi_gene	CHST6	1	2.0	gtr_mitochondrial_gene_summary	silver	clinical_utilization	silver	clinical_utilization	adapter_gene_id_resolved	0.0	0.0	0.0	6.0	0.0	0.0	0.0
mitochondrial_disease	10518	ncbi_gene	CIB2	1	2.0	gtr_mitochondrial_gene_summary	silver	clinical_utilization	silver	clinical_utilization	adapter_gene_id_resolved	0.0	0.0	0.0	8.0	0.0	0.0	0.0
mitochondrial_disease	23152	ncbi_gene	CIC	1	2.0	gtr_mitochondrial_gene_summary	silver	clinical_utilization	silver	clinical_utilization	adapter_gene_id_resolved	0.0	0.0	0.0	1.0	0.0	0.0	0.0
mitochondrial_disease	4261	ncbi_gene	CIITA	1	2.0	gtr_mitochondrial_gene_summary	silver	clinical_utilization	silver	clinical_utilization	adapter_gene_id_resolved	0.0	0.0	0.0	6.0	0.0	0.0	0.0
mitochondrial_disease	22858	ncbi_gene	CILK1	1	2.0	gtr_mitochondrial_gene_summary	silver	clinical_utilization	silver	clinical_utilization	adapter_gene_id_resolved	0.0	0.0	0.0	1.0	0.0	0.0	0.0
mitochondrial_disease	493856	ncbi_gene	CISD2	1	2.0	gtr_mitochondrial_gene_summary	silver	clinical_utilization	silver	clinical_utilization	adapter_gene_id_resolved	0.0	0.0	0.0	3.0	0.0	0.0	0.0
mitochondrial_disease	11113	ncbi_gene	CIT	1	2.0	gtr_mitochondrial_gene_summary	silver	clinical_utilization	silver	clinical_utilization	adapter_gene_id_resolved	0.0	0.0	0.0	1.0	0.0	0.0	0.0
mitochondrial_disease	25792	ncbi_gene	CIZ1	1	2.0	gtr_mitochondrial_gene_summary	silver	clinical_utilization	silver	clinical_utilization	adapter_gene_id_resolved	0.0	1.0	0.0	1.0	0.0	0.0	0.0
mitochondrial_disease	150468	ncbi_gene	CKAP2L	1	2.0	gtr_mitochondrial_gene_summary	silver	clinical_utilization	silver	clinical_utilization	adapter_gene_id_resolved	0.0	0.0	0.0	1.0	0.0	0.0	0.0
mitochondrial_disease	23529	ncbi_gene	CLCF1	1	2.0	gtr_mitochondrial_gene_summary	silver	clinical_utilization	silver	clinical_utilization	adapter_gene_id_resolved	0.0	0.0	0.0	6.0	0.0	0.0	0.0
mitochondrial_disease	1180	ncbi_gene	CLCN1	1	2.0	gtr_mitochondrial_gene_summary	silver	clinical_utilization	silver	clinical_utilization	adapter_gene_id_resolved	0.0	0.0	0.0	9.0	0.0	0.0	0.0
mitochondrial_disease	1181	ncbi_gene	CLCN2	1	2.0	gtr_mitochondrial_gene_summary	silver	clinical_utilization	silver	clinical_utilization	adapter_gene_id_resolved	0.0	0.0	2.0	5.0	0.0	0.0	0.0
mitochondrial_disease	1183	ncbi_gene	CLCN4	1	2.0	gtr_mitochondrial_gene_summary	silver	clinical_utilization	silver	clinical_utilization	adapter_gene_id_resolved	0.0	0.0	1.0	6.0	0.0	0.0	0.0
mitochondrial_disease	1184	ncbi_gene	CLCN5	1	2.0	gtr_mitochondrial_gene_summary	silver	clinical_utilization	silver	clinical_utilization	adapter_gene_id_resolved	0.0	0.0	0.0	7.0	0.0	0.0	0.0
mitochondrial_disease	1187	ncbi_gene	CLCNKA	1	2.0	gtr_mitochondrial_gene_summary	silver	clinical_utilization	silver	clinical_utilization	adapter_gene_id_resolved	0.0	0.0	0.0	1.0	0.0	0.0	0.0
mitochondrial_disease	1188	ncbi_gene	CLCNKB	1	2.0	gtr_mitochondrial_gene_summary	silver	clinical_utilization	silver	clinical_utilization	adapter_gene_id_resolved	0.0	0.0	0.0	2.0	0.0	0.0	0.0
mitochondrial_disease	23562	ncbi_gene	CLDN14	1	2.0	gtr_mitochondrial_gene_summary	silver	clinical_utilization	silver	clinical_utilization	adapter_gene_id_resolved	0.0	0.0	0.0	1.0	0.0	0.0	0.0
mitochondrial_disease	10686	ncbi_gene	CLDN16	1	2.0	gtr_mitochondrial_gene_summary	silver	clinical_utilization	silver	clinical_utilization	adapter_gene_id_resolved	0.0	0.0	0.0	2.0	0.0	0.0	0.0
mitochondrial_disease	149461	ncbi_gene	CLDN19	1	2.0	gtr_mitochondrial_gene_summary	silver	clinical_utilization	silver	clinical_utilization	adapter_gene_id_resolved	0.0	0.0	0.0	1.0	0.0	0.0	0.0
mitochondrial_disease	9080	ncbi_gene	CLDN9	1	2.0	gtr_mitochondrial_gene_summary	silver	clinical_utilization	silver	clinical_utilization	adapter_gene_id_resolved	0.0	0.0	1.0	0.0	0.0	0.0	0.0
mitochondrial_disease	1193	ncbi_gene	CLIC2	1	2.0	gtr_mitochondrial_gene_summary	silver	clinical_utilization	silver	clinical_utilization	adapter_gene_id_resolved	0.0	0.0	1.0	4.0	0.0	0.0	0.0
mitochondrial_disease	53405	ncbi_gene	CLIC5	1	2.0	gtr_mitochondrial_gene_summary	silver	clinical_utilization	silver	clinical_utilization	adapter_gene_id_resolved	0.0	0.0	0.0	1.0	0.0	0.0	0.0
mitochondrial_disease	1201	ncbi_gene	CLN3	1	2.0	gtr_mitochondrial_gene_summary	silver	clinical_utilization	silver	clinical_utilization	adapter_gene_id_resolved	0.0	0.0	3.0	13.0	0.0	0.0	0.0
mitochondrial_disease	1203	ncbi_gene	CLN5	1	2.0	gtr_mitochondrial_gene_summary	silver	clinical_utilization	silver	clinical_utilization	adapter_gene_id_resolved	0.0	0.0	3.0	14.0	0.0	0.0	0.0
mitochondrial_disease	54982	ncbi_gene	CLN6	1	2.0	gtr_mitochondrial_gene_summary	silver	clinical_utilization	silver	clinical_utilization	adapter_gene_id_resolved	0.0	0.0	3.0	14.0	0.0	0.0	0.0
mitochondrial_disease	2055	ncbi_gene	CLN8	1	2.0	gtr_mitochondrial_gene_summary	silver	clinical_utilization	silver	clinical_utilization	adapter_gene_id_resolved	0.0	0.0	1.0	11.0	0.0	0.0	0.0
mitochondrial_disease	10978	ncbi_gene	CLP1	1	2.0	gtr_mitochondrial_gene_summary	silver	clinical_utilization	silver	clinical_utilization	adapter_gene_id_resolved	0.0	0.0	1.0	10.0	0.0	0.0	0.0
mitochondrial_disease	81570	ncbi_gene	CLPB	1	2.0	gtr_mitochondrial_gene_summary	silver	clinical_utilization	silver	clinical_utilization	adapter_gene_id_resolved	0.0	0.0	0.0	3.0	0.0	0.0	0.0
mitochondrial_disease	8192	ncbi_gene	CLPP	1	2.0	gtr_mitochondrial_gene_summary	silver	clinical_utilization	silver	clinical_utilization	adapter_gene_id_resolved	0.0	0.0	0.0	6.0	0.0	0.0	0.0
mitochondrial_disease	7401	ncbi_gene	CLRN1	1	2.0	gtr_mitochondrial_gene_summary	silver	clinical_utilization	silver	clinical_utilization	adapter_gene_id_resolved	0.0	0.0	0.0	11.0	0.0	0.0	0.0
mitochondrial_disease	1211	ncbi_gene	CLTA	1	2.0	gtr_mitochondrial_gene_summary	silver	clinical_utilization	silver	clinical_utilization	adapter_gene_id_resolved	0.0	0.0	0.0	1.0	0.0	0.0	0.0
mitochondrial_disease	8218	ncbi_gene	CLTCL1	1	2.0	gtr_mitochondrial_gene_summary	silver	clinical_utilization	silver	clinical_utilization	adapter_gene_id_resolved	1.0	0.0	0.0	0.0	0.0	0.0	0.0
mitochondrial_disease	23059	ncbi_gene	CLUAP1	1	2.0	gtr_mitochondrial_gene_summary	silver	clinical_utilization	silver	clinical_utilization	adapter_gene_id_resolved	0.0	1.0	0.0	0.0	0.0	0.0	0.0
mitochondrial_disease	1259	ncbi_gene	CNGA1	1	2.0	gtr_mitochondrial_gene_summary	silver	clinical_utilization	silver	clinical_utilization	adapter_gene_id_resolved	0.0	0.0	0.0	7.0	0.0	0.0	0.0
mitochondrial_disease	1258	ncbi_gene	CNGB1	1	2.0	gtr_mitochondrial_gene_summary	silver	clinical_utilization	silver	clinical_utilization	adapter_gene_id_resolved	0.0	0.0	0.0	7.0	0.0	0.0	0.0
mitochondrial_disease	54714	ncbi_gene	CNGB3	1	2.0	gtr_mitochondrial_gene_summary	silver	clinical_utilization	silver	clinical_utilization	adapter_gene_id_resolved	0.0	0.0	0.0	8.0	0.0	0.0	0.0
mitochondrial_disease	22866	ncbi_gene	CNKSR2	1	2.0	gtr_mitochondrial_gene_summary	silver	clinical_utilization	silver	clinical_utilization	adapter_gene_id_resolved	0.0	0.0	0.0	1.0	0.0	0.0	0.0
mitochondrial_disease	54805	ncbi_gene	CNNM2	1	2.0	gtr_mitochondrial_gene_summary	silver	clinical_utilization	silver	clinical_utilization	adapter_gene_id_resolved	0.0	0.0	0.0	2.0	0.0	0.0	0.0
mitochondrial_disease	26504	ncbi_gene	CNNM4	1	2.0	gtr_mitochondrial_gene_summary	silver	clinical_utilization	silver	clinical_utilization	adapter_gene_id_resolved	0.0	0.0	0.0	1.0	0.0	0.0	0.0
mitochondrial_disease	1272	ncbi_gene	CNTN1	1	2.0	gtr_mitochondrial_gene_summary	silver	clinical_utilization	silver	clinical_utilization	adapter_gene_id_resolved	0.0	0.0	1.0	0.0	0.0	0.0	0.0
mitochondrial_disease	6900	ncbi_gene	CNTN2	1	2.0	gtr_mitochondrial_gene_summary	silver	clinical_utilization	silver	clinical_utilization	adapter_gene_id_resolved	0.0	0.0	0.0	1.0	0.0	0.0	0.0
mitochondrial_disease	26047	ncbi_gene	CNTNAP2	1	2.0	gtr_mitochondrial_gene_summary	silver	clinical_utilization	silver	clinical_utilization	adapter_gene_id_resolved	0.0	0.0	1.0	10.0	0.0	0.0	0.0
mitochondrial_disease	55744	ncbi_gene	COA1	1	2.0	gtr_mitochondrial_gene_summary	silver	clinical_utilization	silver	clinical_utilization	adapter_gene_id_resolved	1.0	0.0	0.0	0.0	0.0	0.0	0.0
mitochondrial_disease	28958	ncbi_gene	COA3	1	2.0	gtr_mitochondrial_gene_summary	silver	clinical_utilization	silver	clinical_utilization	adapter_gene_id_resolved	2.0	0.0	0.0	3.0	0.0	0.0	0.0
mitochondrial_disease	51287	ncbi_gene	COA4	1	2.0	gtr_mitochondrial_gene_summary	silver	clinical_utilization	silver	clinical_utilization	adapter_gene_id_resolved	0.0	0.0	0.0	1.0	0.0	0.0	0.0
mitochondrial_disease	493753	ncbi_gene	COA5	1	2.0	gtr_mitochondrial_gene_summary	silver	clinical_utilization	silver	clinical_utilization	adapter_gene_id_resolved	1.0	0.0	4.0	5.0	0.0	0.0	0.0
mitochondrial_disease	388753	ncbi_gene	COA6	1	2.0	gtr_mitochondrial_gene_summary	silver	clinical_utilization	silver	clinical_utilization	adapter_gene_id_resolved	5.0	0.0	2.0	7.0	0.0	0.0	0.0
mitochondrial_disease	65260	ncbi_gene	COA7	1	2.0	gtr_mitochondrial_gene_summary	silver	clinical_utilization	silver	clinical_utilization	adapter_gene_id_resolved	0.0	0.0	0.0	1.0	0.0	0.0	0.0
mitochondrial_disease	84334	ncbi_gene	COA8	1	2.0	gtr_mitochondrial_gene_summary	silver	clinical_utilization	silver	clinical_utilization	adapter_gene_id_resolved	4.0	0.0	5.0	10.0	0.0	0.0	0.0
mitochondrial_disease	80347	ncbi_gene	COASY	1	2.0	gtr_mitochondrial_gene_summary	silver	clinical_utilization	silver	clinical_utilization	adapter_gene_id_resolved	0.0	0.0	0.0	11.0	0.0	0.0	0.0
mitochondrial_disease	1690	ncbi_gene	COCH	1	2.0	gtr_mitochondrial_gene_summary	silver	clinical_utilization	silver	clinical_utilization	adapter_gene_id_resolved	0.0	0.0	0.0	1.0	0.0	0.0	0.0
mitochondrial_disease	9382	ncbi_gene	COG1	1	2.0	gtr_mitochondrial_gene_summary	silver	clinical_utilization	silver	clinical_utilization	adapter_gene_id_resolved	0.0	0.0	0.0	2.0	0.0	0.0	0.0
mitochondrial_disease	22796	ncbi_gene	COG2	1	2.0	gtr_mitochondrial_gene_summary	silver	clinical_utilization	silver	clinical_utilization	adapter_gene_id_resolved	0.0	0.0	0.0	1.0	0.0	0.0	0.0
mitochondrial_disease	25839	ncbi_gene	COG4	1	2.0	gtr_mitochondrial_gene_summary	silver	clinical_utilization	silver	clinical_utilization	adapter_gene_id_resolved	0.0	0.0	0.0	2.0	0.0	0.0	0.0
mitochondrial_disease	10466	ncbi_gene	COG5	1	2.0	gtr_mitochondrial_gene_summary	silver	clinical_utilization	silver	clinical_utilization	adapter_gene_id_resolved	0.0	0.0	0.0	2.0	0.0	0.0	0.0
mitochondrial_disease	57511	ncbi_gene	COG6	1	2.0	gtr_mitochondrial_gene_summary	silver	clinical_utilization	silver	clinical_utilization	adapter_gene_id_resolved	0.0	0.0	0.0	3.0	0.0	0.0	0.0
mitochondrial_disease	91949	ncbi_gene	COG7	1	2.0	gtr_mitochondrial_gene_summary	silver	clinical_utilization	silver	clinical_utilization	adapter_gene_id_resolved	0.0	0.0	0.0	3.0	0.0	0.0	0.0
mitochondrial_disease	84342	ncbi_gene	COG8	1	2.0	gtr_mitochondrial_gene_summary	silver	clinical_utilization	silver	clinical_utilization	adapter_gene_id_resolved	0.0	0.0	0.0	3.0	0.0	0.0	0.0
mitochondrial_disease	1301	ncbi_gene	COL11A1	1	2.0	gtr_mitochondrial_gene_summary	silver	clinical_utilization	silver	clinical_utilization	adapter_gene_id_resolved	0.0	0.0	0.0	1.0	0.0	0.0	0.0
mitochondrial_disease	1302	ncbi_gene	COL11A2	1	2.0	gtr_mitochondrial_gene_summary	silver	clinical_utilization	silver	clinical_utilization	adapter_gene_id_resolved	0.0	0.0	0.0	2.0	0.0	0.0	0.0
mitochondrial_disease	1303	ncbi_gene	COL12A1	1	2.0	gtr_mitochondrial_gene_summary	silver	clinical_utilization	silver	clinical_utilization	adapter_gene_id_resolved	0.0	1.0	2.0	0.0	0.0	0.0	0.0
mitochondrial_disease	80781	ncbi_gene	COL18A1	1	2.0	gtr_mitochondrial_gene_summary	silver	clinical_utilization	silver	clinical_utilization	adapter_gene_id_resolved	0.0	0.0	0.0	1.0	0.0	0.0	0.0
mitochondrial_disease	136227	ncbi_gene	COL26A1	1	2.0	gtr_mitochondrial_gene_summary	silver	clinical_utilization	silver	clinical_utilization	adapter_gene_id_resolved	0.0	0.0	0.0	1.0	0.0	0.0	0.0
mitochondrial_disease	1280	ncbi_gene	COL2A1	1	2.0	gtr_mitochondrial_gene_summary	silver	clinical_utilization	silver	clinical_utilization	adapter_gene_id_resolved	0.0	0.0	0.0	2.0	0.0	0.0	0.0
mitochondrial_disease	1281	ncbi_gene	COL3A1	1	2.0	gtr_mitochondrial_gene_summary	silver	clinical_utilization	silver	clinical_utilization	adapter_gene_id_resolved	0.0	0.0	0.0	2.0	0.0	0.0	0.0
mitochondrial_disease	1282	ncbi_gene	COL4A1	1	2.0	gtr_mitochondrial_gene_summary	silver	clinical_utilization	silver	clinical_utilization	adapter_gene_id_resolved	0.0	0.0	1.0	3.0	0.0	0.0	0.0
mitochondrial_disease	1284	ncbi_gene	COL4A2	1	2.0	gtr_mitochondrial_gene_summary	silver	clinical_utilization	silver	clinical_utilization	adapter_gene_id_resolved	0.0	0.0	0.0	3.0	0.0	0.0	0.0
mitochondrial_disease	1285	ncbi_gene	COL4A3	1	2.0	gtr_mitochondrial_gene_summary	silver	clinical_utilization	silver	clinical_utilization	adapter_gene_id_resolved	0.0	0.0	0.0	9.0	0.0	0.0	0.0
mitochondrial_disease	1286	ncbi_gene	COL4A4	1	2.0	gtr_mitochondrial_gene_summary	silver	clinical_utilization	silver	clinical_utilization	adapter_gene_id_resolved	0.0	0.0	0.0	8.0	0.0	0.0	0.0
mitochondrial_disease	1287	ncbi_gene	COL4A5	1	2.0	gtr_mitochondrial_gene_summary	silver	clinical_utilization	silver	clinical_utilization	adapter_gene_id_resolved	0.0	0.0	0.0	8.0	0.0	0.0	0.0
mitochondrial_disease	1288	ncbi_gene	COL4A6	1	2.0	gtr_mitochondrial_gene_summary	silver	clinical_utilization	silver	clinical_utilization	adapter_gene_id_resolved	0.0	0.0	0.0	1.0	0.0	0.0	0.0
mitochondrial_disease	1289	ncbi_gene	COL5A1	1	2.0	gtr_mitochondrial_gene_summary	silver	clinical_utilization	silver	clinical_utilization	adapter_gene_id_resolved	0.0	0.0	0.0	2.0	0.0	0.0	0.0
mitochondrial_disease	1290	ncbi_gene	COL5A2	1	2.0	gtr_mitochondrial_gene_summary	silver	clinical_utilization	silver	clinical_utilization	adapter_gene_id_resolved	0.0	0.0	0.0	2.0	0.0	0.0	0.0
mitochondrial_disease	1291	ncbi_gene	COL6A1	1	2.0	gtr_mitochondrial_gene_summary	silver	clinical_utilization	silver	clinical_utilization	adapter_gene_id_resolved	0.0	1.0	3.0	0.0	0.0	0.0	0.0
mitochondrial_disease	1292	ncbi_gene	COL6A2	1	2.0	gtr_mitochondrial_gene_summary	silver	clinical_utilization	silver	clinical_utilization	adapter_gene_id_resolved	0.0	1.0	4.0	1.0	0.0	0.0	0.0
mitochondrial_disease	1293	ncbi_gene	COL6A3	1	2.0	gtr_mitochondrial_gene_summary	silver	clinical_utilization	silver	clinical_utilization	adapter_gene_id_resolved	0.0	1.0	4.0	1.0	0.0	0.0	0.0
mitochondrial_disease	1294	ncbi_gene	COL7A1	1	2.0	gtr_mitochondrial_gene_summary	silver	clinical_utilization	silver	clinical_utilization	adapter_gene_id_resolved	0.0	0.0	0.0	8.0	0.0	0.0	0.0
mitochondrial_disease	1297	ncbi_gene	COL9A1	1	2.0	gtr_mitochondrial_gene_summary	silver	clinical_utilization	silver	clinical_utilization	adapter_gene_id_resolved	0.0	0.0	0.0	1.0	0.0	0.0	0.0
mitochondrial_disease	1298	ncbi_gene	COL9A2	1	2.0	gtr_mitochondrial_gene_summary	silver	clinical_utilization	silver	clinical_utilization	adapter_gene_id_resolved	0.0	0.0	0.0	1.0	0.0	0.0	0.0
mitochondrial_disease	78989	ncbi_gene	COLEC11	1	2.0	gtr_mitochondrial_gene_summary	silver	clinical_utilization	silver	clinical_utilization	adapter_gene_id_resolved	0.0	0.0	0.0	1.0	0.0	0.0	0.0
mitochondrial_disease	8292	ncbi_gene	COLQ	1	2.0	gtr_mitochondrial_gene_summary	silver	clinical_utilization	silver	clinical_utilization	adapter_gene_id_resolved	0.0	0.0	1.0	7.0	0.0	0.0	0.0
mitochondrial_disease	1312	ncbi_gene	COMT	1	2.0	gtr_mitochondrial_gene_summary	silver	clinical_utilization	silver	clinical_utilization	adapter_gene_id_resolved	0.0	1.0	1.0	0.0	0.0	0.0	0.0
mitochondrial_disease	27235	ncbi_gene	COQ2	1	2.0	gtr_mitochondrial_gene_summary	silver	clinical_utilization	silver	clinical_utilization	adapter_gene_id_resolved	0.0	0.0	1.0	11.0	0.0	0.0	0.0
mitochondrial_disease	51117	ncbi_gene	COQ4	1	2.0	gtr_mitochondrial_gene_summary	silver	clinical_utilization	silver	clinical_utilization	adapter_gene_id_resolved	0.0	0.0	0.0	5.0	0.0	0.0	0.0
mitochondrial_disease	84274	ncbi_gene	COQ5	1	2.0	gtr_mitochondrial_gene_summary	silver	clinical_utilization	silver	clinical_utilization	adapter_gene_id_resolved	0.0	0.0	0.0	2.0	0.0	0.0	0.0
mitochondrial_disease	51004	ncbi_gene	COQ6	1	2.0	gtr_mitochondrial_gene_summary	silver	clinical_utilization	silver	clinical_utilization	adapter_gene_id_resolved	0.0	0.0	1.0	7.0	0.0	0.0	0.0
mitochondrial_disease	10229	ncbi_gene	COQ7	1	2.0	gtr_mitochondrial_gene_summary	silver	clinical_utilization	silver	clinical_utilization	adapter_gene_id_resolved	0.0	0.0	0.0	4.0	0.0	0.0	0.0
mitochondrial_disease	56997	ncbi_gene	COQ8A	1	2.0	gtr_mitochondrial_gene_summary	silver	clinical_utilization	silver	clinical_utilization	adapter_gene_id_resolved	0.0	1.0	1.0	10.0	0.0	0.0	0.0
mitochondrial_disease	79934	ncbi_gene	COQ8B	1	2.0	gtr_mitochondrial_gene_summary	silver	clinical_utilization	silver	clinical_utilization	adapter_gene_id_resolved	0.0	0.0	0.0	4.0	0.0	0.0	0.0
mitochondrial_disease	57017	ncbi_gene	COQ9	1	2.0	gtr_mitochondrial_gene_summary	silver	clinical_utilization	silver	clinical_utilization	adapter_gene_id_resolved	0.0	0.0	3.0	12.0	0.0	0.0	0.0
mitochondrial_disease	11151	ncbi_gene	CORO1A	1	2.0	gtr_mitochondrial_gene_summary	silver	clinical_utilization	silver	clinical_utilization	adapter_gene_id_resolved	0.0	0.0	0.0	7.0	0.0	0.0	0.0
mitochondrial_disease	1352	ncbi_gene	COX10	1	2.0	gtr_mitochondrial_gene_summary	silver	clinical_utilization	silver	clinical_utilization	adapter_gene_id_resolved	12.0	8.0	12.0	18.0	0.0	0.0	0.0
mitochondrial_disease	1353	ncbi_gene	COX11	1	2.0	gtr_mitochondrial_gene_summary	silver	clinical_utilization	silver	clinical_utilization	adapter_gene_id_resolved	1.0	0.0	0.0	1.0	0.0	0.0	0.0
mitochondrial_disease	84987	ncbi_gene	COX14	1	2.0	gtr_mitochondrial_gene_summary	silver	clinical_utilization	silver	clinical_utilization	adapter_gene_id_resolved	5.0	2.0	1.0	15.0	0.0	0.0	0.0
mitochondrial_disease	1355	ncbi_gene	COX15	1	2.0	gtr_mitochondrial_gene_summary	silver	clinical_utilization	silver	clinical_utilization	adapter_gene_id_resolved	18.0	13.0	16.0	18.0	0.0	0.0	0.0
mitochondrial_disease	51241	ncbi_gene	COX16	1	2.0	gtr_mitochondrial_gene_summary	silver	clinical_utilization	silver	clinical_utilization	adapter_gene_id_resolved	1.0	0.0	0.0	1.0	0.0	0.0	0.0
mitochondrial_disease	10063	ncbi_gene	COX17	1	2.0	gtr_mitochondrial_gene_summary	silver	clinical_utilization	silver	clinical_utilization	adapter_gene_id_resolved	0.0	0.0	0.0	1.0	0.0	0.0	0.0
mitochondrial_disease	285521	ncbi_gene	COX18	1	2.0	gtr_mitochondrial_gene_summary	silver	clinical_utilization	silver	clinical_utilization	adapter_gene_id_resolved	1.0	0.0	0.0	1.0	0.0	0.0	0.0
mitochondrial_disease	90639	ncbi_gene	COX19	1	2.0	gtr_mitochondrial_gene_summary	silver	clinical_utilization	silver	clinical_utilization	adapter_gene_id_resolved	0.0	0.0	0.0	1.0	0.0	0.0	0.0
mitochondrial_disease	116228	ncbi_gene	COX20	1	2.0	gtr_mitochondrial_gene_summary	silver	clinical_utilization	silver	clinical_utilization	adapter_gene_id_resolved	6.0	1.0	10.0	12.0	0.0	0.0	0.0
mitochondrial_disease	1327	ncbi_gene	COX4I1	1	2.0	gtr_mitochondrial_gene_summary	silver	clinical_utilization	silver	clinical_utilization	adapter_gene_id_resolved	1.0	1.0	0.0	5.0	0.0	0.0	0.0
mitochondrial_disease	84701	ncbi_gene	COX4I2	1	2.0	gtr_mitochondrial_gene_summary	silver	clinical_utilization	silver	clinical_utilization	adapter_gene_id_resolved	0.0	1.0	0.0	7.0	0.0	0.0	0.0
mitochondrial_disease	9377	ncbi_gene	COX5A	1	2.0	gtr_mitochondrial_gene_summary	silver	clinical_utilization	silver	clinical_utilization	adapter_gene_id_resolved	1.0	0.0	0.0	1.0	0.0	0.0	0.0
mitochondrial_disease	1337	ncbi_gene	COX6A1	1	2.0	gtr_mitochondrial_gene_summary	silver	clinical_utilization	silver	clinical_utilization	adapter_gene_id_resolved	0.0	0.0	0.0	2.0	0.0	0.0	0.0
mitochondrial_disease	1339	ncbi_gene	COX6A2	1	2.0	gtr_mitochondrial_gene_summary	silver	clinical_utilization	silver	clinical_utilization	adapter_gene_id_resolved	1.0	0.0	0.0	3.0	0.0	0.0	0.0
mitochondrial_disease	1340	ncbi_gene	COX6B1	1	2.0	gtr_mitochondrial_gene_summary	silver	clinical_utilization	silver	clinical_utilization	adapter_gene_id_resolved	5.0	3.0	12.0	18.0	0.0	0.0	0.0
mitochondrial_disease	125965	ncbi_gene	COX6B2	1	2.0	gtr_mitochondrial_gene_summary	silver	clinical_utilization	silver	clinical_utilization	adapter_gene_id_resolved	0.0	0.0	0.0	1.0	0.0	0.0	0.0
mitochondrial_disease	1346	ncbi_gene	COX7A1	1	2.0	gtr_mitochondrial_gene_summary	silver	clinical_utilization	silver	clinical_utilization	adapter_gene_id_resolved	0.0	0.0	0.0	2.0	0.0	0.0	0.0
mitochondrial_disease	1349	ncbi_gene	COX7B	1	2.0	gtr_mitochondrial_gene_summary	silver	clinical_utilization	silver	clinical_utilization	adapter_gene_id_resolved	0.0	0.0	0.0	3.0	0.0	0.0	0.0
mitochondrial_disease	1351	ncbi_gene	COX8A	1	2.0	gtr_mitochondrial_gene_summary	silver	clinical_utilization	silver	clinical_utilization	adapter_gene_id_resolved	3.0	0.0	0.0	8.0	0.0	0.0	0.0
mitochondrial_disease	4697	ncbi_gene	COXFA4	1	2.0	gtr_mitochondrial_gene_summary	silver	clinical_utilization	silver	clinical_utilization	adapter_gene_id_resolved	1.0	0.0	0.0	7.0	0.0	0.0	0.0
mitochondrial_disease	1356	ncbi_gene	CP	1	2.0	gtr_mitochondrial_gene_summary	silver	clinical_utilization	silver	clinical_utilization	adapter_gene_id_resolved	0.0	0.0	1.0	10.0	0.0	0.0	0.0
mitochondrial_disease	1357	ncbi_gene	CPA1	1	2.0	gtr_mitochondrial_gene_summary	silver	clinical_utilization	silver	clinical_utilization	adapter_gene_id_resolved	0.0	0.0	2.0	0.0	0.0	0.0	0.0
mitochondrial_disease	57094	ncbi_gene	CPA6	1	2.0	gtr_mitochondrial_gene_summary	silver	clinical_utilization	silver	clinical_utilization	adapter_gene_id_resolved	0.0	0.0	0.0	1.0	0.0	0.0	0.0
mitochondrial_disease	55835	ncbi_gene	CPAP	1	2.0	gtr_mitochondrial_gene_summary	silver	clinical_utilization	silver	clinical_utilization	adapter_gene_id_resolved	0.0	0.0	0.0	1.0	0.0	0.0	0.0
mitochondrial_disease	65250	ncbi_gene	CPLANE1	1	2.0	gtr_mitochondrial_gene_summary	silver	clinical_utilization	silver	clinical_utilization	adapter_gene_id_resolved	0.0	0.0	0.0	9.0	0.0	0.0	0.0
mitochondrial_disease	1371	ncbi_gene	CPOX	1	2.0	gtr_mitochondrial_gene_summary	silver	clinical_utilization	silver	clinical_utilization	adapter_gene_id_resolved	0.0	0.0	0.0	1.0	0.0	0.0	0.0
mitochondrial_disease	1373	ncbi_gene	CPS1	1	2.0	gtr_mitochondrial_gene_summary	silver	clinical_utilization	silver	clinical_utilization	adapter_gene_id_resolved	0.0	0.0	0.0	13.0	0.0	0.0	0.0
mitochondrial_disease	1374	ncbi_gene	CPT1A	1	2.0	gtr_mitochondrial_gene_summary	silver	clinical_utilization	silver	clinical_utilization	adapter_gene_id_resolved	0.0	4.0	0.0	12.0	0.0	0.0	0.0
mitochondrial_disease	1375	ncbi_gene	CPT1B	1	2.0	gtr_mitochondrial_gene_summary	silver	clinical_utilization	silver	clinical_utilization	adapter_gene_id_resolved	0.0	1.0	1.0	0.0	0.0	0.0	0.0
mitochondrial_disease	126129	ncbi_gene	CPT1C	1	2.0	gtr_mitochondrial_gene_summary	silver	clinical_utilization	silver	clinical_utilization	adapter_gene_id_resolved	0.0	1.0	0.0	5.0	0.0	0.0	0.0
mitochondrial_disease	1376	ncbi_gene	CPT2	1	2.0	gtr_mitochondrial_gene_summary	silver	clinical_utilization	silver	clinical_utilization	adapter_gene_id_resolved	0.0	6.0	0.0	15.0	0.0	0.0	0.0
mitochondrial_disease	1384	ncbi_gene	CRAT	1	2.0	gtr_mitochondrial_gene_summary	silver	clinical_utilization	silver	clinical_utilization	adapter_gene_id_resolved	0.0	0.0	0.0	1.0	0.0	0.0	0.0
mitochondrial_disease	286204	ncbi_gene	CRB2	1	2.0	gtr_mitochondrial_gene_summary	silver	clinical_utilization	silver	clinical_utilization	adapter_gene_id_resolved	0.0	0.0	0.0	1.0	0.0	0.0	0.0
mitochondrial_disease	51185	ncbi_gene	CRBN	1	2.0	gtr_mitochondrial_gene_summary	silver	clinical_utilization	silver	clinical_utilization	adapter_gene_id_resolved	0.0	0.0	0.0	2.0	0.0	0.0	0.0
mitochondrial_disease	1387	ncbi_gene	CREBBP	1	2.0	gtr_mitochondrial_gene_summary	silver	clinical_utilization	silver	clinical_utilization	adapter_gene_id_resolved	0.0	0.0	0.0	4.0	0.0	0.0	0.0
mitochondrial_disease	9419	ncbi_gene	CRIPT	1	2.0	gtr_mitochondrial_gene_summary	silver	clinical_utilization	silver	clinical_utilization	adapter_gene_id_resolved	0.0	0.0	0.0	1.0	0.0	0.0	0.0
mitochondrial_disease	9244	ncbi_gene	CRLF1	1	2.0	gtr_mitochondrial_gene_summary	silver	clinical_utilization	silver	clinical_utilization	adapter_gene_id_resolved	0.0	0.0	0.0	7.0	0.0	0.0	0.0
mitochondrial_disease	729920	ncbi_gene	CRPPA	1	2.0	gtr_mitochondrial_gene_summary	silver	clinical_utilization	silver	clinical_utilization	adapter_gene_id_resolved	0.0	1.0	2.0	0.0	0.0	0.0	0.0
mitochondrial_disease	10491	ncbi_gene	CRTAP	1	2.0	gtr_mitochondrial_gene_summary	silver	clinical_utilization	silver	clinical_utilization	adapter_gene_id_resolved	0.0	0.0	0.0	6.0	0.0	0.0	0.0
mitochondrial_disease	1409	ncbi_gene	CRYAA	1	2.0	gtr_mitochondrial_gene_summary	silver	clinical_utilization	silver	clinical_utilization	adapter_gene_id_resolved	0.0	0.0	1.0	0.0	0.0	0.0	0.0
mitochondrial_disease	1410	ncbi_gene	CRYAB	1	2.0	gtr_mitochondrial_gene_summary	silver	clinical_utilization	silver	clinical_utilization	adapter_gene_id_resolved	0.0	0.0	4.0	2.0	0.0	0.0	0.0
mitochondrial_disease	1411	ncbi_gene	CRYBA1	1	2.0	gtr_mitochondrial_gene_summary	silver	clinical_utilization	silver	clinical_utilization	adapter_gene_id_resolved	0.0	0.0	1.0	0.0	0.0	0.0	0.0
mitochondrial_disease	1413	ncbi_gene	CRYBA4	1	2.0	gtr_mitochondrial_gene_summary	silver	clinical_utilization	silver	clinical_utilization	adapter_gene_id_resolved	0.0	0.0	1.0	0.0	0.0	0.0	0.0
mitochondrial_disease	1414	ncbi_gene	CRYBB1	1	2.0	gtr_mitochondrial_gene_summary	silver	clinical_utilization	silver	clinical_utilization	adapter_gene_id_resolved	0.0	0.0	1.0	0.0	0.0	0.0	0.0
mitochondrial_disease	1415	ncbi_gene	CRYBB2	1	2.0	gtr_mitochondrial_gene_summary	silver	clinical_utilization	silver	clinical_utilization	adapter_gene_id_resolved	0.0	0.0	1.0	0.0	0.0	0.0	0.0
mitochondrial_disease	1417	ncbi_gene	CRYBB3	1	2.0	gtr_mitochondrial_gene_summary	silver	clinical_utilization	silver	clinical_utilization	adapter_gene_id_resolved	0.0	0.0	1.0	0.0	0.0	0.0	0.0
mitochondrial_disease	1418	ncbi_gene	CRYGA	1	2.0	gtr_mitochondrial_gene_summary	silver	clinical_utilization	silver	clinical_utilization	adapter_gene_id_resolved	0.0	0.0	1.0	1.0	0.0	0.0	0.0
mitochondrial_disease	1419	ncbi_gene	CRYGB	1	2.0	gtr_mitochondrial_gene_summary	silver	clinical_utilization	silver	clinical_utilization	adapter_gene_id_resolved	0.0	0.0	1.0	0.0	0.0	0.0	0.0
mitochondrial_disease	1420	ncbi_gene	CRYGC	1	2.0	gtr_mitochondrial_gene_summary	silver	clinical_utilization	silver	clinical_utilization	adapter_gene_id_resolved	0.0	0.0	1.0	0.0	0.0	0.0	0.0
mitochondrial_disease	1421	ncbi_gene	CRYGD	1	2.0	gtr_mitochondrial_gene_summary	silver	clinical_utilization	silver	clinical_utilization	adapter_gene_id_resolved	0.0	0.0	1.0	0.0	0.0	0.0	0.0
mitochondrial_disease	1427	ncbi_gene	CRYGS	1	2.0	gtr_mitochondrial_gene_summary	silver	clinical_utilization	silver	clinical_utilization	adapter_gene_id_resolved	0.0	0.0	1.0	0.0	0.0	0.0	0.0
mitochondrial_disease	1428	ncbi_gene	CRYM	1	2.0	gtr_mitochondrial_gene_summary	silver	clinical_utilization	silver	clinical_utilization	adapter_gene_id_resolved	0.0	0.0	0.0	1.0	0.0	0.0	0.0
mitochondrial_disease	1436	ncbi_gene	CSF1R	1	2.0	gtr_mitochondrial_gene_summary	silver	clinical_utilization	silver	clinical_utilization	adapter_gene_id_resolved	0.0	0.0	0.0	2.0	0.0	0.0	0.0
mitochondrial_disease	1438	ncbi_gene	CSF2RA	1	2.0	gtr_mitochondrial_gene_summary	silver	clinical_utilization	silver	clinical_utilization	adapter_gene_id_resolved	0.0	0.0	1.0	0.0	0.0	0.0	0.0
mitochondrial_disease	1441	ncbi_gene	CSF3R	1	2.0	gtr_mitochondrial_gene_summary	silver	clinical_utilization	silver	clinical_utilization	adapter_gene_id_resolved	0.0	0.0	2.0	0.0	0.0	0.0	0.0
mitochondrial_disease	64478	ncbi_gene	CSMD1	1	2.0	gtr_mitochondrial_gene_summary	silver	clinical_utilization	silver	clinical_utilization	adapter_gene_id_resolved	0.0	0.0	0.0	1.0	0.0	0.0	0.0
mitochondrial_disease	114784	ncbi_gene	CSMD2	1	2.0	gtr_mitochondrial_gene_summary	silver	clinical_utilization	silver	clinical_utilization	adapter_gene_id_resolved	0.0	0.0	0.0	1.0	0.0	0.0	0.0
mitochondrial_disease	1457	ncbi_gene	CSNK2A1	1	2.0	gtr_mitochondrial_gene_summary	silver	clinical_utilization	silver	clinical_utilization	adapter_gene_id_resolved	0.0	0.0	0.0	1.0	0.0	0.0	0.0
mitochondrial_disease	8048	ncbi_gene	CSRP3	1	2.0	gtr_mitochondrial_gene_summary	silver	clinical_utilization	silver	clinical_utilization	adapter_gene_id_resolved	0.0	0.0	3.0	2.0	0.0	0.0	0.0
mitochondrial_disease	1476	ncbi_gene	CSTB	1	2.0	gtr_mitochondrial_gene_summary	silver	clinical_utilization	silver	clinical_utilization	adapter_gene_id_resolved	0.0	0.0	3.0	5.0	0.0	0.0	0.0
mitochondrial_disease	80169	ncbi_gene	CTC1	1	2.0	gtr_mitochondrial_gene_summary	silver	clinical_utilization	silver	clinical_utilization	adapter_gene_id_resolved	0.0	0.0	2.0	9.0	0.0	0.0	0.0
mitochondrial_disease	10664	ncbi_gene	CTCF	1	2.0	gtr_mitochondrial_gene_summary	silver	clinical_utilization	silver	clinical_utilization	adapter_gene_id_resolved	0.0	0.0	0.0	2.0	0.0	0.0	0.0
mitochondrial_disease	1489	ncbi_gene	CTF1	1	2.0	gtr_mitochondrial_gene_summary	silver	clinical_utilization	silver	clinical_utilization	adapter_gene_id_resolved	0.0	0.0	0.0	2.0	0.0	0.0	0.0
mitochondrial_disease	1491	ncbi_gene	CTH	1	2.0	gtr_mitochondrial_gene_summary	silver	clinical_utilization	silver	clinical_utilization	adapter_gene_id_resolved	0.0	0.0	0.0	1.0	0.0	0.0	0.0
mitochondrial_disease	1493	ncbi_gene	CTLA4	1	2.0	gtr_mitochondrial_gene_summary	silver	clinical_utilization	silver	clinical_utilization	adapter_gene_id_resolved	0.0	0.0	0.0	1.0	0.0	0.0	0.0
mitochondrial_disease	1495	ncbi_gene	CTNNA1	1	2.0	gtr_mitochondrial_gene_summary	silver	clinical_utilization	silver	clinical_utilization	adapter_gene_id_resolved	0.0	1.0	2.0	0.0	0.0	0.0	0.0
mitochondrial_disease	29119	ncbi_gene	CTNNA3	1	2.0	gtr_mitochondrial_gene_summary	silver	clinical_utilization	silver	clinical_utilization	adapter_gene_id_resolved	0.0	0.0	0.0	2.0	0.0	0.0	0.0
mitochondrial_disease	1499	ncbi_gene	CTNNB1	1	2.0	gtr_mitochondrial_gene_summary	silver	clinical_utilization	silver	clinical_utilization	adapter_gene_id_resolved	0.0	0.0	0.0	2.0	0.0	0.0	0.0
mitochondrial_disease	1501	ncbi_gene	CTNND2	1	2.0	gtr_mitochondrial_gene_summary	silver	clinical_utilization	silver	clinical_utilization	adapter_gene_id_resolved	0.0	0.0	1.0	0.0	0.0	0.0	0.0
mitochondrial_disease	1497	ncbi_gene	CTNS	1	2.0	gtr_mitochondrial_gene_summary	silver	clinical_utilization	silver	clinical_utilization	adapter_gene_id_resolved	0.0	0.0	0.0	9.0	0.0	0.0	0.0
mitochondrial_disease	9646	ncbi_gene	CTR9	1	2.0	gtr_mitochondrial_gene_summary	silver	clinical_utilization	silver	clinical_utilization	adapter_gene_id_resolved	0.0	1.0	0.0	0.0	0.0	0.0	0.0
mitochondrial_disease	11330	ncbi_gene	CTRC	1	2.0	gtr_mitochondrial_gene_summary	silver	clinical_utilization	silver	clinical_utilization	adapter_gene_id_resolved	0.0	0.0	2.0	0.0	0.0	0.0	0.0
mitochondrial_disease	5476	ncbi_gene	CTSA	1	2.0	gtr_mitochondrial_gene_summary	silver	clinical_utilization	silver	clinical_utilization	adapter_gene_id_resolved	0.0	0.0	0.0	10.0	0.0	0.0	0.0
mitochondrial_disease	1075	ncbi_gene	CTSC	1	2.0	gtr_mitochondrial_gene_summary	silver	clinical_utilization	silver	clinical_utilization	adapter_gene_id_resolved	1.0	0.0	1.0	1.0	0.0	0.0	0.0
mitochondrial_disease	1509	ncbi_gene	CTSD	1	2.0	gtr_mitochondrial_gene_summary	silver	clinical_utilization	silver	clinical_utilization	adapter_gene_id_resolved	0.0	0.0	1.0	9.0	0.0	0.0	0.0
mitochondrial_disease	8722	ncbi_gene	CTSF	1	2.0	gtr_mitochondrial_gene_summary	silver	clinical_utilization	silver	clinical_utilization	adapter_gene_id_resolved	0.0	0.0	0.0	9.0	0.0	0.0	0.0
mitochondrial_disease	1512	ncbi_gene	CTSH	1	2.0	gtr_mitochondrial_gene_summary	silver	clinical_utilization	silver	clinical_utilization	adapter_gene_id_resolved	0.0	1.0	0.0	0.0	0.0	0.0	0.0
mitochondrial_disease	1513	ncbi_gene	CTSK	1	2.0	gtr_mitochondrial_gene_summary	silver	clinical_utilization	silver	clinical_utilization	adapter_gene_id_resolved	0.0	0.0	0.0	7.0	0.0	0.0	0.0
mitochondrial_disease	8029	ncbi_gene	CUBN	1	2.0	gtr_mitochondrial_gene_summary	silver	clinical_utilization	silver	clinical_utilization	adapter_gene_id_resolved	0.0	0.0	0.0	1.0	0.0	0.0	0.0
mitochondrial_disease	8450	ncbi_gene	CUL4B	1	2.0	gtr_mitochondrial_gene_summary	silver	clinical_utilization	silver	clinical_utilization	adapter_gene_id_resolved	0.0	0.0	1.0	4.0	0.0	0.0	0.0
mitochondrial_disease	9820	ncbi_gene	CUL7	1	2.0	gtr_mitochondrial_gene_summary	silver	clinical_utilization	silver	clinical_utilization	adapter_gene_id_resolved	0.0	0.0	0.0	8.0	0.0	0.0	0.0
mitochondrial_disease	10283	ncbi_gene	CWC27	1	2.0	gtr_mitochondrial_gene_summary	silver	clinical_utilization	silver	clinical_utilization	adapter_gene_id_resolved	0.0	0.0	0.0	7.0	0.0	0.0	0.0
mitochondrial_disease	55280	ncbi_gene	CWF19L1	1	2.0	gtr_mitochondrial_gene_summary	silver	clinical_utilization	silver	clinical_utilization	adapter_gene_id_resolved	0.0	0.0	0.0	1.0	0.0	0.0	0.0
mitochondrial_disease	3579	ncbi_gene	CXCR2	1	2.0	gtr_mitochondrial_gene_summary	silver	clinical_utilization	silver	clinical_utilization	adapter_gene_id_resolved	1.0	0.0	2.0	0.0	0.0	0.0	0.0
mitochondrial_disease	7852	ncbi_gene	CXCR4	1	2.0	gtr_mitochondrial_gene_summary	silver	clinical_utilization	silver	clinical_utilization	adapter_gene_id_resolved	0.0	0.0	2.0	0.0	0.0	0.0	0.0
mitochondrial_disease	1727	ncbi_gene	CYB5R3	1	2.0	gtr_mitochondrial_gene_summary	silver	clinical_utilization	silver	clinical_utilization	adapter_gene_id_resolved	0.0	0.0	0.0	1.0	0.0	0.0	0.0
mitochondrial_disease	1535	ncbi_gene	CYBA	1	2.0	gtr_mitochondrial_gene_summary	silver	clinical_utilization	silver	clinical_utilization	adapter_gene_id_resolved	0.0	0.0	1.0	6.0	0.0	0.0	0.0
mitochondrial_disease	1536	ncbi_gene	CYBB	1	2.0	gtr_mitochondrial_gene_summary	silver	clinical_utilization	silver	clinical_utilization	adapter_gene_id_resolved	0.0	0.0	1.0	6.0	0.0	0.0	0.0
mitochondrial_disease	1537	ncbi_gene	CYC1	1	2.0	gtr_mitochondrial_gene_summary	silver	clinical_utilization	silver	clinical_utilization	adapter_gene_id_resolved	4.0	2.0	2.0	9.0	0.0	0.0	0.0
mitochondrial_disease	54205	ncbi_gene	CYCS	1	2.0	gtr_mitochondrial_gene_summary	silver	clinical_utilization	silver	clinical_utilization	adapter_gene_id_resolved	0.0	0.0	0.0	1.0	0.0	0.0	0.0
mitochondrial_disease	1583	ncbi_gene	CYP11A1	1	2.0	gtr_mitochondrial_gene_summary	silver	clinical_utilization	silver	clinical_utilization	adapter_gene_id_resolved	0.0	1.0	0.0	9.0	0.0	0.0	0.0
mitochondrial_disease	1584	ncbi_gene	CYP11B1	1	2.0	gtr_mitochondrial_gene_summary	silver	clinical_utilization	silver	clinical_utilization	adapter_gene_id_resolved	0.0	0.0	0.0	8.0	0.0	0.0	0.0
mitochondrial_disease	1586	ncbi_gene	CYP17A1	1	2.0	gtr_mitochondrial_gene_summary	silver	clinical_utilization	silver	clinical_utilization	adapter_gene_id_resolved	0.0	1.0	0.0	8.0	0.0	0.0	0.0
mitochondrial_disease	1545	ncbi_gene	CYP1B1	1	2.0	gtr_mitochondrial_gene_summary	silver	clinical_utilization	silver	clinical_utilization	adapter_gene_id_resolved	0.0	0.0	0.0	6.0	0.0	0.0	0.0
mitochondrial_disease	1589	ncbi_gene	CYP21A2	1	2.0	gtr_mitochondrial_gene_summary	silver	clinical_utilization	silver	clinical_utilization	adapter_gene_id_resolved	0.0	0.0	0.0	9.0	0.0	0.0	0.0
mitochondrial_disease	1591	ncbi_gene	CYP24A1	1	2.0	gtr_mitochondrial_gene_summary	silver	clinical_utilization	silver	clinical_utilization	adapter_gene_id_resolved	0.0	0.0	0.0	1.0	0.0	0.0	0.0
mitochondrial_disease	1593	ncbi_gene	CYP27A1	1	2.0	gtr_mitochondrial_gene_summary	silver	clinical_utilization	silver	clinical_utilization	adapter_gene_id_resolved	0.0	0.0	1.0	14.0	0.0	0.0	0.0
mitochondrial_disease	1594	ncbi_gene	CYP27B1	1	2.0	gtr_mitochondrial_gene_summary	silver	clinical_utilization	silver	clinical_utilization	adapter_gene_id_resolved	0.0	0.0	0.0	9.0	0.0	0.0	0.0
mitochondrial_disease	113612	ncbi_gene	CYP2U1	1	2.0	gtr_mitochondrial_gene_summary	silver	clinical_utilization	silver	clinical_utilization	adapter_gene_id_resolved	0.0	0.0	0.0	3.0	0.0	0.0	0.0
mitochondrial_disease	126410	ncbi_gene	CYP4F22	1	2.0	gtr_mitochondrial_gene_summary	silver	clinical_utilization	silver	clinical_utilization	adapter_gene_id_resolved	0.0	0.0	0.0	6.0	0.0	0.0	0.0
mitochondrial_disease	1595	ncbi_gene	CYP51A1	1	2.0	gtr_mitochondrial_gene_summary	silver	clinical_utilization	silver	clinical_utilization	adapter_gene_id_resolved	0.0	0.0	0.0	1.0	0.0	0.0	0.0
mitochondrial_disease	1581	ncbi_gene	CYP7A1	1	2.0	gtr_mitochondrial_gene_summary	silver	clinical_utilization	silver	clinical_utilization	adapter_gene_id_resolved	0.0	1.0	0.0	0.0	0.0	0.0	0.0
mitochondrial_disease	9420	ncbi_gene	CYP7B1	1	2.0	gtr_mitochondrial_gene_summary	silver	clinical_utilization	silver	clinical_utilization	adapter_gene_id_resolved	0.0	0.0	0.0	9.0	0.0	0.0	0.0
mitochondrial_disease	728294	ncbi_gene	D2HGDH	1	2.0	gtr_mitochondrial_gene_summary	silver	clinical_utilization	silver	clinical_utilization	adapter_gene_id_resolved	0.0	0.0	0.0	6.0	0.0	0.0	0.0
mitochondrial_disease	1605	ncbi_gene	DAG1	1	2.0	gtr_mitochondrial_gene_summary	silver	clinical_utilization	silver	clinical_utilization	adapter_gene_id_resolved	0.0	1.0	1.0	1.0	0.0	0.0	0.0
mitochondrial_disease	1615	ncbi_gene	DARS1	1	2.0	gtr_mitochondrial_gene_summary	silver	clinical_utilization	silver	clinical_utilization	adapter_gene_id_resolved	0.0	0.0	0.0	1.0	0.0	0.0	0.0
mitochondrial_disease	55157	ncbi_gene	DARS2	1	2.0	gtr_mitochondrial_gene_summary	silver	clinical_utilization	silver	clinical_utilization	adapter_gene_id_resolved	19.0	6.0	10.0	18.0	0.0	0.0	0.0
mitochondrial_disease	51163	ncbi_gene	DBR1	1	2.0	gtr_mitochondrial_gene_summary	silver	clinical_utilization	silver	clinical_utilization	adapter_gene_id_resolved	0.0	0.0	2.0	0.0	0.0	0.0	0.0
mitochondrial_disease	1629	ncbi_gene	DBT	1	2.0	gtr_mitochondrial_gene_summary	silver	clinical_utilization	silver	clinical_utilization	adapter_gene_id_resolved	0.0	0.0	1.0	12.0	0.0	0.0	0.0
mitochondrial_disease	80067	ncbi_gene	DCAF17	1	2.0	gtr_mitochondrial_gene_summary	silver	clinical_utilization	silver	clinical_utilization	adapter_gene_id_resolved	0.0	0.0	1.0	9.0	0.0	0.0	0.0
mitochondrial_disease	341019	ncbi_gene	DCDC1	1	2.0	gtr_mitochondrial_gene_summary	silver	clinical_utilization	silver	clinical_utilization	adapter_gene_id_resolved	0.0	0.0	0.0	1.0	0.0	0.0	0.0
mitochondrial_disease	51473	ncbi_gene	DCDC2	1	2.0	gtr_mitochondrial_gene_summary	silver	clinical_utilization	silver	clinical_utilization	adapter_gene_id_resolved	0.0	0.0	0.0	1.0	0.0	0.0	0.0
mitochondrial_disease	8642	ncbi_gene	DCHS1	1	2.0	gtr_mitochondrial_gene_summary	silver	clinical_utilization	silver	clinical_utilization	adapter_gene_id_resolved	0.0	1.0	0.0	4.0	0.0	0.0	0.0
mitochondrial_disease	64421	ncbi_gene	DCLRE1C	1	2.0	gtr_mitochondrial_gene_summary	silver	clinical_utilization	silver	clinical_utilization	adapter_gene_id_resolved	0.0	0.0	0.0	7.0	0.0	0.0	0.0
mitochondrial_disease	1639	ncbi_gene	DCTN1	1	2.0	gtr_mitochondrial_gene_summary	silver	clinical_utilization	silver	clinical_utilization	adapter_gene_id_resolved	0.0	1.0	2.0	1.0	0.0	0.0	0.0
mitochondrial_disease	1641	ncbi_gene	DCX	1	2.0	gtr_mitochondrial_gene_summary	silver	clinical_utilization	silver	clinical_utilization	adapter_gene_id_resolved	0.0	0.0	1.0	4.0	0.0	0.0	0.0
mitochondrial_disease	1643	ncbi_gene	DDB2	1	2.0	gtr_mitochondrial_gene_summary	silver	clinical_utilization	silver	clinical_utilization	adapter_gene_id_resolved	0.0	0.0	0.0	7.0	0.0	0.0	0.0
mitochondrial_disease	1644	ncbi_gene	DDC	1	2.0	gtr_mitochondrial_gene_summary	silver	clinical_utilization	silver	clinical_utilization	adapter_gene_id_resolved	0.0	0.0	0.0	8.0	0.0	0.0	0.0
mitochondrial_disease	80821	ncbi_gene	DDHD1	1	2.0	gtr_mitochondrial_gene_summary	silver	clinical_utilization	silver	clinical_utilization	adapter_gene_id_resolved	0.0	0.0	0.0	3.0	0.0	0.0	0.0
mitochondrial_disease	23259	ncbi_gene	DDHD2	1	2.0	gtr_mitochondrial_gene_summary	silver	clinical_utilization	silver	clinical_utilization	adapter_gene_id_resolved	0.0	0.0	0.0	3.0	0.0	0.0	0.0
mitochondrial_disease	1650	ncbi_gene	DDOST	1	2.0	gtr_mitochondrial_gene_summary	silver	clinical_utilization	silver	clinical_utilization	adapter_gene_id_resolved	0.0	0.0	0.0	2.0	0.0	0.0	0.0
mitochondrial_disease	1654	ncbi_gene	DDX3X	1	2.0	gtr_mitochondrial_gene_summary	silver	clinical_utilization	silver	clinical_utilization	adapter_gene_id_resolved	0.0	0.0	0.0	4.0	0.0	0.0	0.0
mitochondrial_disease	1666	ncbi_gene	DECR1	1	2.0	gtr_mitochondrial_gene_summary	silver	clinical_utilization	silver	clinical_utilization	adapter_gene_id_resolved	0.0	0.0	0.0	1.0	0.0	0.0	0.0
mitochondrial_disease	50619	ncbi_gene	DEF6	1	2.0	gtr_mitochondrial_gene_summary	silver	clinical_utilization	silver	clinical_utilization	adapter_gene_id_resolved	0.0	1.0	2.0	0.0	0.0	0.0	0.0
mitochondrial_disease	23258	ncbi_gene	DENND5A	1	2.0	gtr_mitochondrial_gene_summary	silver	clinical_utilization	silver	clinical_utilization	adapter_gene_id_resolved	0.0	0.0	0.0	1.0	0.0	0.0	0.0
mitochondrial_disease	9681	ncbi_gene	DEPDC5	1	2.0	gtr_mitochondrial_gene_summary	silver	clinical_utilization	silver	clinical_utilization	adapter_gene_id_resolved	0.0	0.0	0.0	3.0	0.0	0.0	0.0
mitochondrial_disease	1674	ncbi_gene	DES	1	2.0	gtr_mitochondrial_gene_summary	silver	clinical_utilization	silver	clinical_utilization	adapter_gene_id_resolved	0.0	0.0	5.0	2.0	0.0	0.0	0.0
mitochondrial_disease	84649	ncbi_gene	DGAT2	1	2.0	gtr_mitochondrial_gene_summary	silver	clinical_utilization	silver	clinical_utilization	adapter_gene_id_resolved	0.0	0.0	0.0	1.0	0.0	0.0	0.0
mitochondrial_disease	8525	ncbi_gene	DGKZ	1	2.0	gtr_mitochondrial_gene_summary	silver	clinical_utilization	silver	clinical_utilization	adapter_gene_id_resolved	0.0	1.0	0.0	0.0	0.0	0.0	0.0
mitochondrial_disease	1716	ncbi_gene	DGUOK	1	2.0	gtr_mitochondrial_gene_summary	silver	clinical_utilization	silver	clinical_utilization	adapter_gene_id_resolved	30.0	17.0	16.0	18.0	0.0	0.0	0.0
mitochondrial_disease	1718	ncbi_gene	DHCR24	1	2.0	gtr_mitochondrial_gene_summary	silver	clinical_utilization	silver	clinical_utilization	adapter_gene_id_resolved	0.0	0.0	0.0	1.0	0.0	0.0	0.0
mitochondrial_disease	1717	ncbi_gene	DHCR7	1	2.0	gtr_mitochondrial_gene_summary	silver	clinical_utilization	silver	clinical_utilization	adapter_gene_id_resolved	0.0	0.0	0.0	14.0	0.0	0.0	0.0
mitochondrial_disease	79947	ncbi_gene	DHDDS	1	2.0	gtr_mitochondrial_gene_summary	silver	clinical_utilization	silver	clinical_utilization	adapter_gene_id_resolved	0.0	0.0	0.0	11.0	0.0	0.0	0.0
mitochondrial_disease	1719	ncbi_gene	DHFR	1	2.0	gtr_mitochondrial_gene_summary	silver	clinical_utilization	silver	clinical_utilization	adapter_gene_id_resolved	0.0	0.0	0.0	1.0	0.0	0.0	0.0
mitochondrial_disease	1723	ncbi_gene	DHODH	1	2.0	gtr_mitochondrial_gene_summary	silver	clinical_utilization	silver	clinical_utilization	adapter_gene_id_resolved	0.0	0.0	0.0	5.0	0.0	0.0	0.0
mitochondrial_disease	55760	ncbi_gene	DHX32	1	2.0	gtr_mitochondrial_gene_summary	silver	clinical_utilization	silver	clinical_utilization	adapter_gene_id_resolved	0.0	0.0	0.0	1.0	0.0	0.0	0.0
mitochondrial_disease	56616	ncbi_gene	DIABLO	1	2.0	gtr_mitochondrial_gene_summary	silver	clinical_utilization	silver	clinical_utilization	adapter_gene_id_resolved	0.0	0.0	0.0	2.0	0.0	0.0	0.0
mitochondrial_disease	1729	ncbi_gene	DIAPH1	1	2.0	gtr_mitochondrial_gene_summary	silver	clinical_utilization	silver	clinical_utilization	adapter_gene_id_resolved	0.0	0.0	0.0	2.0	0.0	0.0	0.0
mitochondrial_disease	81624	ncbi_gene	DIAPH3	1	2.0	gtr_mitochondrial_gene_summary	silver	clinical_utilization	silver	clinical_utilization	adapter_gene_id_resolved	0.0	0.0	0.0	1.0	0.0	0.0	0.0
mitochondrial_disease	23405	ncbi_gene	DICER1	1	2.0	gtr_mitochondrial_gene_summary	silver	clinical_utilization	silver	clinical_utilization	adapter_gene_id_resolved	0.0	0.0	2.0	0.0	0.0	0.0	0.0
mitochondrial_disease	57609	ncbi_gene	DIP2B	1	2.0	gtr_mitochondrial_gene_summary	silver	clinical_utilization	silver	clinical_utilization	adapter_gene_id_resolved	0.0	0.0	0.0	1.0	0.0	0.0	0.0
mitochondrial_disease	22982	ncbi_gene	DIP2C	1	2.0	gtr_mitochondrial_gene_summary	silver	clinical_utilization	silver	clinical_utilization	adapter_gene_id_resolved	0.0	0.0	1.0	0.0	0.0	0.0	0.0
mitochondrial_disease	129563	ncbi_gene	DIS3L2	1	2.0	gtr_mitochondrial_gene_summary	silver	clinical_utilization	silver	clinical_utilization	adapter_gene_id_resolved	0.0	0.0	1.0	2.0	0.0	0.0	0.0
mitochondrial_disease	84976	ncbi_gene	DISP1	1	2.0	gtr_mitochondrial_gene_summary	silver	clinical_utilization	silver	clinical_utilization	adapter_gene_id_resolved	0.0	2.0	1.0	0.0	0.0	0.0	0.0
mitochondrial_disease	1736	ncbi_gene	DKC1	1	2.0	gtr_mitochondrial_gene_summary	silver	clinical_utilization	silver	clinical_utilization	adapter_gene_id_resolved	0.0	0.0	2.0	3.0	0.0	0.0	0.0
mitochondrial_disease	1737	ncbi_gene	DLAT	1	2.0	gtr_mitochondrial_gene_summary	silver	clinical_utilization	silver	clinical_utilization	adapter_gene_id_resolved	0.0	1.0	0.0	8.0	0.0	0.0	0.0
mitochondrial_disease	1738	ncbi_gene	DLD	1	2.0	gtr_mitochondrial_gene_summary	silver	clinical_utilization	silver	clinical_utilization	adapter_gene_id_resolved	4.0	1.0	2.0	19.0	0.0	0.0	0.0
mitochondrial_disease	1741	ncbi_gene	DLG3	1	2.0	gtr_mitochondrial_gene_summary	silver	clinical_utilization	silver	clinical_utilization	adapter_gene_id_resolved	0.0	0.0	1.0	3.0	0.0	0.0	0.0
mitochondrial_disease	54567	ncbi_gene	DLL4	1	2.0	gtr_mitochondrial_gene_summary	silver	clinical_utilization	silver	clinical_utilization	adapter_gene_id_resolved	0.0	0.0	0.0	2.0	0.0	0.0	0.0
mitochondrial_disease	1747	ncbi_gene	DLX3	1	2.0	gtr_mitochondrial_gene_summary	silver	clinical_utilization	silver	clinical_utilization	adapter_gene_id_resolved	0.0	0.0	1.0	0.0	0.0	0.0	0.0
mitochondrial_disease	1749	ncbi_gene	DLX5	1	2.0	gtr_mitochondrial_gene_summary	silver	clinical_utilization	silver	clinical_utilization	adapter_gene_id_resolved	0.0	0.0	0.0	1.0	0.0	0.0	0.0
mitochondrial_disease	1756	ncbi_gene	DMD	1	2.0	gtr_mitochondrial_gene_summary	silver	clinical_utilization	silver	clinical_utilization	adapter_gene_id_resolved	0.0	0.0	5.0	11.0	0.0	0.0	0.0
mitochondrial_disease	29958	ncbi_gene	DMGDH	1	2.0	gtr_mitochondrial_gene_summary	silver	clinical_utilization	silver	clinical_utilization	adapter_gene_id_resolved	0.0	0.0	0.0	1.0	0.0	0.0	0.0
mitochondrial_disease	1758	ncbi_gene	DMP1	1	2.0	gtr_mitochondrial_gene_summary	silver	clinical_utilization	silver	clinical_utilization	adapter_gene_id_resolved	0.0	0.0	0.0	1.0	0.0	0.0	0.0
mitochondrial_disease	10655	ncbi_gene	DMRT2	1	2.0	gtr_mitochondrial_gene_summary	silver	clinical_utilization	silver	clinical_utilization	adapter_gene_id_resolved	0.0	0.0	1.0	0.0	0.0	0.0	0.0
mitochondrial_disease	23312	ncbi_gene	DMXL2	1	2.0	gtr_mitochondrial_gene_summary	silver	clinical_utilization	silver	clinical_utilization	adapter_gene_id_resolved	0.0	0.0	0.0	2.0	0.0	0.0	0.0
mitochondrial_disease	1763	ncbi_gene	DNA2	1	2.0	gtr_mitochondrial_gene_summary	silver	clinical_utilization	silver	clinical_utilization	adapter_gene_id_resolved	6.0	4.0	9.0	11.0	0.0	0.0	0.0
mitochondrial_disease	352909	ncbi_gene	DNAAF3	1	2.0	gtr_mitochondrial_gene_summary	silver	clinical_utilization	silver	clinical_utilization	adapter_gene_id_resolved	0.0	0.0	0.0	1.0	0.0	0.0	0.0
mitochondrial_disease	3300	ncbi_gene	DNAJB2	1	2.0	gtr_mitochondrial_gene_summary	silver	clinical_utilization	silver	clinical_utilization	adapter_gene_id_resolved	0.0	1.0	1.0	0.0	0.0	0.0	0.0
mitochondrial_disease	23317	ncbi_gene	DNAJC13	1	2.0	gtr_mitochondrial_gene_summary	silver	clinical_utilization	silver	clinical_utilization	adapter_gene_id_resolved	0.0	0.0	1.0	0.0	0.0	0.0	0.0
mitochondrial_disease	55192	ncbi_gene	DNAJC17	1	2.0	gtr_mitochondrial_gene_summary	silver	clinical_utilization	silver	clinical_utilization	adapter_gene_id_resolved	0.0	0.0	0.0	1.0	0.0	0.0	0.0
mitochondrial_disease	131118	ncbi_gene	DNAJC19	1	2.0	gtr_mitochondrial_gene_summary	silver	clinical_utilization	silver	clinical_utilization	adapter_gene_id_resolved	0.0	0.0	0.0	10.0	0.0	0.0	0.0
mitochondrial_disease	5611	ncbi_gene	DNAJC3	1	2.0	gtr_mitochondrial_gene_summary	silver	clinical_utilization	silver	clinical_utilization	adapter_gene_id_resolved	0.0	0.0	0.0	2.0	0.0	0.0	0.0
mitochondrial_disease	84277	ncbi_gene	DNAJC30	1	2.0	gtr_mitochondrial_gene_summary	silver	clinical_utilization	silver	clinical_utilization	adapter_gene_id_resolved	1.0	0.0	1.0	1.0	0.0	0.0	0.0
mitochondrial_disease	80331	ncbi_gene	DNAJC5	1	2.0	gtr_mitochondrial_gene_summary	silver	clinical_utilization	silver	clinical_utilization	adapter_gene_id_resolved	0.0	0.0	1.0	2.0	0.0	0.0	0.0
mitochondrial_disease	9829	ncbi_gene	DNAJC6	1	2.0	gtr_mitochondrial_gene_summary	silver	clinical_utilization	silver	clinical_utilization	adapter_gene_id_resolved	0.0	1.0	1.0	0.0	0.0	0.0	0.0
mitochondrial_disease	1773	ncbi_gene	DNASE1	1	2.0	gtr_mitochondrial_gene_summary	silver	clinical_utilization	silver	clinical_utilization	adapter_gene_id_resolved	0.0	0.0	0.0	1.0	0.0	0.0	0.0
mitochondrial_disease	1777	ncbi_gene	DNASE2	1	2.0	gtr_mitochondrial_gene_summary	silver	clinical_utilization	silver	clinical_utilization	adapter_gene_id_resolved	0.0	1.0	2.0	0.0	0.0	0.0	0.0
mitochondrial_disease	1759	ncbi_gene	DNM1	1	2.0	gtr_mitochondrial_gene_summary	silver	clinical_utilization	silver	clinical_utilization	adapter_gene_id_resolved	0.0	0.0	0.0	1.0	0.0	0.0	0.0
mitochondrial_disease	10059	ncbi_gene	DNM1L	1	2.0	gtr_mitochondrial_gene_summary	silver	clinical_utilization	silver	clinical_utilization	adapter_gene_id_resolved	17.0	5.0	11.0	13.0	0.0	0.0	0.0
mitochondrial_disease	1785	ncbi_gene	DNM2	1	2.0	gtr_mitochondrial_gene_summary	silver	clinical_utilization	silver	clinical_utilization	adapter_gene_id_resolved	0.0	0.0	4.0	2.0	0.0	0.0	0.0
mitochondrial_disease	1786	ncbi_gene	DNMT1	1	2.0	gtr_mitochondrial_gene_summary	silver	clinical_utilization	silver	clinical_utilization	adapter_gene_id_resolved	0.0	0.0	0.0	2.0	0.0	0.0	0.0
mitochondrial_disease	1788	ncbi_gene	DNMT3A	1	2.0	gtr_mitochondrial_gene_summary	silver	clinical_utilization	silver	clinical_utilization	adapter_gene_id_resolved	0.0	0.0	0.0	2.0	0.0	0.0	0.0
mitochondrial_disease	1789	ncbi_gene	DNMT3B	1	2.0	gtr_mitochondrial_gene_summary	silver	clinical_utilization	silver	clinical_utilization	adapter_gene_id_resolved	0.0	0.0	0.0	6.0	0.0	0.0	0.0
mitochondrial_disease	57572	ncbi_gene	DOCK6	1	2.0	gtr_mitochondrial_gene_summary	silver	clinical_utilization	silver	clinical_utilization	adapter_gene_id_resolved	0.0	0.0	0.0	3.0	0.0	0.0	0.0
mitochondrial_disease	85440	ncbi_gene	DOCK7	1	2.0	gtr_mitochondrial_gene_summary	silver	clinical_utilization	silver	clinical_utilization	adapter_gene_id_resolved	0.0	0.0	1.0	4.0	0.0	0.0	0.0
mitochondrial_disease	81704	ncbi_gene	DOCK8	1	2.0	gtr_mitochondrial_gene_summary	silver	clinical_utilization	silver	clinical_utilization	adapter_gene_id_resolved	0.0	0.0	0.0	7.0	0.0	0.0	0.0
mitochondrial_disease	285489	ncbi_gene	DOK7	1	2.0	gtr_mitochondrial_gene_summary	silver	clinical_utilization	silver	clinical_utilization	adapter_gene_id_resolved	0.0	0.0	1.0	7.0	0.0	0.0	0.0
mitochondrial_disease	22845	ncbi_gene	DOLK	1	2.0	gtr_mitochondrial_gene_summary	silver	clinical_utilization	silver	clinical_utilization	adapter_gene_id_resolved	0.0	0.0	0.0	4.0	0.0	0.0	0.0
mitochondrial_disease	29980	ncbi_gene	DONSON	1	2.0	gtr_mitochondrial_gene_summary	silver	clinical_utilization	silver	clinical_utilization	adapter_gene_id_resolved	0.0	0.0	1.0	2.0	0.0	0.0	0.0
mitochondrial_disease	1798	ncbi_gene	DPAGT1	1	2.0	gtr_mitochondrial_gene_summary	silver	clinical_utilization	silver	clinical_utilization	adapter_gene_id_resolved	0.0	0.0	1.0	8.0	0.0	0.0	0.0
mitochondrial_disease	8813	ncbi_gene	DPM1	1	2.0	gtr_mitochondrial_gene_summary	silver	clinical_utilization	silver	clinical_utilization	adapter_gene_id_resolved	0.0	1.0	2.0	3.0	0.0	0.0	0.0
mitochondrial_disease	8818	ncbi_gene	DPM2	1	2.0	gtr_mitochondrial_gene_summary	silver	clinical_utilization	silver	clinical_utilization	adapter_gene_id_resolved	0.0	0.0	2.0	6.0	0.0	0.0	0.0
mitochondrial_disease	54344	ncbi_gene	DPM3	1	2.0	gtr_mitochondrial_gene_summary	silver	clinical_utilization	silver	clinical_utilization	adapter_gene_id_resolved	0.0	1.0	0.0	2.0	0.0	0.0	0.0
mitochondrial_disease	1806	ncbi_gene	DPYD	1	2.0	gtr_mitochondrial_gene_summary	silver	clinical_utilization	silver	clinical_utilization	adapter_gene_id_resolved	0.0	0.0	0.0	10.0	0.0	0.0	0.0
mitochondrial_disease	1807	ncbi_gene	DPYS	1	2.0	gtr_mitochondrial_gene_summary	silver	clinical_utilization	silver	clinical_utilization	adapter_gene_id_resolved	0.0	0.0	0.0	3.0	0.0	0.0	0.0
mitochondrial_disease	2622	ncbi_gene	DRC4	1	2.0	gtr_mitochondrial_gene_summary	silver	clinical_utilization	silver	clinical_utilization	adapter_gene_id_resolved	0.0	0.0	0.0	1.0	0.0	0.0	0.0
mitochondrial_disease	1821	ncbi_gene	DRP2	1	2.0	gtr_mitochondrial_gene_summary	silver	clinical_utilization	silver	clinical_utilization	adapter_gene_id_resolved	1.0	2.0	0.0	0.0	0.0	0.0	0.0
mitochondrial_disease	1824	ncbi_gene	DSC2	1	2.0	gtr_mitochondrial_gene_summary	silver	clinical_utilization	silver	clinical_utilization	adapter_gene_id_resolved	0.0	1.0	2.0	2.0	0.0	0.0	0.0
mitochondrial_disease	57453	ncbi_gene	DSCAML1	1	2.0	gtr_mitochondrial_gene_summary	silver	clinical_utilization	silver	clinical_utilization	adapter_gene_id_resolved	0.0	0.0	0.0	1.0	0.0	0.0	0.0
mitochondrial_disease	1829	ncbi_gene	DSG2	1	2.0	gtr_mitochondrial_gene_summary	silver	clinical_utilization	silver	clinical_utilization	adapter_gene_id_resolved	0.0	0.0	3.0	2.0	0.0	0.0	0.0
mitochondrial_disease	1832	ncbi_gene	DSP	1	2.0	gtr_mitochondrial_gene_summary	silver	clinical_utilization	silver	clinical_utilization	adapter_gene_id_resolved	0.0	1.0	2.0	2.0	0.0	0.0	0.0
mitochondrial_disease	1834	ncbi_gene	DSPP	1	2.0	gtr_mitochondrial_gene_summary	silver	clinical_utilization	silver	clinical_utilization	adapter_gene_id_resolved	0.0	0.0	0.0	1.0	0.0	0.0	0.0
mitochondrial_disease	401124	ncbi_gene	DTHD1	1	2.0	gtr_mitochondrial_gene_summary	silver	clinical_utilization	silver	clinical_utilization	adapter_gene_id_resolved	0.0	1.0	0.0	1.0	0.0	0.0	0.0
mitochondrial_disease	1837	ncbi_gene	DTNA	1	2.0	gtr_mitochondrial_gene_summary	silver	clinical_utilization	silver	clinical_utilization	adapter_gene_id_resolved	0.0	1.0	2.0	2.0	0.0	0.0	0.0
mitochondrial_disease	84062	ncbi_gene	DTNBP1	1	2.0	gtr_mitochondrial_gene_summary	silver	clinical_utilization	silver	clinical_utilization	adapter_gene_id_resolved	0.0	0.0	1.0	6.0	0.0	0.0	0.0
mitochondrial_disease	1848	ncbi_gene	DUSP6	1	2.0	gtr_mitochondrial_gene_summary	silver	clinical_utilization	silver	clinical_utilization	adapter_gene_id_resolved	0.0	0.0	0.0	1.0	0.0	0.0	0.0
mitochondrial_disease	1855	ncbi_gene	DVL1	1	2.0	gtr_mitochondrial_gene_summary	silver	clinical_utilization	silver	clinical_utilization	adapter_gene_id_resolved	0.0	0.0	0.0	3.0	0.0	0.0	0.0
mitochondrial_disease	1857	ncbi_gene	DVL3	1	2.0	gtr_mitochondrial_gene_summary	silver	clinical_utilization	silver	clinical_utilization	adapter_gene_id_resolved	0.0	0.0	0.0	1.0	0.0	0.0	0.0
mitochondrial_disease	54808	ncbi_gene	DYM	1	2.0	gtr_mitochondrial_gene_summary	silver	clinical_utilization	silver	clinical_utilization	adapter_gene_id_resolved	0.0	0.0	0.0	1.0	0.0	0.0	0.0
mitochondrial_disease	1778	ncbi_gene	DYNC1H1	1	2.0	gtr_mitochondrial_gene_summary	silver	clinical_utilization	silver	clinical_utilization	adapter_gene_id_resolved	0.0	1.0	1.0	2.0	0.0	0.0	0.0
mitochondrial_disease	79659	ncbi_gene	DYNC2H1	1	2.0	gtr_mitochondrial_gene_summary	silver	clinical_utilization	silver	clinical_utilization	adapter_gene_id_resolved	0.0	0.0	0.0	9.0	0.0	0.0	0.0
mitochondrial_disease	1859	ncbi_gene	DYRK1A	1	2.0	gtr_mitochondrial_gene_summary	silver	clinical_utilization	silver	clinical_utilization	adapter_gene_id_resolved	0.0	0.0	0.0	6.0	0.0	0.0	0.0
mitochondrial_disease	8291	ncbi_gene	DYSF	1	2.0	gtr_mitochondrial_gene_summary	silver	clinical_utilization	silver	clinical_utilization	adapter_gene_id_resolved	0.0	0.0	3.0	8.0	0.0	0.0	0.0
mitochondrial_disease	124454	ncbi_gene	EARS2	1	2.0	gtr_mitochondrial_gene_summary	silver	clinical_utilization	silver	clinical_utilization	adapter_gene_id_resolved	11.0	1.0	13.0	19.0	0.0	0.0	0.0
mitochondrial_disease	10682	ncbi_gene	EBP	1	2.0	gtr_mitochondrial_gene_summary	silver	clinical_utilization	silver	clinical_utilization	adapter_gene_id_resolved	0.0	0.0	0.0	2.0	0.0	0.0	0.0
mitochondrial_disease	1889	ncbi_gene	ECE1	1	2.0	gtr_mitochondrial_gene_summary	silver	clinical_utilization	silver	clinical_utilization	adapter_gene_id_resolved	0.0	0.0	0.0	1.0	0.0	0.0	0.0
mitochondrial_disease	1891	ncbi_gene	ECH1	1	2.0	gtr_mitochondrial_gene_summary	silver	clinical_utilization	silver	clinical_utilization	adapter_gene_id_resolved	0.0	0.0	1.0	0.0	0.0	0.0	0.0
mitochondrial_disease	1892	ncbi_gene	ECHS1	1	2.0	gtr_mitochondrial_gene_summary	silver	clinical_utilization	silver	clinical_utilization	adapter_gene_id_resolved	7.0	8.0	7.0	9.0	0.0	0.0	0.0
mitochondrial_disease	1893	ncbi_gene	ECM1	1	2.0	gtr_mitochondrial_gene_summary	silver	clinical_utilization	silver	clinical_utilization	adapter_gene_id_resolved	0.0	0.0	0.0	1.0	0.0	0.0	0.0
mitochondrial_disease	51295	ncbi_gene	ECSIT	1	2.0	gtr_mitochondrial_gene_summary	silver	clinical_utilization	silver	clinical_utilization	adapter_gene_id_resolved	1.0	0.0	0.0	0.0	0.0	0.0	0.0
mitochondrial_disease	1896	ncbi_gene	EDA	1	2.0	gtr_mitochondrial_gene_summary	silver	clinical_utilization	silver	clinical_utilization	adapter_gene_id_resolved	0.0	0.0	0.0	6.0	0.0	0.0	0.0
mitochondrial_disease	1906	ncbi_gene	EDN1	1	2.0	gtr_mitochondrial_gene_summary	silver	clinical_utilization	silver	clinical_utilization	adapter_gene_id_resolved	0.0	0.0	1.0	1.0	0.0	0.0	0.0
mitochondrial_disease	1908	ncbi_gene	EDN3	1	2.0	gtr_mitochondrial_gene_summary	silver	clinical_utilization	silver	clinical_utilization	adapter_gene_id_resolved	0.0	0.0	0.0	4.0	0.0	0.0	0.0
mitochondrial_disease	1909	ncbi_gene	EDNRA	1	2.0	gtr_mitochondrial_gene_summary	silver	clinical_utilization	silver	clinical_utilization	adapter_gene_id_resolved	0.0	0.0	0.0	3.0	0.0	0.0	0.0
mitochondrial_disease	1910	ncbi_gene	EDNRB	1	2.0	gtr_mitochondrial_gene_summary	silver	clinical_utilization	silver	clinical_utilization	adapter_gene_id_resolved	0.0	0.0	0.0	4.0	0.0	0.0	0.0
mitochondrial_disease	1917	ncbi_gene	EEF1A2	1	2.0	gtr_mitochondrial_gene_summary	silver	clinical_utilization	silver	clinical_utilization	adapter_gene_id_resolved	0.0	0.0	1.0	4.0	0.0	0.0	0.0
mitochondrial_disease	1938	ncbi_gene	EEF2	1	2.0	gtr_mitochondrial_gene_summary	silver	clinical_utilization	silver	clinical_utilization	adapter_gene_id_resolved	0.0	0.0	0.0	2.0	0.0	0.0	0.0
mitochondrial_disease	30008	ncbi_gene	EFEMP2	1	2.0	gtr_mitochondrial_gene_summary	silver	clinical_utilization	silver	clinical_utilization	adapter_gene_id_resolved	0.0	0.0	0.0	6.0	0.0	0.0	0.0
mitochondrial_disease	114327	ncbi_gene	EFHC1	1	2.0	gtr_mitochondrial_gene_summary	silver	clinical_utilization	silver	clinical_utilization	adapter_gene_id_resolved	1.0	0.0	3.0	4.0	0.0	0.0	0.0
mitochondrial_disease	1947	ncbi_gene	EFNB1	1	2.0	gtr_mitochondrial_gene_summary	silver	clinical_utilization	silver	clinical_utilization	adapter_gene_id_resolved	0.0	0.0	0.0	2.0	0.0	0.0	0.0
mitochondrial_disease	1948	ncbi_gene	EFNB2	1	2.0	gtr_mitochondrial_gene_summary	silver	clinical_utilization	silver	clinical_utilization	adapter_gene_id_resolved	0.0	0.0	1.0	0.0	0.0	0.0	0.0
mitochondrial_disease	9343	ncbi_gene	EFTUD2	1	2.0	gtr_mitochondrial_gene_summary	silver	clinical_utilization	silver	clinical_utilization	adapter_gene_id_resolved	0.0	0.0	0.0	4.0	0.0	0.0	0.0
mitochondrial_disease	1950	ncbi_gene	EGF	1	2.0	gtr_mitochondrial_gene_summary	silver	clinical_utilization	silver	clinical_utilization	adapter_gene_id_resolved	0.0	0.0	0.0	1.0	0.0	0.0	0.0
mitochondrial_disease	1956	ncbi_gene	EGFR	1	2.0	gtr_mitochondrial_gene_summary	silver	clinical_utilization	silver	clinical_utilization	adapter_gene_id_resolved	0.0	0.0	2.0	0.0	0.0	0.0	0.0
mitochondrial_disease	54583	ncbi_gene	EGLN1	1	2.0	gtr_mitochondrial_gene_summary	silver	clinical_utilization	silver	clinical_utilization	adapter_gene_id_resolved	0.0	0.0	1.0	0.0	0.0	0.0	0.0
mitochondrial_disease	1962	ncbi_gene	EHHADH	1	2.0	gtr_mitochondrial_gene_summary	silver	clinical_utilization	silver	clinical_utilization	adapter_gene_id_resolved	0.0	0.0	0.0	1.0	0.0	0.0	0.0
mitochondrial_disease	79813	ncbi_gene	EHMT1	1	2.0	gtr_mitochondrial_gene_summary	silver	clinical_utilization	silver	clinical_utilization	adapter_gene_id_resolved	0.0	0.0	0.0	4.0	0.0	0.0	0.0
mitochondrial_disease	9451	ncbi_gene	EIF2AK3	1	2.0	gtr_mitochondrial_gene_summary	silver	clinical_utilization	silver	clinical_utilization	adapter_gene_id_resolved	1.0	0.0	0.0	5.0	0.0	0.0	0.0
mitochondrial_disease	1967	ncbi_gene	EIF2B1	1	2.0	gtr_mitochondrial_gene_summary	silver	clinical_utilization	silver	clinical_utilization	adapter_gene_id_resolved	0.0	0.0	2.0	10.0	0.0	0.0	0.0
mitochondrial_disease	8892	ncbi_gene	EIF2B2	1	2.0	gtr_mitochondrial_gene_summary	silver	clinical_utilization	silver	clinical_utilization	adapter_gene_id_resolved	0.0	1.0	2.0	10.0	0.0	0.0	0.0
mitochondrial_disease	8891	ncbi_gene	EIF2B3	1	2.0	gtr_mitochondrial_gene_summary	silver	clinical_utilization	silver	clinical_utilization	adapter_gene_id_resolved	0.0	1.0	2.0	11.0	0.0	0.0	0.0
mitochondrial_disease	8890	ncbi_gene	EIF2B4	1	2.0	gtr_mitochondrial_gene_summary	silver	clinical_utilization	silver	clinical_utilization	adapter_gene_id_resolved	0.0	1.0	2.0	10.0	0.0	0.0	0.0
mitochondrial_disease	8893	ncbi_gene	EIF2B5	1	2.0	gtr_mitochondrial_gene_summary	silver	clinical_utilization	silver	clinical_utilization	adapter_gene_id_resolved	0.0	1.0	2.0	12.0	0.0	0.0	0.0
mitochondrial_disease	1968	ncbi_gene	EIF2S3	1	2.0	gtr_mitochondrial_gene_summary	silver	clinical_utilization	silver	clinical_utilization	adapter_gene_id_resolved	0.0	0.0	0.0	2.0	0.0	0.0	0.0
mitochondrial_disease	1981	ncbi_gene	EIF4G1	1	2.0	gtr_mitochondrial_gene_summary	silver	clinical_utilization	silver	clinical_utilization	adapter_gene_id_resolved	0.0	0.0	1.0	0.0	0.0	0.0	0.0
mitochondrial_disease	60528	ncbi_gene	ELAC2	1	2.0	gtr_mitochondrial_gene_summary	silver	clinical_utilization	silver	clinical_utilization	adapter_gene_id_resolved	14.0	7.0	5.0	10.0	0.0	0.0	0.0
mitochondrial_disease	1991	ncbi_gene	ELANE	1	2.0	gtr_mitochondrial_gene_summary	silver	clinical_utilization	silver	clinical_utilization	adapter_gene_id_resolved	0.0	0.0	2.0	0.0	0.0	0.0	0.0
mitochondrial_disease	84173	ncbi_gene	ELMOD3	1	2.0	gtr_mitochondrial_gene_summary	silver	clinical_utilization	silver	clinical_utilization	adapter_gene_id_resolved	0.0	0.0	0.0	1.0	0.0	0.0	0.0
mitochondrial_disease	2006	ncbi_gene	ELN	1	2.0	gtr_mitochondrial_gene_summary	silver	clinical_utilization	silver	clinical_utilization	adapter_gene_id_resolved	0.0	0.0	0.0	2.0	0.0	0.0	0.0
mitochondrial_disease	6785	ncbi_gene	ELOVL4	1	2.0	gtr_mitochondrial_gene_summary	silver	clinical_utilization	silver	clinical_utilization	adapter_gene_id_resolved	0.0	0.0	0.0	4.0	0.0	0.0	0.0
mitochondrial_disease	60481	ncbi_gene	ELOVL5	1	2.0	gtr_mitochondrial_gene_summary	silver	clinical_utilization	silver	clinical_utilization	adapter_gene_id_resolved	0.0	0.0	0.0	1.0	0.0	0.0	0.0
mitochondrial_disease	8518	ncbi_gene	ELP1	1	2.0	gtr_mitochondrial_gene_summary	silver	clinical_utilization	silver	clinical_utilization	adapter_gene_id_resolved	0.0	0.0	0.0	9.0	0.0	0.0	0.0
mitochondrial_disease	2010	ncbi_gene	EMD	1	2.0	gtr_mitochondrial_gene_summary	silver	clinical_utilization	silver	clinical_utilization	adapter_gene_id_resolved	0.0	0.0	5.0	8.0	0.0	0.0	0.0
mitochondrial_disease	2009	ncbi_gene	EML1	1	2.0	gtr_mitochondrial_gene_summary	silver	clinical_utilization	silver	clinical_utilization	adapter_gene_id_resolved	0.0	0.0	0.0	1.0	0.0	0.0	0.0
mitochondrial_disease	2022	ncbi_gene	ENG	1	2.0	gtr_mitochondrial_gene_summary	silver	clinical_utilization	silver	clinical_utilization	adapter_gene_id_resolved	0.0	0.0	1.0	1.0	0.0	0.0	0.0
mitochondrial_disease	2027	ncbi_gene	ENO3	1	2.0	gtr_mitochondrial_gene_summary	silver	clinical_utilization	silver	clinical_utilization	adapter_gene_id_resolved	0.0	0.0	0.0	2.0	0.0	0.0	0.0
mitochondrial_disease	5167	ncbi_gene	ENPP1	1	2.0	gtr_mitochondrial_gene_summary	silver	clinical_utilization	silver	clinical_utilization	adapter_gene_id_resolved	0.0	0.0	0.0	1.0	0.0	0.0	0.0
mitochondrial_disease	2029	ncbi_gene	ENSA	1	2.0	gtr_mitochondrial_gene_summary	silver	clinical_utilization	silver	clinical_utilization	adapter_gene_id_resolved	0.0	0.0	0.0	1.0	0.0	0.0	0.0
mitochondrial_disease	953	ncbi_gene	ENTPD1	1	2.0	gtr_mitochondrial_gene_summary	silver	clinical_utilization	silver	clinical_utilization	adapter_gene_id_resolved	0.0	0.0	0.0	2.0	0.0	0.0	0.0
mitochondrial_disease	285203	ncbi_gene	EOGT	1	2.0	gtr_mitochondrial_gene_summary	silver	clinical_utilization	silver	clinical_utilization	adapter_gene_id_resolved	0.0	0.0	0.0	2.0	0.0	0.0	0.0
mitochondrial_disease	2033	ncbi_gene	EP300	1	2.0	gtr_mitochondrial_gene_summary	silver	clinical_utilization	silver	clinical_utilization	adapter_gene_id_resolved	0.0	0.0	0.0	2.0	0.0	0.0	0.0
mitochondrial_disease	2036	ncbi_gene	EPB41L1	1	2.0	gtr_mitochondrial_gene_summary	silver	clinical_utilization	silver	clinical_utilization	adapter_gene_id_resolved	0.0	0.0	0.0	2.0	0.0	0.0	0.0
mitochondrial_disease	4072	ncbi_gene	EPCAM	1	2.0	gtr_mitochondrial_gene_summary	silver	clinical_utilization	silver	clinical_utilization	adapter_gene_id_resolved	0.0	0.0	3.0	0.0	0.0	0.0	0.0
mitochondrial_disease	57724	ncbi_gene	EPG5	1	2.0	gtr_mitochondrial_gene_summary	silver	clinical_utilization	silver	clinical_utilization	adapter_gene_id_resolved	0.0	0.0	0.0	5.0	0.0	0.0	0.0
mitochondrial_disease	1969	ncbi_gene	EPHA2	1	2.0	gtr_mitochondrial_gene_summary	silver	clinical_utilization	silver	clinical_utilization	adapter_gene_id_resolved	0.0	0.0	1.0	0.0	0.0	0.0	0.0
mitochondrial_disease	2043	ncbi_gene	EPHA4	1	2.0	gtr_mitochondrial_gene_summary	silver	clinical_utilization	silver	clinical_utilization	adapter_gene_id_resolved	0.0	1.0	0.0	0.0	0.0	0.0	0.0
mitochondrial_disease	2053	ncbi_gene	EPHX2	1	2.0	gtr_mitochondrial_gene_summary	silver	clinical_utilization	silver	clinical_utilization	adapter_gene_id_resolved	0.0	0.0	0.0	1.0	0.0	0.0	0.0
mitochondrial_disease	7957	ncbi_gene	EPM2A	1	2.0	gtr_mitochondrial_gene_summary	silver	clinical_utilization	silver	clinical_utilization	adapter_gene_id_resolved	0.0	0.0	3.0	6.0	0.0	0.0	0.0
mitochondrial_disease	64787	ncbi_gene	EPS8L2	1	2.0	gtr_mitochondrial_gene_summary	silver	clinical_utilization	silver	clinical_utilization	adapter_gene_id_resolved	0.0	0.0	0.0	1.0	0.0	0.0	0.0
mitochondrial_disease	55914	ncbi_gene	ERBIN	1	2.0	gtr_mitochondrial_gene_summary	silver	clinical_utilization	silver	clinical_utilization	adapter_gene_id_resolved	0.0	0.0	2.0	0.0	0.0	0.0	0.0
mitochondrial_disease	2068	ncbi_gene	ERCC2	1	2.0	gtr_mitochondrial_gene_summary	silver	clinical_utilization	silver	clinical_utilization	adapter_gene_id_resolved	0.0	0.0	0.0	10.0	0.0	0.0	0.0
mitochondrial_disease	2071	ncbi_gene	ERCC3	1	2.0	gtr_mitochondrial_gene_summary	silver	clinical_utilization	silver	clinical_utilization	adapter_gene_id_resolved	0.0	0.0	0.0	9.0	0.0	0.0	0.0
mitochondrial_disease	2072	ncbi_gene	ERCC4	1	2.0	gtr_mitochondrial_gene_summary	silver	clinical_utilization	silver	clinical_utilization	adapter_gene_id_resolved	0.0	0.0	1.0	8.0	0.0	0.0	0.0
mitochondrial_disease	2073	ncbi_gene	ERCC5	1	2.0	gtr_mitochondrial_gene_summary	silver	clinical_utilization	silver	clinical_utilization	adapter_gene_id_resolved	0.0	0.0	0.0	9.0	0.0	0.0	0.0
mitochondrial_disease	2074	ncbi_gene	ERCC6	1	2.0	gtr_mitochondrial_gene_summary	silver	clinical_utilization	silver	clinical_utilization	adapter_gene_id_resolved	0.0	0.0	1.0	12.0	0.0	0.0	0.0
mitochondrial_disease	1161	ncbi_gene	ERCC8	1	2.0	gtr_mitochondrial_gene_summary	silver	clinical_utilization	silver	clinical_utilization	adapter_gene_id_resolved	0.0	0.0	1.0	10.0	0.0	0.0	0.0
mitochondrial_disease	10613	ncbi_gene	ERLIN1	1	2.0	gtr_mitochondrial_gene_summary	silver	clinical_utilization	silver	clinical_utilization	adapter_gene_id_resolved	0.0	0.0	0.0	2.0	0.0	0.0	0.0
mitochondrial_disease	11160	ncbi_gene	ERLIN2	1	2.0	gtr_mitochondrial_gene_summary	silver	clinical_utilization	silver	clinical_utilization	adapter_gene_id_resolved	0.0	0.0	0.0	2.0	0.0	0.0	0.0
mitochondrial_disease	157570	ncbi_gene	ESCO2	1	2.0	gtr_mitochondrial_gene_summary	silver	clinical_utilization	silver	clinical_utilization	adapter_gene_id_resolved	0.0	0.0	0.0	7.0	0.0	0.0	0.0
mitochondrial_disease	83715	ncbi_gene	ESPN	1	2.0	gtr_mitochondrial_gene_summary	silver	clinical_utilization	silver	clinical_utilization	adapter_gene_id_resolved	0.0	0.0	0.0	1.0	0.0	0.0	0.0
mitochondrial_disease	2103	ncbi_gene	ESRRB	1	2.0	gtr_mitochondrial_gene_summary	silver	clinical_utilization	silver	clinical_utilization	adapter_gene_id_resolved	0.0	0.0	0.0	1.0	0.0	0.0	0.0
mitochondrial_disease	2108	ncbi_gene	ETFA	1	2.0	gtr_mitochondrial_gene_summary	silver	clinical_utilization	silver	clinical_utilization	adapter_gene_id_resolved	0.0	2.0	0.0	17.0	0.0	0.0	0.0
mitochondrial_disease	2109	ncbi_gene	ETFB	1	2.0	gtr_mitochondrial_gene_summary	silver	clinical_utilization	silver	clinical_utilization	adapter_gene_id_resolved	0.0	2.0	0.0	17.0	0.0	0.0	0.0
mitochondrial_disease	2110	ncbi_gene	ETFDH	1	2.0	gtr_mitochondrial_gene_summary	silver	clinical_utilization	silver	clinical_utilization	adapter_gene_id_resolved	0.0	2.0	0.0	17.0	0.0	0.0	0.0
mitochondrial_disease	23474	ncbi_gene	ETHE1	1	2.0	gtr_mitochondrial_gene_summary	silver	clinical_utilization	silver	clinical_utilization	adapter_gene_id_resolved	0.0	1.0	1.0	18.0	0.0	0.0	0.0
mitochondrial_disease	440695	ncbi_gene	ETV3L	1	2.0	gtr_mitochondrial_gene_summary	silver	clinical_utilization	silver	clinical_utilization	adapter_gene_id_resolved	0.0	1.0	0.0	0.0	0.0	0.0	0.0
mitochondrial_disease	84141	ncbi_gene	EVA1A	1	2.0	gtr_mitochondrial_gene_summary	silver	clinical_utilization	silver	clinical_utilization	adapter_gene_id_resolved	0.0	0.0	0.0	1.0	0.0	0.0	0.0
mitochondrial_disease	132884	ncbi_gene	EVC2	1	2.0	gtr_mitochondrial_gene_summary	silver	clinical_utilization	silver	clinical_utilization	adapter_gene_id_resolved	0.0	0.0	0.0	8.0	0.0	0.0	0.0
mitochondrial_disease	64789	ncbi_gene	EXO5	1	2.0	gtr_mitochondrial_gene_summary	silver	clinical_utilization	silver	clinical_utilization	adapter_gene_id_resolved	0.0	0.0	0.0	1.0	0.0	0.0	0.0
mitochondrial_disease	51010	ncbi_gene	EXOSC3	1	2.0	gtr_mitochondrial_gene_summary	silver	clinical_utilization	silver	clinical_utilization	adapter_gene_id_resolved	0.0	0.0	1.0	7.0	0.0	0.0	0.0
mitochondrial_disease	11340	ncbi_gene	EXOSC8	1	2.0	gtr_mitochondrial_gene_summary	silver	clinical_utilization	silver	clinical_utilization	adapter_gene_id_resolved	0.0	0.0	1.0	1.0	0.0	0.0	0.0
mitochondrial_disease	2132	ncbi_gene	EXT2	1	2.0	gtr_mitochondrial_gene_summary	silver	clinical_utilization	silver	clinical_utilization	adapter_gene_id_resolved	0.0	0.0	0.0	1.0	0.0	0.0	0.0
mitochondrial_disease	2138	ncbi_gene	EYA1	1	2.0	gtr_mitochondrial_gene_summary	silver	clinical_utilization	silver	clinical_utilization	adapter_gene_id_resolved	0.0	0.0	1.0	1.0	0.0	0.0	0.0
mitochondrial_disease	2070	ncbi_gene	EYA4	1	2.0	gtr_mitochondrial_gene_summary	silver	clinical_utilization	silver	clinical_utilization	adapter_gene_id_resolved	0.0	0.0	3.0	3.0	0.0	0.0	0.0
mitochondrial_disease	346007	ncbi_gene	EYS	1	2.0	gtr_mitochondrial_gene_summary	silver	clinical_utilization	silver	clinical_utilization	adapter_gene_id_resolved	0.0	0.0	0.0	7.0	0.0	0.0	0.0
mitochondrial_disease	2146	ncbi_gene	EZH2	1	2.0	gtr_mitochondrial_gene_summary	silver	clinical_utilization	silver	clinical_utilization	adapter_gene_id_resolved	0.0	0.0	0.0	2.0	0.0	0.0	0.0
mitochondrial_disease	2158	ncbi_gene	F9	1	2.0	gtr_mitochondrial_gene_summary	silver	clinical_utilization	silver	clinical_utilization	adapter_gene_id_resolved	0.0	0.0	0.0	8.0	0.0	0.0	0.0
mitochondrial_disease	79152	ncbi_gene	FA2H	1	2.0	gtr_mitochondrial_gene_summary	silver	clinical_utilization	silver	clinical_utilization	adapter_gene_id_resolved	0.0	0.0	1.0	12.0	0.0	0.0	0.0
mitochondrial_disease	8772	ncbi_gene	FADD	1	2.0	gtr_mitochondrial_gene_summary	silver	clinical_utilization	silver	clinical_utilization	adapter_gene_id_resolved	0.0	0.0	0.0	1.0	0.0	0.0	0.0
mitochondrial_disease	2184	ncbi_gene	FAH	1	2.0	gtr_mitochondrial_gene_summary	silver	clinical_utilization	silver	clinical_utilization	adapter_gene_id_resolved	0.0	0.0	0.0	11.0	0.0	0.0	0.0
mitochondrial_disease	63901	ncbi_gene	FAM111A	1	2.0	gtr_mitochondrial_gene_summary	silver	clinical_utilization	silver	clinical_utilization	adapter_gene_id_resolved	0.0	0.0	0.0	2.0	0.0	0.0	0.0
mitochondrial_disease	131408	ncbi_gene	FAM131A	1	2.0	gtr_mitochondrial_gene_summary	silver	clinical_utilization	silver	clinical_utilization	adapter_gene_id_resolved	0.0	0.0	0.0	1.0	0.0	0.0	0.0
mitochondrial_disease	84140	ncbi_gene	FAM161A	1	2.0	gtr_mitochondrial_gene_summary	silver	clinical_utilization	silver	clinical_utilization	adapter_gene_id_resolved	0.0	0.0	0.0	7.0	0.0	0.0	0.0
mitochondrial_disease	2175	ncbi_gene	FANCA	1	2.0	gtr_mitochondrial_gene_summary	silver	clinical_utilization	silver	clinical_utilization	adapter_gene_id_resolved	0.0	0.0	1.0	7.0	0.0	0.0	0.0
mitochondrial_disease	2187	ncbi_gene	FANCB	1	2.0	gtr_mitochondrial_gene_summary	silver	clinical_utilization	silver	clinical_utilization	adapter_gene_id_resolved	0.0	0.0	2.0	10.0	0.0	0.0	0.0
mitochondrial_disease	2176	ncbi_gene	FANCC	1	2.0	gtr_mitochondrial_gene_summary	silver	clinical_utilization	silver	clinical_utilization	adapter_gene_id_resolved	0.0	0.0	1.0	9.0	0.0	0.0	0.0
mitochondrial_disease	2177	ncbi_gene	FANCD2	1	2.0	gtr_mitochondrial_gene_summary	silver	clinical_utilization	silver	clinical_utilization	adapter_gene_id_resolved	0.0	0.0	1.0	7.0	0.0	0.0	0.0
mitochondrial_disease	2178	ncbi_gene	FANCE	1	2.0	gtr_mitochondrial_gene_summary	silver	clinical_utilization	silver	clinical_utilization	adapter_gene_id_resolved	0.0	0.0	1.0	7.0	0.0	0.0	0.0
mitochondrial_disease	2188	ncbi_gene	FANCF	1	2.0	gtr_mitochondrial_gene_summary	silver	clinical_utilization	silver	clinical_utilization	adapter_gene_id_resolved	0.0	0.0	1.0	7.0	0.0	0.0	0.0
mitochondrial_disease	2189	ncbi_gene	FANCG	1	2.0	gtr_mitochondrial_gene_summary	silver	clinical_utilization	silver	clinical_utilization	adapter_gene_id_resolved	0.0	0.0	1.0	7.0	0.0	0.0	0.0
mitochondrial_disease	55215	ncbi_gene	FANCI	1	2.0	gtr_mitochondrial_gene_summary	silver	clinical_utilization	silver	clinical_utilization	adapter_gene_id_resolved	0.0	0.0	1.0	8.0	0.0	0.0	0.0
mitochondrial_disease	55120	ncbi_gene	FANCL	1	2.0	gtr_mitochondrial_gene_summary	silver	clinical_utilization	silver	clinical_utilization	adapter_gene_id_resolved	0.0	0.0	1.0	7.0	0.0	0.0	0.0
mitochondrial_disease	57697	ncbi_gene	FANCM	1	2.0	gtr_mitochondrial_gene_summary	silver	clinical_utilization	silver	clinical_utilization	adapter_gene_id_resolved	0.0	0.0	1.0	0.0	0.0	0.0	0.0
mitochondrial_disease	84188	ncbi_gene	FAR1	1	2.0	gtr_mitochondrial_gene_summary	silver	clinical_utilization	silver	clinical_utilization	adapter_gene_id_resolved	0.0	0.0	0.0	1.0	0.0	0.0	0.0
mitochondrial_disease	10667	ncbi_gene	FARS2	1	2.0	gtr_mitochondrial_gene_summary	silver	clinical_utilization	silver	clinical_utilization	adapter_gene_id_resolved	12.0	4.0	7.0	19.0	0.0	0.0	0.0
mitochondrial_disease	22868	ncbi_gene	FASTKD2	1	2.0	gtr_mitochondrial_gene_summary	silver	clinical_utilization	silver	clinical_utilization	adapter_gene_id_resolved	11.0	4.0	9.0	20.0	0.0	0.0	0.0
mitochondrial_disease	2195	ncbi_gene	FAT1	1	2.0	gtr_mitochondrial_gene_summary	silver	clinical_utilization	silver	clinical_utilization	adapter_gene_id_resolved	0.0	1.0	0.0	0.0	0.0	0.0	0.0
mitochondrial_disease	79633	ncbi_gene	FAT4	1	2.0	gtr_mitochondrial_gene_summary	silver	clinical_utilization	silver	clinical_utilization	adapter_gene_id_resolved	0.0	0.0	0.0	4.0	0.0	0.0	0.0
mitochondrial_disease	2200	ncbi_gene	FBN1	1	2.0	gtr_mitochondrial_gene_summary	silver	clinical_utilization	silver	clinical_utilization	adapter_gene_id_resolved	0.0	0.0	0.0	2.0	0.0	0.0	0.0
mitochondrial_disease	2201	ncbi_gene	FBN2	1	2.0	gtr_mitochondrial_gene_summary	silver	clinical_utilization	silver	clinical_utilization	adapter_gene_id_resolved	0.0	0.0	0.0	2.0	0.0	0.0	0.0
mitochondrial_disease	2203	ncbi_gene	FBP1	1	2.0	gtr_mitochondrial_gene_summary	silver	clinical_utilization	silver	clinical_utilization	adapter_gene_id_resolved	0.0	0.0	0.0	3.0	0.0	0.0	0.0
mitochondrial_disease	26235	ncbi_gene	FBXL4	1	2.0	gtr_mitochondrial_gene_summary	silver	clinical_utilization	silver	clinical_utilization	adapter_gene_id_resolved	14.0	11.0	16.0	24.0	0.0	0.0	0.0
mitochondrial_disease	81545	ncbi_gene	FBXO38	1	2.0	gtr_mitochondrial_gene_summary	silver	clinical_utilization	silver	clinical_utilization	adapter_gene_id_resolved	0.0	0.0	1.0	0.0	0.0	0.0	0.0
mitochondrial_disease	25793	ncbi_gene	FBXO7	1	2.0	gtr_mitochondrial_gene_summary	silver	clinical_utilization	silver	clinical_utilization	adapter_gene_id_resolved	0.0	1.0	1.0	1.0	0.0	0.0	0.0
mitochondrial_disease	2212	ncbi_gene	FCGR2A	1	2.0	gtr_mitochondrial_gene_summary	silver	clinical_utilization	silver	clinical_utilization	adapter_gene_id_resolved	0.0	0.0	0.0	1.0	0.0	0.0	0.0
mitochondrial_disease	2213	ncbi_gene	FCGR2B	1	2.0	gtr_mitochondrial_gene_summary	silver	clinical_utilization	silver	clinical_utilization	adapter_gene_id_resolved	0.0	0.0	0.0	1.0	0.0	0.0	0.0
mitochondrial_disease	2215	ncbi_gene	FCGR3B	1	2.0	gtr_mitochondrial_gene_summary	silver	clinical_utilization	silver	clinical_utilization	adapter_gene_id_resolved	0.0	0.0	1.0	0.0	0.0	0.0	0.0
mitochondrial_disease	2219	ncbi_gene	FCN1	1	2.0	gtr_mitochondrial_gene_summary	silver	clinical_utilization	silver	clinical_utilization	adapter_gene_id_resolved	0.0	0.0	0.0	1.0	0.0	0.0	0.0
mitochondrial_disease	112812	ncbi_gene	FDX2	1	2.0	gtr_mitochondrial_gene_summary	silver	clinical_utilization	silver	clinical_utilization	adapter_gene_id_resolved	2.0	4.0	10.0	12.0	0.0	0.0	0.0
mitochondrial_disease	2232	ncbi_gene	FDXR	1	2.0	gtr_mitochondrial_gene_summary	silver	clinical_utilization	silver	clinical_utilization	adapter_gene_id_resolved	2.0	3.0	4.0	7.0	0.0	0.0	0.0
mitochondrial_disease	2235	ncbi_gene	FECH	1	2.0	gtr_mitochondrial_gene_summary	silver	clinical_utilization	silver	clinical_utilization	adapter_gene_id_resolved	0.0	0.0	0.0	1.0	0.0	0.0	0.0
mitochondrial_disease	83706	ncbi_gene	FERMT3	1	2.0	gtr_mitochondrial_gene_summary	silver	clinical_utilization	silver	clinical_utilization	adapter_gene_id_resolved	0.0	0.0	1.0	0.0	0.0	0.0	0.0
mitochondrial_disease	2245	ncbi_gene	FGD1	1	2.0	gtr_mitochondrial_gene_summary	silver	clinical_utilization	silver	clinical_utilization	adapter_gene_id_resolved	0.0	0.0	3.0	4.0	0.0	0.0	0.0
mitochondrial_disease	2255	ncbi_gene	FGF10	1	2.0	gtr_mitochondrial_gene_summary	silver	clinical_utilization	silver	clinical_utilization	adapter_gene_id_resolved	0.0	0.0	0.0	1.0	0.0	0.0	0.0
mitochondrial_disease	2257	ncbi_gene	FGF12	1	2.0	gtr_mitochondrial_gene_summary	silver	clinical_utilization	silver	clinical_utilization	adapter_gene_id_resolved	0.0	0.0	0.0	1.0	0.0	0.0	0.0
mitochondrial_disease	2259	ncbi_gene	FGF14	1	2.0	gtr_mitochondrial_gene_summary	silver	clinical_utilization	silver	clinical_utilization	adapter_gene_id_resolved	0.0	0.0	0.0	2.0	0.0	0.0	0.0
mitochondrial_disease	26291	ncbi_gene	FGF21	1	2.0	gtr_mitochondrial_gene_summary	silver	clinical_utilization	silver	clinical_utilization	adapter_gene_id_resolved	0.0	0.0	0.0	1.0	0.0	0.0	0.0
mitochondrial_disease	8074	ncbi_gene	FGF23	1	2.0	gtr_mitochondrial_gene_summary	silver	clinical_utilization	silver	clinical_utilization	adapter_gene_id_resolved	0.0	1.0	0.0	0.0	0.0	0.0	0.0
mitochondrial_disease	2248	ncbi_gene	FGF3	1	2.0	gtr_mitochondrial_gene_summary	silver	clinical_utilization	silver	clinical_utilization	adapter_gene_id_resolved	0.0	0.0	0.0	2.0	0.0	0.0	0.0
mitochondrial_disease	2260	ncbi_gene	FGFR1	1	2.0	gtr_mitochondrial_gene_summary	silver	clinical_utilization	silver	clinical_utilization	adapter_gene_id_resolved	0.0	0.0	0.0	4.0	0.0	0.0	0.0
mitochondrial_disease	2263	ncbi_gene	FGFR2	1	2.0	gtr_mitochondrial_gene_summary	silver	clinical_utilization	silver	clinical_utilization	adapter_gene_id_resolved	0.0	0.0	0.0	4.0	0.0	0.0	0.0
mitochondrial_disease	2261	ncbi_gene	FGFR3	1	2.0	gtr_mitochondrial_gene_summary	silver	clinical_utilization	silver	clinical_utilization	adapter_gene_id_resolved	0.0	0.0	0.0	4.0	0.0	0.0	0.0
mitochondrial_disease	2271	ncbi_gene	FH	1	2.0	gtr_mitochondrial_gene_summary	silver	clinical_utilization	silver	clinical_utilization	adapter_gene_id_resolved	0.0	1.0	3.0	6.0	0.0	0.0	0.0
mitochondrial_disease	2273	ncbi_gene	FHL1	1	2.0	gtr_mitochondrial_gene_summary	silver	clinical_utilization	silver	clinical_utilization	adapter_gene_id_resolved	0.0	1.0	3.0	8.0	0.0	0.0	0.0
mitochondrial_disease	2274	ncbi_gene	FHL2	1	2.0	gtr_mitochondrial_gene_summary	silver	clinical_utilization	silver	clinical_utilization	adapter_gene_id_resolved	0.0	1.0	0.0	0.0	0.0	0.0	0.0
mitochondrial_disease	80206	ncbi_gene	FHOD3	1	2.0	gtr_mitochondrial_gene_summary	silver	clinical_utilization	silver	clinical_utilization	adapter_gene_id_resolved	0.0	0.0	1.0	0.0	0.0	0.0	0.0
mitochondrial_disease	9158	ncbi_gene	FIBP	1	2.0	gtr_mitochondrial_gene_summary	silver	clinical_utilization	silver	clinical_utilization	adapter_gene_id_resolved	0.0	0.0	0.0	1.0	0.0	0.0	0.0
mitochondrial_disease	9896	ncbi_gene	FIG4	1	2.0	gtr_mitochondrial_gene_summary	silver	clinical_utilization	silver	clinical_utilization	adapter_gene_id_resolved	0.0	0.0	0.0	1.0	0.0	0.0	0.0
mitochondrial_disease	60681	ncbi_gene	FKBP10	1	2.0	gtr_mitochondrial_gene_summary	silver	clinical_utilization	silver	clinical_utilization	adapter_gene_id_resolved	0.0	0.0	0.0	6.0	0.0	0.0	0.0
mitochondrial_disease	55033	ncbi_gene	FKBP14	1	2.0	gtr_mitochondrial_gene_summary	silver	clinical_utilization	silver	clinical_utilization	adapter_gene_id_resolved	0.0	1.0	1.0	0.0	0.0	0.0	0.0
mitochondrial_disease	79147	ncbi_gene	FKRP	1	2.0	gtr_mitochondrial_gene_summary	silver	clinical_utilization	silver	clinical_utilization	adapter_gene_id_resolved	0.0	1.0	2.0	11.0	0.0	0.0	0.0
mitochondrial_disease	2218	ncbi_gene	FKTN	1	2.0	gtr_mitochondrial_gene_summary	silver	clinical_utilization	silver	clinical_utilization	adapter_gene_id_resolved	0.0	1.0	5.0	11.0	0.0	0.0	0.0
mitochondrial_disease	80308	ncbi_gene	FLAD1	1	2.0	gtr_mitochondrial_gene_summary	silver	clinical_utilization	silver	clinical_utilization	adapter_gene_id_resolved	0.0	0.0	1.0	7.0	0.0	0.0	0.0
mitochondrial_disease	201163	ncbi_gene	FLCN	1	2.0	gtr_mitochondrial_gene_summary	silver	clinical_utilization	silver	clinical_utilization	adapter_gene_id_resolved	0.0	1.0	4.0	0.0	0.0	0.0	0.0
mitochondrial_disease	2316	ncbi_gene	FLNA	1	2.0	gtr_mitochondrial_gene_summary	silver	clinical_utilization	silver	clinical_utilization	adapter_gene_id_resolved	0.0	0.0	1.0	7.0	0.0	0.0	0.0
mitochondrial_disease	2317	ncbi_gene	FLNB	1	2.0	gtr_mitochondrial_gene_summary	silver	clinical_utilization	silver	clinical_utilization	adapter_gene_id_resolved	0.0	0.0	0.0	4.0	0.0	0.0	0.0
mitochondrial_disease	2318	ncbi_gene	FLNC	1	2.0	gtr_mitochondrial_gene_summary	silver	clinical_utilization	silver	clinical_utilization	adapter_gene_id_resolved	0.0	0.0	1.0	2.0	0.0	0.0	0.0
mitochondrial_disease	23769	ncbi_gene	FLRT1	1	2.0	gtr_mitochondrial_gene_summary	silver	clinical_utilization	silver	clinical_utilization	adapter_gene_id_resolved	0.0	0.0	1.0	2.0	0.0	0.0	0.0
mitochondrial_disease	23767	ncbi_gene	FLRT3	1	2.0	gtr_mitochondrial_gene_summary	silver	clinical_utilization	silver	clinical_utilization	adapter_gene_id_resolved	0.0	0.0	0.0	1.0	0.0	0.0	0.0
mitochondrial_disease	28982	ncbi_gene	FLVCR1	1	2.0	gtr_mitochondrial_gene_summary	silver	clinical_utilization	silver	clinical_utilization	adapter_gene_id_resolved	0.0	0.0	0.0	1.0	0.0	0.0	0.0
mitochondrial_disease	56776	ncbi_gene	FMN2	1	2.0	gtr_mitochondrial_gene_summary	silver	clinical_utilization	silver	clinical_utilization	adapter_gene_id_resolved	0.0	0.0	0.0	1.0	0.0	0.0	0.0
mitochondrial_disease	2328	ncbi_gene	FMO3	1	2.0	gtr_mitochondrial_gene_summary	silver	clinical_utilization	silver	clinical_utilization	adapter_gene_id_resolved	0.0	0.0	0.0	9.0	0.0	0.0	0.0
mitochondrial_disease	2332	ncbi_gene	FMR1	1	2.0	gtr_mitochondrial_gene_summary	silver	clinical_utilization	silver	clinical_utilization	adapter_gene_id_resolved	0.0	1.0	2.0	11.0	0.0	0.0	0.0
mitochondrial_disease	23360	ncbi_gene	FNBP4	1	2.0	gtr_mitochondrial_gene_summary	silver	clinical_utilization	silver	clinical_utilization	adapter_gene_id_resolved	0.0	1.0	0.0	0.0	0.0	0.0	0.0
mitochondrial_disease	96459	ncbi_gene	FNIP1	1	2.0	gtr_mitochondrial_gene_summary	silver	clinical_utilization	silver	clinical_utilization	adapter_gene_id_resolved	0.0	0.0	2.0	0.0	0.0	0.0	0.0
mitochondrial_disease	2348	ncbi_gene	FOLR1	1	2.0	gtr_mitochondrial_gene_summary	silver	clinical_utilization	silver	clinical_utilization	adapter_gene_id_resolved	0.0	2.0	6.0	8.0	0.0	0.0	0.0
mitochondrial_disease	3170	ncbi_gene	FOXA2	1	2.0	gtr_mitochondrial_gene_summary	silver	clinical_utilization	silver	clinical_utilization	adapter_gene_id_resolved	0.0	1.0	1.0	0.0	0.0	0.0	0.0
mitochondrial_disease	2301	ncbi_gene	FOXE3	1	2.0	gtr_mitochondrial_gene_summary	silver	clinical_utilization	silver	clinical_utilization	adapter_gene_id_resolved	0.0	0.0	1.0	0.0	0.0	0.0	0.0
mitochondrial_disease	2290	ncbi_gene	FOXG1	1	2.0	gtr_mitochondrial_gene_summary	silver	clinical_utilization	silver	clinical_utilization	adapter_gene_id_resolved	0.0	1.0	2.0	7.0	0.0	0.0	0.0
mitochondrial_disease	8928	ncbi_gene	FOXH1	1	2.0	gtr_mitochondrial_gene_summary	silver	clinical_utilization	silver	clinical_utilization	adapter_gene_id_resolved	0.0	0.0	0.0	3.0	0.0	0.0	0.0
mitochondrial_disease	2299	ncbi_gene	FOXI1	1	2.0	gtr_mitochondrial_gene_summary	silver	clinical_utilization	silver	clinical_utilization	adapter_gene_id_resolved	0.0	0.0	0.0	1.0	0.0	0.0	0.0
mitochondrial_disease	344167	ncbi_gene	FOXI3	1	2.0	gtr_mitochondrial_gene_summary	silver	clinical_utilization	silver	clinical_utilization	adapter_gene_id_resolved	0.0	0.0	2.0	0.0	0.0	0.0	0.0
mitochondrial_disease	8456	ncbi_gene	FOXN1	1	2.0	gtr_mitochondrial_gene_summary	silver	clinical_utilization	silver	clinical_utilization	adapter_gene_id_resolved	0.0	0.0	0.0	7.0	0.0	0.0	0.0
mitochondrial_disease	27086	ncbi_gene	FOXP1	1	2.0	gtr_mitochondrial_gene_summary	silver	clinical_utilization	silver	clinical_utilization	adapter_gene_id_resolved	0.0	0.0	0.0	3.0	0.0	0.0	0.0
mitochondrial_disease	93986	ncbi_gene	FOXP2	1	2.0	gtr_mitochondrial_gene_summary	silver	clinical_utilization	silver	clinical_utilization	adapter_gene_id_resolved	0.0	0.0	0.0	3.0	0.0	0.0	0.0
mitochondrial_disease	50943	ncbi_gene	FOXP3	1	2.0	gtr_mitochondrial_gene_summary	silver	clinical_utilization	silver	clinical_utilization	adapter_gene_id_resolved	0.0	0.0	0.0	6.0	0.0	0.0	0.0
mitochondrial_disease	55572	ncbi_gene	FOXRED1	1	2.0	gtr_mitochondrial_gene_summary	silver	clinical_utilization	silver	clinical_utilization	adapter_gene_id_resolved	14.0	1.0	16.0	29.0	0.0	0.0	0.0
mitochondrial_disease	2357	ncbi_gene	FPR1	1	2.0	gtr_mitochondrial_gene_summary	silver	clinical_utilization	silver	clinical_utilization	adapter_gene_id_resolved	2.0	0.0	3.0	0.0	0.0	0.0	0.0
mitochondrial_disease	80144	ncbi_gene	FRAS1	1	2.0	gtr_mitochondrial_gene_summary	silver	clinical_utilization	silver	clinical_utilization	adapter_gene_id_resolved	0.0	0.0	0.0	8.0	0.0	0.0	0.0
mitochondrial_disease	341640	ncbi_gene	FREM2	1	2.0	gtr_mitochondrial_gene_summary	silver	clinical_utilization	silver	clinical_utilization	adapter_gene_id_resolved	0.0	0.0	0.0	8.0	0.0	0.0	0.0
mitochondrial_disease	9758	ncbi_gene	FRMPD4	1	2.0	gtr_mitochondrial_gene_summary	silver	clinical_utilization	silver	clinical_utilization	adapter_gene_id_resolved	0.0	0.0	0.0	1.0	0.0	0.0	0.0
mitochondrial_disease	23732	ncbi_gene	FRRS1L	1	2.0	gtr_mitochondrial_gene_summary	silver	clinical_utilization	silver	clinical_utilization	adapter_gene_id_resolved	0.0	0.0	0.0	1.0	0.0	0.0	0.0
mitochondrial_disease	2495	ncbi_gene	FTH1	1	2.0	gtr_mitochondrial_gene_summary	silver	clinical_utilization	silver	clinical_utilization	adapter_gene_id_resolved	0.0	0.0	0.0	1.0	0.0	0.0	0.0
mitochondrial_disease	2512	ncbi_gene	FTL	1	2.0	gtr_mitochondrial_gene_summary	silver	clinical_utilization	silver	clinical_utilization	adapter_gene_id_resolved	0.0	1.0	3.0	3.0	0.0	0.0	0.0
mitochondrial_disease	79068	ncbi_gene	FTO	1	2.0	gtr_mitochondrial_gene_summary	silver	clinical_utilization	silver	clinical_utilization	adapter_gene_id_resolved	0.0	0.0	0.0	1.0	0.0	0.0	0.0
mitochondrial_disease	24140	ncbi_gene	FTSJ1	1	2.0	gtr_mitochondrial_gene_summary	silver	clinical_utilization	silver	clinical_utilization	adapter_gene_id_resolved	0.0	0.0	1.0	3.0	0.0	0.0	0.0
mitochondrial_disease	2517	ncbi_gene	FUCA1	1	2.0	gtr_mitochondrial_gene_summary	silver	clinical_utilization	silver	clinical_utilization	adapter_gene_id_resolved	0.0	0.0	0.0	15.0	0.0	0.0	0.0
mitochondrial_disease	2521	ncbi_gene	FUS	1	2.0	gtr_mitochondrial_gene_summary	silver	clinical_utilization	silver	clinical_utilization	adapter_gene_id_resolved	0.0	0.0	0.0	1.0	0.0	0.0	0.0
mitochondrial_disease	2395	ncbi_gene	FXN	1	2.0	gtr_mitochondrial_gene_summary	silver	clinical_utilization	silver	clinical_utilization	adapter_gene_id_resolved	0.0	0.0	0.0	5.0	0.0	0.0	0.0
mitochondrial_disease	8087	ncbi_gene	FXR1	1	2.0	gtr_mitochondrial_gene_summary	silver	clinical_utilization	silver	clinical_utilization	adapter_gene_id_resolved	0.0	1.0	0.0	0.0	0.0	0.0	0.0
mitochondrial_disease	486	ncbi_gene	FXYD2	1	2.0	gtr_mitochondrial_gene_summary	silver	clinical_utilization	silver	clinical_utilization	adapter_gene_id_resolved	0.0	0.0	0.0	2.0	0.0	0.0	0.0
mitochondrial_disease	79443	ncbi_gene	FYCO1	1	2.0	gtr_mitochondrial_gene_summary	silver	clinical_utilization	silver	clinical_utilization	adapter_gene_id_resolved	0.0	0.0	1.0	0.0	0.0	0.0	0.0
mitochondrial_disease	2538	ncbi_gene	G6PC1	1	2.0	gtr_mitochondrial_gene_summary	silver	clinical_utilization	silver	clinical_utilization	adapter_gene_id_resolved	0.0	0.0	0.0	14.0	0.0	0.0	0.0
mitochondrial_disease	92579	ncbi_gene	G6PC3	1	2.0	gtr_mitochondrial_gene_summary	silver	clinical_utilization	silver	clinical_utilization	adapter_gene_id_resolved	0.0	0.0	2.0	0.0	0.0	0.0	0.0
mitochondrial_disease	2548	ncbi_gene	GAA	1	2.0	gtr_mitochondrial_gene_summary	silver	clinical_utilization	silver	clinical_utilization	adapter_gene_id_resolved	0.0	0.0	1.0	14.0	0.0	0.0	0.0
mitochondrial_disease	9568	ncbi_gene	GABBR2	1	2.0	gtr_mitochondrial_gene_summary	silver	clinical_utilization	silver	clinical_utilization	adapter_gene_id_resolved	0.0	0.0	0.0	1.0	0.0	0.0	0.0
mitochondrial_disease	2554	ncbi_gene	GABRA1	1	2.0	gtr_mitochondrial_gene_summary	silver	clinical_utilization	silver	clinical_utilization	adapter_gene_id_resolved	0.0	2.0	3.0	4.0	0.0	0.0	0.0
mitochondrial_disease	2560	ncbi_gene	GABRB1	1	2.0	gtr_mitochondrial_gene_summary	silver	clinical_utilization	silver	clinical_utilization	adapter_gene_id_resolved	0.0	0.0	0.0	1.0	0.0	0.0	0.0
mitochondrial_disease	2562	ncbi_gene	GABRB3	1	2.0	gtr_mitochondrial_gene_summary	silver	clinical_utilization	silver	clinical_utilization	adapter_gene_id_resolved	0.0	0.0	1.0	1.0	0.0	0.0	0.0
mitochondrial_disease	2563	ncbi_gene	GABRD	1	2.0	gtr_mitochondrial_gene_summary	silver	clinical_utilization	silver	clinical_utilization	adapter_gene_id_resolved	1.0	1.0	2.0	4.0	0.0	0.0	0.0
mitochondrial_disease	2566	ncbi_gene	GABRG2	1	2.0	gtr_mitochondrial_gene_summary	silver	clinical_utilization	silver	clinical_utilization	adapter_gene_id_resolved	0.0	0.0	2.0	4.0	0.0	0.0	0.0
mitochondrial_disease	2571	ncbi_gene	GAD1	1	2.0	gtr_mitochondrial_gene_summary	silver	clinical_utilization	silver	clinical_utilization	adapter_gene_id_resolved	0.0	0.0	0.0	2.0	0.0	0.0	0.0
mitochondrial_disease	51083	ncbi_gene	GAL	1	2.0	gtr_mitochondrial_gene_summary	silver	clinical_utilization	silver	clinical_utilization	adapter_gene_id_resolved	0.0	0.0	0.0	1.0	0.0	0.0	0.0
mitochondrial_disease	2581	ncbi_gene	GALC	1	2.0	gtr_mitochondrial_gene_summary	silver	clinical_utilization	silver	clinical_utilization	adapter_gene_id_resolved	0.0	0.0	3.0	14.0	0.0	0.0	0.0
mitochondrial_disease	2582	ncbi_gene	GALE	1	2.0	gtr_mitochondrial_gene_summary	silver	clinical_utilization	silver	clinical_utilization	adapter_gene_id_resolved	0.0	0.0	0.0	8.0	0.0	0.0	0.0
mitochondrial_disease	2584	ncbi_gene	GALK1	1	2.0	gtr_mitochondrial_gene_summary	silver	clinical_utilization	silver	clinical_utilization	adapter_gene_id_resolved	0.0	0.0	1.0	9.0	0.0	0.0	0.0
mitochondrial_disease	2588	ncbi_gene	GALNS	1	2.0	gtr_mitochondrial_gene_summary	silver	clinical_utilization	silver	clinical_utilization	adapter_gene_id_resolved	0.0	0.0	0.0	12.0	0.0	0.0	0.0
mitochondrial_disease	2592	ncbi_gene	GALT	1	2.0	gtr_mitochondrial_gene_summary	silver	clinical_utilization	silver	clinical_utilization	adapter_gene_id_resolved	0.0	0.0	0.0	11.0	0.0	0.0	0.0
mitochondrial_disease	2593	ncbi_gene	GAMT	1	2.0	gtr_mitochondrial_gene_summary	silver	clinical_utilization	silver	clinical_utilization	adapter_gene_id_resolved	0.0	1.0	2.0	16.0	0.0	0.0	0.0
mitochondrial_disease	8139	ncbi_gene	GAN	1	2.0	gtr_mitochondrial_gene_summary	silver	clinical_utilization	silver	clinical_utilization	adapter_gene_id_resolved	0.0	0.0	0.0	3.0	0.0	0.0	0.0
mitochondrial_disease	2617	ncbi_gene	GARS1	1	2.0	gtr_mitochondrial_gene_summary	silver	clinical_utilization	silver	clinical_utilization	adapter_gene_id_resolved	0.0	0.0	1.0	6.0	0.0	0.0	0.0
mitochondrial_disease	2619	ncbi_gene	GAS1	1	2.0	gtr_mitochondrial_gene_summary	silver	clinical_utilization	silver	clinical_utilization	adapter_gene_id_resolved	0.0	1.0	0.0	0.0	0.0	0.0	0.0
mitochondrial_disease	8522	ncbi_gene	GAS7	1	2.0	gtr_mitochondrial_gene_summary	silver	clinical_utilization	silver	clinical_utilization	adapter_gene_id_resolved	0.0	0.0	0.0	1.0	0.0	0.0	0.0
mitochondrial_disease	2623	ncbi_gene	GATA1	1	2.0	gtr_mitochondrial_gene_summary	silver	clinical_utilization	silver	clinical_utilization	adapter_gene_id_resolved	0.0	0.0	2.0	0.0	0.0	0.0	0.0
mitochondrial_disease	2624	ncbi_gene	GATA2	1	2.0	gtr_mitochondrial_gene_summary	silver	clinical_utilization	silver	clinical_utilization	adapter_gene_id_resolved	0.0	0.0	4.0	0.0	0.0	0.0	0.0
mitochondrial_disease	2625	ncbi_gene	GATA3	1	2.0	gtr_mitochondrial_gene_summary	silver	clinical_utilization	silver	clinical_utilization	adapter_gene_id_resolved	0.0	0.0	1.0	1.0	0.0	0.0	0.0
mitochondrial_disease	2626	ncbi_gene	GATA4	1	2.0	gtr_mitochondrial_gene_summary	silver	clinical_utilization	silver	clinical_utilization	adapter_gene_id_resolved	0.0	0.0	0.0	2.0	0.0	0.0	0.0
mitochondrial_disease	2627	ncbi_gene	GATA6	1	2.0	gtr_mitochondrial_gene_summary	silver	clinical_utilization	silver	clinical_utilization	adapter_gene_id_resolved	0.0	0.0	0.0	2.0	0.0	0.0	0.0
mitochondrial_disease	57798	ncbi_gene	GATAD1	1	2.0	gtr_mitochondrial_gene_summary	silver	clinical_utilization	silver	clinical_utilization	adapter_gene_id_resolved	0.0	0.0	2.0	0.0	0.0	0.0	0.0
mitochondrial_disease	57459	ncbi_gene	GATAD2B	1	2.0	gtr_mitochondrial_gene_summary	silver	clinical_utilization	silver	clinical_utilization	adapter_gene_id_resolved	0.0	0.0	0.0	2.0	0.0	0.0	0.0
mitochondrial_disease	5188	ncbi_gene	GATB	1	2.0	gtr_mitochondrial_gene_summary	silver	clinical_utilization	silver	clinical_utilization	adapter_gene_id_resolved	2.0	0.0	1.0	2.0	0.0	0.0	0.0
mitochondrial_disease	283459	ncbi_gene	GATC	1	2.0	gtr_mitochondrial_gene_summary	silver	clinical_utilization	silver	clinical_utilization	adapter_gene_id_resolved	1.0	0.0	0.0	2.0	0.0	0.0	0.0
mitochondrial_disease	2628	ncbi_gene	GATM	1	2.0	gtr_mitochondrial_gene_summary	silver	clinical_utilization	silver	clinical_utilization	adapter_gene_id_resolved	0.0	0.0	1.0	10.0	0.0	0.0	0.0
mitochondrial_disease	2629	ncbi_gene	GBA1	1	2.0	gtr_mitochondrial_gene_summary	silver	clinical_utilization	silver	clinical_utilization	adapter_gene_id_resolved	0.0	0.0	1.0	17.0	0.0	0.0	0.0
mitochondrial_disease	57704	ncbi_gene	GBA2	1	2.0	gtr_mitochondrial_gene_summary	silver	clinical_utilization	silver	clinical_utilization	adapter_gene_id_resolved	0.0	0.0	0.0	3.0	0.0	0.0	0.0
mitochondrial_disease	2632	ncbi_gene	GBE1	1	2.0	gtr_mitochondrial_gene_summary	silver	clinical_utilization	silver	clinical_utilization	adapter_gene_id_resolved	0.0	1.0	0.0	16.0	0.0	0.0	0.0
mitochondrial_disease	2639	ncbi_gene	GCDH	1	2.0	gtr_mitochondrial_gene_summary	silver	clinical_utilization	silver	clinical_utilization	adapter_gene_id_resolved	0.0	0.0	0.0	17.0	0.0	0.0	0.0
mitochondrial_disease	2642	ncbi_gene	GCGR	1	2.0	gtr_mitochondrial_gene_summary	silver	clinical_utilization	silver	clinical_utilization	adapter_gene_id_resolved	0.0	1.0	0.0	0.0	0.0	0.0	0.0
mitochondrial_disease	2643	ncbi_gene	GCH1	1	2.0	gtr_mitochondrial_gene_summary	silver	clinical_utilization	silver	clinical_utilization	adapter_gene_id_resolved	0.0	1.0	1.0	4.0	0.0	0.0	0.0
mitochondrial_disease	2645	ncbi_gene	GCK	1	2.0	gtr_mitochondrial_gene_summary	silver	clinical_utilization	silver	clinical_utilization	adapter_gene_id_resolved	0.0	0.0	0.0	3.0	0.0	0.0	0.0
mitochondrial_disease	9247	ncbi_gene	GCM2	1	2.0	gtr_mitochondrial_gene_summary	silver	clinical_utilization	silver	clinical_utilization	adapter_gene_id_resolved	0.0	0.0	0.0	1.0	0.0	0.0	0.0
mitochondrial_disease	2651	ncbi_gene	GCNT2	1	2.0	gtr_mitochondrial_gene_summary	silver	clinical_utilization	silver	clinical_utilization	adapter_gene_id_resolved	0.0	0.0	1.0	0.0	0.0	0.0	0.0
mitochondrial_disease	2653	ncbi_gene	GCSH	1	2.0	gtr_mitochondrial_gene_summary	silver	clinical_utilization	silver	clinical_utilization	adapter_gene_id_resolved	0.0	1.0	1.0	4.0	0.0	0.0	0.0
mitochondrial_disease	54332	ncbi_gene	GDAP1	1	2.0	gtr_mitochondrial_gene_summary	silver	clinical_utilization	silver	clinical_utilization	adapter_gene_id_resolved	0.0	0.0	0.0	5.0	0.0	0.0	0.0
mitochondrial_disease	2657	ncbi_gene	GDF1	1	2.0	gtr_mitochondrial_gene_summary	silver	clinical_utilization	silver	clinical_utilization	adapter_gene_id_resolved	0.0	0.0	0.0	2.0	0.0	0.0	0.0
mitochondrial_disease	392255	ncbi_gene	GDF6	1	2.0	gtr_mitochondrial_gene_summary	silver	clinical_utilization	silver	clinical_utilization	adapter_gene_id_resolved	0.0	1.0	1.0	1.0	0.0	0.0	0.0
mitochondrial_disease	2661	ncbi_gene	GDF9	1	2.0	gtr_mitochondrial_gene_summary	silver	clinical_utilization	silver	clinical_utilization	adapter_gene_id_resolved	1.0	0.0	0.0	1.0	0.0	0.0	0.0
mitochondrial_disease	2664	ncbi_gene	GDI1	1	2.0	gtr_mitochondrial_gene_summary	silver	clinical_utilization	silver	clinical_utilization	adapter_gene_id_resolved	0.0	0.0	1.0	3.0	0.0	0.0	0.0
mitochondrial_disease	439	ncbi_gene	GET3	1	2.0	gtr_mitochondrial_gene_summary	silver	clinical_utilization	silver	clinical_utilization	adapter_gene_id_resolved	0.0	0.0	1.0	0.0	0.0	0.0	0.0
mitochondrial_disease	2670	ncbi_gene	GFAP	1	2.0	gtr_mitochondrial_gene_summary	silver	clinical_utilization	silver	clinical_utilization	adapter_gene_id_resolved	1.0	0.0	4.0	11.0	0.0	0.0	0.0
mitochondrial_disease	2671	ncbi_gene	GFER	1	2.0	gtr_mitochondrial_gene_summary	silver	clinical_utilization	silver	clinical_utilization	adapter_gene_id_resolved	11.0	3.0	13.0	16.0	0.0	0.0	0.0
mitochondrial_disease	2672	ncbi_gene	GFI1	1	2.0	gtr_mitochondrial_gene_summary	silver	clinical_utilization	silver	clinical_utilization	adapter_gene_id_resolved	0.0	0.0	2.0	0.0	0.0	0.0	0.0
mitochondrial_disease	85476	ncbi_gene	GFM1	1	2.0	gtr_mitochondrial_gene_summary	silver	clinical_utilization	silver	clinical_utilization	adapter_gene_id_resolved	12.0	14.0	12.0	27.0	0.0	0.0	0.0
mitochondrial_disease	84340	ncbi_gene	GFM2	1	2.0	gtr_mitochondrial_gene_summary	silver	clinical_utilization	silver	clinical_utilization	adapter_gene_id_resolved	6.0	0.0	5.0	8.0	0.0	0.0	0.0
mitochondrial_disease	2673	ncbi_gene	GFPT1	1	2.0	gtr_mitochondrial_gene_summary	silver	clinical_utilization	silver	clinical_utilization	adapter_gene_id_resolved	0.0	0.0	1.0	7.0	0.0	0.0	0.0
mitochondrial_disease	2690	ncbi_gene	GHR	1	2.0	gtr_mitochondrial_gene_summary	silver	clinical_utilization	silver	clinical_utilization	adapter_gene_id_resolved	0.0	0.0	0.0	1.0	0.0	0.0	0.0
mitochondrial_disease	126326	ncbi_gene	GIPC3	1	2.0	gtr_mitochondrial_gene_summary	silver	clinical_utilization	silver	clinical_utilization	adapter_gene_id_resolved	0.0	0.0	0.0	1.0	0.0	0.0	0.0
mitochondrial_disease	2697	ncbi_gene	GJA1	1	2.0	gtr_mitochondrial_gene_summary	silver	clinical_utilization	silver	clinical_utilization	adapter_gene_id_resolved	0.0	0.0	0.0	2.0	0.0	0.0	0.0
mitochondrial_disease	2700	ncbi_gene	GJA3	1	2.0	gtr_mitochondrial_gene_summary	silver	clinical_utilization	silver	clinical_utilization	adapter_gene_id_resolved	0.0	0.0	1.0	0.0	0.0	0.0	0.0
mitochondrial_disease	2702	ncbi_gene	GJA5	1	2.0	gtr_mitochondrial_gene_summary	silver	clinical_utilization	silver	clinical_utilization	adapter_gene_id_resolved	0.0	0.0	0.0	2.0	0.0	0.0	0.0
mitochondrial_disease	2703	ncbi_gene	GJA8	1	2.0	gtr_mitochondrial_gene_summary	silver	clinical_utilization	silver	clinical_utilization	adapter_gene_id_resolved	0.0	0.0	1.0	0.0	0.0	0.0	0.0
mitochondrial_disease	2705	ncbi_gene	GJB1	1	2.0	gtr_mitochondrial_gene_summary	silver	clinical_utilization	silver	clinical_utilization	adapter_gene_id_resolved	0.0	0.0	0.0	1.0	0.0	0.0	0.0
mitochondrial_disease	2706	ncbi_gene	GJB2	1	2.0	gtr_mitochondrial_gene_summary	silver	clinical_utilization	silver	clinical_utilization	adapter_gene_id_resolved	0.0	0.0	0.0	9.0	0.0	0.0	0.0
mitochondrial_disease	2707	ncbi_gene	GJB3	1	2.0	gtr_mitochondrial_gene_summary	silver	clinical_utilization	silver	clinical_utilization	adapter_gene_id_resolved	0.0	0.0	0.0	1.0	0.0	0.0	0.0
mitochondrial_disease	10804	ncbi_gene	GJB6	1	2.0	gtr_mitochondrial_gene_summary	silver	clinical_utilization	silver	clinical_utilization	adapter_gene_id_resolved	0.0	0.0	0.0	1.0	0.0	0.0	0.0
mitochondrial_disease	57165	ncbi_gene	GJC2	1	2.0	gtr_mitochondrial_gene_summary	silver	clinical_utilization	silver	clinical_utilization	adapter_gene_id_resolved	0.0	0.0	2.0	6.0	0.0	0.0	0.0
mitochondrial_disease	2710	ncbi_gene	GK	1	2.0	gtr_mitochondrial_gene_summary	silver	clinical_utilization	silver	clinical_utilization	adapter_gene_id_resolved	0.0	0.0	1.0	5.0	0.0	0.0	0.0
mitochondrial_disease	2717	ncbi_gene	GLA	1	2.0	gtr_mitochondrial_gene_summary	silver	clinical_utilization	silver	clinical_utilization	adapter_gene_id_resolved	0.0	1.0	2.0	12.0	0.0	0.0	0.0
mitochondrial_disease	2720	ncbi_gene	GLB1	1	2.0	gtr_mitochondrial_gene_summary	silver	clinical_utilization	silver	clinical_utilization	adapter_gene_id_resolved	0.0	0.0	0.0	16.0	0.0	0.0	0.0
mitochondrial_disease	2731	ncbi_gene	GLDC	1	2.0	gtr_mitochondrial_gene_summary	silver	clinical_utilization	silver	clinical_utilization	adapter_gene_id_resolved	0.0	1.0	3.0	15.0	0.0	0.0	0.0
mitochondrial_disease	2733	ncbi_gene	GLE1	1	2.0	gtr_mitochondrial_gene_summary	silver	clinical_utilization	silver	clinical_utilization	adapter_gene_id_resolved	0.0	0.0	0.0	6.0	0.0	0.0	0.0
mitochondrial_disease	2736	ncbi_gene	GLI2	1	2.0	gtr_mitochondrial_gene_summary	silver	clinical_utilization	silver	clinical_utilization	adapter_gene_id_resolved	0.0	0.0	0.0	1.0	0.0	0.0	0.0
mitochondrial_disease	2737	ncbi_gene	GLI3	1	2.0	gtr_mitochondrial_gene_summary	silver	clinical_utilization	silver	clinical_utilization	adapter_gene_id_resolved	0.0	0.0	0.0	2.0	0.0	0.0	0.0
mitochondrial_disease	2741	ncbi_gene	GLRA1	1	2.0	gtr_mitochondrial_gene_summary	silver	clinical_utilization	silver	clinical_utilization	adapter_gene_id_resolved	0.0	0.0	0.0	2.0	0.0	0.0	0.0
mitochondrial_disease	2743	ncbi_gene	GLRB	1	2.0	gtr_mitochondrial_gene_summary	silver	clinical_utilization	silver	clinical_utilization	adapter_gene_id_resolved	0.0	0.0	0.0	1.0	0.0	0.0	0.0
mitochondrial_disease	51218	ncbi_gene	GLRX5	1	2.0	gtr_mitochondrial_gene_summary	silver	clinical_utilization	silver	clinical_utilization	adapter_gene_id_resolved	0.0	0.0	0.0	2.0	0.0	0.0	0.0
mitochondrial_disease	2746	ncbi_gene	GLUD1	1	2.0	gtr_mitochondrial_gene_summary	silver	clinical_utilization	silver	clinical_utilization	adapter_gene_id_resolved	0.0	0.0	0.0	3.0	0.0	0.0	0.0
mitochondrial_disease	2752	ncbi_gene	GLUL	1	2.0	gtr_mitochondrial_gene_summary	silver	clinical_utilization	silver	clinical_utilization	adapter_gene_id_resolved	0.0	0.0	0.0	2.0	0.0	0.0	0.0
mitochondrial_disease	132158	ncbi_gene	GLYCTK	1	2.0	gtr_mitochondrial_gene_summary	silver	clinical_utilization	silver	clinical_utilization	adapter_gene_id_resolved	0.0	0.0	0.0	4.0	0.0	0.0	0.0
mitochondrial_disease	2760	ncbi_gene	GM2A	1	2.0	gtr_mitochondrial_gene_summary	silver	clinical_utilization	silver	clinical_utilization	adapter_gene_id_resolved	0.0	0.0	0.0	2.0	0.0	0.0	0.0
mitochondrial_disease	2762	ncbi_gene	GMDS	1	2.0	gtr_mitochondrial_gene_summary	silver	clinical_utilization	silver	clinical_utilization	adapter_gene_id_resolved	0.0	0.0	0.0	1.0	0.0	0.0	0.0
mitochondrial_disease	51053	ncbi_gene	GMNN	1	2.0	gtr_mitochondrial_gene_summary	silver	clinical_utilization	silver	clinical_utilization	adapter_gene_id_resolved	0.0	0.0	0.0	1.0	0.0	0.0	0.0
mitochondrial_disease	29926	ncbi_gene	GMPPA	1	2.0	gtr_mitochondrial_gene_summary	silver	clinical_utilization	silver	clinical_utilization	adapter_gene_id_resolved	0.0	0.0	0.0	2.0	0.0	0.0	0.0
mitochondrial_disease	29925	ncbi_gene	GMPPB	1	2.0	gtr_mitochondrial_gene_summary	silver	clinical_utilization	silver	clinical_utilization	adapter_gene_id_resolved	2.0	1.0	3.0	4.0	0.0	0.0	0.0
mitochondrial_disease	2773	ncbi_gene	GNAI3	1	2.0	gtr_mitochondrial_gene_summary	silver	clinical_utilization	silver	clinical_utilization	adapter_gene_id_resolved	0.0	0.0	1.0	0.0	0.0	0.0	0.0
mitochondrial_disease	2774	ncbi_gene	GNAL	1	2.0	gtr_mitochondrial_gene_summary	silver	clinical_utilization	silver	clinical_utilization	adapter_gene_id_resolved	0.0	0.0	0.0	1.0	0.0	0.0	0.0
mitochondrial_disease	2775	ncbi_gene	GNAO1	1	2.0	gtr_mitochondrial_gene_summary	silver	clinical_utilization	silver	clinical_utilization	adapter_gene_id_resolved	0.0	0.0	0.0	1.0	0.0	0.0	0.0
mitochondrial_disease	2776	ncbi_gene	GNAQ	1	2.0	gtr_mitochondrial_gene_summary	silver	clinical_utilization	silver	clinical_utilization	adapter_gene_id_resolved	0.0	0.0	0.0	3.0	0.0	0.0	0.0
mitochondrial_disease	2778	ncbi_gene	GNAS	1	2.0	gtr_mitochondrial_gene_summary	silver	clinical_utilization	silver	clinical_utilization	adapter_gene_id_resolved	0.0	0.0	0.0	3.0	0.0	0.0	0.0
mitochondrial_disease	2782	ncbi_gene	GNB1	1	2.0	gtr_mitochondrial_gene_summary	silver	clinical_utilization	silver	clinical_utilization	adapter_gene_id_resolved	0.0	0.0	0.0	1.0	0.0	0.0	0.0
mitochondrial_disease	10020	ncbi_gene	GNE	1	2.0	gtr_mitochondrial_gene_summary	silver	clinical_utilization	silver	clinical_utilization	adapter_gene_id_resolved	0.0	0.0	2.0	8.0	0.0	0.0	0.0
mitochondrial_disease	27232	ncbi_gene	GNMT	1	2.0	gtr_mitochondrial_gene_summary	silver	clinical_utilization	silver	clinical_utilization	adapter_gene_id_resolved	0.0	0.0	0.0	1.0	0.0	0.0	0.0
mitochondrial_disease	8443	ncbi_gene	GNPAT	1	2.0	gtr_mitochondrial_gene_summary	silver	clinical_utilization	silver	clinical_utilization	adapter_gene_id_resolved	0.0	0.0	1.0	8.0	0.0	0.0	0.0
mitochondrial_disease	79158	ncbi_gene	GNPTAB	1	2.0	gtr_mitochondrial_gene_summary	silver	clinical_utilization	silver	clinical_utilization	adapter_gene_id_resolved	0.0	0.0	0.0	13.0	0.0	0.0	0.0
mitochondrial_disease	84572	ncbi_gene	GNPTG	1	2.0	gtr_mitochondrial_gene_summary	silver	clinical_utilization	silver	clinical_utilization	adapter_gene_id_resolved	0.0	0.0	0.0	9.0	0.0	0.0	0.0
mitochondrial_disease	2799	ncbi_gene	GNS	1	2.0	gtr_mitochondrial_gene_summary	silver	clinical_utilization	silver	clinical_utilization	adapter_gene_id_resolved	0.0	0.0	0.0	12.0	0.0	0.0	0.0
mitochondrial_disease	9570	ncbi_gene	GOSR2	1	2.0	gtr_mitochondrial_gene_summary	silver	clinical_utilization	silver	clinical_utilization	adapter_gene_id_resolved	0.0	0.0	3.0	5.0	0.0	0.0	0.0
mitochondrial_disease	2806	ncbi_gene	GOT2	1	2.0	gtr_mitochondrial_gene_summary	silver	clinical_utilization	silver	clinical_utilization	adapter_gene_id_resolved	3.0	3.0	1.0	2.0	0.0	0.0	0.0
mitochondrial_disease	2719	ncbi_gene	GPC3	1	2.0	gtr_mitochondrial_gene_summary	silver	clinical_utilization	silver	clinical_utilization	adapter_gene_id_resolved	0.0	1.0	3.0	5.0	0.0	0.0	0.0
mitochondrial_disease	23171	ncbi_gene	GPD1L	1	2.0	gtr_mitochondrial_gene_summary	silver	clinical_utilization	silver	clinical_utilization	adapter_gene_id_resolved	0.0	0.0	1.0	2.0	0.0	0.0	0.0
mitochondrial_disease	10243	ncbi_gene	GPHN	1	2.0	gtr_mitochondrial_gene_summary	silver	clinical_utilization	silver	clinical_utilization	adapter_gene_id_resolved	0.0	0.0	2.0	11.0	0.0	0.0	0.0
mitochondrial_disease	26996	ncbi_gene	GPR160	1	2.0	gtr_mitochondrial_gene_summary	silver	clinical_utilization	silver	clinical_utilization	adapter_gene_id_resolved	0.0	0.0	0.0	1.0	0.0	0.0	0.0
mitochondrial_disease	11250	ncbi_gene	GPR45	1	2.0	gtr_mitochondrial_gene_summary	silver	clinical_utilization	silver	clinical_utilization	adapter_gene_id_resolved	0.0	0.0	0.0	1.0	0.0	0.0	0.0
mitochondrial_disease	29899	ncbi_gene	GPSM2	1	2.0	gtr_mitochondrial_gene_summary	silver	clinical_utilization	silver	clinical_utilization	adapter_gene_id_resolved	0.0	0.0	0.0	3.0	0.0	0.0	0.0
mitochondrial_disease	84706	ncbi_gene	GPT2	1	2.0	gtr_mitochondrial_gene_summary	silver	clinical_utilization	silver	clinical_utilization	adapter_gene_id_resolved	0.0	0.0	0.0	2.0	0.0	0.0	0.0
mitochondrial_disease	2879	ncbi_gene	GPX4	1	2.0	gtr_mitochondrial_gene_summary	silver	clinical_utilization	silver	clinical_utilization	adapter_gene_id_resolved	0.0	0.0	0.0	1.0	0.0	0.0	0.0
mitochondrial_disease	2887	ncbi_gene	GRB10	1	2.0	gtr_mitochondrial_gene_summary	silver	clinical_utilization	silver	clinical_utilization	adapter_gene_id_resolved	0.0	0.0	1.0	0.0	0.0	0.0	0.0
mitochondrial_disease	26585	ncbi_gene	GREM1	1	2.0	gtr_mitochondrial_gene_summary	silver	clinical_utilization	silver	clinical_utilization	adapter_gene_id_resolved	1.0	2.0	2.0	0.0	0.0	0.0	0.0
mitochondrial_disease	79977	ncbi_gene	GRHL2	1	2.0	gtr_mitochondrial_gene_summary	silver	clinical_utilization	silver	clinical_utilization	adapter_gene_id_resolved	0.0	0.0	0.0	1.0	0.0	0.0	0.0
mitochondrial_disease	9380	ncbi_gene	GRHPR	1	2.0	gtr_mitochondrial_gene_summary	silver	clinical_utilization	silver	clinical_utilization	adapter_gene_id_resolved	0.0	0.0	0.0	9.0	0.0	0.0	0.0
mitochondrial_disease	2892	ncbi_gene	GRIA3	1	2.0	gtr_mitochondrial_gene_summary	silver	clinical_utilization	silver	clinical_utilization	adapter_gene_id_resolved	0.0	0.0	1.0	4.0	0.0	0.0	0.0
mitochondrial_disease	2895	ncbi_gene	GRID2	1	2.0	gtr_mitochondrial_gene_summary	silver	clinical_utilization	silver	clinical_utilization	adapter_gene_id_resolved	0.0	0.0	0.0	3.0	0.0	0.0	0.0
mitochondrial_disease	2898	ncbi_gene	GRIK2	1	2.0	gtr_mitochondrial_gene_summary	silver	clinical_utilization	silver	clinical_utilization	adapter_gene_id_resolved	0.0	0.0	0.0	3.0	0.0	0.0	0.0
mitochondrial_disease	2902	ncbi_gene	GRIN1	1	2.0	gtr_mitochondrial_gene_summary	silver	clinical_utilization	silver	clinical_utilization	adapter_gene_id_resolved	0.0	0.0	0.0	4.0	0.0	0.0	0.0
mitochondrial_disease	2903	ncbi_gene	GRIN2A	1	2.0	gtr_mitochondrial_gene_summary	silver	clinical_utilization	silver	clinical_utilization	adapter_gene_id_resolved	0.0	0.0	2.0	7.0	0.0	0.0	0.0
mitochondrial_disease	2904	ncbi_gene	GRIN2B	1	2.0	gtr_mitochondrial_gene_summary	silver	clinical_utilization	silver	clinical_utilization	adapter_gene_id_resolved	0.0	0.0	1.0	4.0	0.0	0.0	0.0
mitochondrial_disease	2906	ncbi_gene	GRIN2D	1	2.0	gtr_mitochondrial_gene_summary	silver	clinical_utilization	silver	clinical_utilization	adapter_gene_id_resolved	0.0	0.0	0.0	1.0	0.0	0.0	0.0
mitochondrial_disease	23426	ncbi_gene	GRIP1	1	2.0	gtr_mitochondrial_gene_summary	silver	clinical_utilization	silver	clinical_utilization	adapter_gene_id_resolved	0.0	0.0	0.0	9.0	0.0	0.0	0.0
mitochondrial_disease	2911	ncbi_gene	GRM1	1	2.0	gtr_mitochondrial_gene_summary	silver	clinical_utilization	silver	clinical_utilization	adapter_gene_id_resolved	0.0	0.0	0.0	2.0	0.0	0.0	0.0
mitochondrial_disease	2896	ncbi_gene	GRN	1	2.0	gtr_mitochondrial_gene_summary	silver	clinical_utilization	silver	clinical_utilization	adapter_gene_id_resolved	0.0	1.0	1.0	2.0	0.0	0.0	0.0
mitochondrial_disease	83743	ncbi_gene	GRWD1	1	2.0	gtr_mitochondrial_gene_summary	silver	clinical_utilization	silver	clinical_utilization	adapter_gene_id_resolved	0.0	0.0	0.0	1.0	0.0	0.0	0.0
mitochondrial_disease	389207	ncbi_gene	GRXCR1	1	2.0	gtr_mitochondrial_gene_summary	silver	clinical_utilization	silver	clinical_utilization	adapter_gene_id_resolved	0.0	1.0	0.0	1.0	0.0	0.0	0.0
mitochondrial_disease	643226	ncbi_gene	GRXCR2	1	2.0	gtr_mitochondrial_gene_summary	silver	clinical_utilization	silver	clinical_utilization	adapter_gene_id_resolved	0.0	0.0	0.0	1.0	0.0	0.0	0.0
mitochondrial_disease	145258	ncbi_gene	GSC	1	2.0	gtr_mitochondrial_gene_summary	silver	clinical_utilization	silver	clinical_utilization	adapter_gene_id_resolved	0.0	0.0	0.0	1.0	0.0	0.0	0.0
mitochondrial_disease	1687	ncbi_gene	GSDME	1	2.0	gtr_mitochondrial_gene_summary	silver	clinical_utilization	silver	clinical_utilization	adapter_gene_id_resolved	0.0	0.0	0.0	1.0	0.0	0.0	0.0
mitochondrial_disease	2937	ncbi_gene	GSS	1	2.0	gtr_mitochondrial_gene_summary	silver	clinical_utilization	silver	clinical_utilization	adapter_gene_id_resolved	0.0	0.0	0.0	9.0	0.0	0.0	0.0
mitochondrial_disease	2961	ncbi_gene	GTF2E2	1	2.0	gtr_mitochondrial_gene_summary	silver	clinical_utilization	silver	clinical_utilization	adapter_gene_id_resolved	0.0	0.0	0.0	1.0	0.0	0.0	0.0
mitochondrial_disease	54676	ncbi_gene	GTPBP2	1	2.0	gtr_mitochondrial_gene_summary	silver	clinical_utilization	silver	clinical_utilization	adapter_gene_id_resolved	0.0	0.0	0.0	1.0	0.0	0.0	0.0
mitochondrial_disease	84705	ncbi_gene	GTPBP3	1	2.0	gtr_mitochondrial_gene_summary	silver	clinical_utilization	silver	clinical_utilization	adapter_gene_id_resolved	5.0	1.0	7.0	10.0	0.0	0.0	0.0
mitochondrial_disease	2982	ncbi_gene	GUCY1A1	1	2.0	gtr_mitochondrial_gene_summary	silver	clinical_utilization	silver	clinical_utilization	adapter_gene_id_resolved	0.0	0.0	0.0	1.0	0.0	0.0	0.0
mitochondrial_disease	3000	ncbi_gene	GUCY2D	1	2.0	gtr_mitochondrial_gene_summary	silver	clinical_utilization	silver	clinical_utilization	adapter_gene_id_resolved	0.0	0.0	0.0	1.0	0.0	0.0	0.0
mitochondrial_disease	60558	ncbi_gene	GUF1	1	2.0	gtr_mitochondrial_gene_summary	silver	clinical_utilization	silver	clinical_utilization	adapter_gene_id_resolved	0.0	0.0	0.0	1.0	0.0	0.0	0.0
mitochondrial_disease	2990	ncbi_gene	GUSB	1	2.0	gtr_mitochondrial_gene_summary	silver	clinical_utilization	silver	clinical_utilization	adapter_gene_id_resolved	0.0	0.0	0.0	12.0	0.0	0.0	0.0
mitochondrial_disease	2992	ncbi_gene	GYG1	1	2.0	gtr_mitochondrial_gene_summary	silver	clinical_utilization	silver	clinical_utilization	adapter_gene_id_resolved	0.0	0.0	0.0	2.0	0.0	0.0	0.0
mitochondrial_disease	8908	ncbi_gene	GYG2	1	2.0	gtr_mitochondrial_gene_summary	silver	clinical_utilization	silver	clinical_utilization	adapter_gene_id_resolved	0.0	0.0	0.0	1.0	0.0	0.0	0.0
mitochondrial_disease	2997	ncbi_gene	GYS1	1	2.0	gtr_mitochondrial_gene_summary	silver	clinical_utilization	silver	clinical_utilization	adapter_gene_id_resolved	0.0	0.0	0.0	1.0	0.0	0.0	0.0
mitochondrial_disease	2998	ncbi_gene	GYS2	1	2.0	gtr_mitochondrial_gene_summary	silver	clinical_utilization	silver	clinical_utilization	adapter_gene_id_resolved	0.0	0.0	0.0	2.0	0.0	0.0	0.0
mitochondrial_disease	64412	ncbi_gene	GZF1	1	2.0	gtr_mitochondrial_gene_summary	silver	clinical_utilization	silver	clinical_utilization	adapter_gene_id_resolved	0.0	0.0	0.0	1.0	0.0	0.0	0.0
mitochondrial_disease	283120	ncbi_gene	H19	1	2.0	gtr_mitochondrial_gene_summary	silver	clinical_utilization	silver	clinical_utilization	adapter_gene_id_resolved	0.0	0.0	0.0	1.0	0.0	0.0	0.0
mitochondrial_disease	23498	ncbi_gene	HAAO	1	2.0	gtr_mitochondrial_gene_summary	silver	clinical_utilization	silver	clinical_utilization	adapter_gene_id_resolved	0.0	0.0	0.0	1.0	0.0	0.0	0.0
mitochondrial_disease	9200	ncbi_gene	HACD1	1	2.0	gtr_mitochondrial_gene_summary	silver	clinical_utilization	silver	clinical_utilization	adapter_gene_id_resolved	2.0	0.0	2.0	0.0	0.0	0.0	0.0
mitochondrial_disease	57531	ncbi_gene	HACE1	1	2.0	gtr_mitochondrial_gene_summary	silver	clinical_utilization	silver	clinical_utilization	adapter_gene_id_resolved	0.0	0.0	0.0	3.0	0.0	0.0	0.0
mitochondrial_disease	3033	ncbi_gene	HADH	1	2.0	gtr_mitochondrial_gene_summary	silver	clinical_utilization	silver	clinical_utilization	adapter_gene_id_resolved	0.0	0.0	1.0	7.0	0.0	0.0	0.0
mitochondrial_disease	3030	ncbi_gene	HADHA	1	2.0	gtr_mitochondrial_gene_summary	silver	clinical_utilization	silver	clinical_utilization	adapter_gene_id_resolved	33.0	23.0	11.0	18.0	0.0	0.0	0.0
mitochondrial_disease	3032	ncbi_gene	HADHB	1	2.0	gtr_mitochondrial_gene_summary	silver	clinical_utilization	silver	clinical_utilization	adapter_gene_id_resolved	29.0	21.0	11.0	16.0	0.0	0.0	0.0
mitochondrial_disease	57817	ncbi_gene	HAMP	1	2.0	gtr_mitochondrial_gene_summary	silver	clinical_utilization	silver	clinical_utilization	adapter_gene_id_resolved	0.0	0.0	0.0	8.0	0.0	0.0	0.0
mitochondrial_disease	9421	ncbi_gene	HAND1	1	2.0	gtr_mitochondrial_gene_summary	silver	clinical_utilization	silver	clinical_utilization	adapter_gene_id_resolved	0.0	0.0	0.0	2.0	0.0	0.0	0.0
mitochondrial_disease	23438	ncbi_gene	HARS2	1	2.0	gtr_mitochondrial_gene_summary	silver	clinical_utilization	silver	clinical_utilization	adapter_gene_id_resolved	0.0	1.0	1.0	7.0	0.0	0.0	0.0
mitochondrial_disease	10456	ncbi_gene	HAX1	1	2.0	gtr_mitochondrial_gene_summary	silver	clinical_utilization	silver	clinical_utilization	adapter_gene_id_resolved	0.0	0.0	2.0	7.0	0.0	0.0	0.0
mitochondrial_disease	3039	ncbi_gene	HBA1	1	2.0	gtr_mitochondrial_gene_summary	silver	clinical_utilization	silver	clinical_utilization	adapter_gene_id_resolved	0.0	1.0	0.0	9.0	0.0	0.0	0.0
mitochondrial_disease	3040	ncbi_gene	HBA2	1	2.0	gtr_mitochondrial_gene_summary	silver	clinical_utilization	silver	clinical_utilization	adapter_gene_id_resolved	0.0	1.0	0.0	9.0	0.0	0.0	0.0
mitochondrial_disease	3043	ncbi_gene	HBB	1	2.0	gtr_mitochondrial_gene_summary	silver	clinical_utilization	silver	clinical_utilization	adapter_gene_id_resolved	0.0	0.0	0.0	9.0	0.0	0.0	0.0
mitochondrial_disease	3052	ncbi_gene	HCCS	1	2.0	gtr_mitochondrial_gene_summary	silver	clinical_utilization	silver	clinical_utilization	adapter_gene_id_resolved	0.0	0.0	1.0	5.0	0.0	0.0	0.0
mitochondrial_disease	3054	ncbi_gene	HCFC1	1	2.0	gtr_mitochondrial_gene_summary	silver	clinical_utilization	silver	clinical_utilization	adapter_gene_id_resolved	0.0	0.0	0.0	13.0	0.0	0.0	0.0
mitochondrial_disease	348980	ncbi_gene	HCN1	1	2.0	gtr_mitochondrial_gene_summary	silver	clinical_utilization	silver	clinical_utilization	adapter_gene_id_resolved	0.0	2.0	1.0	6.0	0.0	0.0	0.0
mitochondrial_disease	10021	ncbi_gene	HCN4	1	2.0	gtr_mitochondrial_gene_summary	silver	clinical_utilization	silver	clinical_utilization	adapter_gene_id_resolved	0.0	0.0	1.0	3.0	0.0	0.0	0.0
mitochondrial_disease	55869	ncbi_gene	HDAC8	1	2.0	gtr_mitochondrial_gene_summary	silver	clinical_utilization	silver	clinical_utilization	adapter_gene_id_resolved	0.0	0.0	1.0	3.0	0.0	0.0	0.0
mitochondrial_disease	57520	ncbi_gene	HECW2	1	2.0	gtr_mitochondrial_gene_summary	silver	clinical_utilization	silver	clinical_utilization	adapter_gene_id_resolved	0.0	0.0	0.0	1.0	0.0	0.0	0.0
mitochondrial_disease	3070	ncbi_gene	HELLS	1	2.0	gtr_mitochondrial_gene_summary	silver	clinical_utilization	silver	clinical_utilization	adapter_gene_id_resolved	0.0	0.0	0.0	6.0	0.0	0.0	0.0
mitochondrial_disease	220296	ncbi_gene	HEPACAM	1	2.0	gtr_mitochondrial_gene_summary	silver	clinical_utilization	silver	clinical_utilization	adapter_gene_id_resolved	0.0	0.0	2.0	5.0	0.0	0.0	0.0
mitochondrial_disease	8925	ncbi_gene	HERC1	1	2.0	gtr_mitochondrial_gene_summary	silver	clinical_utilization	silver	clinical_utilization	adapter_gene_id_resolved	0.0	0.0	0.0	1.0	0.0	0.0	0.0
mitochondrial_disease	8924	ncbi_gene	HERC2	1	2.0	gtr_mitochondrial_gene_summary	silver	clinical_utilization	silver	clinical_utilization	adapter_gene_id_resolved	0.0	0.0	0.0	2.0	0.0	0.0	0.0
mitochondrial_disease	3073	ncbi_gene	HEXA	1	2.0	gtr_mitochondrial_gene_summary	silver	clinical_utilization	silver	clinical_utilization	adapter_gene_id_resolved	0.0	0.0	3.0	20.0	0.0	0.0	0.0
mitochondrial_disease	3074	ncbi_gene	HEXB	1	2.0	gtr_mitochondrial_gene_summary	silver	clinical_utilization	silver	clinical_utilization	adapter_gene_id_resolved	0.0	0.0	2.0	16.0	0.0	0.0	0.0
mitochondrial_disease	3077	ncbi_gene	HFE	1	2.0	gtr_mitochondrial_gene_summary	silver	clinical_utilization	silver	clinical_utilization	adapter_gene_id_resolved	0.0	0.0	1.0	2.0	0.0	0.0	0.0
mitochondrial_disease	3081	ncbi_gene	HGD	1	2.0	gtr_mitochondrial_gene_summary	silver	clinical_utilization	silver	clinical_utilization	adapter_gene_id_resolved	0.0	0.0	0.0	1.0	0.0	0.0	0.0
mitochondrial_disease	138050	ncbi_gene	HGSNAT	1	2.0	gtr_mitochondrial_gene_summary	silver	clinical_utilization	silver	clinical_utilization	adapter_gene_id_resolved	0.0	0.0	0.0	13.0	0.0	0.0	0.0
mitochondrial_disease	26275	ncbi_gene	HIBCH	1	2.0	gtr_mitochondrial_gene_summary	silver	clinical_utilization	silver	clinical_utilization	adapter_gene_id_resolved	0.0	0.0	0.0	7.0	0.0	0.0	0.0
mitochondrial_disease	3094	ncbi_gene	HINT1	1	2.0	gtr_mitochondrial_gene_summary	silver	clinical_utilization	silver	clinical_utilization	adapter_gene_id_resolved	0.0	0.0	0.0	6.0	0.0	0.0	0.0
mitochondrial_disease	7290	ncbi_gene	HIRA	1	2.0	gtr_mitochondrial_gene_summary	silver	clinical_utilization	silver	clinical_utilization	adapter_gene_id_resolved	0.0	0.0	1.0	0.0	0.0	0.0	0.0
mitochondrial_disease	3097	ncbi_gene	HIVEP2	1	2.0	gtr_mitochondrial_gene_summary	silver	clinical_utilization	silver	clinical_utilization	adapter_gene_id_resolved	0.0	0.0	0.0	1.0	0.0	0.0	0.0
mitochondrial_disease	148738	ncbi_gene	HJV	1	2.0	gtr_mitochondrial_gene_summary	silver	clinical_utilization	silver	clinical_utilization	adapter_gene_id_resolved	0.0	0.0	0.0	8.0	0.0	0.0	0.0
mitochondrial_disease	3098	ncbi_gene	HK1	1	2.0	gtr_mitochondrial_gene_summary	silver	clinical_utilization	silver	clinical_utilization	adapter_gene_id_resolved	0.0	0.0	0.0	3.0	0.0	0.0	0.0
mitochondrial_disease	3117	ncbi_gene	HLA-DQA1	1	2.0	gtr_mitochondrial_gene_summary	silver	clinical_utilization	silver	clinical_utilization	adapter_gene_id_resolved	0.0	0.0	0.0	1.0	0.0	0.0	0.0
mitochondrial_disease	3119	ncbi_gene	HLA-DQB1	1	2.0	gtr_mitochondrial_gene_summary	silver	clinical_utilization	silver	clinical_utilization	adapter_gene_id_resolved	0.0	0.0	0.0	1.0	0.0	0.0	0.0
mitochondrial_disease	3141	ncbi_gene	HLCS	1	2.0	gtr_mitochondrial_gene_summary	silver	clinical_utilization	silver	clinical_utilization	adapter_gene_id_resolved	0.0	0.0	1.0	12.0	0.0	0.0	0.0
mitochondrial_disease	6596	ncbi_gene	HLTF	1	2.0	gtr_mitochondrial_gene_summary	silver	clinical_utilization	silver	clinical_utilization	adapter_gene_id_resolved	0.0	1.0	0.0	0.0	0.0	0.0	0.0
mitochondrial_disease	3142	ncbi_gene	HLX	1	2.0	gtr_mitochondrial_gene_summary	silver	clinical_utilization	silver	clinical_utilization	adapter_gene_id_resolved	0.0	1.0	0.0	0.0	0.0	0.0	0.0
mitochondrial_disease	3145	ncbi_gene	HMBS	1	2.0	gtr_mitochondrial_gene_summary	silver	clinical_utilization	silver	clinical_utilization	adapter_gene_id_resolved	0.0	0.0	0.0	2.0	0.0	0.0	0.0
mitochondrial_disease	3155	ncbi_gene	HMGCL	1	2.0	gtr_mitochondrial_gene_summary	silver	clinical_utilization	silver	clinical_utilization	adapter_gene_id_resolved	0.0	0.0	0.0	12.0	0.0	0.0	0.0
mitochondrial_disease	3158	ncbi_gene	HMGCS2	1	2.0	gtr_mitochondrial_gene_summary	silver	clinical_utilization	silver	clinical_utilization	adapter_gene_id_resolved	14.0	12.0	6.0	8.0	0.0	0.0	0.0
mitochondrial_disease	6927	ncbi_gene	HNF1A	1	2.0	gtr_mitochondrial_gene_summary	silver	clinical_utilization	silver	clinical_utilization	adapter_gene_id_resolved	0.0	0.0	0.0	1.0	0.0	0.0	0.0
mitochondrial_disease	6928	ncbi_gene	HNF1B	1	2.0	gtr_mitochondrial_gene_summary	silver	clinical_utilization	silver	clinical_utilization	adapter_gene_id_resolved	0.0	0.0	0.0	1.0	0.0	0.0	0.0
mitochondrial_disease	3172	ncbi_gene	HNF4A	1	2.0	gtr_mitochondrial_gene_summary	silver	clinical_utilization	silver	clinical_utilization	adapter_gene_id_resolved	0.0	0.0	0.0	1.0	0.0	0.0	0.0
mitochondrial_disease	3178	ncbi_gene	HNRNPA1	1	2.0	gtr_mitochondrial_gene_summary	silver	clinical_utilization	silver	clinical_utilization	adapter_gene_id_resolved	0.0	0.0	1.0	1.0	0.0	0.0	0.0
mitochondrial_disease	3181	ncbi_gene	HNRNPA2B1	1	2.0	gtr_mitochondrial_gene_summary	silver	clinical_utilization	silver	clinical_utilization	adapter_gene_id_resolved	0.0	0.0	1.0	1.0	0.0	0.0	0.0
mitochondrial_disease	9987	ncbi_gene	HNRNPDL	1	2.0	gtr_mitochondrial_gene_summary	silver	clinical_utilization	silver	clinical_utilization	adapter_gene_id_resolved	0.0	0.0	1.0	3.0	0.0	0.0	0.0
mitochondrial_disease	3188	ncbi_gene	HNRNPH2	1	2.0	gtr_mitochondrial_gene_summary	silver	clinical_utilization	silver	clinical_utilization	adapter_gene_id_resolved	0.0	0.0	0.0	1.0	0.0	0.0	0.0
mitochondrial_disease	3192	ncbi_gene	HNRNPU	1	2.0	gtr_mitochondrial_gene_summary	silver	clinical_utilization	silver	clinical_utilization	adapter_gene_id_resolved	0.0	0.0	1.0	4.0	0.0	0.0	0.0
mitochondrial_disease	112817	ncbi_gene	HOGA1	1	2.0	gtr_mitochondrial_gene_summary	silver	clinical_utilization	silver	clinical_utilization	adapter_gene_id_resolved	0.0	0.0	0.0	9.0	0.0	0.0	0.0
mitochondrial_disease	9455	ncbi_gene	HOMER2	1	2.0	gtr_mitochondrial_gene_summary	silver	clinical_utilization	silver	clinical_utilization	adapter_gene_id_resolved	0.0	0.0	0.0	1.0	0.0	0.0	0.0
mitochondrial_disease	3207	ncbi_gene	HOXA11	1	2.0	gtr_mitochondrial_gene_summary	silver	clinical_utilization	silver	clinical_utilization	adapter_gene_id_resolved	0.0	0.0	1.0	1.0	0.0	0.0	0.0
mitochondrial_disease	3199	ncbi_gene	HOXA2	1	2.0	gtr_mitochondrial_gene_summary	silver	clinical_utilization	silver	clinical_utilization	adapter_gene_id_resolved	0.0	0.0	0.0	1.0	0.0	0.0	0.0
mitochondrial_disease	10481	ncbi_gene	HOXB13	1	2.0	gtr_mitochondrial_gene_summary	silver	clinical_utilization	silver	clinical_utilization	adapter_gene_id_resolved	0.0	0.0	2.0	0.0	0.0	0.0	0.0
mitochondrial_disease	3229	ncbi_gene	HOXC13	1	2.0	gtr_mitochondrial_gene_summary	silver	clinical_utilization	silver	clinical_utilization	adapter_gene_id_resolved	0.0	1.0	0.0	0.0	0.0	0.0	0.0
mitochondrial_disease	3239	ncbi_gene	HOXD13	1	2.0	gtr_mitochondrial_gene_summary	silver	clinical_utilization	silver	clinical_utilization	adapter_gene_id_resolved	0.0	0.0	0.0	2.0	0.0	0.0	0.0
mitochondrial_disease	3208	ncbi_gene	HPCA	1	2.0	gtr_mitochondrial_gene_summary	silver	clinical_utilization	silver	clinical_utilization	adapter_gene_id_resolved	0.0	0.0	0.0	1.0	0.0	0.0	0.0
mitochondrial_disease	3242	ncbi_gene	HPD	1	2.0	gtr_mitochondrial_gene_summary	silver	clinical_utilization	silver	clinical_utilization	adapter_gene_id_resolved	0.0	0.0	0.0	9.0	0.0	0.0	0.0
mitochondrial_disease	3251	ncbi_gene	HPRT1	1	2.0	gtr_mitochondrial_gene_summary	silver	clinical_utilization	silver	clinical_utilization	adapter_gene_id_resolved	0.0	1.0	1.0	5.0	0.0	0.0	0.0
mitochondrial_disease	3257	ncbi_gene	HPS1	1	2.0	gtr_mitochondrial_gene_summary	silver	clinical_utilization	silver	clinical_utilization	adapter_gene_id_resolved	0.0	0.0	1.0	8.0	0.0	0.0	0.0
mitochondrial_disease	84343	ncbi_gene	HPS3	1	2.0	gtr_mitochondrial_gene_summary	silver	clinical_utilization	silver	clinical_utilization	adapter_gene_id_resolved	0.0	0.0	1.0	8.0	0.0	0.0	0.0
mitochondrial_disease	89781	ncbi_gene	HPS4	1	2.0	gtr_mitochondrial_gene_summary	silver	clinical_utilization	silver	clinical_utilization	adapter_gene_id_resolved	0.0	0.0	1.0	6.0	0.0	0.0	0.0
mitochondrial_disease	11234	ncbi_gene	HPS5	1	2.0	gtr_mitochondrial_gene_summary	silver	clinical_utilization	silver	clinical_utilization	adapter_gene_id_resolved	0.0	0.0	1.0	6.0	0.0	0.0	0.0
mitochondrial_disease	79803	ncbi_gene	HPS6	1	2.0	gtr_mitochondrial_gene_summary	silver	clinical_utilization	silver	clinical_utilization	adapter_gene_id_resolved	0.0	0.0	1.0	6.0	0.0	0.0	0.0
mitochondrial_disease	3265	ncbi_gene	HRAS	1	2.0	gtr_mitochondrial_gene_summary	silver	clinical_utilization	silver	clinical_utilization	adapter_gene_id_resolved	0.0	0.0	4.0	7.0	0.0	0.0	0.0
mitochondrial_disease	3028	ncbi_gene	HSD17B10	1	2.0	gtr_mitochondrial_gene_summary	silver	clinical_utilization	silver	clinical_utilization	adapter_gene_id_resolved	26.0	17.0	7.0	19.0	0.0	0.0	0.0
mitochondrial_disease	3293	ncbi_gene	HSD17B3	1	2.0	gtr_mitochondrial_gene_summary	silver	clinical_utilization	silver	clinical_utilization	adapter_gene_id_resolved	0.0	1.0	0.0	0.0	0.0	0.0	0.0
mitochondrial_disease	3295	ncbi_gene	HSD17B4	1	2.0	gtr_mitochondrial_gene_summary	silver	clinical_utilization	silver	clinical_utilization	adapter_gene_id_resolved	0.0	0.0	1.0	13.0	0.0	0.0	0.0
mitochondrial_disease	3284	ncbi_gene	HSD3B2	1	2.0	gtr_mitochondrial_gene_summary	silver	clinical_utilization	silver	clinical_utilization	adapter_gene_id_resolved	0.0	1.0	0.0	8.0	0.0	0.0	0.0
mitochondrial_disease	3299	ncbi_gene	HSF4	1	2.0	gtr_mitochondrial_gene_summary	silver	clinical_utilization	silver	clinical_utilization	adapter_gene_id_resolved	0.0	0.0	1.0	0.0	0.0	0.0	0.0
mitochondrial_disease	3315	ncbi_gene	HSPB1	1	2.0	gtr_mitochondrial_gene_summary	silver	clinical_utilization	silver	clinical_utilization	adapter_gene_id_resolved	0.0	0.0	1.0	1.0	0.0	0.0	0.0
mitochondrial_disease	8988	ncbi_gene	HSPB3	1	2.0	gtr_mitochondrial_gene_summary	silver	clinical_utilization	silver	clinical_utilization	adapter_gene_id_resolved	0.0	0.0	1.0	1.0	0.0	0.0	0.0
mitochondrial_disease	26353	ncbi_gene	HSPB8	1	2.0	gtr_mitochondrial_gene_summary	silver	clinical_utilization	silver	clinical_utilization	adapter_gene_id_resolved	0.0	0.0	1.0	1.0	0.0	0.0	0.0
mitochondrial_disease	3329	ncbi_gene	HSPD1	1	2.0	gtr_mitochondrial_gene_summary	silver	clinical_utilization	silver	clinical_utilization	adapter_gene_id_resolved	13.0	6.0	12.0	15.0	0.0	0.0	0.0
mitochondrial_disease	5654	ncbi_gene	HTRA1	1	2.0	gtr_mitochondrial_gene_summary	silver	clinical_utilization	silver	clinical_utilization	adapter_gene_id_resolved	0.0	0.0	0.0	1.0	0.0	0.0	0.0
mitochondrial_disease	27429	ncbi_gene	HTRA2	1	2.0	gtr_mitochondrial_gene_summary	silver	clinical_utilization	silver	clinical_utilization	adapter_gene_id_resolved	0.0	0.0	1.0	1.0	0.0	0.0	0.0
mitochondrial_disease	10075	ncbi_gene	HUWE1	1	2.0	gtr_mitochondrial_gene_summary	silver	clinical_utilization	silver	clinical_utilization	adapter_gene_id_resolved	0.0	0.0	1.0	3.0	0.0	0.0	0.0
mitochondrial_disease	3373	ncbi_gene	HYAL1	1	2.0	gtr_mitochondrial_gene_summary	silver	clinical_utilization	silver	clinical_utilization	adapter_gene_id_resolved	0.0	0.0	0.0	7.0	0.0	0.0	0.0
mitochondrial_disease	84668	ncbi_gene	HYCC1	1	2.0	gtr_mitochondrial_gene_summary	silver	clinical_utilization	silver	clinical_utilization	adapter_gene_id_resolved	0.0	0.0	2.0	11.0	0.0	0.0	0.0
mitochondrial_disease	219844	ncbi_gene	HYLS1	1	2.0	gtr_mitochondrial_gene_summary	silver	clinical_utilization	silver	clinical_utilization	adapter_gene_id_resolved	0.0	0.0	0.0	8.0	0.0	0.0	0.0
mitochondrial_disease	3376	ncbi_gene	IARS1	1	2.0	gtr_mitochondrial_gene_summary	silver	clinical_utilization	silver	clinical_utilization	adapter_gene_id_resolved	0.0	0.0	0.0	1.0	0.0	0.0	0.0
mitochondrial_disease	55699	ncbi_gene	IARS2	1	2.0	gtr_mitochondrial_gene_summary	silver	clinical_utilization	silver	clinical_utilization	adapter_gene_id_resolved	1.0	1.0	2.0	4.0	0.0	0.0	0.0
mitochondrial_disease	200205	ncbi_gene	IBA57	1	2.0	gtr_mitochondrial_gene_summary	silver	clinical_utilization	silver	clinical_utilization	adapter_gene_id_resolved	7.0	5.0	8.0	18.0	0.0	0.0	0.0
mitochondrial_disease	23308	ncbi_gene	ICOSLG	1	2.0	gtr_mitochondrial_gene_summary	silver	clinical_utilization	silver	clinical_utilization	adapter_gene_id_resolved	0.0	0.0	2.0	0.0	0.0	0.0	0.0
mitochondrial_disease	3417	ncbi_gene	IDH1	1	2.0	gtr_mitochondrial_gene_summary	silver	clinical_utilization	silver	clinical_utilization	adapter_gene_id_resolved	0.0	0.0	0.0	3.0	0.0	0.0	0.0
mitochondrial_disease	3418	ncbi_gene	IDH2	1	2.0	gtr_mitochondrial_gene_summary	silver	clinical_utilization	silver	clinical_utilization	adapter_gene_id_resolved	0.0	0.0	0.0	6.0	0.0	0.0	0.0
mitochondrial_disease	3419	ncbi_gene	IDH3A	1	2.0	gtr_mitochondrial_gene_summary	silver	clinical_utilization	silver	clinical_utilization	adapter_gene_id_resolved	0.0	1.0	0.0	0.0	0.0	0.0	0.0
mitochondrial_disease	3420	ncbi_gene	IDH3B	1	2.0	gtr_mitochondrial_gene_summary	silver	clinical_utilization	silver	clinical_utilization	adapter_gene_id_resolved	0.0	0.0	0.0	1.0	0.0	0.0	0.0
mitochondrial_disease	3423	ncbi_gene	IDS	1	2.0	gtr_mitochondrial_gene_summary	silver	clinical_utilization	silver	clinical_utilization	adapter_gene_id_resolved	0.0	0.0	1.0	15.0	0.0	0.0	0.0
mitochondrial_disease	3425	ncbi_gene	IDUA	1	2.0	gtr_mitochondrial_gene_summary	silver	clinical_utilization	silver	clinical_utilization	adapter_gene_id_resolved	0.0	1.0	1.0	14.0	0.0	0.0	0.0
mitochondrial_disease	51124	ncbi_gene	IER3IP1	1	2.0	gtr_mitochondrial_gene_summary	silver	clinical_utilization	silver	clinical_utilization	adapter_gene_id_resolved	0.0	0.0	0.0	1.0	0.0	0.0	0.0
mitochondrial_disease	64135	ncbi_gene	IFIH1	1	2.0	gtr_mitochondrial_gene_summary	silver	clinical_utilization	silver	clinical_utilization	adapter_gene_id_resolved	0.0	0.0	2.0	2.0	0.0	0.0	0.0
mitochondrial_disease	3454	ncbi_gene	IFNAR1	1	2.0	gtr_mitochondrial_gene_summary	silver	clinical_utilization	silver	clinical_utilization	adapter_gene_id_resolved	0.0	0.0	2.0	0.0	0.0	0.0	0.0
mitochondrial_disease	3458	ncbi_gene	IFNG	1	2.0	gtr_mitochondrial_gene_summary	silver	clinical_utilization	silver	clinical_utilization	adapter_gene_id_resolved	0.0	0.0	0.0	1.0	0.0	0.0	0.0
mitochondrial_disease	3459	ncbi_gene	IFNGR1	1	2.0	gtr_mitochondrial_gene_summary	silver	clinical_utilization	silver	clinical_utilization	adapter_gene_id_resolved	0.0	0.0	1.0	0.0	0.0	0.0	0.0
mitochondrial_disease	3460	ncbi_gene	IFNGR2	1	2.0	gtr_mitochondrial_gene_summary	silver	clinical_utilization	silver	clinical_utilization	adapter_gene_id_resolved	0.0	0.0	1.0	0.0	0.0	0.0	0.0
mitochondrial_disease	9742	ncbi_gene	IFT140	1	2.0	gtr_mitochondrial_gene_summary	silver	clinical_utilization	silver	clinical_utilization	adapter_gene_id_resolved	0.0	0.0	0.0	7.0	0.0	0.0	0.0
mitochondrial_disease	79989	ncbi_gene	IFT56	1	2.0	gtr_mitochondrial_gene_summary	silver	clinical_utilization	silver	clinical_utilization	adapter_gene_id_resolved	0.0	1.0	0.0	0.0	0.0	0.0	0.0
mitochondrial_disease	55081	ncbi_gene	IFT57	1	2.0	gtr_mitochondrial_gene_summary	silver	clinical_utilization	silver	clinical_utilization	adapter_gene_id_resolved	0.0	0.0	1.0	0.0	0.0	0.0	0.0
mitochondrial_disease	8100	ncbi_gene	IFT88	1	2.0	gtr_mitochondrial_gene_summary	silver	clinical_utilization	silver	clinical_utilization	adapter_gene_id_resolved	0.0	0.0	0.0	1.0	0.0	0.0	0.0
mitochondrial_disease	3476	ncbi_gene	IGBP1	1	2.0	gtr_mitochondrial_gene_summary	silver	clinical_utilization	silver	clinical_utilization	adapter_gene_id_resolved	0.0	0.0	1.0	3.0	0.0	0.0	0.0
mitochondrial_disease	3508	ncbi_gene	IGHMBP2	1	2.0	gtr_mitochondrial_gene_summary	silver	clinical_utilization	silver	clinical_utilization	adapter_gene_id_resolved	0.0	0.0	2.0	1.0	0.0	0.0	0.0
mitochondrial_disease	3551	ncbi_gene	IKBKB	1	2.0	gtr_mitochondrial_gene_summary	silver	clinical_utilization	silver	clinical_utilization	adapter_gene_id_resolved	0.0	0.0	0.0	7.0	0.0	0.0	0.0
mitochondrial_disease	8517	ncbi_gene	IKBKG	1	2.0	gtr_mitochondrial_gene_summary	silver	clinical_utilization	silver	clinical_utilization	adapter_gene_id_resolved	0.0	0.0	0.0	3.0	0.0	0.0	0.0
mitochondrial_disease	22807	ncbi_gene	IKZF2	1	2.0	gtr_mitochondrial_gene_summary	silver	clinical_utilization	silver	clinical_utilization	adapter_gene_id_resolved	0.0	0.0	1.0	0.0	0.0	0.0	0.0
mitochondrial_disease	3593	ncbi_gene	IL12B	1	2.0	gtr_mitochondrial_gene_summary	silver	clinical_utilization	silver	clinical_utilization	adapter_gene_id_resolved	0.0	0.0	1.0	0.0	0.0	0.0	0.0
mitochondrial_disease	3594	ncbi_gene	IL12RB1	1	2.0	gtr_mitochondrial_gene_summary	silver	clinical_utilization	silver	clinical_utilization	adapter_gene_id_resolved	0.0	0.0	1.0	0.0	0.0	0.0	0.0
mitochondrial_disease	3595	ncbi_gene	IL12RB2	1	2.0	gtr_mitochondrial_gene_summary	silver	clinical_utilization	silver	clinical_utilization	adapter_gene_id_resolved	0.0	0.0	2.0	0.0	0.0	0.0	0.0
mitochondrial_disease	54756	ncbi_gene	IL17RD	1	2.0	gtr_mitochondrial_gene_summary	silver	clinical_utilization	silver	clinical_utilization	adapter_gene_id_resolved	0.0	0.0	0.0	1.0	0.0	0.0	0.0
mitochondrial_disease	11141	ncbi_gene	IL1RAPL1	1	2.0	gtr_mitochondrial_gene_summary	silver	clinical_utilization	silver	clinical_utilization	adapter_gene_id_resolved	0.0	0.0	1.0	3.0	0.0	0.0	0.0
mitochondrial_disease	3559	ncbi_gene	IL2RA	1	2.0	gtr_mitochondrial_gene_summary	silver	clinical_utilization	silver	clinical_utilization	adapter_gene_id_resolved	0.0	0.0	0.0	7.0	0.0	0.0	0.0
mitochondrial_disease	3561	ncbi_gene	IL2RG	1	2.0	gtr_mitochondrial_gene_summary	silver	clinical_utilization	silver	clinical_utilization	adapter_gene_id_resolved	0.0	0.0	0.0	8.0	0.0	0.0	0.0
mitochondrial_disease	3575	ncbi_gene	IL7R	1	2.0	gtr_mitochondrial_gene_summary	silver	clinical_utilization	silver	clinical_utilization	adapter_gene_id_resolved	0.0	0.0	0.0	7.0	0.0	0.0	0.0
mitochondrial_disease	3611	ncbi_gene	ILK	1	2.0	gtr_mitochondrial_gene_summary	silver	clinical_utilization	silver	clinical_utilization	adapter_gene_id_resolved	0.0	1.0	2.0	0.0	0.0	0.0	0.0
mitochondrial_disease	64423	ncbi_gene	INF2	1	2.0	gtr_mitochondrial_gene_summary	silver	clinical_utilization	silver	clinical_utilization	adapter_gene_id_resolved	0.0	0.0	0.0	2.0	0.0	0.0	0.0
mitochondrial_disease	3633	ncbi_gene	INPP5B	1	2.0	gtr_mitochondrial_gene_summary	silver	clinical_utilization	silver	clinical_utilization	adapter_gene_id_resolved	0.0	0.0	0.0	1.0	0.0	0.0	0.0
mitochondrial_disease	56623	ncbi_gene	INPP5E	1	2.0	gtr_mitochondrial_gene_summary	silver	clinical_utilization	silver	clinical_utilization	adapter_gene_id_resolved	0.0	0.0	0.0	8.0	0.0	0.0	0.0
mitochondrial_disease	3643	ncbi_gene	INSR	1	2.0	gtr_mitochondrial_gene_summary	silver	clinical_utilization	silver	clinical_utilization	adapter_gene_id_resolved	0.0	0.0	0.0	5.0	0.0	0.0	0.0
mitochondrial_disease	79034	ncbi_gene	INTS15	1	2.0	gtr_mitochondrial_gene_summary	silver	clinical_utilization	silver	clinical_utilization	adapter_gene_id_resolved	0.0	0.0	0.0	1.0	0.0	0.0	0.0
mitochondrial_disease	9670	ncbi_gene	IPO13	1	2.0	gtr_mitochondrial_gene_summary	silver	clinical_utilization	silver	clinical_utilization	adapter_gene_id_resolved	0.0	1.0	0.0	0.0	0.0	0.0	0.0
mitochondrial_disease	23096	ncbi_gene	IQSEC2	1	2.0	gtr_mitochondrial_gene_summary	silver	clinical_utilization	silver	clinical_utilization	adapter_gene_id_resolved	0.0	0.0	0.0	4.0	0.0	0.0	0.0
mitochondrial_disease	3661	ncbi_gene	IRF3	1	2.0	gtr_mitochondrial_gene_summary	silver	clinical_utilization	silver	clinical_utilization	adapter_gene_id_resolved	0.0	0.0	0.0	1.0	0.0	0.0	0.0
mitochondrial_disease	3664	ncbi_gene	IRF6	1	2.0	gtr_mitochondrial_gene_summary	silver	clinical_utilization	silver	clinical_utilization	adapter_gene_id_resolved	0.0	0.0	0.0	2.0	0.0	0.0	0.0
mitochondrial_disease	3394	ncbi_gene	IRF8	1	2.0	gtr_mitochondrial_gene_summary	silver	clinical_utilization	silver	clinical_utilization	adapter_gene_id_resolved	0.0	0.0	1.0	0.0	0.0	0.0	0.0
mitochondrial_disease	10265	ncbi_gene	IRX5	1	2.0	gtr_mitochondrial_gene_summary	silver	clinical_utilization	silver	clinical_utilization	adapter_gene_id_resolved	0.0	0.0	0.0	1.0	0.0	0.0	0.0
mitochondrial_disease	81689	ncbi_gene	ISCA1	1	2.0	gtr_mitochondrial_gene_summary	silver	clinical_utilization	silver	clinical_utilization	adapter_gene_id_resolved	2.0	2.0	0.0	7.0	0.0	0.0	0.0
mitochondrial_disease	122961	ncbi_gene	ISCA2	1	2.0	gtr_mitochondrial_gene_summary	silver	clinical_utilization	silver	clinical_utilization	adapter_gene_id_resolved	6.0	4.0	6.0	9.0	0.0	0.0	0.0
mitochondrial_disease	23479	ncbi_gene	ISCU	1	2.0	gtr_mitochondrial_gene_summary	silver	clinical_utilization	silver	clinical_utilization	adapter_gene_id_resolved	1.0	2.0	1.0	8.0	0.0	0.0	0.0
mitochondrial_disease	9636	ncbi_gene	ISG15	1	2.0	gtr_mitochondrial_gene_summary	silver	clinical_utilization	silver	clinical_utilization	adapter_gene_id_resolved	0.0	0.0	1.0	1.0	0.0	0.0	0.0
mitochondrial_disease	3673	ncbi_gene	ITGA2	1	2.0	gtr_mitochondrial_gene_summary	silver	clinical_utilization	silver	clinical_utilization	adapter_gene_id_resolved	1.0	0.0	0.0	0.0	0.0	0.0	0.0
mitochondrial_disease	3679	ncbi_gene	ITGA7	1	2.0	gtr_mitochondrial_gene_summary	silver	clinical_utilization	silver	clinical_utilization	adapter_gene_id_resolved	0.0	1.0	2.0	0.0	0.0	0.0	0.0
mitochondrial_disease	3684	ncbi_gene	ITGAM	1	2.0	gtr_mitochondrial_gene_summary	silver	clinical_utilization	silver	clinical_utilization	adapter_gene_id_resolved	0.0	1.0	2.0	0.0	0.0	0.0	0.0
mitochondrial_disease	3689	ncbi_gene	ITGB2	1	2.0	gtr_mitochondrial_gene_summary	silver	clinical_utilization	silver	clinical_utilization	adapter_gene_id_resolved	0.0	0.0	1.0	0.0	0.0	0.0	0.0
mitochondrial_disease	3700	ncbi_gene	ITIH4	1	2.0	gtr_mitochondrial_gene_summary	silver	clinical_utilization	silver	clinical_utilization	adapter_gene_id_resolved	0.0	0.0	0.0	1.0	0.0	0.0	0.0
mitochondrial_disease	3704	ncbi_gene	ITPA	1	2.0	gtr_mitochondrial_gene_summary	silver	clinical_utilization	silver	clinical_utilization	adapter_gene_id_resolved	0.0	0.0	0.0	7.0	0.0	0.0	0.0
mitochondrial_disease	3708	ncbi_gene	ITPR1	1	2.0	gtr_mitochondrial_gene_summary	silver	clinical_utilization	silver	clinical_utilization	adapter_gene_id_resolved	0.0	0.0	0.0	2.0	0.0	0.0	0.0
mitochondrial_disease	3712	ncbi_gene	IVD	1	2.0	gtr_mitochondrial_gene_summary	silver	clinical_utilization	silver	clinical_utilization	adapter_gene_id_resolved	0.0	0.0	0.0	12.0	0.0	0.0	0.0
mitochondrial_disease	182	ncbi_gene	JAG1	1	2.0	gtr_mitochondrial_gene_summary	silver	clinical_utilization	silver	clinical_utilization	adapter_gene_id_resolved	0.0	0.0	0.0	4.0	0.0	0.0	0.0
mitochondrial_disease	84522	ncbi_gene	JAGN1	1	2.0	gtr_mitochondrial_gene_summary	silver	clinical_utilization	silver	clinical_utilization	adapter_gene_id_resolved	0.0	0.0	1.0	0.0	0.0	0.0	0.0
mitochondrial_disease	3717	ncbi_gene	JAK2	1	2.0	gtr_mitochondrial_gene_summary	silver	clinical_utilization	silver	clinical_utilization	adapter_gene_id_resolved	0.0	0.0	0.0	1.0	0.0	0.0	0.0
mitochondrial_disease	3718	ncbi_gene	JAK3	1	2.0	gtr_mitochondrial_gene_summary	silver	clinical_utilization	silver	clinical_utilization	adapter_gene_id_resolved	0.0	0.0	0.0	7.0	0.0	0.0	0.0
mitochondrial_disease	83700	ncbi_gene	JAM3	1	2.0	gtr_mitochondrial_gene_summary	silver	clinical_utilization	silver	clinical_utilization	adapter_gene_id_resolved	0.0	0.0	0.0	1.0	0.0	0.0	0.0
mitochondrial_disease	221037	ncbi_gene	JMJD1C	1	2.0	gtr_mitochondrial_gene_summary	silver	clinical_utilization	silver	clinical_utilization	adapter_gene_id_resolved	0.0	0.0	0.0	1.0	0.0	0.0	0.0
mitochondrial_disease	57158	ncbi_gene	JPH2	1	2.0	gtr_mitochondrial_gene_summary	silver	clinical_utilization	silver	clinical_utilization	adapter_gene_id_resolved	0.0	0.0	2.0	2.0	0.0	0.0	0.0
mitochondrial_disease	3728	ncbi_gene	JUP	1	2.0	gtr_mitochondrial_gene_summary	silver	clinical_utilization	silver	clinical_utilization	adapter_gene_id_resolved	0.0	1.0	2.0	2.0	0.0	0.0	0.0
mitochondrial_disease	23189	ncbi_gene	KANK1	1	2.0	gtr_mitochondrial_gene_summary	silver	clinical_utilization	silver	clinical_utilization	adapter_gene_id_resolved	0.0	1.0	0.0	1.0	0.0	0.0	0.0
mitochondrial_disease	163782	ncbi_gene	KANK4	1	2.0	gtr_mitochondrial_gene_summary	silver	clinical_utilization	silver	clinical_utilization	adapter_gene_id_resolved	0.0	1.0	0.0	0.0	0.0	0.0	0.0
mitochondrial_disease	284058	ncbi_gene	KANSL1	1	2.0	gtr_mitochondrial_gene_summary	silver	clinical_utilization	silver	clinical_utilization	adapter_gene_id_resolved	0.0	0.0	1.0	3.0	0.0	0.0	0.0
mitochondrial_disease	3735	ncbi_gene	KARS1	1	2.0	gtr_mitochondrial_gene_summary	silver	clinical_utilization	silver	clinical_utilization	adapter_gene_id_resolved	0.0	0.0	1.0	5.0	0.0	0.0	0.0
mitochondrial_disease	7994	ncbi_gene	KAT6A	1	2.0	gtr_mitochondrial_gene_summary	silver	clinical_utilization	silver	clinical_utilization	adapter_gene_id_resolved	0.0	0.0	0.0	3.0	0.0	0.0	0.0
mitochondrial_disease	23522	ncbi_gene	KAT6B	1	2.0	gtr_mitochondrial_gene_summary	silver	clinical_utilization	silver	clinical_utilization	adapter_gene_id_resolved	0.0	0.0	0.0	2.0	0.0	0.0	0.0
mitochondrial_disease	10300	ncbi_gene	KATNB1	1	2.0	gtr_mitochondrial_gene_summary	silver	clinical_utilization	silver	clinical_utilization	adapter_gene_id_resolved	0.0	1.0	0.0	2.0	0.0	0.0	0.0
mitochondrial_disease	390594	ncbi_gene	KBTBD13	1	2.0	gtr_mitochondrial_gene_summary	silver	clinical_utilization	silver	clinical_utilization	adapter_gene_id_resolved	1.0	0.0	3.0	0.0	0.0	0.0	0.0
mitochondrial_disease	3736	ncbi_gene	KCNA1	1	2.0	gtr_mitochondrial_gene_summary	silver	clinical_utilization	silver	clinical_utilization	adapter_gene_id_resolved	0.0	0.0	0.0	4.0	0.0	0.0	0.0
mitochondrial_disease	3737	ncbi_gene	KCNA2	1	2.0	gtr_mitochondrial_gene_summary	silver	clinical_utilization	silver	clinical_utilization	adapter_gene_id_resolved	0.0	0.0	0.0	2.0	0.0	0.0	0.0
mitochondrial_disease	3739	ncbi_gene	KCNA4	1	2.0	gtr_mitochondrial_gene_summary	silver	clinical_utilization	silver	clinical_utilization	adapter_gene_id_resolved	0.0	0.0	0.0	1.0	0.0	0.0	0.0
mitochondrial_disease	3741	ncbi_gene	KCNA5	1	2.0	gtr_mitochondrial_gene_summary	silver	clinical_utilization	silver	clinical_utilization	adapter_gene_id_resolved	0.0	0.0	0.0	2.0	0.0	0.0	0.0
mitochondrial_disease	3745	ncbi_gene	KCNB1	1	2.0	gtr_mitochondrial_gene_summary	silver	clinical_utilization	silver	clinical_utilization	adapter_gene_id_resolved	0.0	0.0	0.0	1.0	0.0	0.0	0.0
mitochondrial_disease	3746	ncbi_gene	KCNC1	1	2.0	gtr_mitochondrial_gene_summary	silver	clinical_utilization	silver	clinical_utilization	adapter_gene_id_resolved	0.0	1.0	2.0	5.0	0.0	0.0	0.0
mitochondrial_disease	3748	ncbi_gene	KCNC3	1	2.0	gtr_mitochondrial_gene_summary	silver	clinical_utilization	silver	clinical_utilization	adapter_gene_id_resolved	0.0	0.0	0.0	2.0	0.0	0.0	0.0
mitochondrial_disease	3751	ncbi_gene	KCND2	1	2.0	gtr_mitochondrial_gene_summary	silver	clinical_utilization	silver	clinical_utilization	adapter_gene_id_resolved	0.0	1.0	0.0	2.0	0.0	0.0	0.0
mitochondrial_disease	3752	ncbi_gene	KCND3	1	2.0	gtr_mitochondrial_gene_summary	silver	clinical_utilization	silver	clinical_utilization	adapter_gene_id_resolved	0.0	0.0	1.0	4.0	0.0	0.0	0.0
mitochondrial_disease	3753	ncbi_gene	KCNE1	1	2.0	gtr_mitochondrial_gene_summary	silver	clinical_utilization	silver	clinical_utilization	adapter_gene_id_resolved	0.0	0.0	1.0	3.0	0.0	0.0	0.0
mitochondrial_disease	9992	ncbi_gene	KCNE2	1	2.0	gtr_mitochondrial_gene_summary	silver	clinical_utilization	silver	clinical_utilization	adapter_gene_id_resolved	0.0	0.0	1.0	2.0	0.0	0.0	0.0
mitochondrial_disease	10008	ncbi_gene	KCNE3	1	2.0	gtr_mitochondrial_gene_summary	silver	clinical_utilization	silver	clinical_utilization	adapter_gene_id_resolved	0.0	0.0	1.0	2.0	0.0	0.0	0.0
mitochondrial_disease	23630	ncbi_gene	KCNE5	1	2.0	gtr_mitochondrial_gene_summary	silver	clinical_utilization	silver	clinical_utilization	adapter_gene_id_resolved	0.0	1.0	0.0	2.0	0.0	0.0	0.0
mitochondrial_disease	3756	ncbi_gene	KCNH1	1	2.0	gtr_mitochondrial_gene_summary	silver	clinical_utilization	silver	clinical_utilization	adapter_gene_id_resolved	0.0	0.0	0.0	2.0	0.0	0.0	0.0
mitochondrial_disease	3757	ncbi_gene	KCNH2	1	2.0	gtr_mitochondrial_gene_summary	silver	clinical_utilization	silver	clinical_utilization	adapter_gene_id_resolved	0.0	0.0	1.0	3.0	0.0	0.0	0.0
mitochondrial_disease	27133	ncbi_gene	KCNH5	1	2.0	gtr_mitochondrial_gene_summary	silver	clinical_utilization	silver	clinical_utilization	adapter_gene_id_resolved	0.0	1.0	1.0	3.0	0.0	0.0	0.0
mitochondrial_disease	3758	ncbi_gene	KCNJ1	1	2.0	gtr_mitochondrial_gene_summary	silver	clinical_utilization	silver	clinical_utilization	adapter_gene_id_resolved	0.0	0.0	0.0	7.0	0.0	0.0	0.0
mitochondrial_disease	3766	ncbi_gene	KCNJ10	1	2.0	gtr_mitochondrial_gene_summary	silver	clinical_utilization	silver	clinical_utilization	adapter_gene_id_resolved	0.0	1.0	1.0	8.0	0.0	0.0	0.0
mitochondrial_disease	3767	ncbi_gene	KCNJ11	1	2.0	gtr_mitochondrial_gene_summary	silver	clinical_utilization	silver	clinical_utilization	adapter_gene_id_resolved	0.0	0.0	0.0	2.0	0.0	0.0	0.0
mitochondrial_disease	3759	ncbi_gene	KCNJ2	1	2.0	gtr_mitochondrial_gene_summary	silver	clinical_utilization	silver	clinical_utilization	adapter_gene_id_resolved	0.0	0.0	1.0	3.0	0.0	0.0	0.0
mitochondrial_disease	3762	ncbi_gene	KCNJ5	1	2.0	gtr_mitochondrial_gene_summary	silver	clinical_utilization	silver	clinical_utilization	adapter_gene_id_resolved	0.0	0.0	1.0	2.0	0.0	0.0	0.0
mitochondrial_disease	3763	ncbi_gene	KCNJ6	1	2.0	gtr_mitochondrial_gene_summary	silver	clinical_utilization	silver	clinical_utilization	adapter_gene_id_resolved	0.0	0.0	0.0	1.0	0.0	0.0	0.0
mitochondrial_disease	3764	ncbi_gene	KCNJ8	1	2.0	gtr_mitochondrial_gene_summary	silver	clinical_utilization	silver	clinical_utilization	adapter_gene_id_resolved	0.0	1.0	1.0	2.0	0.0	0.0	0.0
mitochondrial_disease	3778	ncbi_gene	KCNMA1	1	2.0	gtr_mitochondrial_gene_summary	silver	clinical_utilization	silver	clinical_utilization	adapter_gene_id_resolved	0.0	0.0	0.0	2.0	0.0	0.0	0.0
mitochondrial_disease	3784	ncbi_gene	KCNQ1	1	2.0	gtr_mitochondrial_gene_summary	silver	clinical_utilization	silver	clinical_utilization	adapter_gene_id_resolved	0.0	0.0	1.0	3.0	0.0	0.0	0.0
mitochondrial_disease	3785	ncbi_gene	KCNQ2	1	2.0	gtr_mitochondrial_gene_summary	silver	clinical_utilization	silver	clinical_utilization	adapter_gene_id_resolved	0.0	2.0	2.0	4.0	0.0	0.0	0.0
mitochondrial_disease	3786	ncbi_gene	KCNQ3	1	2.0	gtr_mitochondrial_gene_summary	silver	clinical_utilization	silver	clinical_utilization	adapter_gene_id_resolved	0.0	1.0	2.0	4.0	0.0	0.0	0.0
mitochondrial_disease	9132	ncbi_gene	KCNQ4	1	2.0	gtr_mitochondrial_gene_summary	silver	clinical_utilization	silver	clinical_utilization	adapter_gene_id_resolved	0.0	0.0	0.0	1.0	0.0	0.0	0.0
mitochondrial_disease	57582	ncbi_gene	KCNT1	1	2.0	gtr_mitochondrial_gene_summary	silver	clinical_utilization	silver	clinical_utilization	adapter_gene_id_resolved	2.0	1.0	1.0	5.0	0.0	0.0	0.0
mitochondrial_disease	79734	ncbi_gene	KCTD17	1	2.0	gtr_mitochondrial_gene_summary	silver	clinical_utilization	silver	clinical_utilization	adapter_gene_id_resolved	0.0	0.0	0.0	1.0	0.0	0.0	0.0
mitochondrial_disease	154881	ncbi_gene	KCTD7	1	2.0	gtr_mitochondrial_gene_summary	silver	clinical_utilization	silver	clinical_utilization	adapter_gene_id_resolved	0.0	0.0	3.0	11.0	0.0	0.0	0.0
mitochondrial_disease	8242	ncbi_gene	KDM5C	1	2.0	gtr_mitochondrial_gene_summary	silver	clinical_utilization	silver	clinical_utilization	adapter_gene_id_resolved	0.0	0.0	1.0	5.0	0.0	0.0	0.0
mitochondrial_disease	7403	ncbi_gene	KDM6A	1	2.0	gtr_mitochondrial_gene_summary	silver	clinical_utilization	silver	clinical_utilization	adapter_gene_id_resolved	0.0	0.0	0.0	3.0	0.0	0.0	0.0
mitochondrial_disease	3832	ncbi_gene	KIF11	1	2.0	gtr_mitochondrial_gene_summary	silver	clinical_utilization	silver	clinical_utilization	adapter_gene_id_resolved	0.0	0.0	0.0	1.0	0.0	0.0	0.0
mitochondrial_disease	113220	ncbi_gene	KIF12	1	2.0	gtr_mitochondrial_gene_summary	silver	clinical_utilization	silver	clinical_utilization	adapter_gene_id_resolved	0.0	1.0	0.0	0.0	0.0	0.0	0.0
mitochondrial_disease	9928	ncbi_gene	KIF14	1	2.0	gtr_mitochondrial_gene_summary	silver	clinical_utilization	silver	clinical_utilization	adapter_gene_id_resolved	0.0	0.0	0.0	8.0	0.0	0.0	0.0
mitochondrial_disease	547	ncbi_gene	KIF1A	1	2.0	gtr_mitochondrial_gene_summary	silver	clinical_utilization	silver	clinical_utilization	adapter_gene_id_resolved	0.0	0.0	0.0	5.0	0.0	0.0	0.0
mitochondrial_disease	23095	ncbi_gene	KIF1B	1	2.0	gtr_mitochondrial_gene_summary	silver	clinical_utilization	silver	clinical_utilization	adapter_gene_id_resolved	0.0	0.0	1.0	1.0	0.0	0.0	0.0
mitochondrial_disease	10749	ncbi_gene	KIF1C	1	2.0	gtr_mitochondrial_gene_summary	silver	clinical_utilization	silver	clinical_utilization	adapter_gene_id_resolved	0.0	0.0	0.0	3.0	0.0	0.0	0.0
mitochondrial_disease	55605	ncbi_gene	KIF21A	1	2.0	gtr_mitochondrial_gene_summary	silver	clinical_utilization	silver	clinical_utilization	adapter_gene_id_resolved	0.0	0.0	1.0	1.0	0.0	0.0	0.0
mitochondrial_disease	9493	ncbi_gene	KIF23	1	2.0	gtr_mitochondrial_gene_summary	silver	clinical_utilization	silver	clinical_utilization	adapter_gene_id_resolved	0.0	1.0	1.0	0.0	0.0	0.0	0.0
mitochondrial_disease	347240	ncbi_gene	KIF24	1	2.0	gtr_mitochondrial_gene_summary	silver	clinical_utilization	silver	clinical_utilization	adapter_gene_id_resolved	0.0	0.0	0.0	1.0	0.0	0.0	0.0
mitochondrial_disease	3796	ncbi_gene	KIF2A	1	2.0	gtr_mitochondrial_gene_summary	silver	clinical_utilization	silver	clinical_utilization	adapter_gene_id_resolved	0.0	0.0	0.0	1.0	0.0	0.0	0.0
mitochondrial_disease	3798	ncbi_gene	KIF5A	1	2.0	gtr_mitochondrial_gene_summary	silver	clinical_utilization	silver	clinical_utilization	adapter_gene_id_resolved	0.0	2.0	0.0	4.0	0.0	0.0	0.0
mitochondrial_disease	3800	ncbi_gene	KIF5C	1	2.0	gtr_mitochondrial_gene_summary	silver	clinical_utilization	silver	clinical_utilization	adapter_gene_id_resolved	0.0	0.0	0.0	1.0	0.0	0.0	0.0
mitochondrial_disease	374654	ncbi_gene	KIF7	1	2.0	gtr_mitochondrial_gene_summary	silver	clinical_utilization	silver	clinical_utilization	adapter_gene_id_resolved	0.0	0.0	0.0	3.0	0.0	0.0	0.0
mitochondrial_disease	3815	ncbi_gene	KIT	1	2.0	gtr_mitochondrial_gene_summary	silver	clinical_utilization	silver	clinical_utilization	adapter_gene_id_resolved	0.0	0.0	2.0	0.0	0.0	0.0	0.0
mitochondrial_disease	4254	ncbi_gene	KITLG	1	2.0	gtr_mitochondrial_gene_summary	silver	clinical_utilization	silver	clinical_utilization	adapter_gene_id_resolved	0.0	0.0	0.0	1.0	0.0	0.0	0.0
mitochondrial_disease	89953	ncbi_gene	KLC4	1	2.0	gtr_mitochondrial_gene_summary	silver	clinical_utilization	silver	clinical_utilization	adapter_gene_id_resolved	0.0	0.0	0.0	2.0	0.0	0.0	0.0
mitochondrial_disease	7071	ncbi_gene	KLF10	1	2.0	gtr_mitochondrial_gene_summary	silver	clinical_utilization	silver	clinical_utilization	adapter_gene_id_resolved	0.0	1.0	0.0	0.0	0.0	0.0	0.0
mitochondrial_disease	11279	ncbi_gene	KLF8	1	2.0	gtr_mitochondrial_gene_summary	silver	clinical_utilization	silver	clinical_utilization	adapter_gene_id_resolved	0.0	0.0	0.0	2.0	0.0	0.0	0.0
mitochondrial_disease	80311	ncbi_gene	KLHL15	1	2.0	gtr_mitochondrial_gene_summary	silver	clinical_utilization	silver	clinical_utilization	adapter_gene_id_resolved	0.0	0.0	0.0	1.0	0.0	0.0	0.0
mitochondrial_disease	9903	ncbi_gene	KLHL21	1	2.0	gtr_mitochondrial_gene_summary	silver	clinical_utilization	silver	clinical_utilization	adapter_gene_id_resolved	0.0	0.0	0.0	1.0	0.0	0.0	0.0
mitochondrial_disease	131377	ncbi_gene	KLHL40	1	2.0	gtr_mitochondrial_gene_summary	silver	clinical_utilization	silver	clinical_utilization	adapter_gene_id_resolved	0.0	0.0	1.0	0.0	0.0	0.0	0.0
mitochondrial_disease	10324	ncbi_gene	KLHL41	1	2.0	gtr_mitochondrial_gene_summary	silver	clinical_utilization	silver	clinical_utilization	adapter_gene_id_resolved	1.0	0.0	2.0	0.0	0.0	0.0	0.0
mitochondrial_disease	55958	ncbi_gene	KLHL9	1	2.0	gtr_mitochondrial_gene_summary	silver	clinical_utilization	silver	clinical_utilization	adapter_gene_id_resolved	0.0	0.0	1.0	0.0	0.0	0.0	0.0
mitochondrial_disease	4297	ncbi_gene	KMT2A	1	2.0	gtr_mitochondrial_gene_summary	silver	clinical_utilization	silver	clinical_utilization	adapter_gene_id_resolved	0.0	0.0	0.0	4.0	0.0	0.0	0.0
mitochondrial_disease	58508	ncbi_gene	KMT2C	1	2.0	gtr_mitochondrial_gene_summary	silver	clinical_utilization	silver	clinical_utilization	adapter_gene_id_resolved	0.0	0.0	0.0	1.0	0.0	0.0	0.0
mitochondrial_disease	8085	ncbi_gene	KMT2D	1	2.0	gtr_mitochondrial_gene_summary	silver	clinical_utilization	silver	clinical_utilization	adapter_gene_id_resolved	0.0	0.0	0.0	3.0	0.0	0.0	0.0
mitochondrial_disease	11133	ncbi_gene	KPTN	1	2.0	gtr_mitochondrial_gene_summary	silver	clinical_utilization	silver	clinical_utilization	adapter_gene_id_resolved	0.0	0.0	0.0	2.0	0.0	0.0	0.0
mitochondrial_disease	3845	ncbi_gene	KRAS	1	2.0	gtr_mitochondrial_gene_summary	silver	clinical_utilization	silver	clinical_utilization	adapter_gene_id_resolved	0.0	0.0	3.0	6.0	0.0	0.0	0.0
mitochondrial_disease	889	ncbi_gene	KRIT1	1	2.0	gtr_mitochondrial_gene_summary	silver	clinical_utilization	silver	clinical_utilization	adapter_gene_id_resolved	0.0	0.0	0.0	1.0	0.0	0.0	0.0
mitochondrial_disease	3868	ncbi_gene	KRT16	1	2.0	gtr_mitochondrial_gene_summary	silver	clinical_utilization	silver	clinical_utilization	adapter_gene_id_resolved	0.0	1.0	0.0	0.0	0.0	0.0	0.0
mitochondrial_disease	3853	ncbi_gene	KRT6A	1	2.0	gtr_mitochondrial_gene_summary	silver	clinical_utilization	silver	clinical_utilization	adapter_gene_id_resolved	0.0	1.0	0.0	0.0	0.0	0.0	0.0
mitochondrial_disease	3854	ncbi_gene	KRT6B	1	2.0	gtr_mitochondrial_gene_summary	silver	clinical_utilization	silver	clinical_utilization	adapter_gene_id_resolved	0.0	1.0	0.0	0.0	0.0	0.0	0.0
mitochondrial_disease	286887	ncbi_gene	KRT6C	1	2.0	gtr_mitochondrial_gene_summary	silver	clinical_utilization	silver	clinical_utilization	adapter_gene_id_resolved	0.0	1.0	0.0	0.0	0.0	0.0	0.0
mitochondrial_disease	3856	ncbi_gene	KRT8	1	2.0	gtr_mitochondrial_gene_summary	silver	clinical_utilization	silver	clinical_utilization	adapter_gene_id_resolved	0.0	0.0	0.0	1.0	0.0	0.0	0.0
mitochondrial_disease	3897	ncbi_gene	L1CAM	1	2.0	gtr_mitochondrial_gene_summary	silver	clinical_utilization	silver	clinical_utilization	adapter_gene_id_resolved	0.0	0.0	1.0	15.0	0.0	0.0	0.0
mitochondrial_disease	79944	ncbi_gene	L2HGDH	1	2.0	gtr_mitochondrial_gene_summary	silver	clinical_utilization	silver	clinical_utilization	adapter_gene_id_resolved	0.0	0.0	2.0	8.0	0.0	0.0	0.0
mitochondrial_disease	8270	ncbi_gene	LAGE3	1	2.0	gtr_mitochondrial_gene_summary	silver	clinical_utilization	silver	clinical_utilization	adapter_gene_id_resolved	0.0	0.0	0.0	1.0	0.0	0.0	0.0
mitochondrial_disease	284217	ncbi_gene	LAMA1	1	2.0	gtr_mitochondrial_gene_summary	silver	clinical_utilization	silver	clinical_utilization	adapter_gene_id_resolved	0.0	0.0	0.0	2.0	0.0	0.0	0.0
mitochondrial_disease	3908	ncbi_gene	LAMA2	1	2.0	gtr_mitochondrial_gene_summary	silver	clinical_utilization	silver	clinical_utilization	adapter_gene_id_resolved	0.0	1.0	2.0	10.0	0.0	0.0	0.0
mitochondrial_disease	3909	ncbi_gene	LAMA3	1	2.0	gtr_mitochondrial_gene_summary	silver	clinical_utilization	silver	clinical_utilization	adapter_gene_id_resolved	0.0	0.0	0.0	8.0	0.0	0.0	0.0
mitochondrial_disease	3910	ncbi_gene	LAMA4	1	2.0	gtr_mitochondrial_gene_summary	silver	clinical_utilization	silver	clinical_utilization	adapter_gene_id_resolved	0.0	0.0	2.0	2.0	0.0	0.0	0.0
mitochondrial_disease	3911	ncbi_gene	LAMA5	1	2.0	gtr_mitochondrial_gene_summary	silver	clinical_utilization	silver	clinical_utilization	adapter_gene_id_resolved	1.0	1.0	0.0	0.0	0.0	0.0	0.0
mitochondrial_disease	3912	ncbi_gene	LAMB1	1	2.0	gtr_mitochondrial_gene_summary	silver	clinical_utilization	silver	clinical_utilization	adapter_gene_id_resolved	0.0	0.0	0.0	1.0	0.0	0.0	0.0
mitochondrial_disease	3914	ncbi_gene	LAMB3	1	2.0	gtr_mitochondrial_gene_summary	silver	clinical_utilization	silver	clinical_utilization	adapter_gene_id_resolved	0.0	0.0	0.0	8.0	0.0	0.0	0.0
mitochondrial_disease	3918	ncbi_gene	LAMC2	1	2.0	gtr_mitochondrial_gene_summary	silver	clinical_utilization	silver	clinical_utilization	adapter_gene_id_resolved	0.0	0.0	0.0	8.0	0.0	0.0	0.0
mitochondrial_disease	10319	ncbi_gene	LAMC3	1	2.0	gtr_mitochondrial_gene_summary	silver	clinical_utilization	silver	clinical_utilization	adapter_gene_id_resolved	0.0	1.0	0.0	1.0	0.0	0.0	0.0
mitochondrial_disease	3920	ncbi_gene	LAMP2	1	2.0	gtr_mitochondrial_gene_summary	silver	clinical_utilization	silver	clinical_utilization	adapter_gene_id_resolved	0.0	3.0	5.0	12.0	0.0	0.0	0.0
mitochondrial_disease	28956	ncbi_gene	LAMTOR2	1	2.0	gtr_mitochondrial_gene_summary	silver	clinical_utilization	silver	clinical_utilization	adapter_gene_id_resolved	0.0	0.0	2.0	0.0	0.0	0.0	0.0
mitochondrial_disease	9215	ncbi_gene	LARGE1	1	2.0	gtr_mitochondrial_gene_summary	silver	clinical_utilization	silver	clinical_utilization	adapter_gene_id_resolved	0.0	1.0	2.0	2.0	0.0	0.0	0.0
mitochondrial_disease	51520	ncbi_gene	LARS1	1	2.0	gtr_mitochondrial_gene_summary	silver	clinical_utilization	silver	clinical_utilization	adapter_gene_id_resolved	0.0	0.0	0.0	9.0	0.0	0.0	0.0
mitochondrial_disease	23395	ncbi_gene	LARS2	1	2.0	gtr_mitochondrial_gene_summary	silver	clinical_utilization	silver	clinical_utilization	adapter_gene_id_resolved	0.0	0.0	0.0	8.0	0.0	0.0	0.0
mitochondrial_disease	81887	ncbi_gene	LAS1L	1	2.0	gtr_mitochondrial_gene_summary	silver	clinical_utilization	silver	clinical_utilization	adapter_gene_id_resolved	0.0	0.0	1.0	3.0	0.0	0.0	0.0
mitochondrial_disease	3930	ncbi_gene	LBR	1	2.0	gtr_mitochondrial_gene_summary	silver	clinical_utilization	silver	clinical_utilization	adapter_gene_id_resolved	0.0	0.0	0.0	1.0	0.0	0.0	0.0
mitochondrial_disease	167691	ncbi_gene	LCA5	1	2.0	gtr_mitochondrial_gene_summary	silver	clinical_utilization	silver	clinical_utilization	adapter_gene_id_resolved	0.0	0.0	0.0	6.0	0.0	0.0	0.0
mitochondrial_disease	3932	ncbi_gene	LCK	1	2.0	gtr_mitochondrial_gene_summary	silver	clinical_utilization	silver	clinical_utilization	adapter_gene_id_resolved	0.0	0.0	0.0	7.0	0.0	0.0	0.0
mitochondrial_disease	3938	ncbi_gene	LCT	1	2.0	gtr_mitochondrial_gene_summary	silver	clinical_utilization	silver	clinical_utilization	adapter_gene_id_resolved	0.0	0.0	0.0	1.0	0.0	0.0	0.0
mitochondrial_disease	11155	ncbi_gene	LDB3	1	2.0	gtr_mitochondrial_gene_summary	silver	clinical_utilization	silver	clinical_utilization	adapter_gene_id_resolved	0.0	1.0	5.0	3.0	0.0	0.0	0.0
mitochondrial_disease	3939	ncbi_gene	LDHA	1	2.0	gtr_mitochondrial_gene_summary	silver	clinical_utilization	silver	clinical_utilization	adapter_gene_id_resolved	0.0	0.0	0.0	2.0	0.0	0.0	0.0
mitochondrial_disease	3949	ncbi_gene	LDLR	1	2.0	gtr_mitochondrial_gene_summary	silver	clinical_utilization	silver	clinical_utilization	adapter_gene_id_resolved	0.0	0.0	0.0	3.0	0.0	0.0	0.0
mitochondrial_disease	26119	ncbi_gene	LDLRAP1	1	2.0	gtr_mitochondrial_gene_summary	silver	clinical_utilization	silver	clinical_utilization	adapter_gene_id_resolved	0.0	0.0	0.0	3.0	0.0	0.0	0.0
mitochondrial_disease	7044	ncbi_gene	LEFTY2	1	2.0	gtr_mitochondrial_gene_summary	silver	clinical_utilization	silver	clinical_utilization	adapter_gene_id_resolved	0.0	0.0	1.0	1.0	0.0	0.0	0.0
mitochondrial_disease	114823	ncbi_gene	LENG8	1	2.0	gtr_mitochondrial_gene_summary	silver	clinical_utilization	silver	clinical_utilization	adapter_gene_id_resolved	0.0	0.0	0.0	1.0	0.0	0.0	0.0
mitochondrial_disease	3952	ncbi_gene	LEP	1	2.0	gtr_mitochondrial_gene_summary	silver	clinical_utilization	silver	clinical_utilization	adapter_gene_id_resolved	0.0	0.0	0.0	1.0	0.0	0.0	0.0
mitochondrial_disease	3954	ncbi_gene	LETM1	1	2.0	gtr_mitochondrial_gene_summary	silver	clinical_utilization	silver	clinical_utilization	adapter_gene_id_resolved	0.0	0.0	2.0	0.0	0.0	0.0	0.0
mitochondrial_disease	9211	ncbi_gene	LGI1	1	2.0	gtr_mitochondrial_gene_summary	silver	clinical_utilization	silver	clinical_utilization	adapter_gene_id_resolved	0.0	0.0	1.0	3.0	0.0	0.0	0.0
mitochondrial_disease	3973	ncbi_gene	LHCGR	1	2.0	gtr_mitochondrial_gene_summary	silver	clinical_utilization	silver	clinical_utilization	adapter_gene_id_resolved	0.0	1.0	0.0	0.0	0.0	0.0	0.0
mitochondrial_disease	222662	ncbi_gene	LHFPL5	1	2.0	gtr_mitochondrial_gene_summary	silver	clinical_utilization	silver	clinical_utilization	adapter_gene_id_resolved	0.0	0.0	0.0	1.0	0.0	0.0	0.0
mitochondrial_disease	9355	ncbi_gene	LHX2	1	2.0	gtr_mitochondrial_gene_summary	silver	clinical_utilization	silver	clinical_utilization	adapter_gene_id_resolved	0.0	0.0	1.0	1.0	0.0	0.0	0.0
mitochondrial_disease	8022	ncbi_gene	LHX3	1	2.0	gtr_mitochondrial_gene_summary	silver	clinical_utilization	silver	clinical_utilization	adapter_gene_id_resolved	0.0	0.0	0.0	6.0	0.0	0.0	0.0
mitochondrial_disease	11019	ncbi_gene	LIAS	1	2.0	gtr_mitochondrial_gene_summary	silver	clinical_utilization	silver	clinical_utilization	adapter_gene_id_resolved	0.0	0.0	1.0	7.0	0.0	0.0	0.0
mitochondrial_disease	3977	ncbi_gene	LIFR	1	2.0	gtr_mitochondrial_gene_summary	silver	clinical_utilization	silver	clinical_utilization	adapter_gene_id_resolved	0.0	0.0	0.0	6.0	0.0	0.0	0.0
mitochondrial_disease	3978	ncbi_gene	LIG1	1	2.0	gtr_mitochondrial_gene_summary	silver	clinical_utilization	silver	clinical_utilization	adapter_gene_id_resolved	0.0	0.0	2.0	0.0	0.0	0.0	0.0
mitochondrial_disease	3980	ncbi_gene	LIG3	1	2.0	gtr_mitochondrial_gene_summary	silver	clinical_utilization	silver	clinical_utilization	adapter_gene_id_resolved	0.0	0.0	0.0	2.0	0.0	0.0	0.0
mitochondrial_disease	3981	ncbi_gene	LIG4	1	2.0	gtr_mitochondrial_gene_summary	silver	clinical_utilization	silver	clinical_utilization	adapter_gene_id_resolved	0.0	0.0	0.0	7.0	0.0	0.0	0.0
mitochondrial_disease	3982	ncbi_gene	LIM2	1	2.0	gtr_mitochondrial_gene_summary	silver	clinical_utilization	silver	clinical_utilization	adapter_gene_id_resolved	0.0	0.0	1.0	0.0	0.0	0.0	0.0
mitochondrial_disease	55180	ncbi_gene	LINS1	1	2.0	gtr_mitochondrial_gene_summary	silver	clinical_utilization	silver	clinical_utilization	adapter_gene_id_resolved	0.0	0.0	0.0	1.0	0.0	0.0	0.0
mitochondrial_disease	3988	ncbi_gene	LIPA	1	2.0	gtr_mitochondrial_gene_summary	silver	clinical_utilization	silver	clinical_utilization	adapter_gene_id_resolved	0.0	0.0	0.0	8.0	0.0	0.0	0.0
mitochondrial_disease	3991	ncbi_gene	LIPE	1	2.0	gtr_mitochondrial_gene_summary	silver	clinical_utilization	silver	clinical_utilization	adapter_gene_id_resolved	0.0	0.0	0.0	1.0	0.0	0.0	0.0
mitochondrial_disease	643418	ncbi_gene	LIPN	1	2.0	gtr_mitochondrial_gene_summary	silver	clinical_utilization	silver	clinical_utilization	adapter_gene_id_resolved	0.0	0.0	0.0	6.0	0.0	0.0	0.0
mitochondrial_disease	51601	ncbi_gene	LIPT1	1	2.0	gtr_mitochondrial_gene_summary	silver	clinical_utilization	silver	clinical_utilization	adapter_gene_id_resolved	0.0	0.0	0.0	2.0	0.0	0.0	0.0
mitochondrial_disease	387787	ncbi_gene	LIPT2	1	2.0	gtr_mitochondrial_gene_summary	silver	clinical_utilization	silver	clinical_utilization	adapter_gene_id_resolved	0.0	0.0	0.0	2.0	0.0	0.0	0.0
mitochondrial_disease	81562	ncbi_gene	LMAN2L	1	2.0	gtr_mitochondrial_gene_summary	silver	clinical_utilization	silver	clinical_utilization	adapter_gene_id_resolved	0.0	0.0	0.0	1.0	0.0	0.0	0.0
mitochondrial_disease	64327	ncbi_gene	LMBR1	1	2.0	gtr_mitochondrial_gene_summary	silver	clinical_utilization	silver	clinical_utilization	adapter_gene_id_resolved	0.0	0.0	0.0	2.0	0.0	0.0	0.0
mitochondrial_disease	55788	ncbi_gene	LMBRD1	1	2.0	gtr_mitochondrial_gene_summary	silver	clinical_utilization	silver	clinical_utilization	adapter_gene_id_resolved	0.0	0.0	0.0	9.0	0.0	0.0	0.0
mitochondrial_disease	4000	ncbi_gene	LMNA	1	2.0	gtr_mitochondrial_gene_summary	silver	clinical_utilization	silver	clinical_utilization	adapter_gene_id_resolved	0.0	2.0	5.0	3.0	0.0	0.0	0.0
mitochondrial_disease	4001	ncbi_gene	LMNB1	1	2.0	gtr_mitochondrial_gene_summary	silver	clinical_utilization	silver	clinical_utilization	adapter_gene_id_resolved	0.0	0.0	0.0	2.0	0.0	0.0	0.0
mitochondrial_disease	84823	ncbi_gene	LMNB2	1	2.0	gtr_mitochondrial_gene_summary	silver	clinical_utilization	silver	clinical_utilization	adapter_gene_id_resolved	0.0	0.0	0.0	3.0	0.0	0.0	0.0
mitochondrial_disease	4008	ncbi_gene	LMO7	1	2.0	gtr_mitochondrial_gene_summary	silver	clinical_utilization	silver	clinical_utilization	adapter_gene_id_resolved	0.0	1.0	0.0	0.0	0.0	0.0	0.0
mitochondrial_disease	56203	ncbi_gene	LMOD3	1	2.0	gtr_mitochondrial_gene_summary	silver	clinical_utilization	silver	clinical_utilization	adapter_gene_id_resolved	0.0	0.0	1.0	0.0	0.0	0.0	0.0
mitochondrial_disease	4010	ncbi_gene	LMX1B	1	2.0	gtr_mitochondrial_gene_summary	silver	clinical_utilization	silver	clinical_utilization	adapter_gene_id_resolved	0.0	0.0	0.0	1.0	0.0	0.0	0.0
mitochondrial_disease	9361	ncbi_gene	LONP1	1	2.0	gtr_mitochondrial_gene_summary	silver	clinical_utilization	silver	clinical_utilization	adapter_gene_id_resolved	0.0	0.0	0.0	3.0	0.0	0.0	0.0
mitochondrial_disease	4015	ncbi_gene	LOX	1	2.0	gtr_mitochondrial_gene_summary	silver	clinical_utilization	silver	clinical_utilization	adapter_gene_id_resolved	0.0	0.0	0.0	2.0	0.0	0.0	0.0
mitochondrial_disease	125336	ncbi_gene	LOXHD1	1	2.0	gtr_mitochondrial_gene_summary	silver	clinical_utilization	silver	clinical_utilization	adapter_gene_id_resolved	0.0	0.0	0.0	8.0	0.0	0.0	0.0
mitochondrial_disease	84695	ncbi_gene	LOXL3	1	2.0	gtr_mitochondrial_gene_summary	silver	clinical_utilization	silver	clinical_utilization	adapter_gene_id_resolved	0.0	2.0	1.0	0.0	0.0	0.0	0.0
mitochondrial_disease	23175	ncbi_gene	LPIN1	1	2.0	gtr_mitochondrial_gene_summary	silver	clinical_utilization	silver	clinical_utilization	adapter_gene_id_resolved	0.0	1.0	0.0	1.0	0.0	0.0	0.0
mitochondrial_disease	4023	ncbi_gene	LPL	1	2.0	gtr_mitochondrial_gene_summary	silver	clinical_utilization	silver	clinical_utilization	adapter_gene_id_resolved	0.0	0.0	0.0	6.0	0.0	0.0	0.0
mitochondrial_disease	9227	ncbi_gene	LRAT	1	2.0	gtr_mitochondrial_gene_summary	silver	clinical_utilization	silver	clinical_utilization	adapter_gene_id_resolved	0.0	0.0	0.0	6.0	0.0	0.0	0.0
mitochondrial_disease	26020	ncbi_gene	LRP10	1	2.0	gtr_mitochondrial_gene_summary	silver	clinical_utilization	silver	clinical_utilization	adapter_gene_id_resolved	1.0	0.0	0.0	0.0	0.0	0.0	0.0
mitochondrial_disease	4036	ncbi_gene	LRP2	1	2.0	gtr_mitochondrial_gene_summary	silver	clinical_utilization	silver	clinical_utilization	adapter_gene_id_resolved	0.0	0.0	0.0	8.0	0.0	0.0	0.0
mitochondrial_disease	4038	ncbi_gene	LRP4	1	2.0	gtr_mitochondrial_gene_summary	silver	clinical_utilization	silver	clinical_utilization	adapter_gene_id_resolved	0.0	1.0	1.0	2.0	0.0	0.0	0.0
mitochondrial_disease	4041	ncbi_gene	LRP5	1	2.0	gtr_mitochondrial_gene_summary	silver	clinical_utilization	silver	clinical_utilization	adapter_gene_id_resolved	0.0	0.0	0.0	3.0	0.0	0.0	0.0
mitochondrial_disease	10128	ncbi_gene	LRPPRC	1	2.0	gtr_mitochondrial_gene_summary	silver	clinical_utilization	silver	clinical_utilization	adapter_gene_id_resolved	16.0	15.0	15.0	27.0	0.0	0.0	0.0
mitochondrial_disease	79705	ncbi_gene	LRRK1	1	2.0	gtr_mitochondrial_gene_summary	silver	clinical_utilization	silver	clinical_utilization	adapter_gene_id_resolved	0.0	0.0	1.0	0.0	0.0	0.0	0.0
mitochondrial_disease	120892	ncbi_gene	LRRK2	1	2.0	gtr_mitochondrial_gene_summary	silver	clinical_utilization	silver	clinical_utilization	adapter_gene_id_resolved	0.0	0.0	1.0	1.0	0.0	0.0	0.0
mitochondrial_disease	220074	ncbi_gene	LRTOMT	1	2.0	gtr_mitochondrial_gene_summary	silver	clinical_utilization	silver	clinical_utilization	adapter_gene_id_resolved	0.0	0.0	0.0	1.0	0.0	0.0	0.0
mitochondrial_disease	51599	ncbi_gene	LSR	1	2.0	gtr_mitochondrial_gene_summary	silver	clinical_utilization	silver	clinical_utilization	adapter_gene_id_resolved	0.0	1.0	0.0	0.0	0.0	0.0	0.0
mitochondrial_disease	4047	ncbi_gene	LSS	1	2.0	gtr_mitochondrial_gene_summary	silver	clinical_utilization	silver	clinical_utilization	adapter_gene_id_resolved	0.0	0.0	1.0	0.0	0.0	0.0	0.0
mitochondrial_disease	8425	ncbi_gene	LTBP4	1	2.0	gtr_mitochondrial_gene_summary	silver	clinical_utilization	silver	clinical_utilization	adapter_gene_id_resolved	0.0	0.0	0.0	6.0	0.0	0.0	0.0
mitochondrial_disease	4067	ncbi_gene	LYN	1	2.0	gtr_mitochondrial_gene_summary	silver	clinical_utilization	silver	clinical_utilization	adapter_gene_id_resolved	0.0	1.0	2.0	0.0	0.0	0.0	0.0
mitochondrial_disease	57128	ncbi_gene	LYRM4	1	2.0	gtr_mitochondrial_gene_summary	silver	clinical_utilization	silver	clinical_utilization	adapter_gene_id_resolved	3.0	1.0	1.0	7.0	0.0	0.0	0.0
mitochondrial_disease	90624	ncbi_gene	LYRM7	1	2.0	gtr_mitochondrial_gene_summary	silver	clinical_utilization	silver	clinical_utilization	adapter_gene_id_resolved	4.0	2.0	5.0	14.0	0.0	0.0	0.0
mitochondrial_disease	1130	ncbi_gene	LYST	1	2.0	gtr_mitochondrial_gene_summary	silver	clinical_utilization	silver	clinical_utilization	adapter_gene_id_resolved	0.0	0.0	1.0	9.0	0.0	0.0	0.0
mitochondrial_disease	8216	ncbi_gene	LZTR1	1	2.0	gtr_mitochondrial_gene_summary	silver	clinical_utilization	silver	clinical_utilization	adapter_gene_id_resolved	0.0	0.0	1.0	5.0	0.0	0.0	0.0
mitochondrial_disease	23499	ncbi_gene	MACF1	1	2.0	gtr_mitochondrial_gene_summary	silver	clinical_utilization	silver	clinical_utilization	adapter_gene_id_resolved	0.0	0.0	1.0	0.0	0.0	0.0	0.0
mitochondrial_disease	4094	ncbi_gene	MAF	1	2.0	gtr_mitochondrial_gene_summary	silver	clinical_utilization	silver	clinical_utilization	adapter_gene_id_resolved	0.0	0.0	1.0	2.0	0.0	0.0	0.0
mitochondrial_disease	9935	ncbi_gene	MAFB	1	2.0	gtr_mitochondrial_gene_summary	silver	clinical_utilization	silver	clinical_utilization	adapter_gene_id_resolved	0.0	0.0	0.0	1.0	0.0	0.0	0.0
mitochondrial_disease	4099	ncbi_gene	MAG	1	2.0	gtr_mitochondrial_gene_summary	silver	clinical_utilization	silver	clinical_utilization	adapter_gene_id_resolved	0.0	0.0	0.0	2.0	0.0	0.0	0.0
mitochondrial_disease	54551	ncbi_gene	MAGEL2	1	2.0	gtr_mitochondrial_gene_summary	silver	clinical_utilization	silver	clinical_utilization	adapter_gene_id_resolved	0.0	0.0	0.0	4.0	0.0	0.0	0.0
mitochondrial_disease	9863	ncbi_gene	MAGI2	1	2.0	gtr_mitochondrial_gene_summary	silver	clinical_utilization	silver	clinical_utilization	adapter_gene_id_resolved	0.0	0.0	1.0	1.0	0.0	0.0	0.0
mitochondrial_disease	84061	ncbi_gene	MAGT1	1	2.0	gtr_mitochondrial_gene_summary	silver	clinical_utilization	silver	clinical_utilization	adapter_gene_id_resolved	0.0	0.0	0.0	4.0	0.0	0.0	0.0
mitochondrial_disease	4117	ncbi_gene	MAK	1	2.0	gtr_mitochondrial_gene_summary	silver	clinical_utilization	silver	clinical_utilization	adapter_gene_id_resolved	0.0	0.0	0.0	7.0	0.0	0.0	0.0
mitochondrial_disease	10892	ncbi_gene	MALT1	1	2.0	gtr_mitochondrial_gene_summary	silver	clinical_utilization	silver	clinical_utilization	adapter_gene_id_resolved	0.0	0.0	0.0	7.0	0.0	0.0	0.0
mitochondrial_disease	11253	ncbi_gene	MAN1B1	1	2.0	gtr_mitochondrial_gene_summary	silver	clinical_utilization	silver	clinical_utilization	adapter_gene_id_resolved	0.0	0.0	0.0	3.0	0.0	0.0	0.0
mitochondrial_disease	57134	ncbi_gene	MAN1C1	1	2.0	gtr_mitochondrial_gene_summary	silver	clinical_utilization	silver	clinical_utilization	adapter_gene_id_resolved	0.0	0.0	0.0	1.0	0.0	0.0	0.0
mitochondrial_disease	4125	ncbi_gene	MAN2B1	1	2.0	gtr_mitochondrial_gene_summary	silver	clinical_utilization	silver	clinical_utilization	adapter_gene_id_resolved	0.0	0.0	0.0	12.0	0.0	0.0	0.0
mitochondrial_disease	4126	ncbi_gene	MANBA	1	2.0	gtr_mitochondrial_gene_summary	silver	clinical_utilization	silver	clinical_utilization	adapter_gene_id_resolved	0.0	0.0	1.0	12.0	0.0	0.0	0.0
mitochondrial_disease	4128	ncbi_gene	MAOA	1	2.0	gtr_mitochondrial_gene_summary	silver	clinical_utilization	silver	clinical_utilization	adapter_gene_id_resolved	0.0	0.0	1.0	4.0	0.0	0.0	0.0
mitochondrial_disease	4131	ncbi_gene	MAP1B	1	2.0	gtr_mitochondrial_gene_summary	silver	clinical_utilization	silver	clinical_utilization	adapter_gene_id_resolved	0.0	0.0	1.0	0.0	0.0	0.0	0.0
mitochondrial_disease	5604	ncbi_gene	MAP2K1	1	2.0	gtr_mitochondrial_gene_summary	silver	clinical_utilization	silver	clinical_utilization	adapter_gene_id_resolved	0.0	0.0	3.0	5.0	0.0	0.0	0.0
mitochondrial_disease	5605	ncbi_gene	MAP2K2	1	2.0	gtr_mitochondrial_gene_summary	silver	clinical_utilization	silver	clinical_utilization	adapter_gene_id_resolved	0.0	0.0	3.0	5.0	0.0	0.0	0.0
mitochondrial_disease	4214	ncbi_gene	MAP3K1	1	2.0	gtr_mitochondrial_gene_summary	silver	clinical_utilization	silver	clinical_utilization	adapter_gene_id_resolved	0.0	0.0	1.0	0.0	0.0	0.0	0.0
mitochondrial_disease	9020	ncbi_gene	MAP3K14	1	2.0	gtr_mitochondrial_gene_summary	silver	clinical_utilization	silver	clinical_utilization	adapter_gene_id_resolved	0.0	0.0	2.0	0.0	0.0	0.0	0.0
mitochondrial_disease	389840	ncbi_gene	MAP3K15	1	2.0	gtr_mitochondrial_gene_summary	silver	clinical_utilization	silver	clinical_utilization	adapter_gene_id_resolved	0.0	0.0	1.0	0.0	0.0	0.0	0.0
mitochondrial_disease	1326	ncbi_gene	MAP3K8	1	2.0	gtr_mitochondrial_gene_summary	silver	clinical_utilization	silver	clinical_utilization	adapter_gene_id_resolved	0.0	1.0	0.0	0.0	0.0	0.0	0.0
mitochondrial_disease	79929	ncbi_gene	MAP6D1	1	2.0	gtr_mitochondrial_gene_summary	silver	clinical_utilization	silver	clinical_utilization	adapter_gene_id_resolved	0.0	0.0	0.0	1.0	0.0	0.0	0.0
mitochondrial_disease	10982	ncbi_gene	MAPRE2	1	2.0	gtr_mitochondrial_gene_summary	silver	clinical_utilization	silver	clinical_utilization	adapter_gene_id_resolved	0.0	0.0	0.0	2.0	0.0	0.0	0.0
mitochondrial_disease	4137	ncbi_gene	MAPT	1	2.0	gtr_mitochondrial_gene_summary	silver	clinical_utilization	silver	clinical_utilization	adapter_gene_id_resolved	0.0	1.0	1.0	1.0	0.0	0.0	0.0
mitochondrial_disease	4141	ncbi_gene	MARS1	1	2.0	gtr_mitochondrial_gene_summary	silver	clinical_utilization	silver	clinical_utilization	adapter_gene_id_resolved	0.0	0.0	1.0	2.0	0.0	0.0	0.0
mitochondrial_disease	92935	ncbi_gene	MARS2	1	2.0	gtr_mitochondrial_gene_summary	silver	clinical_utilization	silver	clinical_utilization	adapter_gene_id_resolved	9.0	2.0	6.0	17.0	0.0	0.0	0.0
mitochondrial_disease	5648	ncbi_gene	MASP1	1	2.0	gtr_mitochondrial_gene_summary	silver	clinical_utilization	silver	clinical_utilization	adapter_gene_id_resolved	0.0	0.0	0.0	1.0	0.0	0.0	0.0
mitochondrial_disease	4144	ncbi_gene	MAT2A	1	2.0	gtr_mitochondrial_gene_summary	silver	clinical_utilization	silver	clinical_utilization	adapter_gene_id_resolved	0.0	0.0	0.0	2.0	0.0	0.0	0.0
mitochondrial_disease	4148	ncbi_gene	MATN3	1	2.0	gtr_mitochondrial_gene_summary	silver	clinical_utilization	silver	clinical_utilization	adapter_gene_id_resolved	0.0	0.0	1.0	0.0	0.0	0.0	0.0
mitochondrial_disease	9782	ncbi_gene	MATR3	1	2.0	gtr_mitochondrial_gene_summary	silver	clinical_utilization	silver	clinical_utilization	adapter_gene_id_resolved	0.0	0.0	1.0	0.0	0.0	0.0	0.0
mitochondrial_disease	4149	ncbi_gene	MAX	1	2.0	gtr_mitochondrial_gene_summary	silver	clinical_utilization	silver	clinical_utilization	adapter_gene_id_resolved	0.0	2.0	3.0	0.0	0.0	0.0	0.0
mitochondrial_disease	8930	ncbi_gene	MBD4	1	2.0	gtr_mitochondrial_gene_summary	silver	clinical_utilization	silver	clinical_utilization	adapter_gene_id_resolved	0.0	0.0	1.0	0.0	0.0	0.0	0.0
mitochondrial_disease	55777	ncbi_gene	MBD5	1	2.0	gtr_mitochondrial_gene_summary	silver	clinical_utilization	silver	clinical_utilization	adapter_gene_id_resolved	0.0	0.0	2.0	7.0	0.0	0.0	0.0
mitochondrial_disease	79143	ncbi_gene	MBOAT7	1	2.0	gtr_mitochondrial_gene_summary	silver	clinical_utilization	silver	clinical_utilization	adapter_gene_id_resolved	0.0	0.0	0.0	1.0	0.0	0.0	0.0
mitochondrial_disease	51360	ncbi_gene	MBTPS2	1	2.0	gtr_mitochondrial_gene_summary	silver	clinical_utilization	silver	clinical_utilization	adapter_gene_id_resolved	0.0	0.0	1.0	4.0	0.0	0.0	0.0
mitochondrial_disease	4158	ncbi_gene	MC2R	1	2.0	gtr_mitochondrial_gene_summary	silver	clinical_utilization	silver	clinical_utilization	adapter_gene_id_resolved	0.0	0.0	0.0	1.0	0.0	0.0	0.0
mitochondrial_disease	56922	ncbi_gene	MCCC1	1	2.0	gtr_mitochondrial_gene_summary	silver	clinical_utilization	silver	clinical_utilization	adapter_gene_id_resolved	0.0	0.0	0.0	11.0	0.0	0.0	0.0
mitochondrial_disease	64087	ncbi_gene	MCCC2	1	2.0	gtr_mitochondrial_gene_summary	silver	clinical_utilization	silver	clinical_utilization	adapter_gene_id_resolved	0.0	0.0	0.0	12.0	0.0	0.0	0.0
mitochondrial_disease	84693	ncbi_gene	MCEE	1	2.0	gtr_mitochondrial_gene_summary	silver	clinical_utilization	silver	clinical_utilization	adapter_gene_id_resolved	0.0	0.0	0.0	11.0	0.0	0.0	0.0
mitochondrial_disease	4171	ncbi_gene	MCM2	1	2.0	gtr_mitochondrial_gene_summary	silver	clinical_utilization	silver	clinical_utilization	adapter_gene_id_resolved	0.0	0.0	0.0	1.0	0.0	0.0	0.0
mitochondrial_disease	57192	ncbi_gene	MCOLN1	1	2.0	gtr_mitochondrial_gene_summary	silver	clinical_utilization	silver	clinical_utilization	adapter_gene_id_resolved	0.0	0.0	0.0	16.0	0.0	0.0	0.0
mitochondrial_disease	79648	ncbi_gene	MCPH1	1	2.0	gtr_mitochondrial_gene_summary	silver	clinical_utilization	silver	clinical_utilization	adapter_gene_id_resolved	0.0	0.0	0.0	9.0	0.0	0.0	0.0
mitochondrial_disease	2122	ncbi_gene	MECOM	1	2.0	gtr_mitochondrial_gene_summary	silver	clinical_utilization	silver	clinical_utilization	adapter_gene_id_resolved	0.0	0.0	0.0	1.0	0.0	0.0	0.0
mitochondrial_disease	4204	ncbi_gene	MECP2	1	2.0	gtr_mitochondrial_gene_summary	silver	clinical_utilization	silver	clinical_utilization	adapter_gene_id_resolved	0.0	2.0	3.0	7.0	0.0	0.0	0.0
mitochondrial_disease	9968	ncbi_gene	MED12	1	2.0	gtr_mitochondrial_gene_summary	silver	clinical_utilization	silver	clinical_utilization	adapter_gene_id_resolved	0.0	0.0	1.0	6.0	0.0	0.0	0.0
mitochondrial_disease	23389	ncbi_gene	MED13L	1	2.0	gtr_mitochondrial_gene_summary	silver	clinical_utilization	silver	clinical_utilization	adapter_gene_id_resolved	0.0	0.0	0.0	2.0	0.0	0.0	0.0
mitochondrial_disease	9440	ncbi_gene	MED17	1	2.0	gtr_mitochondrial_gene_summary	silver	clinical_utilization	silver	clinical_utilization	adapter_gene_id_resolved	0.0	0.0	0.0	7.0	0.0	0.0	0.0
mitochondrial_disease	9439	ncbi_gene	MED23	1	2.0	gtr_mitochondrial_gene_summary	silver	clinical_utilization	silver	clinical_utilization	adapter_gene_id_resolved	0.0	0.0	0.0	3.0	0.0	0.0	0.0
mitochondrial_disease	4208	ncbi_gene	MEF2C	1	2.0	gtr_mitochondrial_gene_summary	silver	clinical_utilization	silver	clinical_utilization	adapter_gene_id_resolved	0.0	1.0	2.0	7.0	0.0	0.0	0.0
mitochondrial_disease	4210	ncbi_gene	MEFV	1	2.0	gtr_mitochondrial_gene_summary	silver	clinical_utilization	silver	clinical_utilization	adapter_gene_id_resolved	0.0	0.0	0.0	8.0	0.0	0.0	0.0
mitochondrial_disease	84466	ncbi_gene	MEGF10	1	2.0	gtr_mitochondrial_gene_summary	silver	clinical_utilization	silver	clinical_utilization	adapter_gene_id_resolved	0.0	0.0	2.0	0.0	0.0	0.0	0.0
mitochondrial_disease	1954	ncbi_gene	MEGF8	1	2.0	gtr_mitochondrial_gene_summary	silver	clinical_utilization	silver	clinical_utilization	adapter_gene_id_resolved	0.0	0.0	0.0	1.0	0.0	0.0	0.0
mitochondrial_disease	4211	ncbi_gene	MEIS1	1	2.0	gtr_mitochondrial_gene_summary	silver	clinical_utilization	silver	clinical_utilization	adapter_gene_id_resolved	0.0	0.0	0.0	1.0	0.0	0.0	0.0
mitochondrial_disease	4221	ncbi_gene	MEN1	1	2.0	gtr_mitochondrial_gene_summary	silver	clinical_utilization	silver	clinical_utilization	adapter_gene_id_resolved	0.0	1.0	4.0	0.0	0.0	0.0	0.0
mitochondrial_disease	4222	ncbi_gene	MEOX1	1	2.0	gtr_mitochondrial_gene_summary	silver	clinical_utilization	silver	clinical_utilization	adapter_gene_id_resolved	0.0	0.0	0.0	1.0	0.0	0.0	0.0
mitochondrial_disease	145873	ncbi_gene	MESP2	1	2.0	gtr_mitochondrial_gene_summary	silver	clinical_utilization	silver	clinical_utilization	adapter_gene_id_resolved	0.0	0.0	0.0	6.0	0.0	0.0	0.0
mitochondrial_disease	4233	ncbi_gene	MET	1	2.0	gtr_mitochondrial_gene_summary	silver	clinical_utilization	silver	clinical_utilization	adapter_gene_id_resolved	0.0	2.0	4.0	1.0	0.0	0.0	0.0
mitochondrial_disease	8076	ncbi_gene	MFAP5	1	2.0	gtr_mitochondrial_gene_summary	silver	clinical_utilization	silver	clinical_utilization	adapter_gene_id_resolved	0.0	0.0	0.0	2.0	0.0	0.0	0.0
mitochondrial_disease	56947	ncbi_gene	MFF	1	2.0	gtr_mitochondrial_gene_summary	silver	clinical_utilization	silver	clinical_utilization	adapter_gene_id_resolved	7.0	1.0	5.0	9.0	0.0	0.0	0.0
mitochondrial_disease	9927	ncbi_gene	MFN2	1	2.0	gtr_mitochondrial_gene_summary	silver	clinical_utilization	silver	clinical_utilization	adapter_gene_id_resolved	0.0	2.0	1.0	5.0	0.0	0.0	0.0
mitochondrial_disease	84879	ncbi_gene	MFSD2A	1	2.0	gtr_mitochondrial_gene_summary	silver	clinical_utilization	silver	clinical_utilization	adapter_gene_id_resolved	0.0	0.0	0.0	1.0	0.0	0.0	0.0
mitochondrial_disease	256471	ncbi_gene	MFSD8	1	2.0	gtr_mitochondrial_gene_summary	silver	clinical_utilization	silver	clinical_utilization	adapter_gene_id_resolved	0.0	0.0	1.0	9.0	0.0	0.0	0.0
mitochondrial_disease	4247	ncbi_gene	MGAT2	1	2.0	gtr_mitochondrial_gene_summary	silver	clinical_utilization	silver	clinical_utilization	adapter_gene_id_resolved	0.0	0.0	0.0	3.0	0.0	0.0	0.0
mitochondrial_disease	92667	ncbi_gene	MGME1	1	2.0	gtr_mitochondrial_gene_summary	silver	clinical_utilization	silver	clinical_utilization	adapter_gene_id_resolved	6.0	7.0	9.0	11.0	0.0	0.0	0.0
mitochondrial_disease	4256	ncbi_gene	MGP	1	2.0	gtr_mitochondrial_gene_summary	silver	clinical_utilization	silver	clinical_utilization	adapter_gene_id_resolved	0.0	0.0	0.0	2.0	0.0	0.0	0.0
mitochondrial_disease	125988	ncbi_gene	MICOS13	1	2.0	gtr_mitochondrial_gene_summary	silver	clinical_utilization	silver	clinical_utilization	adapter_gene_id_resolved	1.0	0.0	2.0	3.0	0.0	0.0	0.0
mitochondrial_disease	10367	ncbi_gene	MICU1	1	2.0	gtr_mitochondrial_gene_summary	silver	clinical_utilization	silver	clinical_utilization	adapter_gene_id_resolved	0.0	0.0	1.0	7.0	0.0	0.0	0.0
mitochondrial_disease	4281	ncbi_gene	MID1	1	2.0	gtr_mitochondrial_gene_summary	silver	clinical_utilization	silver	clinical_utilization	adapter_gene_id_resolved	0.0	0.0	1.0	11.0	0.0	0.0	0.0
mitochondrial_disease	4284	ncbi_gene	MIP	1	2.0	gtr_mitochondrial_gene_summary	silver	clinical_utilization	silver	clinical_utilization	adapter_gene_id_resolved	0.0	0.0	1.0	0.0	0.0	0.0	0.0
mitochondrial_disease	4285	ncbi_gene	MIPEP	1	2.0	gtr_mitochondrial_gene_summary	silver	clinical_utilization	silver	clinical_utilization	adapter_gene_id_resolved	4.0	0.0	1.0	5.0	0.0	0.0	0.0
mitochondrial_disease	407053	ncbi_gene	MIR96	1	2.0	gtr_mitochondrial_gene_summary	silver	clinical_utilization	silver	clinical_utilization	adapter_gene_id_resolved	0.0	0.0	0.0	1.0	0.0	0.0	0.0
mitochondrial_disease	4286	ncbi_gene	MITF	1	2.0	gtr_mitochondrial_gene_summary	silver	clinical_utilization	silver	clinical_utilization	adapter_gene_id_resolved	0.0	0.0	3.0	4.0	0.0	0.0	0.0
mitochondrial_disease	8195	ncbi_gene	MKKS	1	2.0	gtr_mitochondrial_gene_summary	silver	clinical_utilization	silver	clinical_utilization	adapter_gene_id_resolved	0.0	0.0	0.0	7.0	0.0	0.0	0.0
mitochondrial_disease	54903	ncbi_gene	MKS1	1	2.0	gtr_mitochondrial_gene_summary	silver	clinical_utilization	silver	clinical_utilization	adapter_gene_id_resolved	0.0	0.0	0.0	7.0	0.0	0.0	0.0
mitochondrial_disease	23209	ncbi_gene	MLC1	1	2.0	gtr_mitochondrial_gene_summary	silver	clinical_utilization	silver	clinical_utilization	adapter_gene_id_resolved	0.0	0.0	2.0	13.0	0.0	0.0	0.0
mitochondrial_disease	4292	ncbi_gene	MLH1	1	2.0	gtr_mitochondrial_gene_summary	silver	clinical_utilization	silver	clinical_utilization	adapter_gene_id_resolved	0.0	0.0	2.0	1.0	0.0	0.0	0.0
mitochondrial_disease	27030	ncbi_gene	MLH3	1	2.0	gtr_mitochondrial_gene_summary	silver	clinical_utilization	silver	clinical_utilization	adapter_gene_id_resolved	0.0	0.0	1.0	0.0	0.0	0.0	0.0
mitochondrial_disease	79083	ncbi_gene	MLPH	1	2.0	gtr_mitochondrial_gene_summary	silver	clinical_utilization	silver	clinical_utilization	adapter_gene_id_resolved	0.0	0.0	1.0	0.0	0.0	0.0	0.0
mitochondrial_disease	23417	ncbi_gene	MLYCD	1	2.0	gtr_mitochondrial_gene_summary	silver	clinical_utilization	silver	clinical_utilization	adapter_gene_id_resolved	0.0	0.0	0.0	4.0	0.0	0.0	0.0
mitochondrial_disease	166785	ncbi_gene	MMAA	1	2.0	gtr_mitochondrial_gene_summary	silver	clinical_utilization	silver	clinical_utilization	adapter_gene_id_resolved	0.0	0.0	0.0	13.0	0.0	0.0	0.0
mitochondrial_disease	326625	ncbi_gene	MMAB	1	2.0	gtr_mitochondrial_gene_summary	silver	clinical_utilization	silver	clinical_utilization	adapter_gene_id_resolved	0.0	0.0	0.0	12.0	0.0	0.0	0.0
mitochondrial_disease	25974	ncbi_gene	MMACHC	1	2.0	gtr_mitochondrial_gene_summary	silver	clinical_utilization	silver	clinical_utilization	adapter_gene_id_resolved	0.0	0.0	0.0	14.0	0.0	0.0	0.0
mitochondrial_disease	27249	ncbi_gene	MMADHC	1	2.0	gtr_mitochondrial_gene_summary	silver	clinical_utilization	silver	clinical_utilization	adapter_gene_id_resolved	0.0	0.0	0.0	12.0	0.0	0.0	0.0
mitochondrial_disease	4312	ncbi_gene	MMP1	1	2.0	gtr_mitochondrial_gene_summary	silver	clinical_utilization	silver	clinical_utilization	adapter_gene_id_resolved	0.0	0.0	0.0	1.0	0.0	0.0	0.0
mitochondrial_disease	4594	ncbi_gene	MMUT	1	2.0	gtr_mitochondrial_gene_summary	silver	clinical_utilization	silver	clinical_utilization	adapter_gene_id_resolved	0.0	0.0	0.0	13.0	0.0	0.0	0.0
mitochondrial_disease	55034	ncbi_gene	MOCOS	1	2.0	gtr_mitochondrial_gene_summary	silver	clinical_utilization	silver	clinical_utilization	adapter_gene_id_resolved	0.0	0.0	0.0	1.0	0.0	0.0	0.0
mitochondrial_disease	4337	ncbi_gene	MOCS1	1	2.0	gtr_mitochondrial_gene_summary	silver	clinical_utilization	silver	clinical_utilization	adapter_gene_id_resolved	0.0	0.0	1.0	9.0	0.0	0.0	0.0
mitochondrial_disease	4338	ncbi_gene	MOCS2	1	2.0	gtr_mitochondrial_gene_summary	silver	clinical_utilization	silver	clinical_utilization	adapter_gene_id_resolved	0.0	0.0	1.0	9.0	0.0	0.0	0.0
mitochondrial_disease	27304	ncbi_gene	MOCS3	1	2.0	gtr_mitochondrial_gene_summary	silver	clinical_utilization	silver	clinical_utilization	adapter_gene_id_resolved	1.0	1.0	0.0	0.0	0.0	0.0	0.0
mitochondrial_disease	7841	ncbi_gene	MOGS	1	2.0	gtr_mitochondrial_gene_summary	silver	clinical_utilization	silver	clinical_utilization	adapter_gene_id_resolved	0.0	0.0	0.0	4.0	0.0	0.0	0.0
mitochondrial_disease	22880	ncbi_gene	MORC2	1	2.0	gtr_mitochondrial_gene_summary	silver	clinical_utilization	silver	clinical_utilization	adapter_gene_id_resolved	0.0	0.0	0.0	1.0	0.0	0.0	0.0
mitochondrial_disease	51660	ncbi_gene	MPC1	1	2.0	gtr_mitochondrial_gene_summary	silver	clinical_utilization	silver	clinical_utilization	adapter_gene_id_resolved	5.0	2.0	6.0	10.0	0.0	0.0	0.0
mitochondrial_disease	9526	ncbi_gene	MPDU1	1	2.0	gtr_mitochondrial_gene_summary	silver	clinical_utilization	silver	clinical_utilization	adapter_gene_id_resolved	0.0	0.0	0.0	2.0	0.0	0.0	0.0
mitochondrial_disease	8777	ncbi_gene	MPDZ	1	2.0	gtr_mitochondrial_gene_summary	silver	clinical_utilization	silver	clinical_utilization	adapter_gene_id_resolved	0.0	0.0	0.0	1.0	0.0	0.0	0.0
mitochondrial_disease	4351	ncbi_gene	MPI	1	2.0	gtr_mitochondrial_gene_summary	silver	clinical_utilization	silver	clinical_utilization	adapter_gene_id_resolved	0.0	0.0	0.0	9.0	0.0	0.0	0.0
mitochondrial_disease	4352	ncbi_gene	MPL	1	2.0	gtr_mitochondrial_gene_summary	silver	clinical_utilization	silver	clinical_utilization	adapter_gene_id_resolved	0.0	0.0	1.0	8.0	0.0	0.0	0.0
mitochondrial_disease	4353	ncbi_gene	MPO	1	2.0	gtr_mitochondrial_gene_summary	silver	clinical_utilization	silver	clinical_utilization	adapter_gene_id_resolved	0.0	0.0	1.0	0.0	0.0	0.0	0.0
mitochondrial_disease	23164	ncbi_gene	MPRIP	1	2.0	gtr_mitochondrial_gene_summary	silver	clinical_utilization	silver	clinical_utilization	adapter_gene_id_resolved	0.0	0.0	0.0	1.0	0.0	0.0	0.0
mitochondrial_disease	4359	ncbi_gene	MPZ	1	2.0	gtr_mitochondrial_gene_summary	silver	clinical_utilization	silver	clinical_utilization	adapter_gene_id_resolved	0.0	0.0	1.0	0.0	0.0	0.0	0.0
mitochondrial_disease	3140	ncbi_gene	MR1	1	2.0	gtr_mitochondrial_gene_summary	silver	clinical_utilization	silver	clinical_utilization	adapter_gene_id_resolved	0.0	0.0	0.0	1.0	0.0	0.0	0.0
mitochondrial_disease	22808	ncbi_gene	MRAS	1	2.0	gtr_mitochondrial_gene_summary	silver	clinical_utilization	silver	clinical_utilization	adapter_gene_id_resolved	0.0	0.0	0.0	3.0	0.0	0.0	0.0
mitochondrial_disease	4361	ncbi_gene	MRE11	1	2.0	gtr_mitochondrial_gene_summary	silver	clinical_utilization	silver	clinical_utilization	adapter_gene_id_resolved	0.0	0.0	1.0	2.0	0.0	0.0	0.0
mitochondrial_disease	29960	ncbi_gene	MRM2	1	2.0	gtr_mitochondrial_gene_summary	silver	clinical_utilization	silver	clinical_utilization	adapter_gene_id_resolved	1.0	0.0	0.0	2.0	0.0	0.0	0.0
mitochondrial_disease	6182	ncbi_gene	MRPL12	1	2.0	gtr_mitochondrial_gene_summary	silver	clinical_utilization	silver	clinical_utilization	adapter_gene_id_resolved	1.0	0.0	0.0	4.0	0.0	0.0	0.0
mitochondrial_disease	11222	ncbi_gene	MRPL3	1	2.0	gtr_mitochondrial_gene_summary	silver	clinical_utilization	silver	clinical_utilization	adapter_gene_id_resolved	8.0	1.0	8.0	10.0	0.0	0.0	0.0
mitochondrial_disease	54148	ncbi_gene	MRPL39	1	2.0	gtr_mitochondrial_gene_summary	silver	clinical_utilization	silver	clinical_utilization	adapter_gene_id_resolved	1.0	0.0	0.0	0.0	0.0	0.0	0.0
mitochondrial_disease	64976	ncbi_gene	MRPL40	1	2.0	gtr_mitochondrial_gene_summary	silver	clinical_utilization	silver	clinical_utilization	adapter_gene_id_resolved	0.0	0.0	0.0	1.0	0.0	0.0	0.0
mitochondrial_disease	84545	ncbi_gene	MRPL43	1	2.0	gtr_mitochondrial_gene_summary	silver	clinical_utilization	silver	clinical_utilization	adapter_gene_id_resolved	1.0	0.0	2.0	1.0	0.0	0.0	0.0
mitochondrial_disease	65080	ncbi_gene	MRPL44	1	2.0	gtr_mitochondrial_gene_summary	silver	clinical_utilization	silver	clinical_utilization	adapter_gene_id_resolved	10.0	0.0	7.0	12.0	0.0	0.0	0.0
mitochondrial_disease	63931	ncbi_gene	MRPS14	1	2.0	gtr_mitochondrial_gene_summary	silver	clinical_utilization	silver	clinical_utilization	adapter_gene_id_resolved	1.0	0.0	1.0	3.0	0.0	0.0	0.0
mitochondrial_disease	51021	ncbi_gene	MRPS16	1	2.0	gtr_mitochondrial_gene_summary	silver	clinical_utilization	silver	clinical_utilization	adapter_gene_id_resolved	7.0	0.0	8.0	18.0	0.0	0.0	0.0
mitochondrial_disease	51116	ncbi_gene	MRPS2	1	2.0	gtr_mitochondrial_gene_summary	silver	clinical_utilization	silver	clinical_utilization	adapter_gene_id_resolved	1.0	0.0	2.0	8.0	0.0	0.0	0.0
mitochondrial_disease	56945	ncbi_gene	MRPS22	1	2.0	gtr_mitochondrial_gene_summary	silver	clinical_utilization	silver	clinical_utilization	adapter_gene_id_resolved	0.0	0.0	2.0	12.0	0.0	0.0	0.0
mitochondrial_disease	51649	ncbi_gene	MRPS23	1	2.0	gtr_mitochondrial_gene_summary	silver	clinical_utilization	silver	clinical_utilization	adapter_gene_id_resolved	1.0	0.0	1.0	3.0	0.0	0.0	0.0
mitochondrial_disease	64432	ncbi_gene	MRPS25	1	2.0	gtr_mitochondrial_gene_summary	silver	clinical_utilization	silver	clinical_utilization	adapter_gene_id_resolved	0.0	0.0	1.0	0.0	0.0	0.0	0.0
mitochondrial_disease	28957	ncbi_gene	MRPS28	1	2.0	gtr_mitochondrial_gene_summary	silver	clinical_utilization	silver	clinical_utilization	adapter_gene_id_resolved	0.0	0.0	1.0	0.0	0.0	0.0	0.0
mitochondrial_disease	65993	ncbi_gene	MRPS34	1	2.0	gtr_mitochondrial_gene_summary	silver	clinical_utilization	silver	clinical_utilization	adapter_gene_id_resolved	1.0	0.0	1.0	7.0	0.0	0.0	0.0
mitochondrial_disease	51081	ncbi_gene	MRPS7	1	2.0	gtr_mitochondrial_gene_summary	silver	clinical_utilization	silver	clinical_utilization	adapter_gene_id_resolved	1.0	0.0	2.0	7.0	0.0	0.0	0.0
mitochondrial_disease	92399	ncbi_gene	MRRF	1	2.0	gtr_mitochondrial_gene_summary	silver	clinical_utilization	silver	clinical_utilization	adapter_gene_id_resolved	0.0	0.0	0.0	2.0	0.0	0.0	0.0
mitochondrial_disease	57380	ncbi_gene	MRS2	1	2.0	gtr_mitochondrial_gene_summary	silver	clinical_utilization	silver	clinical_utilization	adapter_gene_id_resolved	0.0	0.0	0.0	1.0	0.0	0.0	0.0
mitochondrial_disease	4436	ncbi_gene	MSH2	1	2.0	gtr_mitochondrial_gene_summary	silver	clinical_utilization	silver	clinical_utilization	adapter_gene_id_resolved	0.0	0.0	2.0	1.0	0.0	0.0	0.0
mitochondrial_disease	4437	ncbi_gene	MSH3	1	2.0	gtr_mitochondrial_gene_summary	silver	clinical_utilization	silver	clinical_utilization	adapter_gene_id_resolved	2.0	0.0	3.0	0.0	0.0	0.0	0.0
mitochondrial_disease	2956	ncbi_gene	MSH6	1	2.0	gtr_mitochondrial_gene_summary	silver	clinical_utilization	silver	clinical_utilization	adapter_gene_id_resolved	0.0	0.0	2.0	1.0	0.0	0.0	0.0
mitochondrial_disease	4482	ncbi_gene	MSRA	1	2.0	gtr_mitochondrial_gene_summary	silver	clinical_utilization	silver	clinical_utilization	adapter_gene_id_resolved	0.0	0.0	0.0	1.0	0.0	0.0	0.0
mitochondrial_disease	2660	ncbi_gene	MSTN	1	2.0	gtr_mitochondrial_gene_summary	silver	clinical_utilization	silver	clinical_utilization	adapter_gene_id_resolved	0.0	0.0	1.0	0.0	0.0	0.0	0.0
mitochondrial_disease	55154	ncbi_gene	MSTO1	1	2.0	gtr_mitochondrial_gene_summary	silver	clinical_utilization	silver	clinical_utilization	adapter_gene_id_resolved	1.0	1.0	2.0	8.0	0.0	0.0	0.0
mitochondrial_disease	4488	ncbi_gene	MSX2	1	2.0	gtr_mitochondrial_gene_summary	silver	clinical_utilization	silver	clinical_utilization	adapter_gene_id_resolved	0.0	0.0	0.0	1.0	0.0	0.0	0.0
mitochondrial_disease	4508	ncbi_gene	MT-ATP6	1	2.0	gtr_mitochondrial_gene_summary	silver	clinical_utilization	silver	clinical_utilization	adapter_gene_id_resolved	7.0	3.0	8.0	3.0	0.0	0.0	0.0
mitochondrial_disease	4509	ncbi_gene	MT-ATP8	1	2.0	gtr_mitochondrial_gene_summary	silver	clinical_utilization	silver	clinical_utilization	adapter_gene_id_resolved	2.0	3.0	8.0	3.0	0.0	0.0	0.0
mitochondrial_disease	4512	ncbi_gene	MT-CO1	1	2.0	gtr_mitochondrial_gene_summary	silver	clinical_utilization	silver	clinical_utilization	adapter_gene_id_resolved	2.0	2.0	8.0	3.0	0.0	0.0	0.0
mitochondrial_disease	4513	ncbi_gene	MT-CO2	1	2.0	gtr_mitochondrial_gene_summary	silver	clinical_utilization	silver	clinical_utilization	adapter_gene_id_resolved	0.0	1.0	8.0	3.0	0.0	0.0	0.0
mitochondrial_disease	4514	ncbi_gene	MT-CO3	1	2.0	gtr_mitochondrial_gene_summary	silver	clinical_utilization	silver	clinical_utilization	adapter_gene_id_resolved	1.0	1.0	8.0	3.0	0.0	0.0	0.0
mitochondrial_disease	4519	ncbi_gene	MT-CYB	1	2.0	gtr_mitochondrial_gene_summary	silver	clinical_utilization	silver	clinical_utilization	adapter_gene_id_resolved	1.0	1.0	8.0	3.0	0.0	0.0	0.0
mitochondrial_disease	4535	ncbi_gene	MT-ND1	1	2.0	gtr_mitochondrial_gene_summary	silver	clinical_utilization	silver	clinical_utilization	adapter_gene_id_resolved	0.0	2.0	8.0	3.0	0.0	0.0	0.0
mitochondrial_disease	4536	ncbi_gene	MT-ND2	1	2.0	gtr_mitochondrial_gene_summary	silver	clinical_utilization	silver	clinical_utilization	adapter_gene_id_resolved	1.0	1.0	8.0	3.0	0.0	0.0	0.0
mitochondrial_disease	4537	ncbi_gene	MT-ND3	1	2.0	gtr_mitochondrial_gene_summary	silver	clinical_utilization	silver	clinical_utilization	adapter_gene_id_resolved	2.0	1.0	8.0	3.0	0.0	0.0	0.0
mitochondrial_disease	4538	ncbi_gene	MT-ND4	1	2.0	gtr_mitochondrial_gene_summary	silver	clinical_utilization	silver	clinical_utilization	adapter_gene_id_resolved	1.0	1.0	8.0	3.0	0.0	0.0	0.0
mitochondrial_disease	4539	ncbi_gene	MT-ND4L	1	2.0	gtr_mitochondrial_gene_summary	silver	clinical_utilization	silver	clinical_utilization	adapter_gene_id_resolved	0.0	0.0	8.0	2.0	0.0	0.0	0.0
mitochondrial_disease	4540	ncbi_gene	MT-ND5	1	2.0	gtr_mitochondrial_gene_summary	silver	clinical_utilization	silver	clinical_utilization	adapter_gene_id_resolved	1.0	1.0	8.0	3.0	0.0	0.0	0.0
mitochondrial_disease	4541	ncbi_gene	MT-ND6	1	2.0	gtr_mitochondrial_gene_summary	silver	clinical_utilization	silver	clinical_utilization	adapter_gene_id_resolved	0.0	1.0	8.0	3.0	0.0	0.0	0.0
mitochondrial_disease	4549	ncbi_gene	MT-RNR1	1	2.0	gtr_mitochondrial_gene_summary	silver	clinical_utilization	silver	clinical_utilization	adapter_gene_id_resolved	8.0	3.0	8.0	2.0	0.0	0.0	0.0
mitochondrial_disease	4550	ncbi_gene	MT-RNR2	1	2.0	gtr_mitochondrial_gene_summary	silver	clinical_utilization	silver	clinical_utilization	adapter_gene_id_resolved	0.0	1.0	8.0	1.0	0.0	0.0	0.0
mitochondrial_disease	4553	ncbi_gene	MT-TA	1	2.0	gtr_mitochondrial_gene_summary	silver	clinical_utilization	silver	clinical_utilization	adapter_gene_id_resolved	0.0	0.0	8.0	2.0	0.0	0.0	0.0
mitochondrial_disease	4511	ncbi_gene	MT-TC	1	2.0	gtr_mitochondrial_gene_summary	silver	clinical_utilization	silver	clinical_utilization	adapter_gene_id_resolved	0.0	0.0	8.0	2.0	0.0	0.0	0.0
mitochondrial_disease	4555	ncbi_gene	MT-TD	1	2.0	gtr_mitochondrial_gene_summary	silver	clinical_utilization	silver	clinical_utilization	adapter_gene_id_resolved	1.0	0.0	8.0	2.0	0.0	0.0	0.0
mitochondrial_disease	4556	ncbi_gene	MT-TE	1	2.0	gtr_mitochondrial_gene_summary	silver	clinical_utilization	silver	clinical_utilization	adapter_gene_id_resolved	0.0	1.0	8.0	2.0	0.0	0.0	0.0
mitochondrial_disease	4558	ncbi_gene	MT-TF	1	2.0	gtr_mitochondrial_gene_summary	silver	clinical_utilization	silver	clinical_utilization	adapter_gene_id_resolved	0.0	0.0	8.0	2.0	0.0	0.0	0.0
mitochondrial_disease	4563	ncbi_gene	MT-TG	1	2.0	gtr_mitochondrial_gene_summary	silver	clinical_utilization	silver	clinical_utilization	adapter_gene_id_resolved	0.0	0.0	8.0	2.0	0.0	0.0	0.0
mitochondrial_disease	4564	ncbi_gene	MT-TH	1	2.0	gtr_mitochondrial_gene_summary	silver	clinical_utilization	silver	clinical_utilization	adapter_gene_id_resolved	1.0	2.0	8.0	2.0	0.0	0.0	0.0
mitochondrial_disease	4565	ncbi_gene	MT-TI	1	2.0	gtr_mitochondrial_gene_summary	silver	clinical_utilization	silver	clinical_utilization	adapter_gene_id_resolved	0.0	1.0	8.0	2.0	0.0	0.0	0.0
mitochondrial_disease	4566	ncbi_gene	MT-TK	1	2.0	gtr_mitochondrial_gene_summary	silver	clinical_utilization	silver	clinical_utilization	adapter_gene_id_resolved	1.0	0.0	8.0	2.0	0.0	0.0	0.0
mitochondrial_disease	4567	ncbi_gene	MT-TL1	1	2.0	gtr_mitochondrial_gene_summary	silver	clinical_utilization	silver	clinical_utilization	adapter_gene_id_resolved	1.0	1.0	8.0	3.0	0.0	0.0	0.0
mitochondrial_disease	4568	ncbi_gene	MT-TL2	1	2.0	gtr_mitochondrial_gene_summary	silver	clinical_utilization	silver	clinical_utilization	adapter_gene_id_resolved	1.0	0.0	8.0	3.0	0.0	0.0	0.0
mitochondrial_disease	4569	ncbi_gene	MT-TM	1	2.0	gtr_mitochondrial_gene_summary	silver	clinical_utilization	silver	clinical_utilization	adapter_gene_id_resolved	0.0	0.0	8.0	2.0	0.0	0.0	0.0
mitochondrial_disease	4570	ncbi_gene	MT-TN	1	2.0	gtr_mitochondrial_gene_summary	silver	clinical_utilization	silver	clinical_utilization	adapter_gene_id_resolved	0.0	0.0	8.0	2.0	0.0	0.0	0.0
mitochondrial_disease	4571	ncbi_gene	MT-TP	1	2.0	gtr_mitochondrial_gene_summary	silver	clinical_utilization	silver	clinical_utilization	adapter_gene_id_resolved	0.0	0.0	8.0	2.0	0.0	0.0	0.0
mitochondrial_disease	4572	ncbi_gene	MT-TQ	1	2.0	gtr_mitochondrial_gene_summary	silver	clinical_utilization	silver	clinical_utilization	adapter_gene_id_resolved	0.0	0.0	8.0	2.0	0.0	0.0	0.0
mitochondrial_disease	4573	ncbi_gene	MT-TR	1	2.0	gtr_mitochondrial_gene_summary	silver	clinical_utilization	silver	clinical_utilization	adapter_gene_id_resolved	0.0	0.0	8.0	2.0	0.0	0.0	0.0
mitochondrial_disease	4574	ncbi_gene	MT-TS1	1	2.0	gtr_mitochondrial_gene_summary	silver	clinical_utilization	silver	clinical_utilization	adapter_gene_id_resolved	6.0	2.0	8.0	3.0	0.0	0.0	0.0
mitochondrial_disease	4575	ncbi_gene	MT-TS2	1	2.0	gtr_mitochondrial_gene_summary	silver	clinical_utilization	silver	clinical_utilization	adapter_gene_id_resolved	0.0	0.0	8.0	3.0	0.0	0.0	0.0
mitochondrial_disease	4576	ncbi_gene	MT-TT	1	2.0	gtr_mitochondrial_gene_summary	silver	clinical_utilization	silver	clinical_utilization	adapter_gene_id_resolved	0.0	0.0	8.0	1.0	0.0	0.0	0.0
mitochondrial_disease	4577	ncbi_gene	MT-TV	1	2.0	gtr_mitochondrial_gene_summary	silver	clinical_utilization	silver	clinical_utilization	adapter_gene_id_resolved	0.0	0.0	8.0	3.0	0.0	0.0	0.0
mitochondrial_disease	4578	ncbi_gene	MT-TW	1	2.0	gtr_mitochondrial_gene_summary	silver	clinical_utilization	silver	clinical_utilization	adapter_gene_id_resolved	0.0	0.0	8.0	2.0	0.0	0.0	0.0
mitochondrial_disease	4579	ncbi_gene	MT-TY	1	2.0	gtr_mitochondrial_gene_summary	silver	clinical_utilization	silver	clinical_utilization	adapter_gene_id_resolved	0.0	0.0	8.0	2.0	0.0	0.0	0.0
mitochondrial_disease	123263	ncbi_gene	MTFMT	1	2.0	gtr_mitochondrial_gene_summary	silver	clinical_utilization	silver	clinical_utilization	adapter_gene_id_resolved	9.0	3.0	14.0	19.0	0.0	0.0	0.0
mitochondrial_disease	4522	ncbi_gene	MTHFD1	1	2.0	gtr_mitochondrial_gene_summary	silver	clinical_utilization	silver	clinical_utilization	adapter_gene_id_resolved	0.0	0.0	0.0	7.0	0.0	0.0	0.0
mitochondrial_disease	4524	ncbi_gene	MTHFR	1	2.0	gtr_mitochondrial_gene_summary	silver	clinical_utilization	silver	clinical_utilization	adapter_gene_id_resolved	0.0	0.0	0.0	5.0	0.0	0.0	0.0
mitochondrial_disease	4534	ncbi_gene	MTM1	1	2.0	gtr_mitochondrial_gene_summary	silver	clinical_utilization	silver	clinical_utilization	adapter_gene_id_resolved	0.0	0.0	3.0	9.0	0.0	0.0	0.0
mitochondrial_disease	64419	ncbi_gene	MTMR14	1	2.0	gtr_mitochondrial_gene_summary	silver	clinical_utilization	silver	clinical_utilization	adapter_gene_id_resolved	0.0	0.0	1.0	0.0	0.0	0.0	0.0
mitochondrial_disease	9108	ncbi_gene	MTMR7	1	2.0	gtr_mitochondrial_gene_summary	silver	clinical_utilization	silver	clinical_utilization	adapter_gene_id_resolved	0.0	0.0	0.0	1.0	0.0	0.0	0.0
mitochondrial_disease	25821	ncbi_gene	MTO1	1	2.0	gtr_mitochondrial_gene_summary	silver	clinical_utilization	silver	clinical_utilization	adapter_gene_id_resolved	18.0	10.0	11.0	17.0	0.0	0.0	0.0
mitochondrial_disease	2475	ncbi_gene	MTOR	1	2.0	gtr_mitochondrial_gene_summary	silver	clinical_utilization	silver	clinical_utilization	adapter_gene_id_resolved	0.0	0.0	0.0	1.0	0.0	0.0	0.0
mitochondrial_disease	55149	ncbi_gene	MTPAP	1	2.0	gtr_mitochondrial_gene_summary	silver	clinical_utilization	silver	clinical_utilization	adapter_gene_id_resolved	0.0	2.0	1.0	10.0	0.0	0.0	0.0
mitochondrial_disease	4548	ncbi_gene	MTR	1	2.0	gtr_mitochondrial_gene_summary	silver	clinical_utilization	silver	clinical_utilization	adapter_gene_id_resolved	0.0	0.0	0.0	3.0	0.0	0.0	0.0
mitochondrial_disease	91574	ncbi_gene	MTRFR	1	2.0	gtr_mitochondrial_gene_summary	silver	clinical_utilization	silver	clinical_utilization	adapter_gene_id_resolved	22.0	12.0	12.0	17.0	0.0	0.0	0.0
mitochondrial_disease	4552	ncbi_gene	MTRR	1	2.0	gtr_mitochondrial_gene_summary	silver	clinical_utilization	silver	clinical_utilization	adapter_gene_id_resolved	0.0	0.0	0.0	9.0	0.0	0.0	0.0
mitochondrial_disease	4547	ncbi_gene	MTTP	1	2.0	gtr_mitochondrial_gene_summary	silver	clinical_utilization	silver	clinical_utilization	adapter_gene_id_resolved	0.0	0.0	0.0	10.0	0.0	0.0	0.0
mitochondrial_disease	4593	ncbi_gene	MUSK	1	2.0	gtr_mitochondrial_gene_summary	silver	clinical_utilization	silver	clinical_utilization	adapter_gene_id_resolved	0.0	0.0	1.0	1.0	0.0	0.0	0.0
mitochondrial_disease	4595	ncbi_gene	MUTYH	1	2.0	gtr_mitochondrial_gene_summary	silver	clinical_utilization	silver	clinical_utilization	adapter_gene_id_resolved	0.0	0.0	3.0	0.0	0.0	0.0	0.0
mitochondrial_disease	4598	ncbi_gene	MVK	1	2.0	gtr_mitochondrial_gene_summary	silver	clinical_utilization	silver	clinical_utilization	adapter_gene_id_resolved	0.0	0.0	0.0	9.0	0.0	0.0	0.0
mitochondrial_disease	54587	ncbi_gene	MXRA8	1	2.0	gtr_mitochondrial_gene_summary	silver	clinical_utilization	silver	clinical_utilization	adapter_gene_id_resolved	0.0	0.0	0.0	1.0	0.0	0.0	0.0
mitochondrial_disease	4604	ncbi_gene	MYBPC1	1	2.0	gtr_mitochondrial_gene_summary	silver	clinical_utilization	silver	clinical_utilization	adapter_gene_id_resolved	0.0	0.0	1.0	2.0	0.0	0.0	0.0
mitochondrial_disease	4607	ncbi_gene	MYBPC3	1	2.0	gtr_mitochondrial_gene_summary	silver	clinical_utilization	silver	clinical_utilization	adapter_gene_id_resolved	0.0	1.0	3.0	2.0	0.0	0.0	0.0
mitochondrial_disease	23077	ncbi_gene	MYCBP2	1	2.0	gtr_mitochondrial_gene_summary	silver	clinical_utilization	silver	clinical_utilization	adapter_gene_id_resolved	0.0	1.0	0.0	0.0	0.0	0.0	0.0
mitochondrial_disease	4613	ncbi_gene	MYCN	1	2.0	gtr_mitochondrial_gene_summary	silver	clinical_utilization	silver	clinical_utilization	adapter_gene_id_resolved	0.0	0.0	0.0	1.0	0.0	0.0	0.0
mitochondrial_disease	4618	ncbi_gene	MYF6	1	2.0	gtr_mitochondrial_gene_summary	silver	clinical_utilization	silver	clinical_utilization	adapter_gene_id_resolved	0.0	0.0	2.0	0.0	0.0	0.0	0.0
mitochondrial_disease	4619	ncbi_gene	MYH1	1	2.0	gtr_mitochondrial_gene_summary	silver	clinical_utilization	silver	clinical_utilization	adapter_gene_id_resolved	0.0	0.0	1.0	0.0	0.0	0.0	0.0
mitochondrial_disease	4628	ncbi_gene	MYH10	1	2.0	gtr_mitochondrial_gene_summary	silver	clinical_utilization	silver	clinical_utilization	adapter_gene_id_resolved	0.0	1.0	0.0	0.0	0.0	0.0	0.0
mitochondrial_disease	4629	ncbi_gene	MYH11	1	2.0	gtr_mitochondrial_gene_summary	silver	clinical_utilization	silver	clinical_utilization	adapter_gene_id_resolved	0.0	0.0	0.0	2.0	0.0	0.0	0.0
mitochondrial_disease	79784	ncbi_gene	MYH14	1	2.0	gtr_mitochondrial_gene_summary	silver	clinical_utilization	silver	clinical_utilization	adapter_gene_id_resolved	0.0	0.0	1.0	1.0	0.0	0.0	0.0
mitochondrial_disease	4620	ncbi_gene	MYH2	1	2.0	gtr_mitochondrial_gene_summary	silver	clinical_utilization	silver	clinical_utilization	adapter_gene_id_resolved	0.0	1.0	1.0	0.0	0.0	0.0	0.0
mitochondrial_disease	4621	ncbi_gene	MYH3	1	2.0	gtr_mitochondrial_gene_summary	silver	clinical_utilization	silver	clinical_utilization	adapter_gene_id_resolved	0.0	0.0	0.0	2.0	0.0	0.0	0.0
mitochondrial_disease	4624	ncbi_gene	MYH6	1	2.0	gtr_mitochondrial_gene_summary	silver	clinical_utilization	silver	clinical_utilization	adapter_gene_id_resolved	0.0	0.0	3.0	2.0	0.0	0.0	0.0
mitochondrial_disease	4625	ncbi_gene	MYH7	1	2.0	gtr_mitochondrial_gene_summary	silver	clinical_utilization	silver	clinical_utilization	adapter_gene_id_resolved	0.0	1.0	5.0	4.0	0.0	0.0	0.0
mitochondrial_disease	57644	ncbi_gene	MYH7B	1	2.0	gtr_mitochondrial_gene_summary	silver	clinical_utilization	silver	clinical_utilization	adapter_gene_id_resolved	0.0	1.0	0.0	0.0	0.0	0.0	0.0
mitochondrial_disease	4627	ncbi_gene	MYH9	1	2.0	gtr_mitochondrial_gene_summary	silver	clinical_utilization	silver	clinical_utilization	adapter_gene_id_resolved	0.0	0.0	0.0	1.0	0.0	0.0	0.0
mitochondrial_disease	4632	ncbi_gene	MYL1	1	2.0	gtr_mitochondrial_gene_summary	silver	clinical_utilization	silver	clinical_utilization	adapter_gene_id_resolved	0.0	1.0	0.0	0.0	0.0	0.0	0.0
mitochondrial_disease	4633	ncbi_gene	MYL2	1	2.0	gtr_mitochondrial_gene_summary	silver	clinical_utilization	silver	clinical_utilization	adapter_gene_id_resolved	0.0	1.0	2.0	2.0	0.0	0.0	0.0
mitochondrial_disease	4634	ncbi_gene	MYL3	1	2.0	gtr_mitochondrial_gene_summary	silver	clinical_utilization	silver	clinical_utilization	adapter_gene_id_resolved	0.0	0.0	2.0	2.0	0.0	0.0	0.0
mitochondrial_disease	4638	ncbi_gene	MYLK	1	2.0	gtr_mitochondrial_gene_summary	silver	clinical_utilization	silver	clinical_utilization	adapter_gene_id_resolved	0.0	0.0	0.0	2.0	0.0	0.0	0.0
mitochondrial_disease	85366	ncbi_gene	MYLK2	1	2.0	gtr_mitochondrial_gene_summary	silver	clinical_utilization	silver	clinical_utilization	adapter_gene_id_resolved	0.0	0.0	2.0	2.0	0.0	0.0	0.0
mitochondrial_disease	91807	ncbi_gene	MYLK3	1	2.0	gtr_mitochondrial_gene_summary	silver	clinical_utilization	silver	clinical_utilization	adapter_gene_id_resolved	1.0	2.0	0.0	0.0	0.0	0.0	0.0
mitochondrial_disease	389827	ncbi_gene	MYMK	1	2.0	gtr_mitochondrial_gene_summary	silver	clinical_utilization	silver	clinical_utilization	adapter_gene_id_resolved	0.0	1.0	0.0	0.0	0.0	0.0	0.0
mitochondrial_disease	51168	ncbi_gene	MYO15A	1	2.0	gtr_mitochondrial_gene_summary	silver	clinical_utilization	silver	clinical_utilization	adapter_gene_id_resolved	0.0	0.0	0.0	1.0	0.0	0.0	0.0
mitochondrial_disease	84700	ncbi_gene	MYO18B	1	2.0	gtr_mitochondrial_gene_summary	silver	clinical_utilization	silver	clinical_utilization	adapter_gene_id_resolved	0.0	1.0	0.0	0.0	0.0	0.0	0.0
mitochondrial_disease	53904	ncbi_gene	MYO3A	1	2.0	gtr_mitochondrial_gene_summary	silver	clinical_utilization	silver	clinical_utilization	adapter_gene_id_resolved	0.0	0.0	0.0	1.0	0.0	0.0	0.0
mitochondrial_disease	4644	ncbi_gene	MYO5A	1	2.0	gtr_mitochondrial_gene_summary	silver	clinical_utilization	silver	clinical_utilization	adapter_gene_id_resolved	0.0	0.0	1.0	1.0	0.0	0.0	0.0
mitochondrial_disease	4646	ncbi_gene	MYO6	1	2.0	gtr_mitochondrial_gene_summary	silver	clinical_utilization	silver	clinical_utilization	adapter_gene_id_resolved	0.0	1.0	0.0	1.0	0.0	0.0	0.0
mitochondrial_disease	4647	ncbi_gene	MYO7A	1	2.0	gtr_mitochondrial_gene_summary	silver	clinical_utilization	silver	clinical_utilization	adapter_gene_id_resolved	0.0	0.0	0.0	7.0	0.0	0.0	0.0
mitochondrial_disease	8736	ncbi_gene	MYOM1	1	2.0	gtr_mitochondrial_gene_summary	silver	clinical_utilization	silver	clinical_utilization	adapter_gene_id_resolved	0.0	1.0	0.0	0.0	0.0	0.0	0.0
mitochondrial_disease	9499	ncbi_gene	MYOT	1	2.0	gtr_mitochondrial_gene_summary	silver	clinical_utilization	silver	clinical_utilization	adapter_gene_id_resolved	0.0	0.0	2.0	3.0	0.0	0.0	0.0
mitochondrial_disease	51778	ncbi_gene	MYOZ2	1	2.0	gtr_mitochondrial_gene_summary	silver	clinical_utilization	silver	clinical_utilization	adapter_gene_id_resolved	0.0	0.0	2.0	2.0	0.0	0.0	0.0
mitochondrial_disease	84665	ncbi_gene	MYPN	1	2.0	gtr_mitochondrial_gene_summary	silver	clinical_utilization	silver	clinical_utilization	adapter_gene_id_resolved	0.0	1.0	2.0	2.0	0.0	0.0	0.0
mitochondrial_disease	8260	ncbi_gene	NAA10	1	2.0	gtr_mitochondrial_gene_summary	silver	clinical_utilization	silver	clinical_utilization	adapter_gene_id_resolved	0.0	0.0	1.0	4.0	0.0	0.0	0.0
mitochondrial_disease	60560	ncbi_gene	NAA35	1	2.0	gtr_mitochondrial_gene_summary	silver	clinical_utilization	silver	clinical_utilization	adapter_gene_id_resolved	0.0	1.0	0.0	0.0	0.0	0.0	0.0
mitochondrial_disease	112939	ncbi_gene	NACC1	1	2.0	gtr_mitochondrial_gene_summary	silver	clinical_utilization	silver	clinical_utilization	adapter_gene_id_resolved	0.0	1.0	0.0	1.0	0.0	0.0	0.0
mitochondrial_disease	133686	ncbi_gene	NADK2	1	2.0	gtr_mitochondrial_gene_summary	silver	clinical_utilization	silver	clinical_utilization	adapter_gene_id_resolved	0.0	0.0	0.0	3.0	0.0	0.0	0.0
mitochondrial_disease	92345	ncbi_gene	NAF1	1	2.0	gtr_mitochondrial_gene_summary	silver	clinical_utilization	silver	clinical_utilization	adapter_gene_id_resolved	0.0	0.0	1.0	0.0	0.0	0.0	0.0
mitochondrial_disease	4668	ncbi_gene	NAGA	1	2.0	gtr_mitochondrial_gene_summary	silver	clinical_utilization	silver	clinical_utilization	adapter_gene_id_resolved	0.0	0.0	0.0	10.0	0.0	0.0	0.0
mitochondrial_disease	4669	ncbi_gene	NAGLU	1	2.0	gtr_mitochondrial_gene_summary	silver	clinical_utilization	silver	clinical_utilization	adapter_gene_id_resolved	0.0	0.0	0.0	14.0	0.0	0.0	0.0
mitochondrial_disease	162417	ncbi_gene	NAGS	1	2.0	gtr_mitochondrial_gene_summary	silver	clinical_utilization	silver	clinical_utilization	adapter_gene_id_resolved	0.0	0.0	0.0	10.0	0.0	0.0	0.0
mitochondrial_disease	259232	ncbi_gene	NALCN	1	2.0	gtr_mitochondrial_gene_summary	silver	clinical_utilization	silver	clinical_utilization	adapter_gene_id_resolved	0.0	0.0	0.0	2.0	0.0	0.0	0.0
mitochondrial_disease	54187	ncbi_gene	NANS	1	2.0	gtr_mitochondrial_gene_summary	silver	clinical_utilization	silver	clinical_utilization	adapter_gene_id_resolved	0.0	0.0	0.0	1.0	0.0	0.0	0.0
mitochondrial_disease	79731	ncbi_gene	NARS2	1	2.0	gtr_mitochondrial_gene_summary	silver	clinical_utilization	silver	clinical_utilization	adapter_gene_id_resolved	13.0	3.0	11.0	13.0	0.0	0.0	0.0
mitochondrial_disease	339983	ncbi_gene	NAT8L	1	2.0	gtr_mitochondrial_gene_summary	silver	clinical_utilization	silver	clinical_utilization	adapter_gene_id_resolved	0.0	0.0	0.0	1.0	0.0	0.0	0.0
mitochondrial_disease	128240	ncbi_gene	NAXE	1	2.0	gtr_mitochondrial_gene_summary	silver	clinical_utilization	silver	clinical_utilization	adapter_gene_id_resolved	0.0	0.0	0.0	1.0	0.0	0.0	0.0
mitochondrial_disease	51594	ncbi_gene	NBAS	1	2.0	gtr_mitochondrial_gene_summary	silver	clinical_utilization	silver	clinical_utilization	adapter_gene_id_resolved	0.0	0.0	0.0	11.0	0.0	0.0	0.0
mitochondrial_disease	4683	ncbi_gene	NBN	1	2.0	gtr_mitochondrial_gene_summary	silver	clinical_utilization	silver	clinical_utilization	adapter_gene_id_resolved	0.0	0.0	2.0	8.0	0.0	0.0	0.0
mitochondrial_disease	29781	ncbi_gene	NCAPH2	1	2.0	gtr_mitochondrial_gene_summary	silver	clinical_utilization	silver	clinical_utilization	adapter_gene_id_resolved	1.0	0.0	0.0	0.0	0.0	0.0	0.0
mitochondrial_disease	653361	ncbi_gene	NCF1	1	2.0	gtr_mitochondrial_gene_summary	silver	clinical_utilization	silver	clinical_utilization	adapter_gene_id_resolved	0.0	0.0	1.0	0.0	0.0	0.0	0.0
mitochondrial_disease	4688	ncbi_gene	NCF2	1	2.0	gtr_mitochondrial_gene_summary	silver	clinical_utilization	silver	clinical_utilization	adapter_gene_id_resolved	0.0	0.0	1.0	6.0	0.0	0.0	0.0
mitochondrial_disease	4689	ncbi_gene	NCF4	1	2.0	gtr_mitochondrial_gene_summary	silver	clinical_utilization	silver	clinical_utilization	adapter_gene_id_resolved	0.0	0.0	1.0	6.0	0.0	0.0	0.0
mitochondrial_disease	54820	ncbi_gene	NDE1	1	2.0	gtr_mitochondrial_gene_summary	silver	clinical_utilization	silver	clinical_utilization	adapter_gene_id_resolved	0.0	0.0	0.0	1.0	0.0	0.0	0.0
mitochondrial_disease	4692	ncbi_gene	NDN	1	2.0	gtr_mitochondrial_gene_summary	silver	clinical_utilization	silver	clinical_utilization	adapter_gene_id_resolved	0.0	0.0	0.0	1.0	0.0	0.0	0.0
mitochondrial_disease	4693	ncbi_gene	NDP	1	2.0	gtr_mitochondrial_gene_summary	silver	clinical_utilization	silver	clinical_utilization	adapter_gene_id_resolved	0.0	0.0	1.0	3.0	0.0	0.0	0.0
mitochondrial_disease	65009	ncbi_gene	NDRG4	1	2.0	gtr_mitochondrial_gene_summary	silver	clinical_utilization	silver	clinical_utilization	adapter_gene_id_resolved	0.0	0.0	0.0	1.0	0.0	0.0	0.0
mitochondrial_disease	4694	ncbi_gene	NDUFA1	1	2.0	gtr_mitochondrial_gene_summary	silver	clinical_utilization	silver	clinical_utilization	adapter_gene_id_resolved	16.0	6.0	14.0	23.0	0.0	0.0	0.0
mitochondrial_disease	4705	ncbi_gene	NDUFA10	1	2.0	gtr_mitochondrial_gene_summary	silver	clinical_utilization	silver	clinical_utilization	adapter_gene_id_resolved	6.0	2.0	14.0	16.0	0.0	0.0	0.0
mitochondrial_disease	126328	ncbi_gene	NDUFA11	1	2.0	gtr_mitochondrial_gene_summary	silver	clinical_utilization	silver	clinical_utilization	adapter_gene_id_resolved	12.0	1.0	13.0	15.0	0.0	0.0	0.0
mitochondrial_disease	55967	ncbi_gene	NDUFA12	1	2.0	gtr_mitochondrial_gene_summary	silver	clinical_utilization	silver	clinical_utilization	adapter_gene_id_resolved	6.0	0.0	14.0	20.0	0.0	0.0	0.0
mitochondrial_disease	51079	ncbi_gene	NDUFA13	1	2.0	gtr_mitochondrial_gene_summary	silver	clinical_utilization	silver	clinical_utilization	adapter_gene_id_resolved	2.0	0.0	1.0	8.0	0.0	0.0	0.0
mitochondrial_disease	4695	ncbi_gene	NDUFA2	1	2.0	gtr_mitochondrial_gene_summary	silver	clinical_utilization	silver	clinical_utilization	adapter_gene_id_resolved	7.0	3.0	14.0	20.0	0.0	0.0	0.0
mitochondrial_disease	4700	ncbi_gene	NDUFA6	1	2.0	gtr_mitochondrial_gene_summary	silver	clinical_utilization	silver	clinical_utilization	adapter_gene_id_resolved	2.0	0.0	1.0	5.0	0.0	0.0	0.0
mitochondrial_disease	4701	ncbi_gene	NDUFA7	1	2.0	gtr_mitochondrial_gene_summary	silver	clinical_utilization	silver	clinical_utilization	adapter_gene_id_resolved	0.0	0.0	0.0	2.0	0.0	0.0	0.0
mitochondrial_disease	4702	ncbi_gene	NDUFA8	1	2.0	gtr_mitochondrial_gene_summary	silver	clinical_utilization	silver	clinical_utilization	adapter_gene_id_resolved	1.0	1.0	0.0	2.0	0.0	0.0	0.0
mitochondrial_disease	4704	ncbi_gene	NDUFA9	1	2.0	gtr_mitochondrial_gene_summary	silver	clinical_utilization	silver	clinical_utilization	adapter_gene_id_resolved	7.0	0.0	14.0	20.0	0.0	0.0	0.0
mitochondrial_disease	51103	ncbi_gene	NDUFAF1	1	2.0	gtr_mitochondrial_gene_summary	silver	clinical_utilization	silver	clinical_utilization	adapter_gene_id_resolved	12.0	1.0	13.0	16.0	0.0	0.0	0.0
mitochondrial_disease	91942	ncbi_gene	NDUFAF2	1	2.0	gtr_mitochondrial_gene_summary	silver	clinical_utilization	silver	clinical_utilization	adapter_gene_id_resolved	15.0	3.0	14.0	29.0	0.0	0.0	0.0
mitochondrial_disease	25915	ncbi_gene	NDUFAF3	1	2.0	gtr_mitochondrial_gene_summary	silver	clinical_utilization	silver	clinical_utilization	adapter_gene_id_resolved	12.0	0.0	13.0	18.0	0.0	0.0	0.0
mitochondrial_disease	29078	ncbi_gene	NDUFAF4	1	2.0	gtr_mitochondrial_gene_summary	silver	clinical_utilization	silver	clinical_utilization	adapter_gene_id_resolved	7.0	0.0	14.0	19.0	0.0	0.0	0.0
mitochondrial_disease	79133	ncbi_gene	NDUFAF5	1	2.0	gtr_mitochondrial_gene_summary	silver	clinical_utilization	silver	clinical_utilization	adapter_gene_id_resolved	11.0	10.0	16.0	26.0	0.0	0.0	0.0
mitochondrial_disease	137682	ncbi_gene	NDUFAF6	1	2.0	gtr_mitochondrial_gene_summary	silver	clinical_utilization	silver	clinical_utilization	adapter_gene_id_resolved	7.0	2.0	10.0	17.0	0.0	0.0	0.0
mitochondrial_disease	55471	ncbi_gene	NDUFAF7	1	2.0	gtr_mitochondrial_gene_summary	silver	clinical_utilization	silver	clinical_utilization	adapter_gene_id_resolved	0.0	1.0	0.0	2.0	0.0	0.0	0.0
mitochondrial_disease	284184	ncbi_gene	NDUFAF8	1	2.0	gtr_mitochondrial_gene_summary	silver	clinical_utilization	silver	clinical_utilization	adapter_gene_id_resolved	1.0	0.0	0.0	2.0	0.0	0.0	0.0
mitochondrial_disease	4716	ncbi_gene	NDUFB10	1	2.0	gtr_mitochondrial_gene_summary	silver	clinical_utilization	silver	clinical_utilization	adapter_gene_id_resolved	0.0	0.0	0.0	2.0	0.0	0.0	0.0
mitochondrial_disease	54539	ncbi_gene	NDUFB11	1	2.0	gtr_mitochondrial_gene_summary	silver	clinical_utilization	silver	clinical_utilization	adapter_gene_id_resolved	6.0	2.0	3.0	8.0	0.0	0.0	0.0
mitochondrial_disease	4709	ncbi_gene	NDUFB3	1	2.0	gtr_mitochondrial_gene_summary	silver	clinical_utilization	silver	clinical_utilization	adapter_gene_id_resolved	6.0	0.0	11.0	18.0	0.0	0.0	0.0
mitochondrial_disease	4712	ncbi_gene	NDUFB6	1	2.0	gtr_mitochondrial_gene_summary	silver	clinical_utilization	silver	clinical_utilization	adapter_gene_id_resolved	0.0	0.0	0.0	2.0	0.0	0.0	0.0
mitochondrial_disease	4714	ncbi_gene	NDUFB8	1	2.0	gtr_mitochondrial_gene_summary	silver	clinical_utilization	silver	clinical_utilization	adapter_gene_id_resolved	5.0	0.0	2.0	7.0	0.0	0.0	0.0
mitochondrial_disease	4715	ncbi_gene	NDUFB9	1	2.0	gtr_mitochondrial_gene_summary	silver	clinical_utilization	silver	clinical_utilization	adapter_gene_id_resolved	6.0	0.0	5.0	18.0	0.0	0.0	0.0
mitochondrial_disease	4719	ncbi_gene	NDUFS1	1	2.0	gtr_mitochondrial_gene_summary	silver	clinical_utilization	silver	clinical_utilization	adapter_gene_id_resolved	11.0	12.0	15.0	21.0	0.0	0.0	0.0
mitochondrial_disease	4720	ncbi_gene	NDUFS2	1	2.0	gtr_mitochondrial_gene_summary	silver	clinical_utilization	silver	clinical_utilization	adapter_gene_id_resolved	6.0	1.0	16.0	20.0	0.0	0.0	0.0
mitochondrial_disease	4722	ncbi_gene	NDUFS3	1	2.0	gtr_mitochondrial_gene_summary	silver	clinical_utilization	silver	clinical_utilization	adapter_gene_id_resolved	14.0	5.0	15.0	20.0	0.0	0.0	0.0
mitochondrial_disease	4724	ncbi_gene	NDUFS4	1	2.0	gtr_mitochondrial_gene_summary	silver	clinical_utilization	silver	clinical_utilization	adapter_gene_id_resolved	15.0	5.0	16.0	28.0	0.0	0.0	0.0
mitochondrial_disease	4725	ncbi_gene	NDUFS5	1	2.0	gtr_mitochondrial_gene_summary	silver	clinical_utilization	silver	clinical_utilization	adapter_gene_id_resolved	0.0	0.0	0.0	2.0	0.0	0.0	0.0
mitochondrial_disease	4726	ncbi_gene	NDUFS6	1	2.0	gtr_mitochondrial_gene_summary	silver	clinical_utilization	silver	clinical_utilization	adapter_gene_id_resolved	15.0	9.0	13.0	26.0	0.0	0.0	0.0
mitochondrial_disease	374291	ncbi_gene	NDUFS7	1	2.0	gtr_mitochondrial_gene_summary	silver	clinical_utilization	silver	clinical_utilization	adapter_gene_id_resolved	7.0	7.0	15.0	29.0	0.0	0.0	0.0
mitochondrial_disease	4728	ncbi_gene	NDUFS8	1	2.0	gtr_mitochondrial_gene_summary	silver	clinical_utilization	silver	clinical_utilization	adapter_gene_id_resolved	12.0	5.0	13.0	20.0	0.0	0.0	0.0
mitochondrial_disease	4723	ncbi_gene	NDUFV1	1	2.0	gtr_mitochondrial_gene_summary	silver	clinical_utilization	silver	clinical_utilization	adapter_gene_id_resolved	12.0	5.0	14.0	29.0	0.0	0.0	0.0
mitochondrial_disease	4729	ncbi_gene	NDUFV2	1	2.0	gtr_mitochondrial_gene_summary	silver	clinical_utilization	silver	clinical_utilization	adapter_gene_id_resolved	10.0	1.0	12.0	18.0	0.0	0.0	0.0
mitochondrial_disease	4731	ncbi_gene	NDUFV3	1	2.0	gtr_mitochondrial_gene_summary	silver	clinical_utilization	silver	clinical_utilization	adapter_gene_id_resolved	0.0	0.0	0.0	3.0	0.0	0.0	0.0
mitochondrial_disease	4703	ncbi_gene	NEB	1	2.0	gtr_mitochondrial_gene_summary	silver	clinical_utilization	silver	clinical_utilization	adapter_gene_id_resolved	0.0	0.0	2.0	9.0	0.0	0.0	0.0
mitochondrial_disease	10529	ncbi_gene	NEBL	1	2.0	gtr_mitochondrial_gene_summary	silver	clinical_utilization	silver	clinical_utilization	adapter_gene_id_resolved	1.0	2.0	2.0	2.0	0.0	0.0	0.0
mitochondrial_disease	25977	ncbi_gene	NECAP1	1	2.0	gtr_mitochondrial_gene_summary	silver	clinical_utilization	silver	clinical_utilization	adapter_gene_id_resolved	0.0	0.0	0.0	1.0	0.0	0.0	0.0
mitochondrial_disease	5819	ncbi_gene	NECTIN2	1	2.0	gtr_mitochondrial_gene_summary	silver	clinical_utilization	silver	clinical_utilization	adapter_gene_id_resolved	0.0	0.0	0.0	1.0	0.0	0.0	0.0
mitochondrial_disease	25945	ncbi_gene	NECTIN3	1	2.0	gtr_mitochondrial_gene_summary	silver	clinical_utilization	silver	clinical_utilization	adapter_gene_id_resolved	0.0	0.0	0.0	1.0	0.0	0.0	0.0
mitochondrial_disease	23327	ncbi_gene	NEDD4L	1	2.0	gtr_mitochondrial_gene_summary	silver	clinical_utilization	silver	clinical_utilization	adapter_gene_id_resolved	0.0	0.0	0.0	1.0	0.0	0.0	0.0
mitochondrial_disease	4744	ncbi_gene	NEFH	1	2.0	gtr_mitochondrial_gene_summary	silver	clinical_utilization	silver	clinical_utilization	adapter_gene_id_resolved	0.0	0.0	0.0	1.0	0.0	0.0	0.0
mitochondrial_disease	284086	ncbi_gene	NEK8	1	2.0	gtr_mitochondrial_gene_summary	silver	clinical_utilization	silver	clinical_utilization	adapter_gene_id_resolved	0.0	1.0	0.0	0.0	0.0	0.0	0.0
mitochondrial_disease	4758	ncbi_gene	NEU1	1	2.0	gtr_mitochondrial_gene_summary	silver	clinical_utilization	silver	clinical_utilization	adapter_gene_id_resolved	0.0	0.0	2.0	15.0	0.0	0.0	0.0
mitochondrial_disease	340533	ncbi_gene	NEXMIF	1	2.0	gtr_mitochondrial_gene_summary	silver	clinical_utilization	silver	clinical_utilization	adapter_gene_id_resolved	0.0	0.0	1.0	4.0	0.0	0.0	0.0
mitochondrial_disease	91624	ncbi_gene	NEXN	1	2.0	gtr_mitochondrial_gene_summary	silver	clinical_utilization	silver	clinical_utilization	adapter_gene_id_resolved	0.0	0.0	3.0	2.0	0.0	0.0	0.0
mitochondrial_disease	4763	ncbi_gene	NF1	1	2.0	gtr_mitochondrial_gene_summary	silver	clinical_utilization	silver	clinical_utilization	adapter_gene_id_resolved	0.0	0.0	1.0	4.0	0.0	0.0	0.0
mitochondrial_disease	4771	ncbi_gene	NF2	1	2.0	gtr_mitochondrial_gene_summary	silver	clinical_utilization	silver	clinical_utilization	adapter_gene_id_resolved	0.0	0.0	4.0	0.0	0.0	0.0	0.0
mitochondrial_disease	10725	ncbi_gene	NFAT5	1	2.0	gtr_mitochondrial_gene_summary	silver	clinical_utilization	silver	clinical_utilization	adapter_gene_id_resolved	0.0	1.0	2.0	0.0	0.0	0.0	0.0
mitochondrial_disease	84901	ncbi_gene	NFATC2IP	1	2.0	gtr_mitochondrial_gene_summary	silver	clinical_utilization	silver	clinical_utilization	adapter_gene_id_resolved	0.0	0.0	0.0	2.0	0.0	0.0	0.0
mitochondrial_disease	4784	ncbi_gene	NFIX	1	2.0	gtr_mitochondrial_gene_summary	silver	clinical_utilization	silver	clinical_utilization	adapter_gene_id_resolved	0.0	0.0	0.0	2.0	0.0	0.0	0.0
mitochondrial_disease	9054	ncbi_gene	NFS1	1	2.0	gtr_mitochondrial_gene_summary	silver	clinical_utilization	silver	clinical_utilization	adapter_gene_id_resolved	1.0	1.0	0.0	3.0	0.0	0.0	0.0
mitochondrial_disease	27247	ncbi_gene	NFU1	1	2.0	gtr_mitochondrial_gene_summary	silver	clinical_utilization	silver	clinical_utilization	adapter_gene_id_resolved	13.0	4.0	9.0	18.0	0.0	0.0	0.0
mitochondrial_disease	55768	ncbi_gene	NGLY1	1	2.0	gtr_mitochondrial_gene_summary	silver	clinical_utilization	silver	clinical_utilization	adapter_gene_id_resolved	0.0	0.0	0.0	8.0	0.0	0.0	0.0
mitochondrial_disease	79840	ncbi_gene	NHEJ1	1	2.0	gtr_mitochondrial_gene_summary	silver	clinical_utilization	silver	clinical_utilization	adapter_gene_id_resolved	0.0	0.0	0.0	7.0	0.0	0.0	0.0
mitochondrial_disease	378884	ncbi_gene	NHLRC1	1	2.0	gtr_mitochondrial_gene_summary	silver	clinical_utilization	silver	clinical_utilization	adapter_gene_id_resolved	0.0	0.0	3.0	6.0	0.0	0.0	0.0
mitochondrial_disease	55651	ncbi_gene	NHP2	1	2.0	gtr_mitochondrial_gene_summary	silver	clinical_utilization	silver	clinical_utilization	adapter_gene_id_resolved	0.0	0.0	1.0	0.0	0.0	0.0	0.0
mitochondrial_disease	4810	ncbi_gene	NHS	1	2.0	gtr_mitochondrial_gene_summary	silver	clinical_utilization	silver	clinical_utilization	adapter_gene_id_resolved	0.0	0.0	2.0	3.0	0.0	0.0	0.0
mitochondrial_disease	51199	ncbi_gene	NIN	1	2.0	gtr_mitochondrial_gene_summary	silver	clinical_utilization	silver	clinical_utilization	adapter_gene_id_resolved	0.0	0.0	0.0	1.0	0.0	0.0	0.0
mitochondrial_disease	123606	ncbi_gene	NIPA1	1	2.0	gtr_mitochondrial_gene_summary	silver	clinical_utilization	silver	clinical_utilization	adapter_gene_id_resolved	0.0	1.0	0.0	2.0	0.0	0.0	0.0
mitochondrial_disease	81614	ncbi_gene	NIPA2	1	2.0	gtr_mitochondrial_gene_summary	silver	clinical_utilization	silver	clinical_utilization	adapter_gene_id_resolved	0.0	0.0	0.0	1.0	0.0	0.0	0.0
mitochondrial_disease	57185	ncbi_gene	NIPAL3	1	2.0	gtr_mitochondrial_gene_summary	silver	clinical_utilization	silver	clinical_utilization	adapter_gene_id_resolved	0.0	0.0	0.0	1.0	0.0	0.0	0.0
mitochondrial_disease	348938	ncbi_gene	NIPAL4	1	2.0	gtr_mitochondrial_gene_summary	silver	clinical_utilization	silver	clinical_utilization	adapter_gene_id_resolved	0.0	0.0	0.0	6.0	0.0	0.0	0.0
mitochondrial_disease	25836	ncbi_gene	NIPBL	1	2.0	gtr_mitochondrial_gene_summary	silver	clinical_utilization	silver	clinical_utilization	adapter_gene_id_resolved	0.0	0.0	0.0	4.0	0.0	0.0	0.0
mitochondrial_disease	7080	ncbi_gene	NKX2-1	1	2.0	gtr_mitochondrial_gene_summary	silver	clinical_utilization	silver	clinical_utilization	adapter_gene_id_resolved	0.0	0.0	0.0	2.0	0.0	0.0	0.0
mitochondrial_disease	1482	ncbi_gene	NKX2-5	1	2.0	gtr_mitochondrial_gene_summary	silver	clinical_utilization	silver	clinical_utilization	adapter_gene_id_resolved	2.0	0.0	1.0	2.0	0.0	0.0	0.0
mitochondrial_disease	137814	ncbi_gene	NKX2-6	1	2.0	gtr_mitochondrial_gene_summary	silver	clinical_utilization	silver	clinical_utilization	adapter_gene_id_resolved	0.0	0.0	0.0	2.0	0.0	0.0	0.0
mitochondrial_disease	54413	ncbi_gene	NLGN3	1	2.0	gtr_mitochondrial_gene_summary	silver	clinical_utilization	silver	clinical_utilization	adapter_gene_id_resolved	0.0	0.0	1.0	3.0	0.0	0.0	0.0
mitochondrial_disease	57502	ncbi_gene	NLGN4X	1	2.0	gtr_mitochondrial_gene_summary	silver	clinical_utilization	silver	clinical_utilization	adapter_gene_id_resolved	0.0	0.0	1.0	4.0	0.0	0.0	0.0
mitochondrial_disease	22861	ncbi_gene	NLRP1	1	2.0	gtr_mitochondrial_gene_summary	silver	clinical_utilization	silver	clinical_utilization	adapter_gene_id_resolved	0.0	0.0	1.0	0.0	0.0	0.0	0.0
mitochondrial_disease	114548	ncbi_gene	NLRP3	1	2.0	gtr_mitochondrial_gene_summary	silver	clinical_utilization	silver	clinical_utilization	adapter_gene_id_resolved	0.0	0.0	0.0	2.0	0.0	0.0	0.0
mitochondrial_disease	9241	ncbi_gene	NOG	1	2.0	gtr_mitochondrial_gene_summary	silver	clinical_utilization	silver	clinical_utilization	adapter_gene_id_resolved	0.0	0.0	0.0	3.0	0.0	0.0	0.0
mitochondrial_disease	8996	ncbi_gene	NOL3	1	2.0	gtr_mitochondrial_gene_summary	silver	clinical_utilization	silver	clinical_utilization	adapter_gene_id_resolved	0.0	0.0	1.0	3.0	0.0	0.0	0.0
mitochondrial_disease	4841	ncbi_gene	NONO	1	2.0	gtr_mitochondrial_gene_summary	silver	clinical_utilization	silver	clinical_utilization	adapter_gene_id_resolved	0.0	0.0	0.0	7.0	0.0	0.0	0.0
mitochondrial_disease	55505	ncbi_gene	NOP10	1	2.0	gtr_mitochondrial_gene_summary	silver	clinical_utilization	silver	clinical_utilization	adapter_gene_id_resolved	0.0	0.0	1.0	0.0	0.0	0.0	0.0
mitochondrial_disease	10528	ncbi_gene	NOP56	1	2.0	gtr_mitochondrial_gene_summary	silver	clinical_utilization	silver	clinical_utilization	adapter_gene_id_resolved	0.0	0.0	0.0	2.0	0.0	0.0	0.0
mitochondrial_disease	4842	ncbi_gene	NOS1	1	2.0	gtr_mitochondrial_gene_summary	silver	clinical_utilization	silver	clinical_utilization	adapter_gene_id_resolved	0.0	0.0	1.0	0.0	0.0	0.0	0.0
mitochondrial_disease	9722	ncbi_gene	NOS1AP	1	2.0	gtr_mitochondrial_gene_summary	silver	clinical_utilization	silver	clinical_utilization	adapter_gene_id_resolved	0.0	0.0	0.0	2.0	0.0	0.0	0.0
mitochondrial_disease	4851	ncbi_gene	NOTCH1	1	2.0	gtr_mitochondrial_gene_summary	silver	clinical_utilization	silver	clinical_utilization	adapter_gene_id_resolved	0.0	0.0	0.0	2.0	0.0	0.0	0.0
mitochondrial_disease	4853	ncbi_gene	NOTCH2	1	2.0	gtr_mitochondrial_gene_summary	silver	clinical_utilization	silver	clinical_utilization	adapter_gene_id_resolved	0.0	0.0	0.0	3.0	0.0	0.0	0.0
mitochondrial_disease	4854	ncbi_gene	NOTCH3	1	2.0	gtr_mitochondrial_gene_summary	silver	clinical_utilization	silver	clinical_utilization	adapter_gene_id_resolved	0.0	0.0	2.0	3.0	0.0	0.0	0.0
mitochondrial_disease	4863	ncbi_gene	NPAT	1	2.0	gtr_mitochondrial_gene_summary	silver	clinical_utilization	silver	clinical_utilization	adapter_gene_id_resolved	0.0	0.0	1.0	0.0	0.0	0.0	0.0
mitochondrial_disease	4864	ncbi_gene	NPC1	1	2.0	gtr_mitochondrial_gene_summary	silver	clinical_utilization	silver	clinical_utilization	adapter_gene_id_resolved	0.0	0.0	2.0	18.0	0.0	0.0	0.0
mitochondrial_disease	10577	ncbi_gene	NPC2	1	2.0	gtr_mitochondrial_gene_summary	silver	clinical_utilization	silver	clinical_utilization	adapter_gene_id_resolved	0.0	0.0	2.0	18.0	0.0	0.0	0.0
mitochondrial_disease	4867	ncbi_gene	NPHP1	1	2.0	gtr_mitochondrial_gene_summary	silver	clinical_utilization	silver	clinical_utilization	adapter_gene_id_resolved	0.0	0.0	0.0	8.0	0.0	0.0	0.0
mitochondrial_disease	27031	ncbi_gene	NPHP3	1	2.0	gtr_mitochondrial_gene_summary	silver	clinical_utilization	silver	clinical_utilization	adapter_gene_id_resolved	0.0	0.0	0.0	7.0	0.0	0.0	0.0
mitochondrial_disease	4868	ncbi_gene	NPHS1	1	2.0	gtr_mitochondrial_gene_summary	silver	clinical_utilization	silver	clinical_utilization	adapter_gene_id_resolved	0.0	0.0	0.0	9.0	0.0	0.0	0.0
mitochondrial_disease	7827	ncbi_gene	NPHS2	1	2.0	gtr_mitochondrial_gene_summary	silver	clinical_utilization	silver	clinical_utilization	adapter_gene_id_resolved	0.0	0.0	0.0	8.0	0.0	0.0	0.0
mitochondrial_disease	4878	ncbi_gene	NPPA	1	2.0	gtr_mitochondrial_gene_summary	silver	clinical_utilization	silver	clinical_utilization	adapter_gene_id_resolved	0.0	0.0	0.0	2.0	0.0	0.0	0.0
mitochondrial_disease	4880	ncbi_gene	NPPC	1	2.0	gtr_mitochondrial_gene_summary	silver	clinical_utilization	silver	clinical_utilization	adapter_gene_id_resolved	0.0	0.0	1.0	0.0	0.0	0.0	0.0
mitochondrial_disease	4883	ncbi_gene	NPR3	1	2.0	gtr_mitochondrial_gene_summary	silver	clinical_utilization	silver	clinical_utilization	adapter_gene_id_resolved	0.0	0.0	1.0	0.0	0.0	0.0	0.0
mitochondrial_disease	10641	ncbi_gene	NPRL2	1	2.0	gtr_mitochondrial_gene_summary	silver	clinical_utilization	silver	clinical_utilization	adapter_gene_id_resolved	0.0	0.0	0.0	1.0	0.0	0.0	0.0
mitochondrial_disease	8131	ncbi_gene	NPRL3	1	2.0	gtr_mitochondrial_gene_summary	silver	clinical_utilization	silver	clinical_utilization	adapter_gene_id_resolved	0.0	0.0	0.0	2.0	0.0	0.0	0.0
mitochondrial_disease	190	ncbi_gene	NR0B1	1	2.0	gtr_mitochondrial_gene_summary	silver	clinical_utilization	silver	clinical_utilization	adapter_gene_id_resolved	0.0	0.0	0.0	8.0	0.0	0.0	0.0
mitochondrial_disease	9971	ncbi_gene	NR1H4	1	2.0	gtr_mitochondrial_gene_summary	silver	clinical_utilization	silver	clinical_utilization	adapter_gene_id_resolved	0.0	0.0	0.0	1.0	0.0	0.0	0.0
mitochondrial_disease	7025	ncbi_gene	NR2F1	1	2.0	gtr_mitochondrial_gene_summary	silver	clinical_utilization	silver	clinical_utilization	adapter_gene_id_resolved	0.0	0.0	0.0	2.0	0.0	0.0	0.0
mitochondrial_disease	7026	ncbi_gene	NR2F2	1	2.0	gtr_mitochondrial_gene_summary	silver	clinical_utilization	silver	clinical_utilization	adapter_gene_id_resolved	0.0	0.0	0.0	2.0	0.0	0.0	0.0
mitochondrial_disease	4892	ncbi_gene	NRAP	1	2.0	gtr_mitochondrial_gene_summary	silver	clinical_utilization	silver	clinical_utilization	adapter_gene_id_resolved	0.0	1.0	0.0	0.0	0.0	0.0	0.0
mitochondrial_disease	4893	ncbi_gene	NRAS	1	2.0	gtr_mitochondrial_gene_summary	silver	clinical_utilization	silver	clinical_utilization	adapter_gene_id_resolved	0.0	0.0	3.0	6.0	0.0	0.0	0.0
mitochondrial_disease	4902	ncbi_gene	NRTN	1	2.0	gtr_mitochondrial_gene_summary	silver	clinical_utilization	silver	clinical_utilization	adapter_gene_id_resolved	0.0	0.0	1.0	0.0	0.0	0.0	0.0
mitochondrial_disease	9378	ncbi_gene	NRXN1	1	2.0	gtr_mitochondrial_gene_summary	silver	clinical_utilization	silver	clinical_utilization	adapter_gene_id_resolved	0.0	0.0	1.0	4.0	0.0	0.0	0.0
mitochondrial_disease	9369	ncbi_gene	NRXN3	1	2.0	gtr_mitochondrial_gene_summary	silver	clinical_utilization	silver	clinical_utilization	adapter_gene_id_resolved	0.0	0.0	1.0	0.0	0.0	0.0	0.0
mitochondrial_disease	64324	ncbi_gene	NSD1	1	2.0	gtr_mitochondrial_gene_summary	silver	clinical_utilization	silver	clinical_utilization	adapter_gene_id_resolved	0.0	0.0	0.0	4.0	0.0	0.0	0.0
mitochondrial_disease	50814	ncbi_gene	NSDHL	1	2.0	gtr_mitochondrial_gene_summary	silver	clinical_utilization	silver	clinical_utilization	adapter_gene_id_resolved	0.0	0.0	1.0	3.0	0.0	0.0	0.0
mitochondrial_disease	54888	ncbi_gene	NSUN2	1	2.0	gtr_mitochondrial_gene_summary	silver	clinical_utilization	silver	clinical_utilization	adapter_gene_id_resolved	0.0	0.0	0.0	3.0	0.0	0.0	0.0
mitochondrial_disease	63899	ncbi_gene	NSUN3	1	2.0	gtr_mitochondrial_gene_summary	silver	clinical_utilization	silver	clinical_utilization	adapter_gene_id_resolved	1.0	0.0	0.0	4.0	0.0	0.0	0.0
mitochondrial_disease	22978	ncbi_gene	NT5C2	1	2.0	gtr_mitochondrial_gene_summary	silver	clinical_utilization	silver	clinical_utilization	adapter_gene_id_resolved	0.0	0.0	0.0	2.0	0.0	0.0	0.0
mitochondrial_disease	51251	ncbi_gene	NT5C3A	1	2.0	gtr_mitochondrial_gene_summary	silver	clinical_utilization	silver	clinical_utilization	adapter_gene_id_resolved	0.0	0.0	0.0	1.0	0.0	0.0	0.0
mitochondrial_disease	4913	ncbi_gene	NTHL1	1	2.0	gtr_mitochondrial_gene_summary	silver	clinical_utilization	silver	clinical_utilization	adapter_gene_id_resolved	0.0	0.0	3.0	0.0	0.0	0.0	0.0
mitochondrial_disease	4914	ncbi_gene	NTRK1	1	2.0	gtr_mitochondrial_gene_summary	silver	clinical_utilization	silver	clinical_utilization	adapter_gene_id_resolved	0.0	0.0	0.0	6.0	0.0	0.0	0.0
mitochondrial_disease	80224	ncbi_gene	NUBPL	1	2.0	gtr_mitochondrial_gene_summary	silver	clinical_utilization	silver	clinical_utilization	adapter_gene_id_resolved	13.0	1.0	12.0	20.0	0.0	0.0	0.0
mitochondrial_disease	55746	ncbi_gene	NUP133	1	2.0	gtr_mitochondrial_gene_summary	silver	clinical_utilization	silver	clinical_utilization	adapter_gene_id_resolved	0.0	1.0	0.0	0.0	0.0	0.0	0.0
mitochondrial_disease	23636	ncbi_gene	NUP62	1	2.0	gtr_mitochondrial_gene_summary	silver	clinical_utilization	silver	clinical_utilization	adapter_gene_id_resolved	0.0	0.0	0.0	1.0	0.0	0.0	0.0
mitochondrial_disease	116150	ncbi_gene	NUS1	1	2.0	gtr_mitochondrial_gene_summary	silver	clinical_utilization	silver	clinical_utilization	adapter_gene_id_resolved	0.0	0.0	0.0	1.0	0.0	0.0	0.0
mitochondrial_disease	10204	ncbi_gene	NUTF2	1	2.0	gtr_mitochondrial_gene_summary	silver	clinical_utilization	silver	clinical_utilization	adapter_gene_id_resolved	0.0	0.0	0.0	1.0	0.0	0.0	0.0
mitochondrial_disease	55998	ncbi_gene	NXF5	1	2.0	gtr_mitochondrial_gene_summary	silver	clinical_utilization	silver	clinical_utilization	adapter_gene_id_resolved	0.0	0.0	0.0	2.0	0.0	0.0	0.0
mitochondrial_disease	115861	ncbi_gene	NXNL1	1	2.0	gtr_mitochondrial_gene_summary	silver	clinical_utilization	silver	clinical_utilization	adapter_gene_id_resolved	0.0	0.0	0.0	1.0	0.0	0.0	0.0
mitochondrial_disease	57523	ncbi_gene	NYNRIN	1	2.0	gtr_mitochondrial_gene_summary	silver	clinical_utilization	silver	clinical_utilization	adapter_gene_id_resolved	0.0	1.0	0.0	0.0	0.0	0.0	0.0
mitochondrial_disease	4938	ncbi_gene	OAS1	1	2.0	gtr_mitochondrial_gene_summary	silver	clinical_utilization	silver	clinical_utilization	adapter_gene_id_resolved	0.0	1.0	2.0	0.0	0.0	0.0	0.0
mitochondrial_disease	4942	ncbi_gene	OAT	1	2.0	gtr_mitochondrial_gene_summary	silver	clinical_utilization	silver	clinical_utilization	adapter_gene_id_resolved	0.0	0.0	0.0	8.0	0.0	0.0	0.0
mitochondrial_disease	23363	ncbi_gene	OBSL1	1	2.0	gtr_mitochondrial_gene_summary	silver	clinical_utilization	silver	clinical_utilization	adapter_gene_id_resolved	0.0	0.0	0.0	8.0	0.0	0.0	0.0
mitochondrial_disease	4948	ncbi_gene	OCA2	1	2.0	gtr_mitochondrial_gene_summary	silver	clinical_utilization	silver	clinical_utilization	adapter_gene_id_resolved	0.0	0.0	0.0	8.0	0.0	0.0	0.0
mitochondrial_disease	100506658	ncbi_gene	OCLN	1	2.0	gtr_mitochondrial_gene_summary	silver	clinical_utilization	silver	clinical_utilization	adapter_gene_id_resolved	0.0	0.0	0.0	2.0	0.0	0.0	0.0
mitochondrial_disease	4952	ncbi_gene	OCRL	1	2.0	gtr_mitochondrial_gene_summary	silver	clinical_utilization	silver	clinical_utilization	adapter_gene_id_resolved	0.0	0.0	1.0	11.0	0.0	0.0	0.0
mitochondrial_disease	8481	ncbi_gene	OFD1	1	2.0	gtr_mitochondrial_gene_summary	silver	clinical_utilization	silver	clinical_utilization	adapter_gene_id_resolved	0.0	0.0	1.0	4.0	0.0	0.0	0.0
mitochondrial_disease	4967	ncbi_gene	OGDH	1	2.0	gtr_mitochondrial_gene_summary	silver	clinical_utilization	silver	clinical_utilization	adapter_gene_id_resolved	0.0	0.0	1.0	3.0	0.0	0.0	0.0
mitochondrial_disease	4974	ncbi_gene	OMG	1	2.0	gtr_mitochondrial_gene_summary	silver	clinical_utilization	silver	clinical_utilization	adapter_gene_id_resolved	0.0	0.0	0.0	1.0	0.0	0.0	0.0
mitochondrial_disease	80207	ncbi_gene	OPA3	1	2.0	gtr_mitochondrial_gene_summary	silver	clinical_utilization	silver	clinical_utilization	adapter_gene_id_resolved	0.0	4.0	0.0	16.0	0.0	0.0	0.0
mitochondrial_disease	4983	ncbi_gene	OPHN1	1	2.0	gtr_mitochondrial_gene_summary	silver	clinical_utilization	silver	clinical_utilization	adapter_gene_id_resolved	0.0	0.0	1.0	4.0	0.0	0.0	0.0
mitochondrial_disease	26254	ncbi_gene	OPTC	1	2.0	gtr_mitochondrial_gene_summary	silver	clinical_utilization	silver	clinical_utilization	adapter_gene_id_resolved	0.0	0.0	0.0	1.0	0.0	0.0	0.0
mitochondrial_disease	10133	ncbi_gene	OPTN	1	2.0	gtr_mitochondrial_gene_summary	silver	clinical_utilization	silver	clinical_utilization	adapter_gene_id_resolved	0.0	0.0	0.0	1.0	0.0	0.0	0.0
mitochondrial_disease	343171	ncbi_gene	OR2W3	1	2.0	gtr_mitochondrial_gene_summary	silver	clinical_utilization	silver	clinical_utilization	adapter_gene_id_resolved	0.0	0.0	0.0	1.0	0.0	0.0	0.0
mitochondrial_disease	84876	ncbi_gene	ORAI1	1	2.0	gtr_mitochondrial_gene_summary	silver	clinical_utilization	silver	clinical_utilization	adapter_gene_id_resolved	0.0	0.0	1.0	0.0	0.0	0.0	0.0
mitochondrial_disease	9885	ncbi_gene	OSBPL2	1	2.0	gtr_mitochondrial_gene_summary	silver	clinical_utilization	silver	clinical_utilization	adapter_gene_id_resolved	0.0	0.0	0.0	1.0	0.0	0.0	0.0
mitochondrial_disease	55644	ncbi_gene	OSGEP	1	2.0	gtr_mitochondrial_gene_summary	silver	clinical_utilization	silver	clinical_utilization	adapter_gene_id_resolved	0.0	0.0	0.0	1.0	0.0	0.0	0.0
mitochondrial_disease	28962	ncbi_gene	OSTM1	1	2.0	gtr_mitochondrial_gene_summary	silver	clinical_utilization	silver	clinical_utilization	adapter_gene_id_resolved	0.0	0.0	0.0	6.0	0.0	0.0	0.0
mitochondrial_disease	5009	ncbi_gene	OTC	1	2.0	gtr_mitochondrial_gene_summary	silver	clinical_utilization	silver	clinical_utilization	adapter_gene_id_resolved	0.0	0.0	1.0	17.0	0.0	0.0	0.0
mitochondrial_disease	9381	ncbi_gene	OTOF	1	2.0	gtr_mitochondrial_gene_summary	silver	clinical_utilization	silver	clinical_utilization	adapter_gene_id_resolved	0.0	0.0	0.0	8.0	0.0	0.0	0.0
mitochondrial_disease	5015	ncbi_gene	OTX2	1	2.0	gtr_mitochondrial_gene_summary	silver	clinical_utilization	silver	clinical_utilization	adapter_gene_id_resolved	0.0	0.0	0.0	1.0	0.0	0.0	0.0
mitochondrial_disease	5018	ncbi_gene	OXA1L	1	2.0	gtr_mitochondrial_gene_summary	silver	clinical_utilization	silver	clinical_utilization	adapter_gene_id_resolved	1.0	0.0	0.0	2.0	0.0	0.0	0.0
mitochondrial_disease	5019	ncbi_gene	OXCT1	1	2.0	gtr_mitochondrial_gene_summary	silver	clinical_utilization	silver	clinical_utilization	adapter_gene_id_resolved	0.0	0.0	0.0	5.0	0.0	0.0	0.0
mitochondrial_disease	22953	ncbi_gene	P2RX2	1	2.0	gtr_mitochondrial_gene_summary	silver	clinical_utilization	silver	clinical_utilization	adapter_gene_id_resolved	0.0	0.0	0.0	1.0	0.0	0.0	0.0
mitochondrial_disease	64175	ncbi_gene	P3H1	1	2.0	gtr_mitochondrial_gene_summary	silver	clinical_utilization	silver	clinical_utilization	adapter_gene_id_resolved	0.0	0.0	0.0	6.0	0.0	0.0	0.0
mitochondrial_disease	55214	ncbi_gene	P3H2	1	2.0	gtr_mitochondrial_gene_summary	silver	clinical_utilization	silver	clinical_utilization	adapter_gene_id_resolved	0.0	0.0	1.0	0.0	0.0	0.0	0.0
mitochondrial_disease	5033	ncbi_gene	P4HA1	1	2.0	gtr_mitochondrial_gene_summary	silver	clinical_utilization	silver	clinical_utilization	adapter_gene_id_resolved	0.0	1.0	0.0	0.0	0.0	0.0	0.0
mitochondrial_disease	8106	ncbi_gene	PABPN1	1	2.0	gtr_mitochondrial_gene_summary	silver	clinical_utilization	silver	clinical_utilization	adapter_gene_id_resolved	0.0	0.0	2.0	0.0	0.0	0.0	0.0
mitochondrial_disease	55690	ncbi_gene	PACS1	1	2.0	gtr_mitochondrial_gene_summary	silver	clinical_utilization	silver	clinical_utilization	adapter_gene_id_resolved	0.0	0.0	0.0	3.0	0.0	0.0	0.0
mitochondrial_disease	5048	ncbi_gene	PAFAH1B1	1	2.0	gtr_mitochondrial_gene_summary	silver	clinical_utilization	silver	clinical_utilization	adapter_gene_id_resolved	0.0	0.0	0.0	1.0	0.0	0.0	0.0
mitochondrial_disease	5053	ncbi_gene	PAH	1	2.0	gtr_mitochondrial_gene_summary	silver	clinical_utilization	silver	clinical_utilization	adapter_gene_id_resolved	0.0	0.0	0.0	12.0	0.0	0.0	0.0
mitochondrial_disease	5063	ncbi_gene	PAK3	1	2.0	gtr_mitochondrial_gene_summary	silver	clinical_utilization	silver	clinical_utilization	adapter_gene_id_resolved	0.0	0.0	1.0	4.0	0.0	0.0	0.0
mitochondrial_disease	79728	ncbi_gene	PALB2	1	2.0	gtr_mitochondrial_gene_summary	silver	clinical_utilization	silver	clinical_utilization	adapter_gene_id_resolved	0.0	0.0	3.0	0.0	0.0	0.0	0.0
mitochondrial_disease	23022	ncbi_gene	PALLD	1	2.0	gtr_mitochondrial_gene_summary	silver	clinical_utilization	silver	clinical_utilization	adapter_gene_id_resolved	0.0	0.0	1.0	0.0	0.0	0.0	0.0
mitochondrial_disease	5064	ncbi_gene	PALM	1	2.0	gtr_mitochondrial_gene_summary	silver	clinical_utilization	silver	clinical_utilization	adapter_gene_id_resolved	0.0	1.0	0.0	0.0	0.0	0.0	0.0
mitochondrial_disease	80025	ncbi_gene	PANK2	1	2.0	gtr_mitochondrial_gene_summary	silver	clinical_utilization	silver	clinical_utilization	adapter_gene_id_resolved	0.0	0.0	3.0	16.0	0.0	0.0	0.0
mitochondrial_disease	11315	ncbi_gene	PARK7	1	2.0	gtr_mitochondrial_gene_summary	silver	clinical_utilization	silver	clinical_utilization	adapter_gene_id_resolved	0.0	0.0	1.0	2.0	0.0	0.0	0.0
mitochondrial_disease	25973	ncbi_gene	PARS2	1	2.0	gtr_mitochondrial_gene_summary	silver	clinical_utilization	silver	clinical_utilization	adapter_gene_id_resolved	1.0	0.0	0.0	3.0	0.0	0.0	0.0
mitochondrial_disease	5075	ncbi_gene	PAX1	1	2.0	gtr_mitochondrial_gene_summary	silver	clinical_utilization	silver	clinical_utilization	adapter_gene_id_resolved	0.0	0.0	0.0	1.0	0.0	0.0	0.0
mitochondrial_disease	5076	ncbi_gene	PAX2	1	2.0	gtr_mitochondrial_gene_summary	silver	clinical_utilization	silver	clinical_utilization	adapter_gene_id_resolved	0.0	0.0	0.0	2.0	0.0	0.0	0.0
mitochondrial_disease	5077	ncbi_gene	PAX3	1	2.0	gtr_mitochondrial_gene_summary	silver	clinical_utilization	silver	clinical_utilization	adapter_gene_id_resolved	0.0	0.0	0.0	4.0	0.0	0.0	0.0
mitochondrial_disease	5079	ncbi_gene	PAX5	1	2.0	gtr_mitochondrial_gene_summary	silver	clinical_utilization	silver	clinical_utilization	adapter_gene_id_resolved	0.0	0.0	1.0	0.0	0.0	0.0	0.0
mitochondrial_disease	5080	ncbi_gene	PAX6	1	2.0	gtr_mitochondrial_gene_summary	silver	clinical_utilization	silver	clinical_utilization	adapter_gene_id_resolved	0.0	0.0	1.0	2.0	0.0	0.0	0.0
mitochondrial_disease	5081	ncbi_gene	PAX7	1	2.0	gtr_mitochondrial_gene_summary	silver	clinical_utilization	silver	clinical_utilization	adapter_gene_id_resolved	0.0	1.0	0.0	0.0	0.0	0.0	0.0
mitochondrial_disease	5087	ncbi_gene	PBX1	1	2.0	gtr_mitochondrial_gene_summary	silver	clinical_utilization	silver	clinical_utilization	adapter_gene_id_resolved	0.0	0.0	0.0	1.0	0.0	0.0	0.0
mitochondrial_disease	5091	ncbi_gene	PC	1	2.0	gtr_mitochondrial_gene_summary	silver	clinical_utilization	silver	clinical_utilization	adapter_gene_id_resolved	28.0	19.0	13.0	26.0	0.0	0.0	0.0
mitochondrial_disease	5092	ncbi_gene	PCBD1	1	2.0	gtr_mitochondrial_gene_summary	silver	clinical_utilization	silver	clinical_utilization	adapter_gene_id_resolved	0.0	1.0	0.0	7.0	0.0	0.0	0.0
mitochondrial_disease	5095	ncbi_gene	PCCA	1	2.0	gtr_mitochondrial_gene_summary	silver	clinical_utilization	silver	clinical_utilization	adapter_gene_id_resolved	0.0	0.0	0.0	13.0	0.0	0.0	0.0
mitochondrial_disease	5096	ncbi_gene	PCCB	1	2.0	gtr_mitochondrial_gene_summary	silver	clinical_utilization	silver	clinical_utilization	adapter_gene_id_resolved	0.0	0.0	0.0	13.0	0.0	0.0	0.0
mitochondrial_disease	65217	ncbi_gene	PCDH15	1	2.0	gtr_mitochondrial_gene_summary	silver	clinical_utilization	silver	clinical_utilization	adapter_gene_id_resolved	0.0	0.0	0.0	10.0	0.0	0.0	0.0
mitochondrial_disease	57526	ncbi_gene	PCDH19	1	2.0	gtr_mitochondrial_gene_summary	silver	clinical_utilization	silver	clinical_utilization	adapter_gene_id_resolved	0.0	3.0	3.0	7.0	0.0	0.0	0.0
mitochondrial_disease	5105	ncbi_gene	PCK1	1	2.0	gtr_mitochondrial_gene_summary	silver	clinical_utilization	silver	clinical_utilization	adapter_gene_id_resolved	0.0	0.0	0.0	1.0	0.0	0.0	0.0
mitochondrial_disease	5106	ncbi_gene	PCK2	1	2.0	gtr_mitochondrial_gene_summary	silver	clinical_utilization	silver	clinical_utilization	adapter_gene_id_resolved	16.0	4.0	3.0	10.0	0.0	0.0	0.0
mitochondrial_disease	27445	ncbi_gene	PCLO	1	2.0	gtr_mitochondrial_gene_summary	silver	clinical_utilization	silver	clinical_utilization	adapter_gene_id_resolved	0.0	0.0	0.0	1.0	0.0	0.0	0.0
mitochondrial_disease	5111	ncbi_gene	PCNA	1	2.0	gtr_mitochondrial_gene_summary	silver	clinical_utilization	silver	clinical_utilization	adapter_gene_id_resolved	0.0	0.0	0.0	2.0	0.0	0.0	0.0
mitochondrial_disease	5125	ncbi_gene	PCSK5	1	2.0	gtr_mitochondrial_gene_summary	silver	clinical_utilization	silver	clinical_utilization	adapter_gene_id_resolved	0.0	1.0	1.0	0.0	0.0	0.0	0.0
mitochondrial_disease	255738	ncbi_gene	PCSK9	1	2.0	gtr_mitochondrial_gene_summary	silver	clinical_utilization	silver	clinical_utilization	adapter_gene_id_resolved	0.0	0.0	0.0	3.0	0.0	0.0	0.0
mitochondrial_disease	11235	ncbi_gene	PDCD10	1	2.0	gtr_mitochondrial_gene_summary	silver	clinical_utilization	silver	clinical_utilization	adapter_gene_id_resolved	0.0	0.0	0.0	1.0	0.0	0.0	0.0
mitochondrial_disease	10846	ncbi_gene	PDE10A	1	2.0	gtr_mitochondrial_gene_summary	silver	clinical_utilization	silver	clinical_utilization	adapter_gene_id_resolved	0.0	0.0	1.0	0.0	0.0	0.0	0.0
mitochondrial_disease	8622	ncbi_gene	PDE8B	1	2.0	gtr_mitochondrial_gene_summary	silver	clinical_utilization	silver	clinical_utilization	adapter_gene_id_resolved	0.0	1.0	1.0	1.0	0.0	0.0	0.0
mitochondrial_disease	5155	ncbi_gene	PDGFB	1	2.0	gtr_mitochondrial_gene_summary	silver	clinical_utilization	silver	clinical_utilization	adapter_gene_id_resolved	0.0	0.0	1.0	1.0	0.0	0.0	0.0
mitochondrial_disease	5156	ncbi_gene	PDGFRA	1	2.0	gtr_mitochondrial_gene_summary	silver	clinical_utilization	silver	clinical_utilization	adapter_gene_id_resolved	0.0	0.0	3.0	0.0	0.0	0.0	0.0
mitochondrial_disease	5159	ncbi_gene	PDGFRB	1	2.0	gtr_mitochondrial_gene_summary	silver	clinical_utilization	silver	clinical_utilization	adapter_gene_id_resolved	0.0	0.0	1.0	0.0	0.0	0.0	0.0
mitochondrial_disease	5160	ncbi_gene	PDHA1	1	2.0	gtr_mitochondrial_gene_summary	silver	clinical_utilization	silver	clinical_utilization	adapter_gene_id_resolved	4.0	3.0	4.0	23.0	0.0	0.0	0.0
mitochondrial_disease	5162	ncbi_gene	PDHB	1	2.0	gtr_mitochondrial_gene_summary	silver	clinical_utilization	silver	clinical_utilization	adapter_gene_id_resolved	0.0	1.0	0.0	18.0	0.0	0.0	0.0
mitochondrial_disease	8050	ncbi_gene	PDHX	1	2.0	gtr_mitochondrial_gene_summary	silver	clinical_utilization	silver	clinical_utilization	adapter_gene_id_resolved	0.0	1.0	1.0	20.0	0.0	0.0	0.0
mitochondrial_disease	5165	ncbi_gene	PDK3	1	2.0	gtr_mitochondrial_gene_summary	silver	clinical_utilization	silver	clinical_utilization	adapter_gene_id_resolved	0.0	0.0	0.0	1.0	0.0	0.0	0.0
mitochondrial_disease	27295	ncbi_gene	PDLIM3	1	2.0	gtr_mitochondrial_gene_summary	silver	clinical_utilization	silver	clinical_utilization	adapter_gene_id_resolved	0.0	2.0	2.0	2.0	0.0	0.0	0.0
mitochondrial_disease	54704	ncbi_gene	PDP1	1	2.0	gtr_mitochondrial_gene_summary	silver	clinical_utilization	silver	clinical_utilization	adapter_gene_id_resolved	0.0	0.0	1.0	19.0	0.0	0.0	0.0
mitochondrial_disease	23590	ncbi_gene	PDSS1	1	2.0	gtr_mitochondrial_gene_summary	silver	clinical_utilization	silver	clinical_utilization	adapter_gene_id_resolved	0.0	0.0	1.0	12.0	0.0	0.0	0.0
mitochondrial_disease	57107	ncbi_gene	PDSS2	1	2.0	gtr_mitochondrial_gene_summary	silver	clinical_utilization	silver	clinical_utilization	adapter_gene_id_resolved	0.0	0.0	1.0	13.0	0.0	0.0	0.0
mitochondrial_disease	3651	ncbi_gene	PDX1	1	2.0	gtr_mitochondrial_gene_summary	silver	clinical_utilization	silver	clinical_utilization	adapter_gene_id_resolved	0.0	0.0	0.0	1.0	0.0	0.0	0.0
mitochondrial_disease	5173	ncbi_gene	PDYN	1	2.0	gtr_mitochondrial_gene_summary	silver	clinical_utilization	silver	clinical_utilization	adapter_gene_id_resolved	0.0	0.0	0.0	3.0	0.0	0.0	0.0
mitochondrial_disease	79955	ncbi_gene	PDZD7	1	2.0	gtr_mitochondrial_gene_summary	silver	clinical_utilization	silver	clinical_utilization	adapter_gene_id_resolved	0.0	0.0	0.0	1.0	0.0	0.0	0.0
mitochondrial_disease	79834	ncbi_gene	PEAK1	1	2.0	gtr_mitochondrial_gene_summary	silver	clinical_utilization	silver	clinical_utilization	adapter_gene_id_resolved	0.0	0.0	0.0	1.0	0.0	0.0	0.0
mitochondrial_disease	5184	ncbi_gene	PEPD	1	2.0	gtr_mitochondrial_gene_summary	silver	clinical_utilization	silver	clinical_utilization	adapter_gene_id_resolved	0.0	0.0	0.0	1.0	0.0	0.0	0.0
mitochondrial_disease	100131801	ncbi_gene	PET100	1	2.0	gtr_mitochondrial_gene_summary	silver	clinical_utilization	silver	clinical_utilization	adapter_gene_id_resolved	5.0	1.0	6.0	15.0	0.0	0.0	0.0
mitochondrial_disease	100303755	ncbi_gene	PET117	1	2.0	gtr_mitochondrial_gene_summary	silver	clinical_utilization	silver	clinical_utilization	adapter_gene_id_resolved	1.0	0.0	0.0	2.0	0.0	0.0	0.0
mitochondrial_disease	5189	ncbi_gene	PEX1	1	2.0	gtr_mitochondrial_gene_summary	silver	clinical_utilization	silver	clinical_utilization	adapter_gene_id_resolved	0.0	0.0	1.0	16.0	0.0	0.0	0.0
mitochondrial_disease	5192	ncbi_gene	PEX10	1	2.0	gtr_mitochondrial_gene_summary	silver	clinical_utilization	silver	clinical_utilization	adapter_gene_id_resolved	0.0	0.0	1.0	14.0	0.0	0.0	0.0
mitochondrial_disease	8799	ncbi_gene	PEX11B	1	2.0	gtr_mitochondrial_gene_summary	silver	clinical_utilization	silver	clinical_utilization	adapter_gene_id_resolved	0.0	0.0	1.0	10.0	0.0	0.0	0.0
mitochondrial_disease	5193	ncbi_gene	PEX12	1	2.0	gtr_mitochondrial_gene_summary	silver	clinical_utilization	silver	clinical_utilization	adapter_gene_id_resolved	0.0	0.0	1.0	14.0	0.0	0.0	0.0
mitochondrial_disease	5194	ncbi_gene	PEX13	1	2.0	gtr_mitochondrial_gene_summary	silver	clinical_utilization	silver	clinical_utilization	adapter_gene_id_resolved	0.0	1.0	1.0	12.0	0.0	0.0	0.0
mitochondrial_disease	5195	ncbi_gene	PEX14	1	2.0	gtr_mitochondrial_gene_summary	silver	clinical_utilization	silver	clinical_utilization	adapter_gene_id_resolved	0.0	0.0	1.0	11.0	0.0	0.0	0.0
mitochondrial_disease	9409	ncbi_gene	PEX16	1	2.0	gtr_mitochondrial_gene_summary	silver	clinical_utilization	silver	clinical_utilization	adapter_gene_id_resolved	0.0	0.0	1.0	11.0	0.0	0.0	0.0
mitochondrial_disease	5824	ncbi_gene	PEX19	1	2.0	gtr_mitochondrial_gene_summary	silver	clinical_utilization	silver	clinical_utilization	adapter_gene_id_resolved	0.0	0.0	1.0	11.0	0.0	0.0	0.0
mitochondrial_disease	5828	ncbi_gene	PEX2	1	2.0	gtr_mitochondrial_gene_summary	silver	clinical_utilization	silver	clinical_utilization	adapter_gene_id_resolved	0.0	0.0	1.0	16.0	0.0	0.0	0.0
mitochondrial_disease	55670	ncbi_gene	PEX26	1	2.0	gtr_mitochondrial_gene_summary	silver	clinical_utilization	silver	clinical_utilization	adapter_gene_id_resolved	0.0	0.0	1.0	14.0	0.0	0.0	0.0
mitochondrial_disease	8504	ncbi_gene	PEX3	1	2.0	gtr_mitochondrial_gene_summary	silver	clinical_utilization	silver	clinical_utilization	adapter_gene_id_resolved	0.0	1.0	1.0	12.0	0.0	0.0	0.0
mitochondrial_disease	5830	ncbi_gene	PEX5	1	2.0	gtr_mitochondrial_gene_summary	silver	clinical_utilization	silver	clinical_utilization	adapter_gene_id_resolved	0.0	0.0	1.0	12.0	0.0	0.0	0.0
mitochondrial_disease	5190	ncbi_gene	PEX6	1	2.0	gtr_mitochondrial_gene_summary	silver	clinical_utilization	silver	clinical_utilization	adapter_gene_id_resolved	0.0	0.0	1.0	15.0	0.0	0.0	0.0
mitochondrial_disease	5191	ncbi_gene	PEX7	1	2.0	gtr_mitochondrial_gene_summary	silver	clinical_utilization	silver	clinical_utilization	adapter_gene_id_resolved	0.0	0.0	1.0	14.0	0.0	0.0	0.0
mitochondrial_disease	5211	ncbi_gene	PFKL	1	2.0	gtr_mitochondrial_gene_summary	silver	clinical_utilization	silver	clinical_utilization	adapter_gene_id_resolved	0.0	0.0	1.0	0.0	0.0	0.0	0.0
mitochondrial_disease	5213	ncbi_gene	PFKM	1	2.0	gtr_mitochondrial_gene_summary	silver	clinical_utilization	silver	clinical_utilization	adapter_gene_id_resolved	0.0	0.0	0.0	8.0	0.0	0.0	0.0
mitochondrial_disease	5216	ncbi_gene	PFN1	1	2.0	gtr_mitochondrial_gene_summary	silver	clinical_utilization	silver	clinical_utilization	adapter_gene_id_resolved	0.0	0.0	0.0	1.0	0.0	0.0	0.0
mitochondrial_disease	5224	ncbi_gene	PGAM2	1	2.0	gtr_mitochondrial_gene_summary	silver	clinical_utilization	silver	clinical_utilization	adapter_gene_id_resolved	0.0	0.0	0.0	2.0	0.0	0.0	0.0
mitochondrial_disease	80055	ncbi_gene	PGAP1	1	2.0	gtr_mitochondrial_gene_summary	silver	clinical_utilization	silver	clinical_utilization	adapter_gene_id_resolved	0.0	0.0	1.0	2.0	0.0	0.0	0.0
mitochondrial_disease	93210	ncbi_gene	PGAP3	1	2.0	gtr_mitochondrial_gene_summary	silver	clinical_utilization	silver	clinical_utilization	adapter_gene_id_resolved	0.0	0.0	0.0	1.0	0.0	0.0	0.0
mitochondrial_disease	267004	ncbi_gene	PGBD3	1	2.0	gtr_mitochondrial_gene_summary	silver	clinical_utilization	silver	clinical_utilization	adapter_gene_id_resolved	0.0	0.0	0.0	1.0	0.0	0.0	0.0
mitochondrial_disease	5230	ncbi_gene	PGK1	1	2.0	gtr_mitochondrial_gene_summary	silver	clinical_utilization	silver	clinical_utilization	adapter_gene_id_resolved	0.0	0.0	1.0	5.0	0.0	0.0	0.0
mitochondrial_disease	5236	ncbi_gene	PGM1	1	2.0	gtr_mitochondrial_gene_summary	silver	clinical_utilization	silver	clinical_utilization	adapter_gene_id_resolved	0.0	0.0	0.0	2.0	0.0	0.0	0.0
mitochondrial_disease	5238	ncbi_gene	PGM3	1	2.0	gtr_mitochondrial_gene_summary	silver	clinical_utilization	silver	clinical_utilization	adapter_gene_id_resolved	0.0	0.0	0.0	7.0	0.0	0.0	0.0
mitochondrial_disease	84295	ncbi_gene	PHF6	1	2.0	gtr_mitochondrial_gene_summary	silver	clinical_utilization	silver	clinical_utilization	adapter_gene_id_resolved	0.0	0.0	1.0	4.0	0.0	0.0	0.0
mitochondrial_disease	23133	ncbi_gene	PHF8	1	2.0	gtr_mitochondrial_gene_summary	silver	clinical_utilization	silver	clinical_utilization	adapter_gene_id_resolved	0.0	0.0	1.0	3.0	0.0	0.0	0.0
mitochondrial_disease	26227	ncbi_gene	PHGDH	1	2.0	gtr_mitochondrial_gene_summary	silver	clinical_utilization	silver	clinical_utilization	adapter_gene_id_resolved	0.0	1.0	1.0	13.0	0.0	0.0	0.0
mitochondrial_disease	5255	ncbi_gene	PHKA1	1	2.0	gtr_mitochondrial_gene_summary	silver	clinical_utilization	silver	clinical_utilization	adapter_gene_id_resolved	0.0	0.0	0.0	9.0	0.0	0.0	0.0
mitochondrial_disease	5256	ncbi_gene	PHKA2	1	2.0	gtr_mitochondrial_gene_summary	silver	clinical_utilization	silver	clinical_utilization	adapter_gene_id_resolved	0.0	0.0	0.0	10.0	0.0	0.0	0.0
mitochondrial_disease	5257	ncbi_gene	PHKB	1	2.0	gtr_mitochondrial_gene_summary	silver	clinical_utilization	silver	clinical_utilization	adapter_gene_id_resolved	0.0	0.0	0.0	10.0	0.0	0.0	0.0
mitochondrial_disease	5261	ncbi_gene	PHKG2	1	2.0	gtr_mitochondrial_gene_summary	silver	clinical_utilization	silver	clinical_utilization	adapter_gene_id_resolved	0.0	0.0	0.0	10.0	0.0	0.0	0.0
mitochondrial_disease	8929	ncbi_gene	PHOX2B	1	2.0	gtr_mitochondrial_gene_summary	silver	clinical_utilization	silver	clinical_utilization	adapter_gene_id_resolved	0.0	0.0	4.0	0.0	0.0	0.0	0.0
mitochondrial_disease	5264	ncbi_gene	PHYH	1	2.0	gtr_mitochondrial_gene_summary	silver	clinical_utilization	silver	clinical_utilization	adapter_gene_id_resolved	0.0	0.0	1.0	4.0	0.0	0.0	0.0
mitochondrial_disease	5277	ncbi_gene	PIGA	1	2.0	gtr_mitochondrial_gene_summary	silver	clinical_utilization	silver	clinical_utilization	adapter_gene_id_resolved	0.0	0.0	0.0	1.0	0.0	0.0	0.0
mitochondrial_disease	54872	ncbi_gene	PIGG	1	2.0	gtr_mitochondrial_gene_summary	silver	clinical_utilization	silver	clinical_utilization	adapter_gene_id_resolved	0.0	0.0	0.0	1.0	0.0	0.0	0.0
mitochondrial_disease	9487	ncbi_gene	PIGL	1	2.0	gtr_mitochondrial_gene_summary	silver	clinical_utilization	silver	clinical_utilization	adapter_gene_id_resolved	0.0	0.0	0.0	1.0	0.0	0.0	0.0
mitochondrial_disease	93183	ncbi_gene	PIGM	1	2.0	gtr_mitochondrial_gene_summary	silver	clinical_utilization	silver	clinical_utilization	adapter_gene_id_resolved	0.0	0.0	0.0	1.0	0.0	0.0	0.0
mitochondrial_disease	23556	ncbi_gene	PIGN	1	2.0	gtr_mitochondrial_gene_summary	silver	clinical_utilization	silver	clinical_utilization	adapter_gene_id_resolved	0.0	0.0	0.0	1.0	0.0	0.0	0.0
mitochondrial_disease	84720	ncbi_gene	PIGO	1	2.0	gtr_mitochondrial_gene_summary	silver	clinical_utilization	silver	clinical_utilization	adapter_gene_id_resolved	0.0	0.0	0.0	1.0	0.0	0.0	0.0
mitochondrial_disease	51227	ncbi_gene	PIGP	1	2.0	gtr_mitochondrial_gene_summary	silver	clinical_utilization	silver	clinical_utilization	adapter_gene_id_resolved	0.0	0.0	0.0	1.0	0.0	0.0	0.0
mitochondrial_disease	51604	ncbi_gene	PIGT	1	2.0	gtr_mitochondrial_gene_summary	silver	clinical_utilization	silver	clinical_utilization	adapter_gene_id_resolved	0.0	0.0	0.0	1.0	0.0	0.0	0.0
mitochondrial_disease	55650	ncbi_gene	PIGV	1	2.0	gtr_mitochondrial_gene_summary	silver	clinical_utilization	silver	clinical_utilization	adapter_gene_id_resolved	0.0	0.0	0.0	1.0	0.0	0.0	0.0
mitochondrial_disease	284098	ncbi_gene	PIGW	1	2.0	gtr_mitochondrial_gene_summary	silver	clinical_utilization	silver	clinical_utilization	adapter_gene_id_resolved	0.0	0.0	0.0	1.0	0.0	0.0	0.0
mitochondrial_disease	84992	ncbi_gene	PIGY	1	2.0	gtr_mitochondrial_gene_summary	silver	clinical_utilization	silver	clinical_utilization	adapter_gene_id_resolved	0.0	0.0	0.0	1.0	0.0	0.0	0.0
mitochondrial_disease	5290	ncbi_gene	PIK3CA	1	2.0	gtr_mitochondrial_gene_summary	silver	clinical_utilization	silver	clinical_utilization	adapter_gene_id_resolved	0.0	0.0	0.0	3.0	0.0	0.0	0.0
mitochondrial_disease	5293	ncbi_gene	PIK3CD	1	2.0	gtr_mitochondrial_gene_summary	silver	clinical_utilization	silver	clinical_utilization	adapter_gene_id_resolved	0.0	0.0	0.0	1.0	0.0	0.0	0.0
mitochondrial_disease	5295	ncbi_gene	PIK3R1	1	2.0	gtr_mitochondrial_gene_summary	silver	clinical_utilization	silver	clinical_utilization	adapter_gene_id_resolved	0.0	0.0	0.0	1.0	0.0	0.0	0.0
mitochondrial_disease	5296	ncbi_gene	PIK3R2	1	2.0	gtr_mitochondrial_gene_summary	silver	clinical_utilization	silver	clinical_utilization	adapter_gene_id_resolved	0.0	1.0	0.0	4.0	0.0	0.0	0.0
mitochondrial_disease	23533	ncbi_gene	PIK3R5	1	2.0	gtr_mitochondrial_gene_summary	silver	clinical_utilization	silver	clinical_utilization	adapter_gene_id_resolved	0.0	0.0	0.0	2.0	0.0	0.0	0.0
mitochondrial_disease	65018	ncbi_gene	PINK1	1	2.0	gtr_mitochondrial_gene_summary	silver	clinical_utilization	silver	clinical_utilization	adapter_gene_id_resolved	0.0	0.0	1.0	2.0	0.0	0.0	0.0
mitochondrial_disease	10531	ncbi_gene	PITRM1	1	2.0	gtr_mitochondrial_gene_summary	silver	clinical_utilization	silver	clinical_utilization	adapter_gene_id_resolved	0.0	0.0	0.0	2.0	0.0	0.0	0.0
mitochondrial_disease	5307	ncbi_gene	PITX1	1	2.0	gtr_mitochondrial_gene_summary	silver	clinical_utilization	silver	clinical_utilization	adapter_gene_id_resolved	0.0	0.0	0.0	2.0	0.0	0.0	0.0
mitochondrial_disease	5309	ncbi_gene	PITX3	1	2.0	gtr_mitochondrial_gene_summary	silver	clinical_utilization	silver	clinical_utilization	adapter_gene_id_resolved	0.0	0.0	1.0	0.0	0.0	0.0	0.0
mitochondrial_disease	494513	ncbi_gene	PJVK	1	2.0	gtr_mitochondrial_gene_summary	silver	clinical_utilization	silver	clinical_utilization	adapter_gene_id_resolved	0.0	0.0	0.0	1.0	0.0	0.0	0.0
mitochondrial_disease	5311	ncbi_gene	PKD2	1	2.0	gtr_mitochondrial_gene_summary	silver	clinical_utilization	silver	clinical_utilization	adapter_gene_id_resolved	0.0	1.0	0.0	0.0	0.0	0.0	0.0
mitochondrial_disease	91461	ncbi_gene	PKDCC	1	2.0	gtr_mitochondrial_gene_summary	silver	clinical_utilization	silver	clinical_utilization	adapter_gene_id_resolved	0.0	0.0	1.0	0.0	0.0	0.0	0.0
mitochondrial_disease	5314	ncbi_gene	PKHD1	1	2.0	gtr_mitochondrial_gene_summary	silver	clinical_utilization	silver	clinical_utilization	adapter_gene_id_resolved	0.0	0.0	0.0	9.0	0.0	0.0	0.0
mitochondrial_disease	93035	ncbi_gene	PKHD1L1	1	2.0	gtr_mitochondrial_gene_summary	silver	clinical_utilization	silver	clinical_utilization	adapter_gene_id_resolved	0.0	0.0	1.0	0.0	0.0	0.0	0.0
mitochondrial_disease	5313	ncbi_gene	PKLR	1	2.0	gtr_mitochondrial_gene_summary	silver	clinical_utilization	silver	clinical_utilization	adapter_gene_id_resolved	0.0	0.0	0.0	1.0	0.0	0.0	0.0
mitochondrial_disease	5315	ncbi_gene	PKM	1	2.0	gtr_mitochondrial_gene_summary	silver	clinical_utilization	silver	clinical_utilization	adapter_gene_id_resolved	0.0	0.0	0.0	1.0	0.0	0.0	0.0
mitochondrial_disease	5318	ncbi_gene	PKP2	1	2.0	gtr_mitochondrial_gene_summary	silver	clinical_utilization	silver	clinical_utilization	adapter_gene_id_resolved	0.0	0.0	2.0	2.0	0.0	0.0	0.0
mitochondrial_disease	8398	ncbi_gene	PLA2G6	1	2.0	gtr_mitochondrial_gene_summary	silver	clinical_utilization	silver	clinical_utilization	adapter_gene_id_resolved	0.0	1.0	3.0	12.0	0.0	0.0	0.0
mitochondrial_disease	23236	ncbi_gene	PLCB1	1	2.0	gtr_mitochondrial_gene_summary	silver	clinical_utilization	silver	clinical_utilization	adapter_gene_id_resolved	2.0	0.0	2.0	4.0	0.0	0.0	0.0
mitochondrial_disease	5332	ncbi_gene	PLCB4	1	2.0	gtr_mitochondrial_gene_summary	silver	clinical_utilization	silver	clinical_utilization	adapter_gene_id_resolved	0.0	0.0	1.0	0.0	0.0	0.0	0.0
mitochondrial_disease	5335	ncbi_gene	PLCG1	1	2.0	gtr_mitochondrial_gene_summary	silver	clinical_utilization	silver	clinical_utilization	adapter_gene_id_resolved	0.0	0.0	1.0	0.0	0.0	0.0	0.0
mitochondrial_disease	5339	ncbi_gene	PLEC	1	2.0	gtr_mitochondrial_gene_summary	silver	clinical_utilization	silver	clinical_utilization	adapter_gene_id_resolved	0.0	0.0	3.0	0.0	0.0	0.0	0.0
mitochondrial_disease	64857	ncbi_gene	PLEKHG2	1	2.0	gtr_mitochondrial_gene_summary	silver	clinical_utilization	silver	clinical_utilization	adapter_gene_id_resolved	0.0	0.0	0.0	2.0	0.0	0.0	0.0
mitochondrial_disease	57449	ncbi_gene	PLEKHG5	1	2.0	gtr_mitochondrial_gene_summary	silver	clinical_utilization	silver	clinical_utilization	adapter_gene_id_resolved	0.0	0.0	1.0	7.0	0.0	0.0	0.0
mitochondrial_disease	5346	ncbi_gene	PLIN1	1	2.0	gtr_mitochondrial_gene_summary	silver	clinical_utilization	silver	clinical_utilization	adapter_gene_id_resolved	0.0	0.0	0.0	1.0	0.0	0.0	0.0
mitochondrial_disease	10733	ncbi_gene	PLK4	1	2.0	gtr_mitochondrial_gene_summary	silver	clinical_utilization	silver	clinical_utilization	adapter_gene_id_resolved	0.0	0.0	0.0	1.0	0.0	0.0	0.0
mitochondrial_disease	5350	ncbi_gene	PLN	1	2.0	gtr_mitochondrial_gene_summary	silver	clinical_utilization	silver	clinical_utilization	adapter_gene_id_resolved	0.0	0.0	3.0	2.0	0.0	0.0	0.0
mitochondrial_disease	5351	ncbi_gene	PLOD1	1	2.0	gtr_mitochondrial_gene_summary	silver	clinical_utilization	silver	clinical_utilization	adapter_gene_id_resolved	0.0	0.0	0.0	2.0	0.0	0.0	0.0
mitochondrial_disease	5352	ncbi_gene	PLOD2	1	2.0	gtr_mitochondrial_gene_summary	silver	clinical_utilization	silver	clinical_utilization	adapter_gene_id_resolved	0.0	0.0	0.0	6.0	0.0	0.0	0.0
mitochondrial_disease	5354	ncbi_gene	PLP1	1	2.0	gtr_mitochondrial_gene_summary	silver	clinical_utilization	silver	clinical_utilization	adapter_gene_id_resolved	0.0	0.0	3.0	16.0	0.0	0.0	0.0
mitochondrial_disease	11212	ncbi_gene	PLPBP	1	2.0	gtr_mitochondrial_gene_summary	silver	clinical_utilization	silver	clinical_utilization	adapter_gene_id_resolved	0.0	0.0	0.0	1.0	0.0	0.0	0.0
mitochondrial_disease	403313	ncbi_gene	PLPP6	1	2.0	gtr_mitochondrial_gene_summary	silver	clinical_utilization	silver	clinical_utilization	adapter_gene_id_resolved	0.0	0.0	1.0	0.0	0.0	0.0	0.0
mitochondrial_disease	5357	ncbi_gene	PLS1	1	2.0	gtr_mitochondrial_gene_summary	silver	clinical_utilization	silver	clinical_utilization	adapter_gene_id_resolved	0.0	0.0	1.0	0.0	0.0	0.0	0.0
mitochondrial_disease	5362	ncbi_gene	PLXNA2	1	2.0	gtr_mitochondrial_gene_summary	silver	clinical_utilization	silver	clinical_utilization	adapter_gene_id_resolved	0.0	1.0	0.0	0.0	0.0	0.0	0.0
mitochondrial_disease	23129	ncbi_gene	PLXND1	1	2.0	gtr_mitochondrial_gene_summary	silver	clinical_utilization	silver	clinical_utilization	adapter_gene_id_resolved	0.0	0.0	0.0	2.0	0.0	0.0	0.0
mitochondrial_disease	5373	ncbi_gene	PMM2	1	2.0	gtr_mitochondrial_gene_summary	silver	clinical_utilization	silver	clinical_utilization	adapter_gene_id_resolved	0.0	0.0	0.0	14.0	0.0	0.0	0.0
mitochondrial_disease	5376	ncbi_gene	PMP22	1	2.0	gtr_mitochondrial_gene_summary	silver	clinical_utilization	silver	clinical_utilization	adapter_gene_id_resolved	0.0	0.0	1.0	0.0	0.0	0.0	0.0
mitochondrial_disease	23203	ncbi_gene	PMPCA	1	2.0	gtr_mitochondrial_gene_summary	silver	clinical_utilization	silver	clinical_utilization	adapter_gene_id_resolved	0.0	0.0	0.0	2.0	0.0	0.0	0.0
mitochondrial_disease	9512	ncbi_gene	PMPCB	1	2.0	gtr_mitochondrial_gene_summary	silver	clinical_utilization	silver	clinical_utilization	adapter_gene_id_resolved	2.0	1.0	2.0	5.0	0.0	0.0	0.0
mitochondrial_disease	5378	ncbi_gene	PMS1	1	2.0	gtr_mitochondrial_gene_summary	silver	clinical_utilization	silver	clinical_utilization	adapter_gene_id_resolved	0.0	0.0	1.0	0.0	0.0	0.0	0.0
mitochondrial_disease	5395	ncbi_gene	PMS2	1	2.0	gtr_mitochondrial_gene_summary	silver	clinical_utilization	silver	clinical_utilization	adapter_gene_id_resolved	0.0	0.0	2.0	1.0	0.0	0.0	0.0
mitochondrial_disease	25953	ncbi_gene	PNKD	1	2.0	gtr_mitochondrial_gene_summary	silver	clinical_utilization	silver	clinical_utilization	adapter_gene_id_resolved	0.0	0.0	0.0	5.0	0.0	0.0	0.0
mitochondrial_disease	11284	ncbi_gene	PNKP	1	2.0	gtr_mitochondrial_gene_summary	silver	clinical_utilization	silver	clinical_utilization	adapter_gene_id_resolved	0.0	0.0	2.0	6.0	0.0	0.0	0.0
mitochondrial_disease	4860	ncbi_gene	PNP	1	2.0	gtr_mitochondrial_gene_summary	silver	clinical_utilization	silver	clinical_utilization	adapter_gene_id_resolved	0.0	0.0	0.0	8.0	0.0	0.0	0.0
mitochondrial_disease	285848	ncbi_gene	PNPLA1	1	2.0	gtr_mitochondrial_gene_summary	silver	clinical_utilization	silver	clinical_utilization	adapter_gene_id_resolved	0.0	0.0	0.0	6.0	0.0	0.0	0.0
mitochondrial_disease	57104	ncbi_gene	PNPLA2	1	2.0	gtr_mitochondrial_gene_summary	silver	clinical_utilization	silver	clinical_utilization	adapter_gene_id_resolved	0.0	1.0	0.0	4.0	0.0	0.0	0.0
mitochondrial_disease	8228	ncbi_gene	PNPLA4	1	2.0	gtr_mitochondrial_gene_summary	silver	clinical_utilization	silver	clinical_utilization	adapter_gene_id_resolved	0.0	0.0	0.0	1.0	0.0	0.0	0.0
mitochondrial_disease	10908	ncbi_gene	PNPLA6	1	2.0	gtr_mitochondrial_gene_summary	silver	clinical_utilization	silver	clinical_utilization	adapter_gene_id_resolved	0.0	0.0	0.0	3.0	0.0	0.0	0.0
mitochondrial_disease	50640	ncbi_gene	PNPLA8	1	2.0	gtr_mitochondrial_gene_summary	silver	clinical_utilization	silver	clinical_utilization	adapter_gene_id_resolved	6.0	0.0	3.0	7.0	0.0	0.0	0.0
mitochondrial_disease	55163	ncbi_gene	PNPO	1	2.0	gtr_mitochondrial_gene_summary	silver	clinical_utilization	silver	clinical_utilization	adapter_gene_id_resolved	0.0	2.0	2.0	11.0	0.0	0.0	0.0
mitochondrial_disease	87178	ncbi_gene	PNPT1	1	2.0	gtr_mitochondrial_gene_summary	silver	clinical_utilization	silver	clinical_utilization	adapter_gene_id_resolved	7.0	5.0	10.0	17.0	0.0	0.0	0.0
mitochondrial_disease	134359	ncbi_gene	POC5	1	2.0	gtr_mitochondrial_gene_summary	silver	clinical_utilization	silver	clinical_utilization	adapter_gene_id_resolved	0.0	0.0	0.0	1.0	0.0	0.0	0.0
mitochondrial_disease	5420	ncbi_gene	PODXL	1	2.0	gtr_mitochondrial_gene_summary	silver	clinical_utilization	silver	clinical_utilization	adapter_gene_id_resolved	0.0	1.0	2.0	1.0	0.0	0.0	0.0
mitochondrial_disease	23126	ncbi_gene	POGZ	1	2.0	gtr_mitochondrial_gene_summary	silver	clinical_utilization	silver	clinical_utilization	adapter_gene_id_resolved	0.0	0.0	0.0	1.0	0.0	0.0	0.0
mitochondrial_disease	5424	ncbi_gene	POLD1	1	2.0	gtr_mitochondrial_gene_summary	silver	clinical_utilization	silver	clinical_utilization	adapter_gene_id_resolved	0.0	0.0	3.0	1.0	0.0	0.0	0.0
mitochondrial_disease	5425	ncbi_gene	POLD2	1	2.0	gtr_mitochondrial_gene_summary	silver	clinical_utilization	silver	clinical_utilization	adapter_gene_id_resolved	0.0	0.0	2.0	0.0	0.0	0.0	0.0
mitochondrial_disease	10714	ncbi_gene	POLD3	1	2.0	gtr_mitochondrial_gene_summary	silver	clinical_utilization	silver	clinical_utilization	adapter_gene_id_resolved	0.0	0.0	1.0	0.0	0.0	0.0	0.0
mitochondrial_disease	5426	ncbi_gene	POLE	1	2.0	gtr_mitochondrial_gene_summary	silver	clinical_utilization	silver	clinical_utilization	adapter_gene_id_resolved	0.0	0.0	3.0	0.0	0.0	0.0	0.0
mitochondrial_disease	5427	ncbi_gene	POLE2	1	2.0	gtr_mitochondrial_gene_summary	silver	clinical_utilization	silver	clinical_utilization	adapter_gene_id_resolved	0.0	0.0	2.0	0.0	0.0	0.0	0.0
mitochondrial_disease	11232	ncbi_gene	POLG2	1	2.0	gtr_mitochondrial_gene_summary	silver	clinical_utilization	silver	clinical_utilization	adapter_gene_id_resolved	18.0	14.0	14.0	16.0	0.0	0.0	0.0
mitochondrial_disease	5429	ncbi_gene	POLH	1	2.0	gtr_mitochondrial_gene_summary	silver	clinical_utilization	silver	clinical_utilization	adapter_gene_id_resolved	0.0	0.0	0.0	8.0	0.0	0.0	0.0
mitochondrial_disease	25885	ncbi_gene	POLR1A	1	2.0	gtr_mitochondrial_gene_summary	silver	clinical_utilization	silver	clinical_utilization	adapter_gene_id_resolved	0.0	0.0	1.0	2.0	0.0	0.0	0.0
mitochondrial_disease	9533	ncbi_gene	POLR1C	1	2.0	gtr_mitochondrial_gene_summary	silver	clinical_utilization	silver	clinical_utilization	adapter_gene_id_resolved	0.0	0.0	0.0	6.0	0.0	0.0	0.0
mitochondrial_disease	51082	ncbi_gene	POLR1D	1	2.0	gtr_mitochondrial_gene_summary	silver	clinical_utilization	silver	clinical_utilization	adapter_gene_id_resolved	0.0	0.0	0.0	3.0	0.0	0.0	0.0
mitochondrial_disease	5432	ncbi_gene	POLR2C	1	2.0	gtr_mitochondrial_gene_summary	silver	clinical_utilization	silver	clinical_utilization	adapter_gene_id_resolved	0.0	0.0	1.0	0.0	0.0	0.0	0.0
mitochondrial_disease	11128	ncbi_gene	POLR3A	1	2.0	gtr_mitochondrial_gene_summary	silver	clinical_utilization	silver	clinical_utilization	adapter_gene_id_resolved	0.0	0.0	3.0	4.0	0.0	0.0	0.0
mitochondrial_disease	55703	ncbi_gene	POLR3B	1	2.0	gtr_mitochondrial_gene_summary	silver	clinical_utilization	silver	clinical_utilization	adapter_gene_id_resolved	0.0	0.0	2.0	4.0	0.0	0.0	0.0
mitochondrial_disease	10621	ncbi_gene	POLR3F	1	2.0	gtr_mitochondrial_gene_summary	silver	clinical_utilization	silver	clinical_utilization	adapter_gene_id_resolved	0.0	0.0	2.0	0.0	0.0	0.0	0.0
mitochondrial_disease	5442	ncbi_gene	POLRMT	1	2.0	gtr_mitochondrial_gene_summary	silver	clinical_utilization	silver	clinical_utilization	adapter_gene_id_resolved	1.0	0.0	0.0	1.0	0.0	0.0	0.0
mitochondrial_disease	55624	ncbi_gene	POMGNT1	1	2.0	gtr_mitochondrial_gene_summary	silver	clinical_utilization	silver	clinical_utilization	adapter_gene_id_resolved	0.0	1.0	2.0	9.0	0.0	0.0	0.0
mitochondrial_disease	84892	ncbi_gene	POMGNT2	1	2.0	gtr_mitochondrial_gene_summary	silver	clinical_utilization	silver	clinical_utilization	adapter_gene_id_resolved	0.0	1.0	1.0	0.0	0.0	0.0	0.0
mitochondrial_disease	10585	ncbi_gene	POMT1	1	2.0	gtr_mitochondrial_gene_summary	silver	clinical_utilization	silver	clinical_utilization	adapter_gene_id_resolved	0.0	1.0	2.0	9.0	0.0	0.0	0.0
mitochondrial_disease	29954	ncbi_gene	POMT2	1	2.0	gtr_mitochondrial_gene_summary	silver	clinical_utilization	silver	clinical_utilization	adapter_gene_id_resolved	0.0	1.0	2.0	9.0	0.0	0.0	0.0
mitochondrial_disease	5445	ncbi_gene	PON2	1	2.0	gtr_mitochondrial_gene_summary	silver	clinical_utilization	silver	clinical_utilization	adapter_gene_id_resolved	0.0	0.0	0.0	3.0	0.0	0.0	0.0
mitochondrial_disease	11149	ncbi_gene	POPDC1	1	2.0	gtr_mitochondrial_gene_summary	silver	clinical_utilization	silver	clinical_utilization	adapter_gene_id_resolved	0.0	0.0	1.0	0.0	0.0	0.0	0.0
mitochondrial_disease	5447	ncbi_gene	POR	1	2.0	gtr_mitochondrial_gene_summary	silver	clinical_utilization	silver	clinical_utilization	adapter_gene_id_resolved	0.0	1.0	0.0	10.0	0.0	0.0	0.0
mitochondrial_disease	64840	ncbi_gene	PORCN	1	2.0	gtr_mitochondrial_gene_summary	silver	clinical_utilization	silver	clinical_utilization	adapter_gene_id_resolved	0.0	0.0	0.0	2.0	0.0	0.0	0.0
mitochondrial_disease	25913	ncbi_gene	POT1	1	2.0	gtr_mitochondrial_gene_summary	silver	clinical_utilization	silver	clinical_utilization	adapter_gene_id_resolved	0.0	0.0	3.0	0.0	0.0	0.0	0.0
mitochondrial_disease	5456	ncbi_gene	POU3F4	1	2.0	gtr_mitochondrial_gene_summary	silver	clinical_utilization	silver	clinical_utilization	adapter_gene_id_resolved	0.0	0.0	0.0	8.0	0.0	0.0	0.0
mitochondrial_disease	5459	ncbi_gene	POU4F3	1	2.0	gtr_mitochondrial_gene_summary	silver	clinical_utilization	silver	clinical_utilization	adapter_gene_id_resolved	0.0	0.0	0.0	1.0	0.0	0.0	0.0
mitochondrial_disease	27068	ncbi_gene	PPA2	1	2.0	gtr_mitochondrial_gene_summary	silver	clinical_utilization	silver	clinical_utilization	adapter_gene_id_resolved	0.0	0.0	0.0	1.0	0.0	0.0	0.0
mitochondrial_disease	5465	ncbi_gene	PPARA	1	2.0	gtr_mitochondrial_gene_summary	silver	clinical_utilization	silver	clinical_utilization	adapter_gene_id_resolved	0.0	0.0	0.0	1.0	0.0	0.0	0.0
mitochondrial_disease	5467	ncbi_gene	PPARD	1	2.0	gtr_mitochondrial_gene_summary	silver	clinical_utilization	silver	clinical_utilization	adapter_gene_id_resolved	0.0	0.0	0.0	1.0	0.0	0.0	0.0
mitochondrial_disease	5468	ncbi_gene	PPARG	1	2.0	gtr_mitochondrial_gene_summary	silver	clinical_utilization	silver	clinical_utilization	adapter_gene_id_resolved	0.0	0.0	0.0	1.0	0.0	0.0	0.0
mitochondrial_disease	10891	ncbi_gene	PPARGC1A	1	2.0	gtr_mitochondrial_gene_summary	silver	clinical_utilization	silver	clinical_utilization	adapter_gene_id_resolved	0.0	0.0	1.0	0.0	0.0	0.0	0.0
mitochondrial_disease	5479	ncbi_gene	PPIB	1	2.0	gtr_mitochondrial_gene_summary	silver	clinical_utilization	silver	clinical_utilization	adapter_gene_id_resolved	0.0	0.0	0.0	6.0	0.0	0.0	0.0
mitochondrial_disease	9647	ncbi_gene	PPM1F	1	2.0	gtr_mitochondrial_gene_summary	silver	clinical_utilization	silver	clinical_utilization	adapter_gene_id_resolved	0.0	1.0	0.0	0.0	0.0	0.0	0.0
mitochondrial_disease	152926	ncbi_gene	PPM1K	1	2.0	gtr_mitochondrial_gene_summary	silver	clinical_utilization	silver	clinical_utilization	adapter_gene_id_resolved	0.0	0.0	0.0	1.0	0.0	0.0	0.0
mitochondrial_disease	5498	ncbi_gene	PPOX	1	2.0	gtr_mitochondrial_gene_summary	silver	clinical_utilization	silver	clinical_utilization	adapter_gene_id_resolved	0.0	0.0	0.0	2.0	0.0	0.0	0.0
mitochondrial_disease	5500	ncbi_gene	PPP1CB	1	2.0	gtr_mitochondrial_gene_summary	silver	clinical_utilization	silver	clinical_utilization	adapter_gene_id_resolved	0.0	0.0	0.0	3.0	0.0	0.0	0.0
mitochondrial_disease	84919	ncbi_gene	PPP1R15B	1	2.0	gtr_mitochondrial_gene_summary	silver	clinical_utilization	silver	clinical_utilization	adapter_gene_id_resolved	0.0	0.0	0.0	1.0	0.0	0.0	0.0
mitochondrial_disease	10842	ncbi_gene	PPP1R17	1	2.0	gtr_mitochondrial_gene_summary	silver	clinical_utilization	silver	clinical_utilization	adapter_gene_id_resolved	0.0	0.0	0.0	1.0	0.0	0.0	0.0
mitochondrial_disease	5518	ncbi_gene	PPP2R1A	1	2.0	gtr_mitochondrial_gene_summary	silver	clinical_utilization	silver	clinical_utilization	adapter_gene_id_resolved	0.0	0.0	0.0	1.0	0.0	0.0	0.0
mitochondrial_disease	5521	ncbi_gene	PPP2R2B	1	2.0	gtr_mitochondrial_gene_summary	silver	clinical_utilization	silver	clinical_utilization	adapter_gene_id_resolved	0.0	0.0	0.0	2.0	0.0	0.0	0.0
mitochondrial_disease	5528	ncbi_gene	PPP2R5D	1	2.0	gtr_mitochondrial_gene_summary	silver	clinical_utilization	silver	clinical_utilization	adapter_gene_id_resolved	0.0	0.0	0.0	1.0	0.0	0.0	0.0
mitochondrial_disease	5530	ncbi_gene	PPP3CA	1	2.0	gtr_mitochondrial_gene_summary	silver	clinical_utilization	silver	clinical_utilization	adapter_gene_id_resolved	0.0	0.0	0.0	1.0	0.0	0.0	0.0
mitochondrial_disease	5538	ncbi_gene	PPT1	1	2.0	gtr_mitochondrial_gene_summary	silver	clinical_utilization	silver	clinical_utilization	adapter_gene_id_resolved	0.0	1.0	3.0	13.0	0.0	0.0	0.0
mitochondrial_disease	9374	ncbi_gene	PPT2	1	2.0	gtr_mitochondrial_gene_summary	silver	clinical_utilization	silver	clinical_utilization	adapter_gene_id_resolved	0.0	0.0	1.0	3.0	0.0	0.0	0.0
mitochondrial_disease	10084	ncbi_gene	PQBP1	1	2.0	gtr_mitochondrial_gene_summary	silver	clinical_utilization	silver	clinical_utilization	adapter_gene_id_resolved	0.0	0.0	1.0	5.0	0.0	0.0	0.0
mitochondrial_disease	768206	ncbi_gene	PRCD	1	2.0	gtr_mitochondrial_gene_summary	silver	clinical_utilization	silver	clinical_utilization	adapter_gene_id_resolved	0.0	0.0	0.0	7.0	0.0	0.0	0.0
mitochondrial_disease	59335	ncbi_gene	PRDM12	1	2.0	gtr_mitochondrial_gene_summary	silver	clinical_utilization	silver	clinical_utilization	adapter_gene_id_resolved	1.0	0.0	0.0	0.0	0.0	0.0	0.0
mitochondrial_disease	59336	ncbi_gene	PRDM13	1	2.0	gtr_mitochondrial_gene_summary	silver	clinical_utilization	silver	clinical_utilization	adapter_gene_id_resolved	0.0	1.0	0.0	0.0	0.0	0.0	0.0
mitochondrial_disease	63976	ncbi_gene	PRDM16	1	2.0	gtr_mitochondrial_gene_summary	silver	clinical_utilization	silver	clinical_utilization	adapter_gene_id_resolved	0.0	0.0	0.0	2.0	0.0	0.0	0.0
mitochondrial_disease	11107	ncbi_gene	PRDM5	1	2.0	gtr_mitochondrial_gene_summary	silver	clinical_utilization	silver	clinical_utilization	adapter_gene_id_resolved	0.0	0.0	0.0	7.0	0.0	0.0	0.0
mitochondrial_disease	56978	ncbi_gene	PRDM8	1	2.0	gtr_mitochondrial_gene_summary	silver	clinical_utilization	silver	clinical_utilization	adapter_gene_id_resolved	0.0	0.0	0.0	2.0	0.0	0.0	0.0
mitochondrial_disease	9581	ncbi_gene	PREPL	1	2.0	gtr_mitochondrial_gene_summary	silver	clinical_utilization	silver	clinical_utilization	adapter_gene_id_resolved	2.0	0.0	2.0	1.0	0.0	0.0	0.0
mitochondrial_disease	5551	ncbi_gene	PRF1	1	2.0	gtr_mitochondrial_gene_summary	silver	clinical_utilization	silver	clinical_utilization	adapter_gene_id_resolved	0.0	0.0	1.0	10.0	0.0	0.0	0.0
mitochondrial_disease	144165	ncbi_gene	PRICKLE1	1	2.0	gtr_mitochondrial_gene_summary	silver	clinical_utilization	silver	clinical_utilization	adapter_gene_id_resolved	0.0	1.0	3.0	5.0	0.0	0.0	0.0
mitochondrial_disease	166336	ncbi_gene	PRICKLE2	1	2.0	gtr_mitochondrial_gene_summary	silver	clinical_utilization	silver	clinical_utilization	adapter_gene_id_resolved	2.0	1.0	3.0	4.0	0.0	0.0	0.0
mitochondrial_disease	145270	ncbi_gene	PRIMA1	1	2.0	gtr_mitochondrial_gene_summary	silver	clinical_utilization	silver	clinical_utilization	adapter_gene_id_resolved	0.0	1.0	0.0	1.0	0.0	0.0	0.0
mitochondrial_disease	51422	ncbi_gene	PRKAG2	1	2.0	gtr_mitochondrial_gene_summary	silver	clinical_utilization	silver	clinical_utilization	adapter_gene_id_resolved	0.0	0.0	2.0	3.0	0.0	0.0	0.0
mitochondrial_disease	53632	ncbi_gene	PRKAG3	1	2.0	gtr_mitochondrial_gene_summary	silver	clinical_utilization	silver	clinical_utilization	adapter_gene_id_resolved	1.0	0.0	0.0	1.0	0.0	0.0	0.0
mitochondrial_disease	5573	ncbi_gene	PRKAR1A	1	2.0	gtr_mitochondrial_gene_summary	silver	clinical_utilization	silver	clinical_utilization	adapter_gene_id_resolved	0.0	1.0	4.0	1.0	0.0	0.0	0.0
mitochondrial_disease	5575	ncbi_gene	PRKAR1B	1	2.0	gtr_mitochondrial_gene_summary	silver	clinical_utilization	silver	clinical_utilization	adapter_gene_id_resolved	0.0	0.0	1.0	0.0	0.0	0.0	0.0
mitochondrial_disease	5582	ncbi_gene	PRKCG	1	2.0	gtr_mitochondrial_gene_summary	silver	clinical_utilization	silver	clinical_utilization	adapter_gene_id_resolved	0.0	0.0	0.0	2.0	0.0	0.0	0.0
mitochondrial_disease	5584	ncbi_gene	PRKCI	1	2.0	gtr_mitochondrial_gene_summary	silver	clinical_utilization	silver	clinical_utilization	adapter_gene_id_resolved	0.0	0.0	0.0	1.0	0.0	0.0	0.0
mitochondrial_disease	5591	ncbi_gene	PRKDC	1	2.0	gtr_mitochondrial_gene_summary	silver	clinical_utilization	silver	clinical_utilization	adapter_gene_id_resolved	0.0	0.0	0.0	9.0	0.0	0.0	0.0
mitochondrial_disease	5592	ncbi_gene	PRKG1	1	2.0	gtr_mitochondrial_gene_summary	silver	clinical_utilization	silver	clinical_utilization	adapter_gene_id_resolved	0.0	0.0	0.0	2.0	0.0	0.0	0.0
mitochondrial_disease	5071	ncbi_gene	PRKN	1	2.0	gtr_mitochondrial_gene_summary	silver	clinical_utilization	silver	clinical_utilization	adapter_gene_id_resolved	0.0	0.0	1.0	2.0	0.0	0.0	0.0
mitochondrial_disease	8575	ncbi_gene	PRKRA	1	2.0	gtr_mitochondrial_gene_summary	silver	clinical_utilization	silver	clinical_utilization	adapter_gene_id_resolved	0.0	0.0	1.0	1.0	0.0	0.0	0.0
mitochondrial_disease	54496	ncbi_gene	PRMT7	1	2.0	gtr_mitochondrial_gene_summary	silver	clinical_utilization	silver	clinical_utilization	adapter_gene_id_resolved	0.0	0.0	0.0	1.0	0.0	0.0	0.0
mitochondrial_disease	5621	ncbi_gene	PRNP	1	2.0	gtr_mitochondrial_gene_summary	silver	clinical_utilization	silver	clinical_utilization	adapter_gene_id_resolved	0.0	0.0	0.0	1.0	0.0	0.0	0.0
mitochondrial_disease	5624	ncbi_gene	PROC	1	2.0	gtr_mitochondrial_gene_summary	silver	clinical_utilization	silver	clinical_utilization	adapter_gene_id_resolved	0.0	0.0	0.0	1.0	0.0	0.0	0.0
mitochondrial_disease	5625	ncbi_gene	PRODH	1	2.0	gtr_mitochondrial_gene_summary	silver	clinical_utilization	silver	clinical_utilization	adapter_gene_id_resolved	0.0	0.0	0.0	2.0	0.0	0.0	0.0
mitochondrial_disease	60675	ncbi_gene	PROK2	1	2.0	gtr_mitochondrial_gene_summary	silver	clinical_utilization	silver	clinical_utilization	adapter_gene_id_resolved	0.0	0.0	0.0	1.0	0.0	0.0	0.0
mitochondrial_disease	128674	ncbi_gene	PROKR2	1	2.0	gtr_mitochondrial_gene_summary	silver	clinical_utilization	silver	clinical_utilization	adapter_gene_id_resolved	0.0	0.0	0.0	2.0	0.0	0.0	0.0
mitochondrial_disease	5626	ncbi_gene	PROP1	1	2.0	gtr_mitochondrial_gene_summary	silver	clinical_utilization	silver	clinical_utilization	adapter_gene_id_resolved	0.0	0.0	0.0	7.0	0.0	0.0	0.0
mitochondrial_disease	5629	ncbi_gene	PROX1	1	2.0	gtr_mitochondrial_gene_summary	silver	clinical_utilization	silver	clinical_utilization	adapter_gene_id_resolved	0.0	0.0	0.0	1.0	0.0	0.0	0.0
mitochondrial_disease	5630	ncbi_gene	PRPH	1	2.0	gtr_mitochondrial_gene_summary	silver	clinical_utilization	silver	clinical_utilization	adapter_gene_id_resolved	0.0	0.0	0.0	1.0	0.0	0.0	0.0
mitochondrial_disease	5631	ncbi_gene	PRPS1	1	2.0	gtr_mitochondrial_gene_summary	silver	clinical_utilization	silver	clinical_utilization	adapter_gene_id_resolved	1.0	0.0	1.0	7.0	0.0	0.0	0.0
mitochondrial_disease	57479	ncbi_gene	PRR12	1	2.0	gtr_mitochondrial_gene_summary	silver	clinical_utilization	silver	clinical_utilization	adapter_gene_id_resolved	0.0	1.0	0.0	0.0	0.0	0.0	0.0
mitochondrial_disease	112476	ncbi_gene	PRRT2	1	2.0	gtr_mitochondrial_gene_summary	silver	clinical_utilization	silver	clinical_utilization	adapter_gene_id_resolved	0.0	0.0	2.0	5.0	0.0	0.0	0.0
mitochondrial_disease	5396	ncbi_gene	PRRX1	1	2.0	gtr_mitochondrial_gene_summary	silver	clinical_utilization	silver	clinical_utilization	adapter_gene_id_resolved	0.0	0.0	0.0	2.0	0.0	0.0	0.0
mitochondrial_disease	5644	ncbi_gene	PRSS1	1	2.0	gtr_mitochondrial_gene_summary	silver	clinical_utilization	silver	clinical_utilization	adapter_gene_id_resolved	0.0	0.0	2.0	0.0	0.0	0.0	0.0
mitochondrial_disease	5660	ncbi_gene	PSAP	1	2.0	gtr_mitochondrial_gene_summary	silver	clinical_utilization	silver	clinical_utilization	adapter_gene_id_resolved	0.0	0.0	2.0	12.0	0.0	0.0	0.0
mitochondrial_disease	29968	ncbi_gene	PSAT1	1	2.0	gtr_mitochondrial_gene_summary	silver	clinical_utilization	silver	clinical_utilization	adapter_gene_id_resolved	0.0	0.0	0.0	3.0	0.0	0.0	0.0
mitochondrial_disease	5663	ncbi_gene	PSEN1	1	2.0	gtr_mitochondrial_gene_summary	silver	clinical_utilization	silver	clinical_utilization	adapter_gene_id_resolved	0.0	0.0	3.0	3.0	0.0	0.0	0.0
mitochondrial_disease	5664	ncbi_gene	PSEN2	1	2.0	gtr_mitochondrial_gene_summary	silver	clinical_utilization	silver	clinical_utilization	adapter_gene_id_resolved	0.0	0.0	3.0	1.0	0.0	0.0	0.0
mitochondrial_disease	5684	ncbi_gene	PSMA3	1	2.0	gtr_mitochondrial_gene_summary	silver	clinical_utilization	silver	clinical_utilization	adapter_gene_id_resolved	2.0	1.0	2.0	0.0	0.0	0.0	0.0
mitochondrial_disease	56984	ncbi_gene	PSMG2	1	2.0	gtr_mitochondrial_gene_summary	silver	clinical_utilization	silver	clinical_utilization	adapter_gene_id_resolved	1.0	0.0	0.0	0.0	0.0	0.0	0.0
mitochondrial_disease	5723	ncbi_gene	PSPH	1	2.0	gtr_mitochondrial_gene_summary	silver	clinical_utilization	silver	clinical_utilization	adapter_gene_id_resolved	0.0	0.0	0.0	1.0	0.0	0.0	0.0
mitochondrial_disease	26024	ncbi_gene	PTCD1	1	2.0	gtr_mitochondrial_gene_summary	silver	clinical_utilization	silver	clinical_utilization	adapter_gene_id_resolved	0.0	0.0	0.0	6.0	0.0	0.0	0.0
mitochondrial_disease	55037	ncbi_gene	PTCD3	1	2.0	gtr_mitochondrial_gene_summary	silver	clinical_utilization	silver	clinical_utilization	adapter_gene_id_resolved	1.0	0.0	0.0	2.0	0.0	0.0	0.0
mitochondrial_disease	5727	ncbi_gene	PTCH1	1	2.0	gtr_mitochondrial_gene_summary	silver	clinical_utilization	silver	clinical_utilization	adapter_gene_id_resolved	0.0	0.0	4.0	3.0	0.0	0.0	0.0
mitochondrial_disease	8643	ncbi_gene	PTCH2	1	2.0	gtr_mitochondrial_gene_summary	silver	clinical_utilization	silver	clinical_utilization	adapter_gene_id_resolved	0.0	0.0	0.0	1.0	0.0	0.0	0.0
mitochondrial_disease	139411	ncbi_gene	PTCHD1	1	2.0	gtr_mitochondrial_gene_summary	silver	clinical_utilization	silver	clinical_utilization	adapter_gene_id_resolved	0.0	0.0	1.0	3.0	0.0	0.0	0.0
mitochondrial_disease	5728	ncbi_gene	PTEN	1	2.0	gtr_mitochondrial_gene_summary	silver	clinical_utilization	silver	clinical_utilization	adapter_gene_id_resolved	0.0	2.0	3.0	5.0	0.0	0.0	0.0
mitochondrial_disease	256297	ncbi_gene	PTF1A	1	2.0	gtr_mitochondrial_gene_summary	silver	clinical_utilization	silver	clinical_utilization	adapter_gene_id_resolved	0.0	0.0	0.0	2.0	0.0	0.0	0.0
mitochondrial_disease	5741	ncbi_gene	PTH	1	2.0	gtr_mitochondrial_gene_summary	silver	clinical_utilization	silver	clinical_utilization	adapter_gene_id_resolved	0.0	0.0	0.0	1.0	0.0	0.0	0.0
mitochondrial_disease	5781	ncbi_gene	PTPN11	1	2.0	gtr_mitochondrial_gene_summary	silver	clinical_utilization	silver	clinical_utilization	adapter_gene_id_resolved	0.0	0.0	4.0	6.0	0.0	0.0	0.0
mitochondrial_disease	26191	ncbi_gene	PTPN22	1	2.0	gtr_mitochondrial_gene_summary	silver	clinical_utilization	silver	clinical_utilization	adapter_gene_id_resolved	0.0	0.0	0.0	1.0	0.0	0.0	0.0
mitochondrial_disease	5788	ncbi_gene	PTPRC	1	2.0	gtr_mitochondrial_gene_summary	silver	clinical_utilization	silver	clinical_utilization	adapter_gene_id_resolved	0.0	0.0	0.0	7.0	0.0	0.0	0.0
mitochondrial_disease	374462	ncbi_gene	PTPRQ	1	2.0	gtr_mitochondrial_gene_summary	silver	clinical_utilization	silver	clinical_utilization	adapter_gene_id_resolved	0.0	0.0	0.0	1.0	0.0	0.0	0.0
mitochondrial_disease	10076	ncbi_gene	PTPRU	1	2.0	gtr_mitochondrial_gene_summary	silver	clinical_utilization	silver	clinical_utilization	adapter_gene_id_resolved	0.0	0.0	0.0	1.0	0.0	0.0	0.0
mitochondrial_disease	51651	ncbi_gene	PTRH2	1	2.0	gtr_mitochondrial_gene_summary	silver	clinical_utilization	silver	clinical_utilization	adapter_gene_id_resolved	0.0	0.0	0.0	4.0	0.0	0.0	0.0
mitochondrial_disease	5805	ncbi_gene	PTS	1	2.0	gtr_mitochondrial_gene_summary	silver	clinical_utilization	silver	clinical_utilization	adapter_gene_id_resolved	0.0	0.0	0.0	8.0	0.0	0.0	0.0
mitochondrial_disease	5813	ncbi_gene	PURA	1	2.0	gtr_mitochondrial_gene_summary	silver	clinical_utilization	silver	clinical_utilization	adapter_gene_id_resolved	0.0	0.0	0.0	1.0	0.0	0.0	0.0
mitochondrial_disease	80324	ncbi_gene	PUS1	1	2.0	gtr_mitochondrial_gene_summary	silver	clinical_utilization	silver	clinical_utilization	adapter_gene_id_resolved	3.0	5.0	2.0	16.0	0.0	0.0	0.0
mitochondrial_disease	83480	ncbi_gene	PUS3	1	2.0	gtr_mitochondrial_gene_summary	silver	clinical_utilization	silver	clinical_utilization	adapter_gene_id_resolved	0.0	0.0	0.0	1.0	0.0	0.0	0.0
mitochondrial_disease	7837	ncbi_gene	PXDN	1	2.0	gtr_mitochondrial_gene_summary	silver	clinical_utilization	silver	clinical_utilization	adapter_gene_id_resolved	0.0	0.0	1.0	0.0	0.0	0.0	0.0
mitochondrial_disease	5831	ncbi_gene	PYCR1	1	2.0	gtr_mitochondrial_gene_summary	silver	clinical_utilization	silver	clinical_utilization	adapter_gene_id_resolved	0.0	0.0	0.0	6.0	0.0	0.0	0.0
mitochondrial_disease	29920	ncbi_gene	PYCR2	1	2.0	gtr_mitochondrial_gene_summary	silver	clinical_utilization	silver	clinical_utilization	adapter_gene_id_resolved	0.0	0.0	0.0	4.0	0.0	0.0	0.0
mitochondrial_disease	5836	ncbi_gene	PYGL	1	2.0	gtr_mitochondrial_gene_summary	silver	clinical_utilization	silver	clinical_utilization	adapter_gene_id_resolved	0.0	0.0	0.0	4.0	0.0	0.0	0.0
mitochondrial_disease	5837	ncbi_gene	PYGM	1	2.0	gtr_mitochondrial_gene_summary	silver	clinical_utilization	silver	clinical_utilization	adapter_gene_id_resolved	0.0	0.0	3.0	10.0	0.0	0.0	0.0
mitochondrial_disease	5859	ncbi_gene	QARS1	1	2.0	gtr_mitochondrial_gene_summary	silver	clinical_utilization	silver	clinical_utilization	adapter_gene_id_resolved	0.0	0.0	1.0	5.0	0.0	0.0	0.0
mitochondrial_disease	5860	ncbi_gene	QDPR	1	2.0	gtr_mitochondrial_gene_summary	silver	clinical_utilization	silver	clinical_utilization	adapter_gene_id_resolved	0.0	0.0	0.0	8.0	0.0	0.0	0.0
mitochondrial_disease	55278	ncbi_gene	QRSL1	1	2.0	gtr_mitochondrial_gene_summary	silver	clinical_utilization	silver	clinical_utilization	adapter_gene_id_resolved	1.0	0.0	0.0	4.0	0.0	0.0	0.0
mitochondrial_disease	8766	ncbi_gene	RAB11A	1	2.0	gtr_mitochondrial_gene_summary	silver	clinical_utilization	silver	clinical_utilization	adapter_gene_id_resolved	0.0	1.0	0.0	0.0	0.0	0.0	0.0
mitochondrial_disease	22931	ncbi_gene	RAB18	1	2.0	gtr_mitochondrial_gene_summary	silver	clinical_utilization	silver	clinical_utilization	adapter_gene_id_resolved	0.0	0.0	0.0	1.0	0.0	0.0	0.0
mitochondrial_disease	51715	ncbi_gene	RAB23	1	2.0	gtr_mitochondrial_gene_summary	silver	clinical_utilization	silver	clinical_utilization	adapter_gene_id_resolved	0.0	0.0	0.0	9.0	0.0	0.0	0.0
mitochondrial_disease	5873	ncbi_gene	RAB27A	1	2.0	gtr_mitochondrial_gene_summary	silver	clinical_utilization	silver	clinical_utilization	adapter_gene_id_resolved	0.0	0.0	2.0	1.0	0.0	0.0	0.0
mitochondrial_disease	8934	ncbi_gene	RAB29	1	2.0	gtr_mitochondrial_gene_summary	silver	clinical_utilization	silver	clinical_utilization	adapter_gene_id_resolved	0.0	0.0	1.0	0.0	0.0	0.0	0.0
mitochondrial_disease	116442	ncbi_gene	RAB39B	1	2.0	gtr_mitochondrial_gene_summary	silver	clinical_utilization	silver	clinical_utilization	adapter_gene_id_resolved	0.0	1.0	2.0	4.0	0.0	0.0	0.0
mitochondrial_disease	22930	ncbi_gene	RAB3GAP1	1	2.0	gtr_mitochondrial_gene_summary	silver	clinical_utilization	silver	clinical_utilization	adapter_gene_id_resolved	0.0	0.0	0.0	1.0	0.0	0.0	0.0
mitochondrial_disease	25782	ncbi_gene	RAB3GAP2	1	2.0	gtr_mitochondrial_gene_summary	silver	clinical_utilization	silver	clinical_utilization	adapter_gene_id_resolved	0.0	0.0	1.0	2.0	0.0	0.0	0.0
mitochondrial_disease	282808	ncbi_gene	RAB40AL	1	2.0	gtr_mitochondrial_gene_summary	silver	clinical_utilization	silver	clinical_utilization	adapter_gene_id_resolved	0.0	0.0	1.0	3.0	0.0	0.0	0.0
mitochondrial_disease	5879	ncbi_gene	RAC1	1	2.0	gtr_mitochondrial_gene_summary	silver	clinical_utilization	silver	clinical_utilization	adapter_gene_id_resolved	0.0	0.0	0.0	2.0	0.0	0.0	0.0
mitochondrial_disease	5880	ncbi_gene	RAC2	1	2.0	gtr_mitochondrial_gene_summary	silver	clinical_utilization	silver	clinical_utilization	adapter_gene_id_resolved	0.0	0.0	2.0	0.0	0.0	0.0	0.0
mitochondrial_disease	5885	ncbi_gene	RAD21	1	2.0	gtr_mitochondrial_gene_summary	silver	clinical_utilization	silver	clinical_utilization	adapter_gene_id_resolved	0.0	0.0	0.0	3.0	0.0	0.0	0.0
mitochondrial_disease	5887	ncbi_gene	RAD23B	1	2.0	gtr_mitochondrial_gene_summary	silver	clinical_utilization	silver	clinical_utilization	adapter_gene_id_resolved	0.0	1.0	0.0	0.0	0.0	0.0	0.0
mitochondrial_disease	10111	ncbi_gene	RAD50	1	2.0	gtr_mitochondrial_gene_summary	silver	clinical_utilization	silver	clinical_utilization	adapter_gene_id_resolved	0.0	0.0	2.0	0.0	0.0	0.0	0.0
mitochondrial_disease	5890	ncbi_gene	RAD51B	1	2.0	gtr_mitochondrial_gene_summary	silver	clinical_utilization	silver	clinical_utilization	adapter_gene_id_resolved	0.0	0.0	1.0	0.0	0.0	0.0	0.0
mitochondrial_disease	5889	ncbi_gene	RAD51C	1	2.0	gtr_mitochondrial_gene_summary	silver	clinical_utilization	silver	clinical_utilization	adapter_gene_id_resolved	0.0	0.0	3.0	0.0	0.0	0.0	0.0
mitochondrial_disease	5892	ncbi_gene	RAD51D	1	2.0	gtr_mitochondrial_gene_summary	silver	clinical_utilization	silver	clinical_utilization	adapter_gene_id_resolved	0.0	0.0	2.0	0.0	0.0	0.0	0.0
mitochondrial_disease	5894	ncbi_gene	RAF1	1	2.0	gtr_mitochondrial_gene_summary	silver	clinical_utilization	silver	clinical_utilization	adapter_gene_id_resolved	0.0	1.0	3.0	5.0	0.0	0.0	0.0
mitochondrial_disease	5896	ncbi_gene	RAG1	1	2.0	gtr_mitochondrial_gene_summary	silver	clinical_utilization	silver	clinical_utilization	adapter_gene_id_resolved	0.0	0.0	0.0	7.0	0.0	0.0	0.0
mitochondrial_disease	5897	ncbi_gene	RAG2	1	2.0	gtr_mitochondrial_gene_summary	silver	clinical_utilization	silver	clinical_utilization	adapter_gene_id_resolved	0.0	0.0	0.0	7.0	0.0	0.0	0.0
mitochondrial_disease	10743	ncbi_gene	RAI1	1	2.0	gtr_mitochondrial_gene_summary	silver	clinical_utilization	silver	clinical_utilization	adapter_gene_id_resolved	0.0	0.0	0.0	5.0	0.0	0.0	0.0
mitochondrial_disease	5903	ncbi_gene	RANBP2	1	2.0	gtr_mitochondrial_gene_summary	silver	clinical_utilization	silver	clinical_utilization	adapter_gene_id_resolved	0.0	0.0	0.0	2.0	0.0	0.0	0.0
mitochondrial_disease	29098	ncbi_gene	RANGRF	1	2.0	gtr_mitochondrial_gene_summary	silver	clinical_utilization	silver	clinical_utilization	adapter_gene_id_resolved	0.0	1.0	1.0	2.0	0.0	0.0	0.0
mitochondrial_disease	5913	ncbi_gene	RAPSN	1	2.0	gtr_mitochondrial_gene_summary	silver	clinical_utilization	silver	clinical_utilization	adapter_gene_id_resolved	0.0	0.0	1.0	7.0	0.0	0.0	0.0
mitochondrial_disease	5917	ncbi_gene	RARS1	1	2.0	gtr_mitochondrial_gene_summary	silver	clinical_utilization	silver	clinical_utilization	adapter_gene_id_resolved	0.0	0.0	0.0	5.0	0.0	0.0	0.0
mitochondrial_disease	57038	ncbi_gene	RARS2	1	2.0	gtr_mitochondrial_gene_summary	silver	clinical_utilization	silver	clinical_utilization	adapter_gene_id_resolved	0.0	0.0	1.0	18.0	0.0	0.0	0.0
mitochondrial_disease	5921	ncbi_gene	RASA1	1	2.0	gtr_mitochondrial_gene_summary	silver	clinical_utilization	silver	clinical_utilization	adapter_gene_id_resolved	0.0	0.0	0.0	2.0	0.0	0.0	0.0
mitochondrial_disease	5922	ncbi_gene	RASA2	1	2.0	gtr_mitochondrial_gene_summary	silver	clinical_utilization	silver	clinical_utilization	adapter_gene_id_resolved	0.0	3.0	0.0	5.0	0.0	0.0	0.0
mitochondrial_disease	5925	ncbi_gene	RB1	1	2.0	gtr_mitochondrial_gene_summary	silver	clinical_utilization	silver	clinical_utilization	adapter_gene_id_resolved	0.0	0.0	3.0	0.0	0.0	0.0	0.0
mitochondrial_disease	10616	ncbi_gene	RBCK1	1	2.0	gtr_mitochondrial_gene_summary	silver	clinical_utilization	silver	clinical_utilization	adapter_gene_id_resolved	0.0	0.0	0.0	1.0	0.0	0.0	0.0
mitochondrial_disease	8241	ncbi_gene	RBM10	1	2.0	gtr_mitochondrial_gene_summary	silver	clinical_utilization	silver	clinical_utilization	adapter_gene_id_resolved	0.0	0.0	0.0	2.0	0.0	0.0	0.0
mitochondrial_disease	282996	ncbi_gene	RBM20	1	2.0	gtr_mitochondrial_gene_summary	silver	clinical_utilization	silver	clinical_utilization	adapter_gene_id_resolved	0.0	0.0	3.0	2.0	0.0	0.0	0.0
mitochondrial_disease	9939	ncbi_gene	RBM8A	1	2.0	gtr_mitochondrial_gene_summary	silver	clinical_utilization	silver	clinical_utilization	adapter_gene_id_resolved	0.0	0.0	1.0	1.0	0.0	0.0	0.0
mitochondrial_disease	27303	ncbi_gene	RBMS3	1	2.0	gtr_mitochondrial_gene_summary	silver	clinical_utilization	silver	clinical_utilization	adapter_gene_id_resolved	0.0	0.0	0.0	1.0	0.0	0.0	0.0
mitochondrial_disease	27316	ncbi_gene	RBMX	1	2.0	gtr_mitochondrial_gene_summary	silver	clinical_utilization	silver	clinical_utilization	adapter_gene_id_resolved	0.0	0.0	0.0	1.0	0.0	0.0	0.0
mitochondrial_disease	3516	ncbi_gene	RBPJ	1	2.0	gtr_mitochondrial_gene_summary	silver	clinical_utilization	silver	clinical_utilization	adapter_gene_id_resolved	0.0	0.0	0.0	2.0	0.0	0.0	0.0
mitochondrial_disease	55213	ncbi_gene	RCBTB1	1	2.0	gtr_mitochondrial_gene_summary	silver	clinical_utilization	silver	clinical_utilization	adapter_gene_id_resolved	0.0	0.0	0.0	1.0	0.0	0.0	0.0
mitochondrial_disease	343035	ncbi_gene	RD3	1	2.0	gtr_mitochondrial_gene_summary	silver	clinical_utilization	silver	clinical_utilization	adapter_gene_id_resolved	0.0	0.0	0.0	6.0	0.0	0.0	0.0
mitochondrial_disease	51109	ncbi_gene	RDH11	1	2.0	gtr_mitochondrial_gene_summary	silver	clinical_utilization	silver	clinical_utilization	adapter_gene_id_resolved	0.0	0.0	0.0	1.0	0.0	0.0	0.0
mitochondrial_disease	145226	ncbi_gene	RDH12	1	2.0	gtr_mitochondrial_gene_summary	silver	clinical_utilization	silver	clinical_utilization	adapter_gene_id_resolved	0.0	0.0	0.0	6.0	0.0	0.0	0.0
mitochondrial_disease	9401	ncbi_gene	RECQL4	1	2.0	gtr_mitochondrial_gene_summary	silver	clinical_utilization	silver	clinical_utilization	adapter_gene_id_resolved	0.0	0.0	1.0	2.0	0.0	0.0	0.0
mitochondrial_disease	65055	ncbi_gene	REEP1	1	2.0	gtr_mitochondrial_gene_summary	silver	clinical_utilization	silver	clinical_utilization	adapter_gene_id_resolved	0.0	1.0	1.0	3.0	0.0	0.0	0.0
mitochondrial_disease	51308	ncbi_gene	REEP2	1	2.0	gtr_mitochondrial_gene_summary	silver	clinical_utilization	silver	clinical_utilization	adapter_gene_id_resolved	0.0	1.0	0.0	2.0	0.0	0.0	0.0
mitochondrial_disease	5966	ncbi_gene	REL	1	2.0	gtr_mitochondrial_gene_summary	silver	clinical_utilization	silver	clinical_utilization	adapter_gene_id_resolved	0.0	0.0	2.0	0.0	0.0	0.0	0.0
mitochondrial_disease	5649	ncbi_gene	RELN	1	2.0	gtr_mitochondrial_gene_summary	silver	clinical_utilization	silver	clinical_utilization	adapter_gene_id_resolved	0.0	0.0	0.0	3.0	0.0	0.0	0.0
mitochondrial_disease	5972	ncbi_gene	REN	1	2.0	gtr_mitochondrial_gene_summary	silver	clinical_utilization	silver	clinical_utilization	adapter_gene_id_resolved	0.0	0.0	0.0	1.0	0.0	0.0	0.0
mitochondrial_disease	5979	ncbi_gene	RET	1	2.0	gtr_mitochondrial_gene_summary	silver	clinical_utilization	silver	clinical_utilization	adapter_gene_id_resolved	0.0	2.0	4.0	0.0	0.0	0.0	0.0
mitochondrial_disease	54463	ncbi_gene	RETREG1	1	2.0	gtr_mitochondrial_gene_summary	silver	clinical_utilization	silver	clinical_utilization	adapter_gene_id_resolved	0.0	0.0	0.0	1.0	0.0	0.0	0.0
mitochondrial_disease	5980	ncbi_gene	REV3L	1	2.0	gtr_mitochondrial_gene_summary	silver	clinical_utilization	silver	clinical_utilization	adapter_gene_id_resolved	0.0	0.0	0.0	2.0	0.0	0.0	0.0
mitochondrial_disease	91869	ncbi_gene	RFT1	1	2.0	gtr_mitochondrial_gene_summary	silver	clinical_utilization	silver	clinical_utilization	adapter_gene_id_resolved	0.0	0.0	0.0	3.0	0.0	0.0	0.0
mitochondrial_disease	5993	ncbi_gene	RFX5	1	2.0	gtr_mitochondrial_gene_summary	silver	clinical_utilization	silver	clinical_utilization	adapter_gene_id_resolved	0.0	0.0	0.0	6.0	0.0	0.0	0.0
mitochondrial_disease	8625	ncbi_gene	RFXANK	1	2.0	gtr_mitochondrial_gene_summary	silver	clinical_utilization	silver	clinical_utilization	adapter_gene_id_resolved	0.0	0.0	0.0	6.0	0.0	0.0	0.0
mitochondrial_disease	5994	ncbi_gene	RFXAP	1	2.0	gtr_mitochondrial_gene_summary	silver	clinical_utilization	silver	clinical_utilization	adapter_gene_id_resolved	0.0	0.0	0.0	6.0	0.0	0.0	0.0
mitochondrial_disease	9628	ncbi_gene	RGS6	1	2.0	gtr_mitochondrial_gene_summary	silver	clinical_utilization	silver	clinical_utilization	adapter_gene_id_resolved	0.0	0.0	0.0	1.0	0.0	0.0	0.0
mitochondrial_disease	440712	ncbi_gene	RHEX	1	2.0	gtr_mitochondrial_gene_summary	silver	clinical_utilization	silver	clinical_utilization	adapter_gene_id_resolved	0.0	0.0	0.0	1.0	0.0	0.0	0.0
mitochondrial_disease	158787	ncbi_gene	RIBC1	1	2.0	gtr_mitochondrial_gene_summary	silver	clinical_utilization	silver	clinical_utilization	adapter_gene_id_resolved	1.0	0.0	0.0	0.0	0.0	0.0	0.0
mitochondrial_disease	22999	ncbi_gene	RIMS1	1	2.0	gtr_mitochondrial_gene_summary	silver	clinical_utilization	silver	clinical_utilization	adapter_gene_id_resolved	0.0	0.0	0.0	1.0	0.0	0.0	0.0
mitochondrial_disease	6016	ncbi_gene	RIT1	1	2.0	gtr_mitochondrial_gene_summary	silver	clinical_utilization	silver	clinical_utilization	adapter_gene_id_resolved	0.0	0.0	0.0	5.0	0.0	0.0	0.0
mitochondrial_disease	6017	ncbi_gene	RLBP1	1	2.0	gtr_mitochondrial_gene_summary	silver	clinical_utilization	silver	clinical_utilization	adapter_gene_id_resolved	0.0	0.0	0.0	7.0	0.0	0.0	0.0
mitochondrial_disease	55005	ncbi_gene	RMND1	1	2.0	gtr_mitochondrial_gene_summary	silver	clinical_utilization	silver	clinical_utilization	adapter_gene_id_resolved	6.0	7.0	9.0	16.0	0.0	0.0	0.0
mitochondrial_disease	6023	ncbi_gene	RMRP	1	2.0	gtr_mitochondrial_gene_summary	silver	clinical_utilization	silver	clinical_utilization	adapter_gene_id_resolved	0.0	0.0	1.0	9.0	0.0	0.0	0.0
mitochondrial_disease	246243	ncbi_gene	RNASEH1	1	2.0	gtr_mitochondrial_gene_summary	silver	clinical_utilization	silver	clinical_utilization	adapter_gene_id_resolved	4.0	2.0	8.0	11.0	0.0	0.0	0.0
mitochondrial_disease	10535	ncbi_gene	RNASEH2A	1	2.0	gtr_mitochondrial_gene_summary	silver	clinical_utilization	silver	clinical_utilization	adapter_gene_id_resolved	0.0	0.0	3.0	10.0	0.0	0.0	0.0
mitochondrial_disease	79621	ncbi_gene	RNASEH2B	1	2.0	gtr_mitochondrial_gene_summary	silver	clinical_utilization	silver	clinical_utilization	adapter_gene_id_resolved	0.0	0.0	3.0	12.0	0.0	0.0	0.0
mitochondrial_disease	84153	ncbi_gene	RNASEH2C	1	2.0	gtr_mitochondrial_gene_summary	silver	clinical_utilization	silver	clinical_utilization	adapter_gene_id_resolved	0.0	0.0	3.0	10.0	0.0	0.0	0.0
mitochondrial_disease	8635	ncbi_gene	RNASET2	1	2.0	gtr_mitochondrial_gene_summary	silver	clinical_utilization	silver	clinical_utilization	adapter_gene_id_resolved	0.0	0.0	2.0	4.0	0.0	0.0	0.0
mitochondrial_disease	7737	ncbi_gene	RNF113A	1	2.0	gtr_mitochondrial_gene_summary	silver	clinical_utilization	silver	clinical_utilization	adapter_gene_id_resolved	1.0	0.0	0.0	1.0	0.0	0.0	0.0
mitochondrial_disease	54941	ncbi_gene	RNF125	1	2.0	gtr_mitochondrial_gene_summary	silver	clinical_utilization	silver	clinical_utilization	adapter_gene_id_resolved	0.0	0.0	0.0	1.0	0.0	0.0	0.0
mitochondrial_disease	84282	ncbi_gene	RNF135	1	2.0	gtr_mitochondrial_gene_summary	silver	clinical_utilization	silver	clinical_utilization	adapter_gene_id_resolved	0.0	0.0	0.0	2.0	0.0	0.0	0.0
mitochondrial_disease	81790	ncbi_gene	RNF170	1	2.0	gtr_mitochondrial_gene_summary	silver	clinical_utilization	silver	clinical_utilization	adapter_gene_id_resolved	0.0	0.0	1.0	1.0	0.0	0.0	0.0
mitochondrial_disease	54476	ncbi_gene	RNF216	1	2.0	gtr_mitochondrial_gene_summary	silver	clinical_utilization	silver	clinical_utilization	adapter_gene_id_resolved	0.0	0.0	0.0	2.0	0.0	0.0	0.0
mitochondrial_disease	55072	ncbi_gene	RNF31	1	2.0	gtr_mitochondrial_gene_summary	silver	clinical_utilization	silver	clinical_utilization	adapter_gene_id_resolved	0.0	1.0	2.0	0.0	0.0	0.0	0.0
mitochondrial_disease	54894	ncbi_gene	RNF43	1	2.0	gtr_mitochondrial_gene_summary	silver	clinical_utilization	silver	clinical_utilization	adapter_gene_id_resolved	0.0	0.0	1.0	0.0	0.0	0.0	0.0
mitochondrial_disease	55328	ncbi_gene	RNLS	1	2.0	gtr_mitochondrial_gene_summary	silver	clinical_utilization	silver	clinical_utilization	adapter_gene_id_resolved	0.0	0.0	0.0	1.0	0.0	0.0	0.0
mitochondrial_disease	6091	ncbi_gene	ROBO1	1	2.0	gtr_mitochondrial_gene_summary	silver	clinical_utilization	silver	clinical_utilization	adapter_gene_id_resolved	0.0	1.0	0.0	0.0	0.0	0.0	0.0
mitochondrial_disease	79641	ncbi_gene	ROGDI	1	2.0	gtr_mitochondrial_gene_summary	silver	clinical_utilization	silver	clinical_utilization	adapter_gene_id_resolved	0.0	0.0	0.0	1.0	0.0	0.0	0.0
mitochondrial_disease	4920	ncbi_gene	ROR2	1	2.0	gtr_mitochondrial_gene_summary	silver	clinical_utilization	silver	clinical_utilization	adapter_gene_id_resolved	0.0	0.0	0.0	2.0	0.0	0.0	0.0
mitochondrial_disease	6102	ncbi_gene	RP2	1	2.0	gtr_mitochondrial_gene_summary	silver	clinical_utilization	silver	clinical_utilization	adapter_gene_id_resolved	0.0	0.0	0.0	7.0	0.0	0.0	0.0
mitochondrial_disease	6121	ncbi_gene	RPE65	1	2.0	gtr_mitochondrial_gene_summary	silver	clinical_utilization	silver	clinical_utilization	adapter_gene_id_resolved	0.0	0.0	0.0	6.0	0.0	0.0	0.0
mitochondrial_disease	6103	ncbi_gene	RPGR	1	2.0	gtr_mitochondrial_gene_summary	silver	clinical_utilization	silver	clinical_utilization	adapter_gene_id_resolved	0.0	0.0	0.0	8.0	0.0	0.0	0.0
mitochondrial_disease	57096	ncbi_gene	RPGRIP1	1	2.0	gtr_mitochondrial_gene_summary	silver	clinical_utilization	silver	clinical_utilization	adapter_gene_id_resolved	0.0	0.0	0.0	6.0	0.0	0.0	0.0
mitochondrial_disease	23322	ncbi_gene	RPGRIP1L	1	2.0	gtr_mitochondrial_gene_summary	silver	clinical_utilization	silver	clinical_utilization	adapter_gene_id_resolved	0.0	0.0	0.0	8.0	0.0	0.0	0.0
mitochondrial_disease	22895	ncbi_gene	RPH3A	1	2.0	gtr_mitochondrial_gene_summary	silver	clinical_utilization	silver	clinical_utilization	adapter_gene_id_resolved	0.0	0.0	0.0	1.0	0.0	0.0	0.0
mitochondrial_disease	22934	ncbi_gene	RPIA	1	2.0	gtr_mitochondrial_gene_summary	silver	clinical_utilization	silver	clinical_utilization	adapter_gene_id_resolved	0.0	0.0	0.0	3.0	0.0	0.0	0.0
mitochondrial_disease	6134	ncbi_gene	RPL10	1	2.0	gtr_mitochondrial_gene_summary	silver	clinical_utilization	silver	clinical_utilization	adapter_gene_id_resolved	0.0	0.0	1.0	3.0	0.0	0.0	0.0
mitochondrial_disease	6135	ncbi_gene	RPL11	1	2.0	gtr_mitochondrial_gene_summary	silver	clinical_utilization	silver	clinical_utilization	adapter_gene_id_resolved	0.0	0.0	1.0	1.0	0.0	0.0	0.0
mitochondrial_disease	6139	ncbi_gene	RPL17	1	2.0	gtr_mitochondrial_gene_summary	silver	clinical_utilization	silver	clinical_utilization	adapter_gene_id_resolved	0.0	1.0	0.0	0.0	0.0	0.0	0.0
mitochondrial_disease	6143	ncbi_gene	RPL19	1	2.0	gtr_mitochondrial_gene_summary	silver	clinical_utilization	silver	clinical_utilization	adapter_gene_id_resolved	0.0	1.0	1.0	0.0	0.0	0.0	0.0
mitochondrial_disease	9349	ncbi_gene	RPL23	1	2.0	gtr_mitochondrial_gene_summary	silver	clinical_utilization	silver	clinical_utilization	adapter_gene_id_resolved	0.0	0.0	1.0	0.0	0.0	0.0	0.0
mitochondrial_disease	6160	ncbi_gene	RPL31	1	2.0	gtr_mitochondrial_gene_summary	silver	clinical_utilization	silver	clinical_utilization	adapter_gene_id_resolved	0.0	1.0	1.0	0.0	0.0	0.0	0.0
mitochondrial_disease	6165	ncbi_gene	RPL35A	1	2.0	gtr_mitochondrial_gene_summary	silver	clinical_utilization	silver	clinical_utilization	adapter_gene_id_resolved	0.0	0.0	1.0	0.0	0.0	0.0	0.0
mitochondrial_disease	6125	ncbi_gene	RPL5	1	2.0	gtr_mitochondrial_gene_summary	silver	clinical_utilization	silver	clinical_utilization	adapter_gene_id_resolved	0.0	0.0	1.0	0.0	0.0	0.0	0.0
mitochondrial_disease	6133	ncbi_gene	RPL9	1	2.0	gtr_mitochondrial_gene_summary	silver	clinical_utilization	silver	clinical_utilization	adapter_gene_id_resolved	0.0	1.0	1.0	0.0	0.0	0.0	0.0
mitochondrial_disease	6185	ncbi_gene	RPN2	1	2.0	gtr_mitochondrial_gene_summary	silver	clinical_utilization	silver	clinical_utilization	adapter_gene_id_resolved	0.0	1.0	0.0	0.0	0.0	0.0	0.0
mitochondrial_disease	6204	ncbi_gene	RPS10	1	2.0	gtr_mitochondrial_gene_summary	silver	clinical_utilization	silver	clinical_utilization	adapter_gene_id_resolved	0.0	0.0	1.0	0.0	0.0	0.0	0.0
mitochondrial_disease	6209	ncbi_gene	RPS15	1	2.0	gtr_mitochondrial_gene_summary	silver	clinical_utilization	silver	clinical_utilization	adapter_gene_id_resolved	0.0	0.0	1.0	0.0	0.0	0.0	0.0
mitochondrial_disease	6218	ncbi_gene	RPS17	1	2.0	gtr_mitochondrial_gene_summary	silver	clinical_utilization	silver	clinical_utilization	adapter_gene_id_resolved	0.0	0.0	1.0	0.0	0.0	0.0	0.0
mitochondrial_disease	6223	ncbi_gene	RPS19	1	2.0	gtr_mitochondrial_gene_summary	silver	clinical_utilization	silver	clinical_utilization	adapter_gene_id_resolved	0.0	0.0	1.0	0.0	0.0	0.0	0.0
mitochondrial_disease	6224	ncbi_gene	RPS20	1	2.0	gtr_mitochondrial_gene_summary	silver	clinical_utilization	silver	clinical_utilization	adapter_gene_id_resolved	0.0	1.0	1.0	0.0	0.0	0.0	0.0
mitochondrial_disease	6228	ncbi_gene	RPS23	1	2.0	gtr_mitochondrial_gene_summary	silver	clinical_utilization	silver	clinical_utilization	adapter_gene_id_resolved	0.0	0.0	0.0	1.0	0.0	0.0	0.0
mitochondrial_disease	6229	ncbi_gene	RPS24	1	2.0	gtr_mitochondrial_gene_summary	silver	clinical_utilization	silver	clinical_utilization	adapter_gene_id_resolved	0.0	0.0	1.0	0.0	0.0	0.0	0.0
mitochondrial_disease	6231	ncbi_gene	RPS26	1	2.0	gtr_mitochondrial_gene_summary	silver	clinical_utilization	silver	clinical_utilization	adapter_gene_id_resolved	0.0	0.0	1.0	1.0	0.0	0.0	0.0
mitochondrial_disease	6234	ncbi_gene	RPS28	1	2.0	gtr_mitochondrial_gene_summary	silver	clinical_utilization	silver	clinical_utilization	adapter_gene_id_resolved	0.0	0.0	0.0	1.0	0.0	0.0	0.0
mitochondrial_disease	6197	ncbi_gene	RPS6KA3	1	2.0	gtr_mitochondrial_gene_summary	silver	clinical_utilization	silver	clinical_utilization	adapter_gene_id_resolved	0.0	0.0	1.0	10.0	0.0	0.0	0.0
mitochondrial_disease	26750	ncbi_gene	RPS6KC1	1	2.0	gtr_mitochondrial_gene_summary	silver	clinical_utilization	silver	clinical_utilization	adapter_gene_id_resolved	0.0	0.0	0.0	1.0	0.0	0.0	0.0
mitochondrial_disease	6201	ncbi_gene	RPS7	1	2.0	gtr_mitochondrial_gene_summary	silver	clinical_utilization	silver	clinical_utilization	adapter_gene_id_resolved	0.0	0.0	1.0	0.0	0.0	0.0	0.0
mitochondrial_disease	10670	ncbi_gene	RRAGA	1	2.0	gtr_mitochondrial_gene_summary	silver	clinical_utilization	silver	clinical_utilization	adapter_gene_id_resolved	0.0	0.0	0.0	1.0	0.0	0.0	0.0
mitochondrial_disease	6237	ncbi_gene	RRAS	1	2.0	gtr_mitochondrial_gene_summary	silver	clinical_utilization	silver	clinical_utilization	adapter_gene_id_resolved	0.0	3.0	0.0	5.0	0.0	0.0	0.0
mitochondrial_disease	ENSG00000048392	ensembl_gene	RRM2B	1	2.0	gtr_mitochondrial_gene_summary	silver	clinical_utilization	silver	clinical_utilization	resolved	30.0	18.0	16.0	18.0	0.0	0.0	0.0
mitochondrial_disease	6247	ncbi_gene	RS1	1	2.0	gtr_mitochondrial_gene_summary	silver	clinical_utilization	silver	clinical_utilization	adapter_gene_id_resolved	0.0	0.0	0.0	8.0	0.0	0.0	0.0
mitochondrial_disease	83546	ncbi_gene	RTBDN	1	2.0	gtr_mitochondrial_gene_summary	silver	clinical_utilization	silver	clinical_utilization	adapter_gene_id_resolved	0.0	0.0	0.0	1.0	0.0	0.0	0.0
mitochondrial_disease	6253	ncbi_gene	RTN2	1	2.0	gtr_mitochondrial_gene_summary	silver	clinical_utilization	silver	clinical_utilization	adapter_gene_id_resolved	0.0	1.0	0.0	2.0	0.0	0.0	0.0
mitochondrial_disease	84816	ncbi_gene	RTN4IP1	1	2.0	gtr_mitochondrial_gene_summary	silver	clinical_utilization	silver	clinical_utilization	adapter_gene_id_resolved	0.0	0.0	0.0	3.0	0.0	0.0	0.0
mitochondrial_disease	25914	ncbi_gene	RTTN	1	2.0	gtr_mitochondrial_gene_summary	silver	clinical_utilization	silver	clinical_utilization	adapter_gene_id_resolved	0.0	0.0	0.0	1.0	0.0	0.0	0.0
mitochondrial_disease	9711	ncbi_gene	RUBCN	1	2.0	gtr_mitochondrial_gene_summary	silver	clinical_utilization	silver	clinical_utilization	adapter_gene_id_resolved	0.0	0.0	0.0	3.0	0.0	0.0	0.0
mitochondrial_disease	861	ncbi_gene	RUNX1	1	2.0	gtr_mitochondrial_gene_summary	silver	clinical_utilization	silver	clinical_utilization	adapter_gene_id_resolved	0.0	0.0	4.0	0.0	0.0	0.0	0.0
mitochondrial_disease	6261	ncbi_gene	RYR1	1	2.0	gtr_mitochondrial_gene_summary	silver	clinical_utilization	silver	clinical_utilization	adapter_gene_id_resolved	0.0	0.0	3.0	2.0	0.0	0.0	0.0
mitochondrial_disease	6262	ncbi_gene	RYR2	1	2.0	gtr_mitochondrial_gene_summary	silver	clinical_utilization	silver	clinical_utilization	adapter_gene_id_resolved	0.0	0.0	2.0	3.0	0.0	0.0	0.0
mitochondrial_disease	26278	ncbi_gene	SACS	1	2.0	gtr_mitochondrial_gene_summary	silver	clinical_utilization	silver	clinical_utilization	adapter_gene_id_resolved	0.0	0.0	0.0	14.0	0.0	0.0	0.0
mitochondrial_disease	6299	ncbi_gene	SALL1	1	2.0	gtr_mitochondrial_gene_summary	silver	clinical_utilization	silver	clinical_utilization	adapter_gene_id_resolved	0.0	0.0	0.0	3.0	0.0	0.0	0.0
mitochondrial_disease	57167	ncbi_gene	SALL4	1	2.0	gtr_mitochondrial_gene_summary	silver	clinical_utilization	silver	clinical_utilization	adapter_gene_id_resolved	0.0	0.0	0.0	3.0	0.0	0.0	0.0
mitochondrial_disease	148398	ncbi_gene	SAMD11	1	2.0	gtr_mitochondrial_gene_summary	silver	clinical_utilization	silver	clinical_utilization	adapter_gene_id_resolved	0.0	1.0	0.0	1.0	0.0	0.0	0.0
mitochondrial_disease	201191	ncbi_gene	SAMD14	1	2.0	gtr_mitochondrial_gene_summary	silver	clinical_utilization	silver	clinical_utilization	adapter_gene_id_resolved	0.0	1.0	0.0	0.0	0.0	0.0	0.0
mitochondrial_disease	54809	ncbi_gene	SAMD9	1	2.0	gtr_mitochondrial_gene_summary	silver	clinical_utilization	silver	clinical_utilization	adapter_gene_id_resolved	0.0	0.0	0.0	1.0	0.0	0.0	0.0
mitochondrial_disease	25939	ncbi_gene	SAMHD1	1	2.0	gtr_mitochondrial_gene_summary	silver	clinical_utilization	silver	clinical_utilization	adapter_gene_id_resolved	0.0	0.0	3.0	11.0	0.0	0.0	0.0
mitochondrial_disease	54938	ncbi_gene	SARS2	1	2.0	gtr_mitochondrial_gene_summary	silver	clinical_utilization	silver	clinical_utilization	adapter_gene_id_resolved	0.0	0.0	2.0	10.0	0.0	0.0	0.0
mitochondrial_disease	163786	ncbi_gene	SASS6	1	2.0	gtr_mitochondrial_gene_summary	silver	clinical_utilization	silver	clinical_utilization	adapter_gene_id_resolved	0.0	0.0	0.0	1.0	0.0	0.0	0.0
mitochondrial_disease	23314	ncbi_gene	SATB2	1	2.0	gtr_mitochondrial_gene_summary	silver	clinical_utilization	silver	clinical_utilization	adapter_gene_id_resolved	0.0	0.0	0.0	1.0	0.0	0.0	0.0
mitochondrial_disease	51119	ncbi_gene	SBDS	1	2.0	gtr_mitochondrial_gene_summary	silver	clinical_utilization	silver	clinical_utilization	adapter_gene_id_resolved	0.0	0.0	3.0	0.0	0.0	0.0	0.0
mitochondrial_disease	81846	ncbi_gene	SBF2	1	2.0	gtr_mitochondrial_gene_summary	silver	clinical_utilization	silver	clinical_utilization	adapter_gene_id_resolved	0.0	0.0	1.0	0.0	0.0	0.0	0.0
mitochondrial_disease	6309	ncbi_gene	SC5D	1	2.0	gtr_mitochondrial_gene_summary	silver	clinical_utilization	silver	clinical_utilization	adapter_gene_id_resolved	0.0	0.0	1.0	1.0	0.0	0.0	0.0
mitochondrial_disease	949	ncbi_gene	SCARB1	1	2.0	gtr_mitochondrial_gene_summary	silver	clinical_utilization	silver	clinical_utilization	adapter_gene_id_resolved	0.0	0.0	0.0	1.0	0.0	0.0	0.0
mitochondrial_disease	950	ncbi_gene	SCARB2	1	2.0	gtr_mitochondrial_gene_summary	silver	clinical_utilization	silver	clinical_utilization	adapter_gene_id_resolved	0.0	0.0	3.0	4.0	0.0	0.0	0.0
mitochondrial_disease	132320	ncbi_gene	SCLT1	1	2.0	gtr_mitochondrial_gene_summary	silver	clinical_utilization	silver	clinical_utilization	adapter_gene_id_resolved	0.0	1.0	0.0	1.0	0.0	0.0	0.0
mitochondrial_disease	6336	ncbi_gene	SCN10A	1	2.0	gtr_mitochondrial_gene_summary	silver	clinical_utilization	silver	clinical_utilization	adapter_gene_id_resolved	0.0	0.0	0.0	2.0	0.0	0.0	0.0
mitochondrial_disease	6323	ncbi_gene	SCN1A	1	2.0	gtr_mitochondrial_gene_summary	silver	clinical_utilization	silver	clinical_utilization	adapter_gene_id_resolved	0.0	4.0	2.0	4.0	0.0	0.0	0.0
mitochondrial_disease	6324	ncbi_gene	SCN1B	1	2.0	gtr_mitochondrial_gene_summary	silver	clinical_utilization	silver	clinical_utilization	adapter_gene_id_resolved	0.0	2.0	3.0	6.0	0.0	0.0	0.0
mitochondrial_disease	6326	ncbi_gene	SCN2A	1	2.0	gtr_mitochondrial_gene_summary	silver	clinical_utilization	silver	clinical_utilization	adapter_gene_id_resolved	0.0	3.0	2.0	6.0	0.0	0.0	0.0
mitochondrial_disease	6327	ncbi_gene	SCN2B	1	2.0	gtr_mitochondrial_gene_summary	silver	clinical_utilization	silver	clinical_utilization	adapter_gene_id_resolved	0.0	0.0	1.0	2.0	0.0	0.0	0.0
mitochondrial_disease	55800	ncbi_gene	SCN3B	1	2.0	gtr_mitochondrial_gene_summary	silver	clinical_utilization	silver	clinical_utilization	adapter_gene_id_resolved	0.0	0.0	1.0	2.0	0.0	0.0	0.0
mitochondrial_disease	6329	ncbi_gene	SCN4A	1	2.0	gtr_mitochondrial_gene_summary	silver	clinical_utilization	silver	clinical_utilization	adapter_gene_id_resolved	0.0	0.0	1.0	1.0	0.0	0.0	0.0
mitochondrial_disease	6330	ncbi_gene	SCN4B	1	2.0	gtr_mitochondrial_gene_summary	silver	clinical_utilization	silver	clinical_utilization	adapter_gene_id_resolved	0.0	0.0	1.0	2.0	0.0	0.0	0.0
mitochondrial_disease	6331	ncbi_gene	SCN5A	1	2.0	gtr_mitochondrial_gene_summary	silver	clinical_utilization	silver	clinical_utilization	adapter_gene_id_resolved	0.0	0.0	3.0	3.0	0.0	0.0	0.0
mitochondrial_disease	6334	ncbi_gene	SCN8A	1	2.0	gtr_mitochondrial_gene_summary	silver	clinical_utilization	silver	clinical_utilization	adapter_gene_id_resolved	0.0	1.0	2.0	4.0	0.0	0.0	0.0
mitochondrial_disease	6335	ncbi_gene	SCN9A	1	2.0	gtr_mitochondrial_gene_summary	silver	clinical_utilization	silver	clinical_utilization	adapter_gene_id_resolved	0.0	0.0	1.0	1.0	0.0	0.0	0.0
mitochondrial_disease	6341	ncbi_gene	SCO1	1	2.0	gtr_mitochondrial_gene_summary	silver	clinical_utilization	silver	clinical_utilization	adapter_gene_id_resolved	11.0	4.0	10.0	19.0	0.0	0.0	0.0
mitochondrial_disease	9997	ncbi_gene	SCO2	1	2.0	gtr_mitochondrial_gene_summary	silver	clinical_utilization	silver	clinical_utilization	adapter_gene_id_resolved	24.0	15.0	14.0	26.0	0.0	0.0	0.0
mitochondrial_disease	6342	ncbi_gene	SCP2	1	2.0	gtr_mitochondrial_gene_summary	silver	clinical_utilization	silver	clinical_utilization	adapter_gene_id_resolved	0.0	0.0	1.0	1.0	0.0	0.0	0.0
mitochondrial_disease	57410	ncbi_gene	SCYL1	1	2.0	gtr_mitochondrial_gene_summary	silver	clinical_utilization	silver	clinical_utilization	adapter_gene_id_resolved	0.0	0.0	0.0	1.0	0.0	0.0	0.0
mitochondrial_disease	10806	ncbi_gene	SDCCAG8	1	2.0	gtr_mitochondrial_gene_summary	silver	clinical_utilization	silver	clinical_utilization	adapter_gene_id_resolved	0.0	0.0	0.0	7.0	0.0	0.0	0.0
mitochondrial_disease	6389	ncbi_gene	SDHA	1	2.0	gtr_mitochondrial_gene_summary	silver	clinical_utilization	silver	clinical_utilization	adapter_gene_id_resolved	28.0	19.0	16.0	18.0	0.0	0.0	0.0
mitochondrial_disease	644096	ncbi_gene	SDHAF1	1	2.0	gtr_mitochondrial_gene_summary	silver	clinical_utilization	silver	clinical_utilization	adapter_gene_id_resolved	14.0	3.0	12.0	20.0	0.0	0.0	0.0
mitochondrial_disease	54949	ncbi_gene	SDHAF2	1	2.0	gtr_mitochondrial_gene_summary	silver	clinical_utilization	silver	clinical_utilization	adapter_gene_id_resolved	0.0	5.0	3.0	7.0	0.0	0.0	0.0
mitochondrial_disease	57001	ncbi_gene	SDHAF3	1	2.0	gtr_mitochondrial_gene_summary	silver	clinical_utilization	silver	clinical_utilization	adapter_gene_id_resolved	0.0	0.0	0.0	1.0	0.0	0.0	0.0
mitochondrial_disease	135154	ncbi_gene	SDHAF4	1	2.0	gtr_mitochondrial_gene_summary	silver	clinical_utilization	silver	clinical_utilization	adapter_gene_id_resolved	0.0	0.0	0.0	1.0	0.0	0.0	0.0
mitochondrial_disease	6390	ncbi_gene	SDHB	1	2.0	gtr_mitochondrial_gene_summary	silver	clinical_utilization	silver	clinical_utilization	adapter_gene_id_resolved	7.0	7.0	4.0	8.0	0.0	0.0	0.0
mitochondrial_disease	6391	ncbi_gene	SDHC	1	2.0	gtr_mitochondrial_gene_summary	silver	clinical_utilization	silver	clinical_utilization	adapter_gene_id_resolved	0.0	5.0	4.0	7.0	0.0	0.0	0.0
mitochondrial_disease	6392	ncbi_gene	SDHD	1	2.0	gtr_mitochondrial_gene_summary	silver	clinical_utilization	silver	clinical_utilization	adapter_gene_id_resolved	14.0	7.0	5.0	13.0	0.0	0.0	0.0
mitochondrial_disease	121214	ncbi_gene	SDR9C7	1	2.0	gtr_mitochondrial_gene_summary	silver	clinical_utilization	silver	clinical_utilization	adapter_gene_id_resolved	0.0	0.0	0.0	6.0	0.0	0.0	0.0
mitochondrial_disease	10483	ncbi_gene	SEC23B	1	2.0	gtr_mitochondrial_gene_summary	silver	clinical_utilization	silver	clinical_utilization	adapter_gene_id_resolved	0.0	0.0	0.0	1.0	0.0	0.0	0.0
mitochondrial_disease	57190	ncbi_gene	SELENON	1	2.0	gtr_mitochondrial_gene_summary	silver	clinical_utilization	silver	clinical_utilization	adapter_gene_id_resolved	0.0	0.0	3.0	6.0	0.0	0.0	0.0
mitochondrial_disease	9723	ncbi_gene	SEMA3E	1	2.0	gtr_mitochondrial_gene_summary	silver	clinical_utilization	silver	clinical_utilization	adapter_gene_id_resolved	0.0	1.0	0.0	0.0	0.0	0.0	0.0
mitochondrial_disease	6405	ncbi_gene	SEMA3F	1	2.0	gtr_mitochondrial_gene_summary	silver	clinical_utilization	silver	clinical_utilization	adapter_gene_id_resolved	0.0	0.0	1.0	0.0	0.0	0.0	0.0
mitochondrial_disease	57556	ncbi_gene	SEMA6A	1	2.0	gtr_mitochondrial_gene_summary	silver	clinical_utilization	silver	clinical_utilization	adapter_gene_id_resolved	0.0	0.0	0.0	1.0	0.0	0.0	0.0
mitochondrial_disease	51091	ncbi_gene	SEPSECS	1	2.0	gtr_mitochondrial_gene_summary	silver	clinical_utilization	silver	clinical_utilization	adapter_gene_id_resolved	0.0	0.0	0.0	8.0	0.0	0.0	0.0
mitochondrial_disease	23157	ncbi_gene	SEPTIN6	1	2.0	gtr_mitochondrial_gene_summary	silver	clinical_utilization	silver	clinical_utilization	adapter_gene_id_resolved	0.0	1.0	0.0	0.0	0.0	0.0	0.0
mitochondrial_disease	84947	ncbi_gene	SERAC1	1	2.0	gtr_mitochondrial_gene_summary	silver	clinical_utilization	silver	clinical_utilization	adapter_gene_id_resolved	0.0	0.0	1.0	10.0	0.0	0.0	0.0
mitochondrial_disease	5265	ncbi_gene	SERPINA1	1	2.0	gtr_mitochondrial_gene_summary	silver	clinical_utilization	silver	clinical_utilization	adapter_gene_id_resolved	0.0	0.0	0.0	1.0	0.0	0.0	0.0
mitochondrial_disease	5269	ncbi_gene	SERPINB6	1	2.0	gtr_mitochondrial_gene_summary	silver	clinical_utilization	silver	clinical_utilization	adapter_gene_id_resolved	0.0	0.0	0.0	1.0	0.0	0.0	0.0
mitochondrial_disease	5176	ncbi_gene	SERPINF1	1	2.0	gtr_mitochondrial_gene_summary	silver	clinical_utilization	silver	clinical_utilization	adapter_gene_id_resolved	0.0	0.0	0.0	6.0	0.0	0.0	0.0
mitochondrial_disease	5274	ncbi_gene	SERPINI1	1	2.0	gtr_mitochondrial_gene_summary	silver	clinical_utilization	silver	clinical_utilization	adapter_gene_id_resolved	0.0	0.0	0.0	1.0	0.0	0.0	0.0
mitochondrial_disease	26040	ncbi_gene	SETBP1	1	2.0	gtr_mitochondrial_gene_summary	silver	clinical_utilization	silver	clinical_utilization	adapter_gene_id_resolved	0.0	0.0	0.0	3.0	0.0	0.0	0.0
mitochondrial_disease	29072	ncbi_gene	SETD2	1	2.0	gtr_mitochondrial_gene_summary	silver	clinical_utilization	silver	clinical_utilization	adapter_gene_id_resolved	0.0	0.0	0.0	3.0	0.0	0.0	0.0
mitochondrial_disease	23064	ncbi_gene	SETX	1	2.0	gtr_mitochondrial_gene_summary	silver	clinical_utilization	silver	clinical_utilization	adapter_gene_id_resolved	0.0	0.0	0.0	3.0	0.0	0.0	0.0
mitochondrial_disease	10262	ncbi_gene	SF3B4	1	2.0	gtr_mitochondrial_gene_summary	silver	clinical_utilization	silver	clinical_utilization	adapter_gene_id_resolved	0.0	0.0	0.0	2.0	0.0	0.0	0.0
mitochondrial_disease	119559	ncbi_gene	SFXN4	1	2.0	gtr_mitochondrial_gene_summary	silver	clinical_utilization	silver	clinical_utilization	adapter_gene_id_resolved	5.0	0.0	4.0	9.0	0.0	0.0	0.0
mitochondrial_disease	6442	ncbi_gene	SGCA	1	2.0	gtr_mitochondrial_gene_summary	silver	clinical_utilization	silver	clinical_utilization	adapter_gene_id_resolved	0.0	0.0	1.0	7.0	0.0	0.0	0.0
mitochondrial_disease	6443	ncbi_gene	SGCB	1	2.0	gtr_mitochondrial_gene_summary	silver	clinical_utilization	silver	clinical_utilization	adapter_gene_id_resolved	0.0	0.0	1.0	7.0	0.0	0.0	0.0
mitochondrial_disease	6444	ncbi_gene	SGCD	1	2.0	gtr_mitochondrial_gene_summary	silver	clinical_utilization	silver	clinical_utilization	adapter_gene_id_resolved	0.0	0.0	4.0	7.0	0.0	0.0	0.0
mitochondrial_disease	8910	ncbi_gene	SGCE	1	2.0	gtr_mitochondrial_gene_summary	silver	clinical_utilization	silver	clinical_utilization	adapter_gene_id_resolved	0.0	0.0	2.0	4.0	0.0	0.0	0.0
mitochondrial_disease	6445	ncbi_gene	SGCG	1	2.0	gtr_mitochondrial_gene_summary	silver	clinical_utilization	silver	clinical_utilization	adapter_gene_id_resolved	0.0	0.0	1.0	7.0	0.0	0.0	0.0
mitochondrial_disease	8879	ncbi_gene	SGPL1	1	2.0	gtr_mitochondrial_gene_summary	silver	clinical_utilization	silver	clinical_utilization	adapter_gene_id_resolved	0.0	0.0	0.0	2.0	0.0	0.0	0.0
mitochondrial_disease	6448	ncbi_gene	SGSH	1	2.0	gtr_mitochondrial_gene_summary	silver	clinical_utilization	silver	clinical_utilization	adapter_gene_id_resolved	0.0	0.0	0.0	13.0	0.0	0.0	0.0
mitochondrial_disease	22941	ncbi_gene	SHANK2	1	2.0	gtr_mitochondrial_gene_summary	silver	clinical_utilization	silver	clinical_utilization	adapter_gene_id_resolved	0.0	0.0	0.0	1.0	0.0	0.0	0.0
mitochondrial_disease	85358	ncbi_gene	SHANK3	1	2.0	gtr_mitochondrial_gene_summary	silver	clinical_utilization	silver	clinical_utilization	adapter_gene_id_resolved	0.0	0.0	0.0	2.0	0.0	0.0	0.0
mitochondrial_disease	6469	ncbi_gene	SHH	1	2.0	gtr_mitochondrial_gene_summary	silver	clinical_utilization	silver	clinical_utilization	adapter_gene_id_resolved	0.0	0.0	0.0	1.0	0.0	0.0	0.0
mitochondrial_disease	8036	ncbi_gene	SHOC2	1	2.0	gtr_mitochondrial_gene_summary	silver	clinical_utilization	silver	clinical_utilization	adapter_gene_id_resolved	0.0	0.0	2.0	5.0	0.0	0.0	0.0
mitochondrial_disease	57477	ncbi_gene	SHROOM4	1	2.0	gtr_mitochondrial_gene_summary	silver	clinical_utilization	silver	clinical_utilization	adapter_gene_id_resolved	0.0	0.0	1.0	3.0	0.0	0.0	0.0
mitochondrial_disease	6476	ncbi_gene	SI	1	2.0	gtr_mitochondrial_gene_summary	silver	clinical_utilization	silver	clinical_utilization	adapter_gene_id_resolved	0.0	0.0	0.0	1.0	0.0	0.0	0.0
mitochondrial_disease	10280	ncbi_gene	SIGMAR1	1	2.0	gtr_mitochondrial_gene_summary	silver	clinical_utilization	silver	clinical_utilization	adapter_gene_id_resolved	0.0	0.0	0.0	1.0	0.0	0.0	0.0
mitochondrial_disease	150094	ncbi_gene	SIK1	1	2.0	gtr_mitochondrial_gene_summary	silver	clinical_utilization	silver	clinical_utilization	adapter_gene_id_resolved	0.0	0.0	0.0	2.0	0.0	0.0	0.0
mitochondrial_disease	64374	ncbi_gene	SIL1	1	2.0	gtr_mitochondrial_gene_summary	silver	clinical_utilization	silver	clinical_utilization	adapter_gene_id_resolved	0.0	0.0	3.0	2.0	0.0	0.0	0.0
mitochondrial_disease	25942	ncbi_gene	SIN3A	1	2.0	gtr_mitochondrial_gene_summary	silver	clinical_utilization	silver	clinical_utilization	adapter_gene_id_resolved	0.0	0.0	0.0	1.0	0.0	0.0	0.0
mitochondrial_disease	23094	ncbi_gene	SIPA1L3	1	2.0	gtr_mitochondrial_gene_summary	silver	clinical_utilization	silver	clinical_utilization	adapter_gene_id_resolved	0.0	0.0	1.0	0.0	0.0	0.0	0.0
mitochondrial_disease	23411	ncbi_gene	SIRT1	1	2.0	gtr_mitochondrial_gene_summary	silver	clinical_utilization	silver	clinical_utilization	adapter_gene_id_resolved	0.0	0.0	0.0	1.0	0.0	0.0	0.0
mitochondrial_disease	6495	ncbi_gene	SIX1	1	2.0	gtr_mitochondrial_gene_summary	silver	clinical_utilization	silver	clinical_utilization	adapter_gene_id_resolved	0.0	0.0	0.0	1.0	0.0	0.0	0.0
mitochondrial_disease	6496	ncbi_gene	SIX3	1	2.0	gtr_mitochondrial_gene_summary	silver	clinical_utilization	silver	clinical_utilization	adapter_gene_id_resolved	0.0	1.0	0.0	1.0	0.0	0.0	0.0
mitochondrial_disease	147912	ncbi_gene	SIX5	1	2.0	gtr_mitochondrial_gene_summary	silver	clinical_utilization	silver	clinical_utilization	adapter_gene_id_resolved	0.0	2.0	0.0	0.0	0.0	0.0	0.0
mitochondrial_disease	6499	ncbi_gene	SKIC2	1	2.0	gtr_mitochondrial_gene_summary	silver	clinical_utilization	silver	clinical_utilization	adapter_gene_id_resolved	0.0	0.0	0.0	6.0	0.0	0.0	0.0
mitochondrial_disease	9652	ncbi_gene	SKIC3	1	2.0	gtr_mitochondrial_gene_summary	silver	clinical_utilization	silver	clinical_utilization	adapter_gene_id_resolved	0.0	0.0	0.0	6.0	0.0	0.0	0.0
mitochondrial_disease	6554	ncbi_gene	SLC10A1	1	2.0	gtr_mitochondrial_gene_summary	silver	clinical_utilization	silver	clinical_utilization	adapter_gene_id_resolved	0.0	1.0	0.0	0.0	0.0	0.0	0.0
mitochondrial_disease	6557	ncbi_gene	SLC12A1	1	2.0	gtr_mitochondrial_gene_summary	silver	clinical_utilization	silver	clinical_utilization	adapter_gene_id_resolved	0.0	0.0	0.0	7.0	0.0	0.0	0.0
mitochondrial_disease	6559	ncbi_gene	SLC12A3	1	2.0	gtr_mitochondrial_gene_summary	silver	clinical_utilization	silver	clinical_utilization	adapter_gene_id_resolved	0.0	0.0	0.0	2.0	0.0	0.0	0.0
mitochondrial_disease	57468	ncbi_gene	SLC12A5	1	2.0	gtr_mitochondrial_gene_summary	silver	clinical_utilization	silver	clinical_utilization	adapter_gene_id_resolved	0.0	0.0	0.0	1.0	0.0	0.0	0.0
mitochondrial_disease	9990	ncbi_gene	SLC12A6	1	2.0	gtr_mitochondrial_gene_summary	silver	clinical_utilization	silver	clinical_utilization	adapter_gene_id_resolved	0.0	0.0	0.0	9.0	0.0	0.0	0.0
mitochondrial_disease	284111	ncbi_gene	SLC13A5	1	2.0	gtr_mitochondrial_gene_summary	silver	clinical_utilization	silver	clinical_utilization	adapter_gene_id_resolved	0.0	0.0	0.0	2.0	0.0	0.0	0.0
mitochondrial_disease	6566	ncbi_gene	SLC16A1	1	2.0	gtr_mitochondrial_gene_summary	silver	clinical_utilization	silver	clinical_utilization	adapter_gene_id_resolved	0.0	0.0	0.0	2.0	0.0	0.0	0.0
mitochondrial_disease	387700	ncbi_gene	SLC16A12	1	2.0	gtr_mitochondrial_gene_summary	silver	clinical_utilization	silver	clinical_utilization	adapter_gene_id_resolved	0.0	0.0	1.0	0.0	0.0	0.0	0.0
mitochondrial_disease	6567	ncbi_gene	SLC16A2	1	2.0	gtr_mitochondrial_gene_summary	silver	clinical_utilization	silver	clinical_utilization	adapter_gene_id_resolved	0.0	0.0	1.0	13.0	0.0	0.0	0.0
mitochondrial_disease	26503	ncbi_gene	SLC17A5	1	2.0	gtr_mitochondrial_gene_summary	silver	clinical_utilization	silver	clinical_utilization	adapter_gene_id_resolved	0.0	0.0	0.0	13.0	0.0	0.0	0.0
mitochondrial_disease	246213	ncbi_gene	SLC17A8	1	2.0	gtr_mitochondrial_gene_summary	silver	clinical_utilization	silver	clinical_utilization	adapter_gene_id_resolved	0.0	0.0	0.0	1.0	0.0	0.0	0.0
mitochondrial_disease	6573	ncbi_gene	SLC19A1	1	2.0	gtr_mitochondrial_gene_summary	silver	clinical_utilization	silver	clinical_utilization	adapter_gene_id_resolved	0.0	2.0	0.0	0.0	0.0	0.0	0.0
mitochondrial_disease	10560	ncbi_gene	SLC19A2	1	2.0	gtr_mitochondrial_gene_summary	silver	clinical_utilization	silver	clinical_utilization	adapter_gene_id_resolved	0.0	0.0	1.0	7.0	0.0	0.0	0.0
mitochondrial_disease	80704	ncbi_gene	SLC19A3	1	2.0	gtr_mitochondrial_gene_summary	silver	clinical_utilization	silver	clinical_utilization	adapter_gene_id_resolved	1.0	1.0	2.0	19.0	0.0	0.0	0.0
mitochondrial_disease	6507	ncbi_gene	SLC1A3	1	2.0	gtr_mitochondrial_gene_summary	silver	clinical_utilization	silver	clinical_utilization	adapter_gene_id_resolved	0.0	0.0	0.0	2.0	0.0	0.0	0.0
mitochondrial_disease	6509	ncbi_gene	SLC1A4	1	2.0	gtr_mitochondrial_gene_summary	silver	clinical_utilization	silver	clinical_utilization	adapter_gene_id_resolved	0.0	0.0	0.0	2.0	0.0	0.0	0.0
mitochondrial_disease	6510	ncbi_gene	SLC1A5	1	2.0	gtr_mitochondrial_gene_summary	silver	clinical_utilization	silver	clinical_utilization	adapter_gene_id_resolved	0.0	0.0	0.0	1.0	0.0	0.0	0.0
mitochondrial_disease	6575	ncbi_gene	SLC20A2	1	2.0	gtr_mitochondrial_gene_summary	silver	clinical_utilization	silver	clinical_utilization	adapter_gene_id_resolved	0.0	0.0	1.0	0.0	0.0	0.0	0.0
mitochondrial_disease	6584	ncbi_gene	SLC22A5	1	2.0	gtr_mitochondrial_gene_summary	silver	clinical_utilization	silver	clinical_utilization	adapter_gene_id_resolved	0.0	4.0	0.0	14.0	0.0	0.0	0.0
mitochondrial_disease	6576	ncbi_gene	SLC25A1	1	2.0	gtr_mitochondrial_gene_summary	silver	clinical_utilization	silver	clinical_utilization	adapter_gene_id_resolved	0.0	0.0	0.0	6.0	0.0	0.0	0.0
mitochondrial_disease	8604	ncbi_gene	SLC25A12	1	2.0	gtr_mitochondrial_gene_summary	silver	clinical_utilization	silver	clinical_utilization	adapter_gene_id_resolved	0.0	0.0	0.0	10.0	0.0	0.0	0.0
mitochondrial_disease	10165	ncbi_gene	SLC25A13	1	2.0	gtr_mitochondrial_gene_summary	silver	clinical_utilization	silver	clinical_utilization	adapter_gene_id_resolved	0.0	0.0	0.0	11.0	0.0	0.0	0.0
mitochondrial_disease	10166	ncbi_gene	SLC25A15	1	2.0	gtr_mitochondrial_gene_summary	silver	clinical_utilization	silver	clinical_utilization	adapter_gene_id_resolved	0.0	0.0	1.0	13.0	0.0	0.0	0.0
mitochondrial_disease	60386	ncbi_gene	SLC25A19	1	2.0	gtr_mitochondrial_gene_summary	silver	clinical_utilization	silver	clinical_utilization	adapter_gene_id_resolved	0.0	0.0	1.0	11.0	0.0	0.0	0.0
mitochondrial_disease	788	ncbi_gene	SLC25A20	1	2.0	gtr_mitochondrial_gene_summary	silver	clinical_utilization	silver	clinical_utilization	adapter_gene_id_resolved	0.0	4.0	2.0	18.0	0.0	0.0	0.0
mitochondrial_disease	89874	ncbi_gene	SLC25A21	1	2.0	gtr_mitochondrial_gene_summary	silver	clinical_utilization	silver	clinical_utilization	adapter_gene_id_resolved	1.0	0.0	0.0	2.0	0.0	0.0	0.0
mitochondrial_disease	79751	ncbi_gene	SLC25A22	1	2.0	gtr_mitochondrial_gene_summary	silver	clinical_utilization	silver	clinical_utilization	adapter_gene_id_resolved	1.0	1.0	2.0	8.0	0.0	0.0	0.0
mitochondrial_disease	115286	ncbi_gene	SLC25A26	1	2.0	gtr_mitochondrial_gene_summary	silver	clinical_utilization	silver	clinical_utilization	adapter_gene_id_resolved	4.0	0.0	4.0	10.0	0.0	0.0	0.0
mitochondrial_disease	5250	ncbi_gene	SLC25A3	1	2.0	gtr_mitochondrial_gene_summary	silver	clinical_utilization	silver	clinical_utilization	adapter_gene_id_resolved	0.0	4.0	0.0	11.0	0.0	0.0	0.0
mitochondrial_disease	81034	ncbi_gene	SLC25A32	1	2.0	gtr_mitochondrial_gene_summary	silver	clinical_utilization	silver	clinical_utilization	adapter_gene_id_resolved	0.0	4.0	0.0	2.0	0.0	0.0	0.0
mitochondrial_disease	84275	ncbi_gene	SLC25A33	1	2.0	gtr_mitochondrial_gene_summary	silver	clinical_utilization	silver	clinical_utilization	adapter_gene_id_resolved	0.0	0.0	0.0	1.0	0.0	0.0	0.0
mitochondrial_disease	54977	ncbi_gene	SLC25A38	1	2.0	gtr_mitochondrial_gene_summary	silver	clinical_utilization	silver	clinical_utilization	adapter_gene_id_resolved	0.0	0.0	0.0	3.0	0.0	0.0	0.0
mitochondrial_disease	291	ncbi_gene	SLC25A4	1	2.0	gtr_mitochondrial_gene_summary	silver	clinical_utilization	silver	clinical_utilization	adapter_gene_id_resolved	27.0	15.0	14.0	20.0	0.0	0.0	0.0
mitochondrial_disease	55972	ncbi_gene	SLC25A40	1	2.0	gtr_mitochondrial_gene_summary	silver	clinical_utilization	silver	clinical_utilization	adapter_gene_id_resolved	0.0	0.0	0.0	1.0	0.0	0.0	0.0
mitochondrial_disease	284439	ncbi_gene	SLC25A42	1	2.0	gtr_mitochondrial_gene_summary	silver	clinical_utilization	silver	clinical_utilization	adapter_gene_id_resolved	0.0	0.0	0.0	3.0	0.0	0.0	0.0
mitochondrial_disease	91137	ncbi_gene	SLC25A46	1	2.0	gtr_mitochondrial_gene_summary	silver	clinical_utilization	silver	clinical_utilization	adapter_gene_id_resolved	0.0	0.0	0.0	3.0	0.0	0.0	0.0
mitochondrial_disease	1836	ncbi_gene	SLC26A2	1	2.0	gtr_mitochondrial_gene_summary	silver	clinical_utilization	silver	clinical_utilization	adapter_gene_id_resolved	0.0	0.0	0.0	10.0	0.0	0.0	0.0
mitochondrial_disease	5172	ncbi_gene	SLC26A4	1	2.0	gtr_mitochondrial_gene_summary	silver	clinical_utilization	silver	clinical_utilization	adapter_gene_id_resolved	0.0	0.0	0.0	9.0	0.0	0.0	0.0
mitochondrial_disease	375611	ncbi_gene	SLC26A5	1	2.0	gtr_mitochondrial_gene_summary	silver	clinical_utilization	silver	clinical_utilization	adapter_gene_id_resolved	0.0	0.0	0.0	1.0	0.0	0.0	0.0
mitochondrial_disease	10999	ncbi_gene	SLC27A4	1	2.0	gtr_mitochondrial_gene_summary	silver	clinical_utilization	silver	clinical_utilization	adapter_gene_id_resolved	0.0	0.0	0.0	6.0	0.0	0.0	0.0
mitochondrial_disease	10998	ncbi_gene	SLC27A5	1	2.0	gtr_mitochondrial_gene_summary	silver	clinical_utilization	silver	clinical_utilization	adapter_gene_id_resolved	1.0	2.0	0.0	0.0	0.0	0.0	0.0
mitochondrial_disease	222962	ncbi_gene	SLC29A4	1	2.0	gtr_mitochondrial_gene_summary	silver	clinical_utilization	silver	clinical_utilization	adapter_gene_id_resolved	0.0	0.0	1.0	0.0	0.0	0.0	0.0
mitochondrial_disease	6513	ncbi_gene	SLC2A1	1	2.0	gtr_mitochondrial_gene_summary	silver	clinical_utilization	silver	clinical_utilization	adapter_gene_id_resolved	0.0	2.0	2.0	6.0	0.0	0.0	0.0
mitochondrial_disease	81031	ncbi_gene	SLC2A10	1	2.0	gtr_mitochondrial_gene_summary	silver	clinical_utilization	silver	clinical_utilization	adapter_gene_id_resolved	0.0	0.0	0.0	6.0	0.0	0.0	0.0
mitochondrial_disease	6514	ncbi_gene	SLC2A2	1	2.0	gtr_mitochondrial_gene_summary	silver	clinical_utilization	silver	clinical_utilization	adapter_gene_id_resolved	0.0	0.0	0.0	2.0	0.0	0.0	0.0
mitochondrial_disease	55532	ncbi_gene	SLC30A10	1	2.0	gtr_mitochondrial_gene_summary	silver	clinical_utilization	silver	clinical_utilization	adapter_gene_id_resolved	0.0	1.0	1.0	2.0	0.0	0.0	0.0
mitochondrial_disease	9197	ncbi_gene	SLC33A1	1	2.0	gtr_mitochondrial_gene_summary	silver	clinical_utilization	silver	clinical_utilization	adapter_gene_id_resolved	0.0	2.0	0.0	7.0	0.0	0.0	0.0
mitochondrial_disease	10559	ncbi_gene	SLC35A1	1	2.0	gtr_mitochondrial_gene_summary	silver	clinical_utilization	silver	clinical_utilization	adapter_gene_id_resolved	0.0	0.0	0.0	2.0	0.0	0.0	0.0
mitochondrial_disease	7355	ncbi_gene	SLC35A2	1	2.0	gtr_mitochondrial_gene_summary	silver	clinical_utilization	silver	clinical_utilization	adapter_gene_id_resolved	0.0	0.0	0.0	3.0	0.0	0.0	0.0
mitochondrial_disease	23443	ncbi_gene	SLC35A3	1	2.0	gtr_mitochondrial_gene_summary	silver	clinical_utilization	silver	clinical_utilization	adapter_gene_id_resolved	0.0	0.0	0.0	9.0	0.0	0.0	0.0
mitochondrial_disease	55343	ncbi_gene	SLC35C1	1	2.0	gtr_mitochondrial_gene_summary	silver	clinical_utilization	silver	clinical_utilization	adapter_gene_id_resolved	0.0	0.0	1.0	3.0	0.0	0.0	0.0
mitochondrial_disease	2542	ncbi_gene	SLC37A4	1	2.0	gtr_mitochondrial_gene_summary	silver	clinical_utilization	silver	clinical_utilization	adapter_gene_id_resolved	0.0	0.0	2.0	14.0	0.0	0.0	0.0
mitochondrial_disease	23516	ncbi_gene	SLC39A14	1	2.0	gtr_mitochondrial_gene_summary	silver	clinical_utilization	silver	clinical_utilization	adapter_gene_id_resolved	1.0	0.0	0.0	0.0	0.0	0.0	0.0
mitochondrial_disease	55630	ncbi_gene	SLC39A4	1	2.0	gtr_mitochondrial_gene_summary	silver	clinical_utilization	silver	clinical_utilization	adapter_gene_id_resolved	0.0	0.0	0.0	7.0	0.0	0.0	0.0
mitochondrial_disease	7922	ncbi_gene	SLC39A7	1	2.0	gtr_mitochondrial_gene_summary	silver	clinical_utilization	silver	clinical_utilization	adapter_gene_id_resolved	0.0	0.0	2.0	0.0	0.0	0.0	0.0
mitochondrial_disease	64116	ncbi_gene	SLC39A8	1	2.0	gtr_mitochondrial_gene_summary	silver	clinical_utilization	silver	clinical_utilization	adapter_gene_id_resolved	0.0	0.0	0.0	2.0	0.0	0.0	0.0
mitochondrial_disease	6519	ncbi_gene	SLC3A1	1	2.0	gtr_mitochondrial_gene_summary	silver	clinical_utilization	silver	clinical_utilization	adapter_gene_id_resolved	2.0	0.0	0.0	1.0	0.0	0.0	0.0
mitochondrial_disease	30061	ncbi_gene	SLC40A1	1	2.0	gtr_mitochondrial_gene_summary	silver	clinical_utilization	silver	clinical_utilization	adapter_gene_id_resolved	0.0	0.0	0.0	2.0	0.0	0.0	0.0
mitochondrial_disease	80736	ncbi_gene	SLC44A4	1	2.0	gtr_mitochondrial_gene_summary	silver	clinical_utilization	silver	clinical_utilization	adapter_gene_id_resolved	0.0	0.0	0.0	1.0	0.0	0.0	0.0
mitochondrial_disease	113235	ncbi_gene	SLC46A1	1	2.0	gtr_mitochondrial_gene_summary	silver	clinical_utilization	silver	clinical_utilization	adapter_gene_id_resolved	0.0	0.0	1.0	8.0	0.0	0.0	0.0
mitochondrial_disease	6521	ncbi_gene	SLC4A1	1	2.0	gtr_mitochondrial_gene_summary	silver	clinical_utilization	silver	clinical_utilization	adapter_gene_id_resolved	0.0	0.0	0.0	1.0	0.0	0.0	0.0
mitochondrial_disease	83959	ncbi_gene	SLC4A11	1	2.0	gtr_mitochondrial_gene_summary	silver	clinical_utilization	silver	clinical_utilization	adapter_gene_id_resolved	0.0	0.0	0.0	7.0	0.0	0.0	0.0
mitochondrial_disease	6508	ncbi_gene	SLC4A3	1	2.0	gtr_mitochondrial_gene_summary	silver	clinical_utilization	silver	clinical_utilization	adapter_gene_id_resolved	0.0	1.0	0.0	0.0	0.0	0.0	0.0
mitochondrial_disease	9497	ncbi_gene	SLC4A7	1	2.0	gtr_mitochondrial_gene_summary	silver	clinical_utilization	silver	clinical_utilization	adapter_gene_id_resolved	0.0	0.0	0.0	1.0	0.0	0.0	0.0
mitochondrial_disease	123264	ncbi_gene	SLC51B	1	2.0	gtr_mitochondrial_gene_summary	silver	clinical_utilization	silver	clinical_utilization	adapter_gene_id_resolved	0.0	2.0	2.0	0.0	0.0	0.0	0.0
mitochondrial_disease	79581	ncbi_gene	SLC52A2	1	2.0	gtr_mitochondrial_gene_summary	silver	clinical_utilization	silver	clinical_utilization	adapter_gene_id_resolved	0.0	0.0	0.0	4.0	0.0	0.0	0.0
mitochondrial_disease	113278	ncbi_gene	SLC52A3	1	2.0	gtr_mitochondrial_gene_summary	silver	clinical_utilization	silver	clinical_utilization	adapter_gene_id_resolved	0.0	0.0	0.0	1.0	0.0	0.0	0.0
mitochondrial_disease	6523	ncbi_gene	SLC5A1	1	2.0	gtr_mitochondrial_gene_summary	silver	clinical_utilization	silver	clinical_utilization	adapter_gene_id_resolved	0.0	0.0	0.0	1.0	0.0	0.0	0.0
mitochondrial_disease	60482	ncbi_gene	SLC5A7	1	2.0	gtr_mitochondrial_gene_summary	silver	clinical_utilization	silver	clinical_utilization	adapter_gene_id_resolved	0.0	0.0	1.0	0.0	0.0	0.0	0.0
mitochondrial_disease	200010	ncbi_gene	SLC5A9	1	2.0	gtr_mitochondrial_gene_summary	silver	clinical_utilization	silver	clinical_utilization	adapter_gene_id_resolved	0.0	0.0	1.0	0.0	0.0	0.0	0.0
mitochondrial_disease	6529	ncbi_gene	SLC6A1	1	2.0	gtr_mitochondrial_gene_summary	silver	clinical_utilization	silver	clinical_utilization	adapter_gene_id_resolved	0.0	0.0	0.0	2.0	0.0	0.0	0.0
mitochondrial_disease	55117	ncbi_gene	SLC6A15	1	2.0	gtr_mitochondrial_gene_summary	silver	clinical_utilization	silver	clinical_utilization	adapter_gene_id_resolved	0.0	0.0	0.0	1.0	0.0	0.0	0.0
mitochondrial_disease	340024	ncbi_gene	SLC6A19	1	2.0	gtr_mitochondrial_gene_summary	silver	clinical_utilization	silver	clinical_utilization	adapter_gene_id_resolved	0.0	0.0	0.0	3.0	0.0	0.0	0.0
mitochondrial_disease	6531	ncbi_gene	SLC6A3	1	2.0	gtr_mitochondrial_gene_summary	silver	clinical_utilization	silver	clinical_utilization	adapter_gene_id_resolved	0.0	0.0	1.0	1.0	0.0	0.0	0.0
mitochondrial_disease	9152	ncbi_gene	SLC6A5	1	2.0	gtr_mitochondrial_gene_summary	silver	clinical_utilization	silver	clinical_utilization	adapter_gene_id_resolved	0.0	0.0	0.0	1.0	0.0	0.0	0.0
mitochondrial_disease	6535	ncbi_gene	SLC6A8	1	2.0	gtr_mitochondrial_gene_summary	silver	clinical_utilization	silver	clinical_utilization	adapter_gene_id_resolved	0.0	0.0	0.0	19.0	0.0	0.0	0.0
mitochondrial_disease	6536	ncbi_gene	SLC6A9	1	2.0	gtr_mitochondrial_gene_summary	silver	clinical_utilization	silver	clinical_utilization	adapter_gene_id_resolved	0.0	0.0	0.0	2.0	0.0	0.0	0.0
mitochondrial_disease	157724	ncbi_gene	SLC7A13	1	2.0	gtr_mitochondrial_gene_summary	silver	clinical_utilization	silver	clinical_utilization	adapter_gene_id_resolved	0.0	0.0	0.0	1.0	0.0	0.0	0.0
mitochondrial_disease	9056	ncbi_gene	SLC7A7	1	2.0	gtr_mitochondrial_gene_summary	silver	clinical_utilization	silver	clinical_utilization	adapter_gene_id_resolved	0.0	0.0	0.0	7.0	0.0	0.0	0.0
mitochondrial_disease	11136	ncbi_gene	SLC7A9	1	2.0	gtr_mitochondrial_gene_summary	silver	clinical_utilization	silver	clinical_utilization	adapter_gene_id_resolved	0.0	0.0	0.0	1.0	0.0	0.0	0.0
mitochondrial_disease	6548	ncbi_gene	SLC9A1	1	2.0	gtr_mitochondrial_gene_summary	silver	clinical_utilization	silver	clinical_utilization	adapter_gene_id_resolved	0.0	0.0	0.0	1.0	0.0	0.0	0.0
mitochondrial_disease	10479	ncbi_gene	SLC9A6	1	2.0	gtr_mitochondrial_gene_summary	silver	clinical_utilization	silver	clinical_utilization	adapter_gene_id_resolved	0.0	0.0	2.0	6.0	0.0	0.0	0.0
mitochondrial_disease	6578	ncbi_gene	SLCO2A1	1	2.0	gtr_mitochondrial_gene_summary	silver	clinical_utilization	silver	clinical_utilization	adapter_gene_id_resolved	0.0	0.0	1.0	0.0	0.0	0.0	0.0
mitochondrial_disease	81796	ncbi_gene	SLCO5A1	1	2.0	gtr_mitochondrial_gene_summary	silver	clinical_utilization	silver	clinical_utilization	adapter_gene_id_resolved	0.0	0.0	1.0	0.0	0.0	0.0	0.0
mitochondrial_disease	6586	ncbi_gene	SLIT3	1	2.0	gtr_mitochondrial_gene_summary	silver	clinical_utilization	silver	clinical_utilization	adapter_gene_id_resolved	0.0	1.0	0.0	0.0	0.0	0.0	0.0
mitochondrial_disease	84189	ncbi_gene	SLITRK6	1	2.0	gtr_mitochondrial_gene_summary	silver	clinical_utilization	silver	clinical_utilization	adapter_gene_id_resolved	0.0	0.0	0.0	1.0	0.0	0.0	0.0
mitochondrial_disease	7871	ncbi_gene	SLMAP	1	2.0	gtr_mitochondrial_gene_summary	silver	clinical_utilization	silver	clinical_utilization	adapter_gene_id_resolved	0.0	1.0	0.0	2.0	0.0	0.0	0.0
mitochondrial_disease	84464	ncbi_gene	SLX4	1	2.0	gtr_mitochondrial_gene_summary	silver	clinical_utilization	silver	clinical_utilization	adapter_gene_id_resolved	0.0	0.0	1.0	0.0	0.0	0.0	0.0
mitochondrial_disease	4087	ncbi_gene	SMAD2	1	2.0	gtr_mitochondrial_gene_summary	silver	clinical_utilization	silver	clinical_utilization	adapter_gene_id_resolved	0.0	0.0	0.0	2.0	0.0	0.0	0.0
mitochondrial_disease	4088	ncbi_gene	SMAD3	1	2.0	gtr_mitochondrial_gene_summary	silver	clinical_utilization	silver	clinical_utilization	adapter_gene_id_resolved	0.0	0.0	0.0	2.0	0.0	0.0	0.0
mitochondrial_disease	4089	ncbi_gene	SMAD4	1	2.0	gtr_mitochondrial_gene_summary	silver	clinical_utilization	silver	clinical_utilization	adapter_gene_id_resolved	0.0	0.0	4.0	3.0	0.0	0.0	0.0
mitochondrial_disease	4091	ncbi_gene	SMAD6	1	2.0	gtr_mitochondrial_gene_summary	silver	clinical_utilization	silver	clinical_utilization	adapter_gene_id_resolved	0.0	0.0	0.0	2.0	0.0	0.0	0.0
mitochondrial_disease	6595	ncbi_gene	SMARCA2	1	2.0	gtr_mitochondrial_gene_summary	silver	clinical_utilization	silver	clinical_utilization	adapter_gene_id_resolved	0.0	0.0	0.0	3.0	0.0	0.0	0.0
mitochondrial_disease	6597	ncbi_gene	SMARCA4	1	2.0	gtr_mitochondrial_gene_summary	silver	clinical_utilization	silver	clinical_utilization	adapter_gene_id_resolved	0.0	0.0	4.0	3.0	0.0	0.0	0.0
mitochondrial_disease	50485	ncbi_gene	SMARCAL1	1	2.0	gtr_mitochondrial_gene_summary	silver	clinical_utilization	silver	clinical_utilization	adapter_gene_id_resolved	0.0	0.0	0.0	6.0	0.0	0.0	0.0
mitochondrial_disease	6598	ncbi_gene	SMARCB1	1	2.0	gtr_mitochondrial_gene_summary	silver	clinical_utilization	silver	clinical_utilization	adapter_gene_id_resolved	0.0	0.0	3.0	4.0	0.0	0.0	0.0
mitochondrial_disease	6605	ncbi_gene	SMARCE1	1	2.0	gtr_mitochondrial_gene_summary	silver	clinical_utilization	silver	clinical_utilization	adapter_gene_id_resolved	0.0	0.0	3.0	2.0	0.0	0.0	0.0
mitochondrial_disease	8243	ncbi_gene	SMC1A	1	2.0	gtr_mitochondrial_gene_summary	silver	clinical_utilization	silver	clinical_utilization	adapter_gene_id_resolved	0.0	0.0	1.0	4.0	0.0	0.0	0.0
mitochondrial_disease	9126	ncbi_gene	SMC3	1	2.0	gtr_mitochondrial_gene_summary	silver	clinical_utilization	silver	clinical_utilization	adapter_gene_id_resolved	0.0	0.0	0.0	4.0	0.0	0.0	0.0
mitochondrial_disease	23347	ncbi_gene	SMCHD1	1	2.0	gtr_mitochondrial_gene_summary	silver	clinical_utilization	silver	clinical_utilization	adapter_gene_id_resolved	0.0	0.0	1.0	0.0	0.0	0.0	0.0
mitochondrial_disease	56006	ncbi_gene	SMG9	1	2.0	gtr_mitochondrial_gene_summary	silver	clinical_utilization	silver	clinical_utilization	adapter_gene_id_resolved	0.0	0.0	0.0	1.0	0.0	0.0	0.0
mitochondrial_disease	6606	ncbi_gene	SMN1	1	2.0	gtr_mitochondrial_gene_summary	silver	clinical_utilization	silver	clinical_utilization	adapter_gene_id_resolved	0.0	0.0	0.0	7.0	0.0	0.0	0.0
mitochondrial_disease	6609	ncbi_gene	SMPD1	1	2.0	gtr_mitochondrial_gene_summary	silver	clinical_utilization	silver	clinical_utilization	adapter_gene_id_resolved	0.0	0.0	0.0	13.0	0.0	0.0	0.0
mitochondrial_disease	23676	ncbi_gene	SMPX	1	2.0	gtr_mitochondrial_gene_summary	silver	clinical_utilization	silver	clinical_utilization	adapter_gene_id_resolved	0.0	0.0	0.0	1.0	0.0	0.0	0.0
mitochondrial_disease	6611	ncbi_gene	SMS	1	2.0	gtr_mitochondrial_gene_summary	silver	clinical_utilization	silver	clinical_utilization	adapter_gene_id_resolved	0.0	0.0	1.0	4.0	0.0	0.0	0.0
mitochondrial_disease	6591	ncbi_gene	SNAI2	1	2.0	gtr_mitochondrial_gene_summary	silver	clinical_utilization	silver	clinical_utilization	adapter_gene_id_resolved	0.0	0.0	0.0	4.0	0.0	0.0	0.0
mitochondrial_disease	6616	ncbi_gene	SNAP25	1	2.0	gtr_mitochondrial_gene_summary	silver	clinical_utilization	silver	clinical_utilization	adapter_gene_id_resolved	0.0	0.0	0.0	3.0	0.0	0.0	0.0
mitochondrial_disease	9342	ncbi_gene	SNAP29	1	2.0	gtr_mitochondrial_gene_summary	silver	clinical_utilization	silver	clinical_utilization	adapter_gene_id_resolved	0.0	0.0	0.0	1.0	0.0	0.0	0.0
mitochondrial_disease	6622	ncbi_gene	SNCA	1	2.0	gtr_mitochondrial_gene_summary	silver	clinical_utilization	silver	clinical_utilization	adapter_gene_id_resolved	0.0	0.0	1.0	1.0	0.0	0.0	0.0
mitochondrial_disease	79753	ncbi_gene	SNIP1	1	2.0	gtr_mitochondrial_gene_summary	silver	clinical_utilization	silver	clinical_utilization	adapter_gene_id_resolved	0.0	0.0	0.0	2.0	0.0	0.0	0.0
mitochondrial_disease	727676	ncbi_gene	SNORD118	1	2.0	gtr_mitochondrial_gene_summary	silver	clinical_utilization	silver	clinical_utilization	adapter_gene_id_resolved	0.0	0.0	0.0	1.0	0.0	0.0	0.0
mitochondrial_disease	6638	ncbi_gene	SNRPN	1	2.0	gtr_mitochondrial_gene_summary	silver	clinical_utilization	silver	clinical_utilization	adapter_gene_id_resolved	0.0	0.0	0.0	1.0	0.0	0.0	0.0
mitochondrial_disease	6640	ncbi_gene	SNTA1	1	2.0	gtr_mitochondrial_gene_summary	silver	clinical_utilization	silver	clinical_utilization	adapter_gene_id_resolved	0.0	0.0	1.0	2.0	0.0	0.0	0.0
mitochondrial_disease	57231	ncbi_gene	SNX14	1	2.0	gtr_mitochondrial_gene_summary	silver	clinical_utilization	silver	clinical_utilization	adapter_gene_id_resolved	0.0	0.0	0.0	6.0	0.0	0.0	0.0
mitochondrial_disease	81609	ncbi_gene	SNX27	1	2.0	gtr_mitochondrial_gene_summary	silver	clinical_utilization	silver	clinical_utilization	adapter_gene_id_resolved	0.0	1.0	0.0	0.0	0.0	0.0	0.0
mitochondrial_disease	8724	ncbi_gene	SNX3	1	2.0	gtr_mitochondrial_gene_summary	silver	clinical_utilization	silver	clinical_utilization	adapter_gene_id_resolved	0.0	0.0	0.0	1.0	0.0	0.0	0.0
mitochondrial_disease	6647	ncbi_gene	SOD1	1	2.0	gtr_mitochondrial_gene_summary	silver	clinical_utilization	silver	clinical_utilization	adapter_gene_id_resolved	0.0	0.0	0.0	3.0	0.0	0.0	0.0
mitochondrial_disease	6651	ncbi_gene	SON	1	2.0	gtr_mitochondrial_gene_summary	silver	clinical_utilization	silver	clinical_utilization	adapter_gene_id_resolved	0.0	0.0	0.0	1.0	0.0	0.0	0.0
mitochondrial_disease	6653	ncbi_gene	SORL1	1	2.0	gtr_mitochondrial_gene_summary	silver	clinical_utilization	silver	clinical_utilization	adapter_gene_id_resolved	1.0	0.0	0.0	0.0	0.0	0.0	0.0
mitochondrial_disease	6654	ncbi_gene	SOS1	1	2.0	gtr_mitochondrial_gene_summary	silver	clinical_utilization	silver	clinical_utilization	adapter_gene_id_resolved	0.0	0.0	3.0	5.0	0.0	0.0	0.0
mitochondrial_disease	6655	ncbi_gene	SOS2	1	2.0	gtr_mitochondrial_gene_summary	silver	clinical_utilization	silver	clinical_utilization	adapter_gene_id_resolved	0.0	0.0	0.0	5.0	0.0	0.0	0.0
mitochondrial_disease	50964	ncbi_gene	SOST	1	2.0	gtr_mitochondrial_gene_summary	silver	clinical_utilization	silver	clinical_utilization	adapter_gene_id_resolved	0.0	0.0	0.0	1.0	0.0	0.0	0.0
mitochondrial_disease	6656	ncbi_gene	SOX1	1	2.0	gtr_mitochondrial_gene_summary	silver	clinical_utilization	silver	clinical_utilization	adapter_gene_id_resolved	0.0	0.0	0.0	1.0	0.0	0.0	0.0
mitochondrial_disease	6663	ncbi_gene	SOX10	1	2.0	gtr_mitochondrial_gene_summary	silver	clinical_utilization	silver	clinical_utilization	adapter_gene_id_resolved	0.0	0.0	2.0	7.0	0.0	0.0	0.0
mitochondrial_disease	6657	ncbi_gene	SOX2	1	2.0	gtr_mitochondrial_gene_summary	silver	clinical_utilization	silver	clinical_utilization	adapter_gene_id_resolved	0.0	0.0	0.0	2.0	0.0	0.0	0.0
mitochondrial_disease	6658	ncbi_gene	SOX3	1	2.0	gtr_mitochondrial_gene_summary	silver	clinical_utilization	silver	clinical_utilization	adapter_gene_id_resolved	0.0	0.0	1.0	3.0	0.0	0.0	0.0
mitochondrial_disease	83595	ncbi_gene	SOX7	1	2.0	gtr_mitochondrial_gene_summary	silver	clinical_utilization	silver	clinical_utilization	adapter_gene_id_resolved	0.0	1.0	0.0	0.0	0.0	0.0	0.0
mitochondrial_disease	6662	ncbi_gene	SOX9	1	2.0	gtr_mitochondrial_gene_summary	silver	clinical_utilization	silver	clinical_utilization	adapter_gene_id_resolved	0.0	0.0	0.0	1.0	0.0	0.0	0.0
mitochondrial_disease	3431	ncbi_gene	SP110	1	2.0	gtr_mitochondrial_gene_summary	silver	clinical_utilization	silver	clinical_utilization	adapter_gene_id_resolved	0.0	0.0	0.0	6.0	0.0	0.0	0.0
mitochondrial_disease	23111	ncbi_gene	SPART	1	2.0	gtr_mitochondrial_gene_summary	silver	clinical_utilization	silver	clinical_utilization	adapter_gene_id_resolved	0.0	0.0	0.0	4.0	0.0	0.0	0.0
mitochondrial_disease	6683	ncbi_gene	SPAST	1	2.0	gtr_mitochondrial_gene_summary	silver	clinical_utilization	silver	clinical_utilization	adapter_gene_id_resolved	0.0	1.0	0.0	3.0	0.0	0.0	0.0
mitochondrial_disease	55812	ncbi_gene	SPATA7	1	2.0	gtr_mitochondrial_gene_summary	silver	clinical_utilization	silver	clinical_utilization	adapter_gene_id_resolved	0.0	0.0	0.0	6.0	0.0	0.0	0.0
mitochondrial_disease	23384	ncbi_gene	SPECC1L	1	2.0	gtr_mitochondrial_gene_summary	silver	clinical_utilization	silver	clinical_utilization	adapter_gene_id_resolved	0.0	0.0	0.0	3.0	0.0	0.0	0.0
mitochondrial_disease	10290	ncbi_gene	SPEG	1	2.0	gtr_mitochondrial_gene_summary	silver	clinical_utilization	silver	clinical_utilization	adapter_gene_id_resolved	0.0	0.0	1.0	0.0	0.0	0.0	0.0
mitochondrial_disease	80208	ncbi_gene	SPG11	1	2.0	gtr_mitochondrial_gene_summary	silver	clinical_utilization	silver	clinical_utilization	adapter_gene_id_resolved	0.0	1.0	1.0	9.0	0.0	0.0	0.0
mitochondrial_disease	51324	ncbi_gene	SPG21	1	2.0	gtr_mitochondrial_gene_summary	silver	clinical_utilization	silver	clinical_utilization	adapter_gene_id_resolved	0.0	0.0	0.0	9.0	0.0	0.0	0.0
mitochondrial_disease	6687	ncbi_gene	SPG7	1	2.0	gtr_mitochondrial_gene_summary	silver	clinical_utilization	silver	clinical_utilization	adapter_gene_id_resolved	0.0	4.0	0.0	12.0	0.0	0.0	0.0
mitochondrial_disease	6690	ncbi_gene	SPINK1	1	2.0	gtr_mitochondrial_gene_summary	silver	clinical_utilization	silver	clinical_utilization	adapter_gene_id_resolved	0.0	0.0	2.0	0.0	0.0	0.0	0.0
mitochondrial_disease	6694	ncbi_gene	SPP2	1	2.0	gtr_mitochondrial_gene_summary	silver	clinical_utilization	silver	clinical_utilization	adapter_gene_id_resolved	0.0	1.0	0.0	1.0	0.0	0.0	0.0
mitochondrial_disease	84888	ncbi_gene	SPPL2A	1	2.0	gtr_mitochondrial_gene_summary	silver	clinical_utilization	silver	clinical_utilization	adapter_gene_id_resolved	0.0	0.0	2.0	0.0	0.0	0.0	0.0
mitochondrial_disease	6697	ncbi_gene	SPR	1	2.0	gtr_mitochondrial_gene_summary	silver	clinical_utilization	silver	clinical_utilization	adapter_gene_id_resolved	0.0	0.0	1.0	4.0	0.0	0.0	0.0
mitochondrial_disease	161742	ncbi_gene	SPRED1	1	2.0	gtr_mitochondrial_gene_summary	silver	clinical_utilization	silver	clinical_utilization	adapter_gene_id_resolved	0.0	0.0	2.0	5.0	0.0	0.0	0.0
mitochondrial_disease	81848	ncbi_gene	SPRY4	1	2.0	gtr_mitochondrial_gene_summary	silver	clinical_utilization	silver	clinical_utilization	adapter_gene_id_resolved	0.0	0.0	0.0	1.0	0.0	0.0	0.0
mitochondrial_disease	6709	ncbi_gene	SPTAN1	1	2.0	gtr_mitochondrial_gene_summary	silver	clinical_utilization	silver	clinical_utilization	adapter_gene_id_resolved	0.0	1.0	3.0	4.0	0.0	0.0	0.0
mitochondrial_disease	6712	ncbi_gene	SPTBN2	1	2.0	gtr_mitochondrial_gene_summary	silver	clinical_utilization	silver	clinical_utilization	adapter_gene_id_resolved	0.0	0.0	0.0	2.0	0.0	0.0	0.0
mitochondrial_disease	8878	ncbi_gene	SQSTM1	1	2.0	gtr_mitochondrial_gene_summary	silver	clinical_utilization	silver	clinical_utilization	adapter_gene_id_resolved	1.0	0.0	0.0	1.0	0.0	0.0	0.0
mitochondrial_disease	10847	ncbi_gene	SRCAP	1	2.0	gtr_mitochondrial_gene_summary	silver	clinical_utilization	silver	clinical_utilization	adapter_gene_id_resolved	0.0	0.0	0.0	2.0	0.0	0.0	0.0
mitochondrial_disease	6716	ncbi_gene	SRD5A2	1	2.0	gtr_mitochondrial_gene_summary	silver	clinical_utilization	silver	clinical_utilization	adapter_gene_id_resolved	0.0	1.0	0.0	0.0	0.0	0.0	0.0
mitochondrial_disease	79644	ncbi_gene	SRD5A3	1	2.0	gtr_mitochondrial_gene_summary	silver	clinical_utilization	silver	clinical_utilization	adapter_gene_id_resolved	0.0	0.0	0.0	2.0	0.0	0.0	0.0
mitochondrial_disease	6721	ncbi_gene	SREBF2	1	2.0	gtr_mitochondrial_gene_summary	silver	clinical_utilization	silver	clinical_utilization	adapter_gene_id_resolved	0.0	0.0	0.0	1.0	0.0	0.0	0.0
mitochondrial_disease	6731	ncbi_gene	SRP72	1	2.0	gtr_mitochondrial_gene_summary	silver	clinical_utilization	silver	clinical_utilization	adapter_gene_id_resolved	0.0	0.0	1.0	0.0	0.0	0.0	0.0
mitochondrial_disease	6734	ncbi_gene	SRPRA	1	2.0	gtr_mitochondrial_gene_summary	silver	clinical_utilization	silver	clinical_utilization	adapter_gene_id_resolved	2.0	1.0	0.0	0.0	0.0	0.0	0.0
mitochondrial_disease	27286	ncbi_gene	SRPX2	1	2.0	gtr_mitochondrial_gene_summary	silver	clinical_utilization	silver	clinical_utilization	adapter_gene_id_resolved	0.0	0.0	2.0	4.0	0.0	0.0	0.0
mitochondrial_disease	6747	ncbi_gene	SSR3	1	2.0	gtr_mitochondrial_gene_summary	silver	clinical_utilization	silver	clinical_utilization	adapter_gene_id_resolved	0.0	1.0	0.0	0.0	0.0	0.0	0.0
mitochondrial_disease	6748	ncbi_gene	SSR4	1	2.0	gtr_mitochondrial_gene_summary	silver	clinical_utilization	silver	clinical_utilization	adapter_gene_id_resolved	0.0	0.0	0.0	2.0	0.0	0.0	0.0
mitochondrial_disease	6487	ncbi_gene	ST3GAL3	1	2.0	gtr_mitochondrial_gene_summary	silver	clinical_utilization	silver	clinical_utilization	adapter_gene_id_resolved	0.0	0.0	1.0	3.0	0.0	0.0	0.0
mitochondrial_disease	8869	ncbi_gene	ST3GAL5	1	2.0	gtr_mitochondrial_gene_summary	silver	clinical_utilization	silver	clinical_utilization	adapter_gene_id_resolved	0.0	0.0	0.0	1.0	0.0	0.0	0.0
mitochondrial_disease	246329	ncbi_gene	STAC3	1	2.0	gtr_mitochondrial_gene_summary	silver	clinical_utilization	silver	clinical_utilization	adapter_gene_id_resolved	0.0	0.0	1.0	0.0	0.0	0.0	0.0
mitochondrial_disease	10274	ncbi_gene	STAG1	1	2.0	gtr_mitochondrial_gene_summary	silver	clinical_utilization	silver	clinical_utilization	adapter_gene_id_resolved	0.0	0.0	0.0	1.0	0.0	0.0	0.0
mitochondrial_disease	10617	ncbi_gene	STAMBP	1	2.0	gtr_mitochondrial_gene_summary	silver	clinical_utilization	silver	clinical_utilization	adapter_gene_id_resolved	0.0	0.0	0.0	3.0	0.0	0.0	0.0
mitochondrial_disease	26228	ncbi_gene	STAP1	1	2.0	gtr_mitochondrial_gene_summary	silver	clinical_utilization	silver	clinical_utilization	adapter_gene_id_resolved	0.0	0.0	0.0	2.0	0.0	0.0	0.0
mitochondrial_disease	6770	ncbi_gene	STAR	1	2.0	gtr_mitochondrial_gene_summary	silver	clinical_utilization	silver	clinical_utilization	adapter_gene_id_resolved	0.0	1.0	0.0	9.0	0.0	0.0	0.0
mitochondrial_disease	57519	ncbi_gene	STARD9	1	2.0	gtr_mitochondrial_gene_summary	silver	clinical_utilization	silver	clinical_utilization	adapter_gene_id_resolved	0.0	0.0	0.0	1.0	0.0	0.0	0.0
mitochondrial_disease	6772	ncbi_gene	STAT1	1	2.0	gtr_mitochondrial_gene_summary	silver	clinical_utilization	silver	clinical_utilization	adapter_gene_id_resolved	0.0	0.0	1.0	0.0	0.0	0.0	0.0
mitochondrial_disease	6773	ncbi_gene	STAT2	1	2.0	gtr_mitochondrial_gene_summary	silver	clinical_utilization	silver	clinical_utilization	adapter_gene_id_resolved	0.0	0.0	0.0	1.0	0.0	0.0	0.0
mitochondrial_disease	26872	ncbi_gene	STEAP1	1	2.0	gtr_mitochondrial_gene_summary	silver	clinical_utilization	silver	clinical_utilization	adapter_gene_id_resolved	0.0	0.0	0.0	1.0	0.0	0.0	0.0
mitochondrial_disease	261729	ncbi_gene	STEAP2	1	2.0	gtr_mitochondrial_gene_summary	silver	clinical_utilization	silver	clinical_utilization	adapter_gene_id_resolved	0.0	0.0	0.0	1.0	0.0	0.0	0.0
mitochondrial_disease	6491	ncbi_gene	STIL	1	2.0	gtr_mitochondrial_gene_summary	silver	clinical_utilization	silver	clinical_utilization	adapter_gene_id_resolved	0.0	0.0	0.0	1.0	0.0	0.0	0.0
mitochondrial_disease	6786	ncbi_gene	STIM1	1	2.0	gtr_mitochondrial_gene_summary	silver	clinical_utilization	silver	clinical_utilization	adapter_gene_id_resolved	0.0	0.0	1.0	0.0	0.0	0.0	0.0
mitochondrial_disease	6794	ncbi_gene	STK11	1	2.0	gtr_mitochondrial_gene_summary	silver	clinical_utilization	silver	clinical_utilization	adapter_gene_id_resolved	0.0	0.0	4.0	0.0	0.0	0.0	0.0
mitochondrial_disease	23012	ncbi_gene	STK38L	1	2.0	gtr_mitochondrial_gene_summary	silver	clinical_utilization	silver	clinical_utilization	adapter_gene_id_resolved	0.0	0.0	0.0	1.0	0.0	0.0	0.0
mitochondrial_disease	6789	ncbi_gene	STK4	1	2.0	gtr_mitochondrial_gene_summary	silver	clinical_utilization	silver	clinical_utilization	adapter_gene_id_resolved	0.0	0.0	0.0	7.0	0.0	0.0	0.0
mitochondrial_disease	79991	ncbi_gene	STN1	1	2.0	gtr_mitochondrial_gene_summary	silver	clinical_utilization	silver	clinical_utilization	adapter_gene_id_resolved	0.0	0.0	0.0	1.0	0.0	0.0	0.0
mitochondrial_disease	92335	ncbi_gene	STRADA	1	2.0	gtr_mitochondrial_gene_summary	silver	clinical_utilization	silver	clinical_utilization	adapter_gene_id_resolved	0.0	0.0	0.0	3.0	0.0	0.0	0.0
mitochondrial_disease	161497	ncbi_gene	STRC	1	2.0	gtr_mitochondrial_gene_summary	silver	clinical_utilization	silver	clinical_utilization	adapter_gene_id_resolved	0.0	0.0	0.0	1.0	0.0	0.0	0.0
mitochondrial_disease	3703	ncbi_gene	STT3A	1	2.0	gtr_mitochondrial_gene_summary	silver	clinical_utilization	silver	clinical_utilization	adapter_gene_id_resolved	0.0	0.0	0.0	2.0	0.0	0.0	0.0
mitochondrial_disease	201595	ncbi_gene	STT3B	1	2.0	gtr_mitochondrial_gene_summary	silver	clinical_utilization	silver	clinical_utilization	adapter_gene_id_resolved	0.0	0.0	0.0	2.0	0.0	0.0	0.0
mitochondrial_disease	10273	ncbi_gene	STUB1	1	2.0	gtr_mitochondrial_gene_summary	silver	clinical_utilization	silver	clinical_utilization	adapter_gene_id_resolved	0.0	0.0	0.0	3.0	0.0	0.0	0.0
mitochondrial_disease	8676	ncbi_gene	STX11	1	2.0	gtr_mitochondrial_gene_summary	silver	clinical_utilization	silver	clinical_utilization	adapter_gene_id_resolved	0.0	0.0	0.0	9.0	0.0	0.0	0.0
mitochondrial_disease	112755	ncbi_gene	STX1B	1	2.0	gtr_mitochondrial_gene_summary	silver	clinical_utilization	silver	clinical_utilization	adapter_gene_id_resolved	0.0	1.0	1.0	3.0	0.0	0.0	0.0
mitochondrial_disease	6809	ncbi_gene	STX3	1	2.0	gtr_mitochondrial_gene_summary	silver	clinical_utilization	silver	clinical_utilization	adapter_gene_id_resolved	0.0	0.0	2.0	0.0	0.0	0.0	0.0
mitochondrial_disease	6812	ncbi_gene	STXBP1	1	2.0	gtr_mitochondrial_gene_summary	silver	clinical_utilization	silver	clinical_utilization	adapter_gene_id_resolved	0.0	2.0	2.0	4.0	0.0	0.0	0.0
mitochondrial_disease	6813	ncbi_gene	STXBP2	1	2.0	gtr_mitochondrial_gene_summary	silver	clinical_utilization	silver	clinical_utilization	adapter_gene_id_resolved	0.0	0.0	0.0	8.0	0.0	0.0	0.0
mitochondrial_disease	8803	ncbi_gene	SUCLA2	1	2.0	gtr_mitochondrial_gene_summary	silver	clinical_utilization	silver	clinical_utilization	adapter_gene_id_resolved	25.0	20.0	19.0	21.0	0.0	0.0	0.0
mitochondrial_disease	8802	ncbi_gene	SUCLG1	1	2.0	gtr_mitochondrial_gene_summary	silver	clinical_utilization	silver	clinical_utilization	adapter_gene_id_resolved	24.0	17.0	18.0	19.0	0.0	0.0	0.0
mitochondrial_disease	8801	ncbi_gene	SUCLG2	1	2.0	gtr_mitochondrial_gene_summary	silver	clinical_utilization	silver	clinical_utilization	adapter_gene_id_resolved	5.0	1.0	0.0	1.0	0.0	0.0	0.0
mitochondrial_disease	51430	ncbi_gene	SUCO	1	2.0	gtr_mitochondrial_gene_summary	silver	clinical_utilization	silver	clinical_utilization	adapter_gene_id_resolved	0.0	0.0	1.0	0.0	0.0	0.0	0.0
mitochondrial_disease	51684	ncbi_gene	SUFU	1	2.0	gtr_mitochondrial_gene_summary	silver	clinical_utilization	silver	clinical_utilization	adapter_gene_id_resolved	0.0	0.0	4.0	1.0	0.0	0.0	0.0
mitochondrial_disease	79783	ncbi_gene	SUGCT	1	2.0	gtr_mitochondrial_gene_summary	silver	clinical_utilization	silver	clinical_utilization	adapter_gene_id_resolved	0.0	0.0	1.0	3.0	0.0	0.0	0.0
mitochondrial_disease	23213	ncbi_gene	SULF1	1	2.0	gtr_mitochondrial_gene_summary	silver	clinical_utilization	silver	clinical_utilization	adapter_gene_id_resolved	0.0	0.0	1.0	0.0	0.0	0.0	0.0
mitochondrial_disease	285362	ncbi_gene	SUMF1	1	2.0	gtr_mitochondrial_gene_summary	silver	clinical_utilization	silver	clinical_utilization	adapter_gene_id_resolved	0.0	0.0	2.0	13.0	0.0	0.0	0.0
mitochondrial_disease	6821	ncbi_gene	SUOX	1	2.0	gtr_mitochondrial_gene_summary	silver	clinical_utilization	silver	clinical_utilization	adapter_gene_id_resolved	0.0	0.0	1.0	9.0	0.0	0.0	0.0
mitochondrial_disease	6834	ncbi_gene	SURF1	1	2.0	gtr_mitochondrial_gene_summary	silver	clinical_utilization	silver	clinical_utilization	adapter_gene_id_resolved	19.0	12.0	12.0	28.0	0.0	0.0	0.0
mitochondrial_disease	6840	ncbi_gene	SVIL	1	2.0	gtr_mitochondrial_gene_summary	silver	clinical_utilization	silver	clinical_utilization	adapter_gene_id_resolved	0.0	1.0	0.0	0.0	0.0	0.0	0.0
mitochondrial_disease	6853	ncbi_gene	SYN1	1	2.0	gtr_mitochondrial_gene_summary	silver	clinical_utilization	silver	clinical_utilization	adapter_gene_id_resolved	0.0	0.0	2.0	4.0	0.0	0.0	0.0
mitochondrial_disease	23345	ncbi_gene	SYNE1	1	2.0	gtr_mitochondrial_gene_summary	silver	clinical_utilization	silver	clinical_utilization	adapter_gene_id_resolved	0.0	0.0	3.0	4.0	0.0	0.0	0.0
mitochondrial_disease	23224	ncbi_gene	SYNE2	1	2.0	gtr_mitochondrial_gene_summary	silver	clinical_utilization	silver	clinical_utilization	adapter_gene_id_resolved	0.0	0.0	1.0	0.0	0.0	0.0	0.0
mitochondrial_disease	163183	ncbi_gene	SYNE4	1	2.0	gtr_mitochondrial_gene_summary	silver	clinical_utilization	silver	clinical_utilization	adapter_gene_id_resolved	0.0	0.0	0.0	8.0	0.0	0.0	0.0
mitochondrial_disease	8831	ncbi_gene	SYNGAP1	1	2.0	gtr_mitochondrial_gene_summary	silver	clinical_utilization	silver	clinical_utilization	adapter_gene_id_resolved	0.0	1.0	1.0	7.0	0.0	0.0	0.0
mitochondrial_disease	8867	ncbi_gene	SYNJ1	1	2.0	gtr_mitochondrial_gene_summary	silver	clinical_utilization	silver	clinical_utilization	adapter_gene_id_resolved	0.0	1.0	2.0	3.0	0.0	0.0	0.0
mitochondrial_disease	11346	ncbi_gene	SYNPO	1	2.0	gtr_mitochondrial_gene_summary	silver	clinical_utilization	silver	clinical_utilization	adapter_gene_id_resolved	0.0	1.0	0.0	0.0	0.0	0.0	0.0
mitochondrial_disease	6855	ncbi_gene	SYP	1	2.0	gtr_mitochondrial_gene_summary	silver	clinical_utilization	silver	clinical_utilization	adapter_gene_id_resolved	0.0	0.0	1.0	4.0	0.0	0.0	0.0
mitochondrial_disease	255928	ncbi_gene	SYT14	1	2.0	gtr_mitochondrial_gene_summary	silver	clinical_utilization	silver	clinical_utilization	adapter_gene_id_resolved	0.0	0.0	0.0	1.0	0.0	0.0	0.0
mitochondrial_disease	127833	ncbi_gene	SYT2	1	2.0	gtr_mitochondrial_gene_summary	silver	clinical_utilization	silver	clinical_utilization	adapter_gene_id_resolved	0.0	0.0	0.0	1.0	0.0	0.0	0.0
mitochondrial_disease	94121	ncbi_gene	SYTL4	1	2.0	gtr_mitochondrial_gene_summary	silver	clinical_utilization	silver	clinical_utilization	adapter_gene_id_resolved	0.0	0.0	0.0	1.0	0.0	0.0	0.0
mitochondrial_disease	23334	ncbi_gene	SZT2	1	2.0	gtr_mitochondrial_gene_summary	silver	clinical_utilization	silver	clinical_utilization	adapter_gene_id_resolved	0.0	0.0	0.0	1.0	0.0	0.0	0.0
mitochondrial_disease	51204	ncbi_gene	TACO1	1	2.0	gtr_mitochondrial_gene_summary	silver	clinical_utilization	silver	clinical_utilization	adapter_gene_id_resolved	10.0	7.0	12.0	20.0	0.0	0.0	0.0
mitochondrial_disease	6869	ncbi_gene	TACR1	1	2.0	gtr_mitochondrial_gene_summary	silver	clinical_utilization	silver	clinical_utilization	adapter_gene_id_resolved	0.0	0.0	0.0	1.0	0.0	0.0	0.0
mitochondrial_disease	6872	ncbi_gene	TAF1	1	2.0	gtr_mitochondrial_gene_summary	silver	clinical_utilization	silver	clinical_utilization	adapter_gene_id_resolved	0.0	0.0	1.0	1.0	0.0	0.0	0.0
mitochondrial_disease	6901	ncbi_gene	TAFAZZIN	1	2.0	gtr_mitochondrial_gene_summary	silver	clinical_utilization	silver	clinical_utilization	adapter_gene_id_resolved	64.0	25.0	14.0	22.0	0.0	0.0	0.0
mitochondrial_disease	6888	ncbi_gene	TALDO1	1	2.0	gtr_mitochondrial_gene_summary	silver	clinical_utilization	silver	clinical_utilization	adapter_gene_id_resolved	0.0	0.0	0.0	1.0	0.0	0.0	0.0
mitochondrial_disease	132001	ncbi_gene	TAMM41	1	2.0	gtr_mitochondrial_gene_summary	silver	clinical_utilization	silver	clinical_utilization	adapter_gene_id_resolved	0.0	0.0	2.0	0.0	0.0	0.0	0.0
mitochondrial_disease	128989	ncbi_gene	TANGO2	1	2.0	gtr_mitochondrial_gene_summary	silver	clinical_utilization	silver	clinical_utilization	adapter_gene_id_resolved	0.0	0.0	0.0	5.0	0.0	0.0	0.0
mitochondrial_disease	9344	ncbi_gene	TAOK2	1	2.0	gtr_mitochondrial_gene_summary	silver	clinical_utilization	silver	clinical_utilization	adapter_gene_id_resolved	0.0	0.0	2.0	0.0	0.0	0.0	0.0
mitochondrial_disease	202018	ncbi_gene	TAPT1	1	2.0	gtr_mitochondrial_gene_summary	silver	clinical_utilization	silver	clinical_utilization	adapter_gene_id_resolved	0.0	0.0	1.0	0.0	0.0	0.0	0.0
mitochondrial_disease	23435	ncbi_gene	TARDBP	1	2.0	gtr_mitochondrial_gene_summary	silver	clinical_utilization	silver	clinical_utilization	adapter_gene_id_resolved	0.0	0.0	0.0	2.0	0.0	0.0	0.0
mitochondrial_disease	80222	ncbi_gene	TARS2	1	2.0	gtr_mitochondrial_gene_summary	silver	clinical_utilization	silver	clinical_utilization	adapter_gene_id_resolved	6.0	0.0	6.0	14.0	0.0	0.0	0.0
mitochondrial_disease	6898	ncbi_gene	TAT	1	2.0	gtr_mitochondrial_gene_summary	silver	clinical_utilization	silver	clinical_utilization	adapter_gene_id_resolved	0.0	0.0	0.0	8.0	0.0	0.0	0.0
mitochondrial_disease	57465	ncbi_gene	TBC1D24	1	2.0	gtr_mitochondrial_gene_summary	silver	clinical_utilization	silver	clinical_utilization	adapter_gene_id_resolved	2.0	0.0	2.0	5.0	0.0	0.0	0.0
mitochondrial_disease	221322	ncbi_gene	TBC1D32	1	2.0	gtr_mitochondrial_gene_summary	silver	clinical_utilization	silver	clinical_utilization	adapter_gene_id_resolved	0.0	0.0	0.0	1.0	0.0	0.0	0.0
mitochondrial_disease	9882	ncbi_gene	TBC1D4	1	2.0	gtr_mitochondrial_gene_summary	silver	clinical_utilization	silver	clinical_utilization	adapter_gene_id_resolved	0.0	0.0	0.0	1.0	0.0	0.0	0.0
mitochondrial_disease	51256	ncbi_gene	TBC1D7	1	2.0	gtr_mitochondrial_gene_summary	silver	clinical_utilization	silver	clinical_utilization	adapter_gene_id_resolved	0.0	0.0	0.0	2.0	0.0	0.0	0.0
mitochondrial_disease	6904	ncbi_gene	TBCD	1	2.0	gtr_mitochondrial_gene_summary	silver	clinical_utilization	silver	clinical_utilization	adapter_gene_id_resolved	0.0	0.0	0.0	1.0	0.0	0.0	0.0
mitochondrial_disease	6905	ncbi_gene	TBCE	1	2.0	gtr_mitochondrial_gene_summary	silver	clinical_utilization	silver	clinical_utilization	adapter_gene_id_resolved	0.0	0.0	1.0	1.0	0.0	0.0	0.0
mitochondrial_disease	93627	ncbi_gene	TBCK	1	2.0	gtr_mitochondrial_gene_summary	silver	clinical_utilization	silver	clinical_utilization	adapter_gene_id_resolved	0.0	0.0	0.0	2.0	0.0	0.0	0.0
mitochondrial_disease	29110	ncbi_gene	TBK1	1	2.0	gtr_mitochondrial_gene_summary	silver	clinical_utilization	silver	clinical_utilization	adapter_gene_id_resolved	0.0	0.0	0.0	1.0	0.0	0.0	0.0
mitochondrial_disease	79718	ncbi_gene	TBL1XR1	1	2.0	gtr_mitochondrial_gene_summary	silver	clinical_utilization	silver	clinical_utilization	adapter_gene_id_resolved	0.0	0.0	0.0	1.0	0.0	0.0	0.0
mitochondrial_disease	6908	ncbi_gene	TBP	1	2.0	gtr_mitochondrial_gene_summary	silver	clinical_utilization	silver	clinical_utilization	adapter_gene_id_resolved	0.0	0.0	0.0	1.0	0.0	0.0	0.0
mitochondrial_disease	6899	ncbi_gene	TBX1	1	2.0	gtr_mitochondrial_gene_summary	silver	clinical_utilization	silver	clinical_utilization	adapter_gene_id_resolved	2.0	1.0	0.0	4.0	0.0	0.0	0.0
mitochondrial_disease	57057	ncbi_gene	TBX20	1	2.0	gtr_mitochondrial_gene_summary	silver	clinical_utilization	silver	clinical_utilization	adapter_gene_id_resolved	0.0	0.0	0.0	2.0	0.0	0.0	0.0
mitochondrial_disease	6926	ncbi_gene	TBX3	1	2.0	gtr_mitochondrial_gene_summary	silver	clinical_utilization	silver	clinical_utilization	adapter_gene_id_resolved	0.0	0.0	0.0	2.0	0.0	0.0	0.0
mitochondrial_disease	6910	ncbi_gene	TBX5	1	2.0	gtr_mitochondrial_gene_summary	silver	clinical_utilization	silver	clinical_utilization	adapter_gene_id_resolved	0.0	0.0	0.0	4.0	0.0	0.0	0.0
mitochondrial_disease	8557	ncbi_gene	TCAP	1	2.0	gtr_mitochondrial_gene_summary	silver	clinical_utilization	silver	clinical_utilization	adapter_gene_id_resolved	0.0	0.0	5.0	2.0	0.0	0.0	0.0
mitochondrial_disease	6925	ncbi_gene	TCF4	1	2.0	gtr_mitochondrial_gene_summary	silver	clinical_utilization	silver	clinical_utilization	adapter_gene_id_resolved	0.0	0.0	1.0	5.0	0.0	0.0	0.0
mitochondrial_disease	10312	ncbi_gene	TCIRG1	1	2.0	gtr_mitochondrial_gene_summary	silver	clinical_utilization	silver	clinical_utilization	adapter_gene_id_resolved	0.0	0.0	1.0	7.0	0.0	0.0	0.0
mitochondrial_disease	6947	ncbi_gene	TCN1	1	2.0	gtr_mitochondrial_gene_summary	silver	clinical_utilization	silver	clinical_utilization	adapter_gene_id_resolved	1.0	3.0	0.0	0.0	0.0	0.0	0.0
mitochondrial_disease	6948	ncbi_gene	TCN2	1	2.0	gtr_mitochondrial_gene_summary	silver	clinical_utilization	silver	clinical_utilization	adapter_gene_id_resolved	0.0	0.0	1.0	1.0	0.0	0.0	0.0
mitochondrial_disease	6949	ncbi_gene	TCOF1	1	2.0	gtr_mitochondrial_gene_summary	silver	clinical_utilization	silver	clinical_utilization	adapter_gene_id_resolved	0.0	0.0	0.0	3.0	0.0	0.0	0.0
mitochondrial_disease	79600	ncbi_gene	TCTN1	1	2.0	gtr_mitochondrial_gene_summary	silver	clinical_utilization	silver	clinical_utilization	adapter_gene_id_resolved	0.0	0.0	0.0	7.0	0.0	0.0	0.0
mitochondrial_disease	79867	ncbi_gene	TCTN2	1	2.0	gtr_mitochondrial_gene_summary	silver	clinical_utilization	silver	clinical_utilization	adapter_gene_id_resolved	0.0	0.0	0.0	7.0	0.0	0.0	0.0
mitochondrial_disease	26123	ncbi_gene	TCTN3	1	2.0	gtr_mitochondrial_gene_summary	silver	clinical_utilization	silver	clinical_utilization	adapter_gene_id_resolved	0.0	0.0	0.0	9.0	0.0	0.0	0.0
mitochondrial_disease	55775	ncbi_gene	TDP1	1	2.0	gtr_mitochondrial_gene_summary	silver	clinical_utilization	silver	clinical_utilization	adapter_gene_id_resolved	0.0	0.0	0.0	1.0	0.0	0.0	0.0
mitochondrial_disease	51567	ncbi_gene	TDP2	1	2.0	gtr_mitochondrial_gene_summary	silver	clinical_utilization	silver	clinical_utilization	adapter_gene_id_resolved	0.0	0.0	0.0	1.0	0.0	0.0	0.0
mitochondrial_disease	23424	ncbi_gene	TDRD7	1	2.0	gtr_mitochondrial_gene_summary	silver	clinical_utilization	silver	clinical_utilization	adapter_gene_id_resolved	0.0	0.0	1.0	0.0	0.0	0.0	0.0
mitochondrial_disease	9895	ncbi_gene	TECPR2	1	2.0	gtr_mitochondrial_gene_summary	silver	clinical_utilization	silver	clinical_utilization	adapter_gene_id_resolved	0.0	0.0	0.0	9.0	0.0	0.0	0.0
mitochondrial_disease	9524	ncbi_gene	TECR	1	2.0	gtr_mitochondrial_gene_summary	silver	clinical_utilization	silver	clinical_utilization	adapter_gene_id_resolved	0.0	0.0	0.0	2.0	0.0	0.0	0.0
mitochondrial_disease	253017	ncbi_gene	TECRL	1	2.0	gtr_mitochondrial_gene_summary	silver	clinical_utilization	silver	clinical_utilization	adapter_gene_id_resolved	0.0	0.0	0.0	2.0	0.0	0.0	0.0
mitochondrial_disease	7007	ncbi_gene	TECTA	1	2.0	gtr_mitochondrial_gene_summary	silver	clinical_utilization	silver	clinical_utilization	adapter_gene_id_resolved	0.0	0.0	0.0	1.0	0.0	0.0	0.0
mitochondrial_disease	26011	ncbi_gene	TENM4	1	2.0	gtr_mitochondrial_gene_summary	silver	clinical_utilization	silver	clinical_utilization	adapter_gene_id_resolved	0.0	0.0	1.0	0.0	0.0	0.0	0.0
mitochondrial_disease	7012	ncbi_gene	TERC	1	2.0	gtr_mitochondrial_gene_summary	silver	clinical_utilization	silver	clinical_utilization	adapter_gene_id_resolved	0.0	0.0	4.0	0.0	0.0	0.0	0.0
mitochondrial_disease	54386	ncbi_gene	TERF2IP	1	2.0	gtr_mitochondrial_gene_summary	silver	clinical_utilization	silver	clinical_utilization	adapter_gene_id_resolved	0.0	0.0	1.0	0.0	0.0	0.0	0.0
mitochondrial_disease	7015	ncbi_gene	TERT	1	2.0	gtr_mitochondrial_gene_summary	silver	clinical_utilization	silver	clinical_utilization	adapter_gene_id_resolved	0.0	0.0	4.0	0.0	0.0	0.0	0.0
mitochondrial_disease	7018	ncbi_gene	TF	1	2.0	gtr_mitochondrial_gene_summary	silver	clinical_utilization	silver	clinical_utilization	adapter_gene_id_resolved	0.0	0.0	0.0	8.0	0.0	0.0	0.0
mitochondrial_disease	7019	ncbi_gene	TFAM	1	2.0	gtr_mitochondrial_gene_summary	silver	clinical_utilization	silver	clinical_utilization	adapter_gene_id_resolved	3.0	2.0	1.0	6.0	0.0	0.0	0.0
mitochondrial_disease	7020	ncbi_gene	TFAP2A	1	2.0	gtr_mitochondrial_gene_summary	silver	clinical_utilization	silver	clinical_utilization	adapter_gene_id_resolved	0.0	0.0	0.0	3.0	0.0	0.0	0.0
mitochondrial_disease	51106	ncbi_gene	TFB1M	1	2.0	gtr_mitochondrial_gene_summary	silver	clinical_utilization	silver	clinical_utilization	adapter_gene_id_resolved	0.0	0.0	0.0	2.0	0.0	0.0	0.0
mitochondrial_disease	10342	ncbi_gene	TFG	1	2.0	gtr_mitochondrial_gene_summary	silver	clinical_utilization	silver	clinical_utilization	adapter_gene_id_resolved	0.0	0.0	0.0	2.0	0.0	0.0	0.0
mitochondrial_disease	7036	ncbi_gene	TFR2	1	2.0	gtr_mitochondrial_gene_summary	silver	clinical_utilization	silver	clinical_utilization	adapter_gene_id_resolved	0.0	0.0	0.0	2.0	0.0	0.0	0.0
mitochondrial_disease	23483	ncbi_gene	TGDS	1	2.0	gtr_mitochondrial_gene_summary	silver	clinical_utilization	silver	clinical_utilization	adapter_gene_id_resolved	0.0	0.0	0.0	1.0	0.0	0.0	0.0
mitochondrial_disease	7042	ncbi_gene	TGFB2	1	2.0	gtr_mitochondrial_gene_summary	silver	clinical_utilization	silver	clinical_utilization	adapter_gene_id_resolved	0.0	0.0	0.0	2.0	0.0	0.0	0.0
mitochondrial_disease	7043	ncbi_gene	TGFB3	1	2.0	gtr_mitochondrial_gene_summary	silver	clinical_utilization	silver	clinical_utilization	adapter_gene_id_resolved	0.0	0.0	1.0	2.0	0.0	0.0	0.0
mitochondrial_disease	7046	ncbi_gene	TGFBR1	1	2.0	gtr_mitochondrial_gene_summary	silver	clinical_utilization	silver	clinical_utilization	adapter_gene_id_resolved	0.0	0.0	0.0	2.0	0.0	0.0	0.0
mitochondrial_disease	7048	ncbi_gene	TGFBR2	1	2.0	gtr_mitochondrial_gene_summary	silver	clinical_utilization	silver	clinical_utilization	adapter_gene_id_resolved	0.0	0.0	0.0	2.0	0.0	0.0	0.0
mitochondrial_disease	7051	ncbi_gene	TGM1	1	2.0	gtr_mitochondrial_gene_summary	silver	clinical_utilization	silver	clinical_utilization	adapter_gene_id_resolved	0.0	0.0	0.0	6.0	0.0	0.0	0.0
mitochondrial_disease	343641	ncbi_gene	TGM6	1	2.0	gtr_mitochondrial_gene_summary	silver	clinical_utilization	silver	clinical_utilization	adapter_gene_id_resolved	0.0	0.0	0.0	2.0	0.0	0.0	0.0
mitochondrial_disease	7054	ncbi_gene	TH	1	2.0	gtr_mitochondrial_gene_summary	silver	clinical_utilization	silver	clinical_utilization	adapter_gene_id_resolved	0.0	1.0	1.0	8.0	0.0	0.0	0.0
mitochondrial_disease	55145	ncbi_gene	THAP1	1	2.0	gtr_mitochondrial_gene_summary	silver	clinical_utilization	silver	clinical_utilization	adapter_gene_id_resolved	0.0	0.0	0.0	1.0	0.0	0.0	0.0
mitochondrial_disease	57215	ncbi_gene	THAP11	1	2.0	gtr_mitochondrial_gene_summary	silver	clinical_utilization	silver	clinical_utilization	adapter_gene_id_resolved	2.0	2.0	0.0	0.0	0.0	0.0	0.0
mitochondrial_disease	7057	ncbi_gene	THBS1	1	2.0	gtr_mitochondrial_gene_summary	silver	clinical_utilization	silver	clinical_utilization	adapter_gene_id_resolved	0.0	0.0	1.0	1.0	0.0	0.0	0.0
mitochondrial_disease	57187	ncbi_gene	THOC2	1	2.0	gtr_mitochondrial_gene_summary	silver	clinical_utilization	silver	clinical_utilization	adapter_gene_id_resolved	0.0	0.0	0.0	3.0	0.0	0.0	0.0
mitochondrial_disease	7072	ncbi_gene	TIA1	1	2.0	gtr_mitochondrial_gene_summary	silver	clinical_utilization	silver	clinical_utilization	adapter_gene_id_resolved	0.0	0.0	1.0	0.0	0.0	0.0	0.0
mitochondrial_disease	29928	ncbi_gene	TIMM22	1	2.0	gtr_mitochondrial_gene_summary	silver	clinical_utilization	silver	clinical_utilization	adapter_gene_id_resolved	1.0	0.0	0.0	2.0	0.0	0.0	0.0
mitochondrial_disease	1678	ncbi_gene	TIMM8A	1	2.0	gtr_mitochondrial_gene_summary	silver	clinical_utilization	silver	clinical_utilization	adapter_gene_id_resolved	0.0	2.0	1.0	14.0	0.0	0.0	0.0
mitochondrial_disease	51300	ncbi_gene	TIMMDC1	1	2.0	gtr_mitochondrial_gene_summary	silver	clinical_utilization	silver	clinical_utilization	adapter_gene_id_resolved	3.0	0.0	1.0	8.0	0.0	0.0	0.0
mitochondrial_disease	26277	ncbi_gene	TINF2	1	2.0	gtr_mitochondrial_gene_summary	silver	clinical_utilization	silver	clinical_utilization	adapter_gene_id_resolved	0.0	0.0	1.0	0.0	0.0	0.0	0.0
mitochondrial_disease	9414	ncbi_gene	TJP2	1	2.0	gtr_mitochondrial_gene_summary	silver	clinical_utilization	silver	clinical_utilization	adapter_gene_id_resolved	0.0	0.0	0.0	1.0	0.0	0.0	0.0
mitochondrial_disease	7084	ncbi_gene	TK2	1	2.0	gtr_mitochondrial_gene_summary	silver	clinical_utilization	silver	clinical_utilization	adapter_gene_id_resolved	34.0	19.0	16.0	24.0	0.0	0.0	0.0
mitochondrial_disease	219902	ncbi_gene	TLCD5	1	2.0	gtr_mitochondrial_gene_summary	silver	clinical_utilization	silver	clinical_utilization	adapter_gene_id_resolved	0.0	0.0	0.0	1.0	0.0	0.0	0.0
mitochondrial_disease	7094	ncbi_gene	TLN1	1	2.0	gtr_mitochondrial_gene_summary	silver	clinical_utilization	silver	clinical_utilization	adapter_gene_id_resolved	0.0	0.0	1.0	0.0	0.0	0.0	0.0
mitochondrial_disease	7099	ncbi_gene	TLR4	1	2.0	gtr_mitochondrial_gene_summary	silver	clinical_utilization	silver	clinical_utilization	adapter_gene_id_resolved	0.0	0.0	0.0	1.0	0.0	0.0	0.0
mitochondrial_disease	53345	ncbi_gene	TM6SF2	1	2.0	gtr_mitochondrial_gene_summary	silver	clinical_utilization	silver	clinical_utilization	adapter_gene_id_resolved	1.0	0.0	0.0	0.0	0.0	0.0	0.0
mitochondrial_disease	117531	ncbi_gene	TMC1	1	2.0	gtr_mitochondrial_gene_summary	silver	clinical_utilization	silver	clinical_utilization	adapter_gene_id_resolved	0.0	0.0	0.0	1.0	0.0	0.0	0.0
mitochondrial_disease	147798	ncbi_gene	TMC4	1	2.0	gtr_mitochondrial_gene_summary	silver	clinical_utilization	silver	clinical_utilization	adapter_gene_id_resolved	1.0	0.0	0.0	0.0	0.0	0.0	0.0
mitochondrial_disease	23423	ncbi_gene	TMED3	1	2.0	gtr_mitochondrial_gene_summary	silver	clinical_utilization	silver	clinical_utilization	adapter_gene_id_resolved	0.0	0.0	0.0	1.0	0.0	0.0	0.0
mitochondrial_disease	51014	ncbi_gene	TMED7	1	2.0	gtr_mitochondrial_gene_summary	silver	clinical_utilization	silver	clinical_utilization	adapter_gene_id_resolved	0.0	0.0	0.0	1.0	0.0	0.0	0.0
mitochondrial_disease	283953	ncbi_gene	TMEM114	1	2.0	gtr_mitochondrial_gene_summary	silver	clinical_utilization	silver	clinical_utilization	adapter_gene_id_resolved	0.0	0.0	0.0	1.0	0.0	0.0	0.0
mitochondrial_disease	84233	ncbi_gene	TMEM126A	1	2.0	gtr_mitochondrial_gene_summary	silver	clinical_utilization	silver	clinical_utilization	adapter_gene_id_resolved	0.0	3.0	0.0	6.0	0.0	0.0	0.0
mitochondrial_disease	55863	ncbi_gene	TMEM126B	1	2.0	gtr_mitochondrial_gene_summary	silver	clinical_utilization	silver	clinical_utilization	adapter_gene_id_resolved	5.0	0.0	2.0	9.0	0.0	0.0	0.0
mitochondrial_disease	55654	ncbi_gene	TMEM127	1	2.0	gtr_mitochondrial_gene_summary	silver	clinical_utilization	silver	clinical_utilization	adapter_gene_id_resolved	0.0	2.0	4.0	0.0	0.0	0.0	0.0
mitochondrial_disease	51524	ncbi_gene	TMEM138	1	2.0	gtr_mitochondrial_gene_summary	silver	clinical_utilization	silver	clinical_utilization	adapter_gene_id_resolved	0.0	0.0	0.0	7.0	0.0	0.0	0.0
mitochondrial_disease	55858	ncbi_gene	TMEM165	1	2.0	gtr_mitochondrial_gene_summary	silver	clinical_utilization	silver	clinical_utilization	adapter_gene_id_resolved	0.0	0.0	0.0	2.0	0.0	0.0	0.0
mitochondrial_disease	51259	ncbi_gene	TMEM216	1	2.0	gtr_mitochondrial_gene_summary	silver	clinical_utilization	silver	clinical_utilization	adapter_gene_id_resolved	0.0	1.0	0.0	10.0	0.0	0.0	0.0
mitochondrial_disease	79583	ncbi_gene	TMEM231	1	2.0	gtr_mitochondrial_gene_summary	silver	clinical_utilization	silver	clinical_utilization	adapter_gene_id_resolved	0.0	0.0	0.0	7.0	0.0	0.0	0.0
mitochondrial_disease	65062	ncbi_gene	TMEM237	1	2.0	gtr_mitochondrial_gene_summary	silver	clinical_utilization	silver	clinical_utilization	adapter_gene_id_resolved	0.0	0.0	0.0	7.0	0.0	0.0	0.0
mitochondrial_disease	339453	ncbi_gene	TMEM240	1	2.0	gtr_mitochondrial_gene_summary	silver	clinical_utilization	silver	clinical_utilization	adapter_gene_id_resolved	0.0	0.0	0.0	1.0	0.0	0.0	0.0
mitochondrial_disease	55151	ncbi_gene	TMEM38B	1	2.0	gtr_mitochondrial_gene_summary	silver	clinical_utilization	silver	clinical_utilization	adapter_gene_id_resolved	0.0	0.0	1.0	6.0	0.0	0.0	0.0
mitochondrial_disease	79188	ncbi_gene	TMEM43	1	2.0	gtr_mitochondrial_gene_summary	silver	clinical_utilization	silver	clinical_utilization	adapter_gene_id_resolved	0.0	0.0	4.0	2.0	0.0	0.0	0.0
mitochondrial_disease	157378	ncbi_gene	TMEM65	1	2.0	gtr_mitochondrial_gene_summary	silver	clinical_utilization	silver	clinical_utilization	adapter_gene_id_resolved	0.0	0.0	1.0	2.0	0.0	0.0	0.0
mitochondrial_disease	91147	ncbi_gene	TMEM67	1	2.0	gtr_mitochondrial_gene_summary	silver	clinical_utilization	silver	clinical_utilization	adapter_gene_id_resolved	0.0	0.0	0.0	8.0	0.0	0.0	0.0
mitochondrial_disease	54968	ncbi_gene	TMEM70	1	2.0	gtr_mitochondrial_gene_summary	silver	clinical_utilization	silver	clinical_utilization	adapter_gene_id_resolved	26.0	17.0	13.0	25.0	0.0	0.0	0.0
mitochondrial_disease	259236	ncbi_gene	TMIE	1	2.0	gtr_mitochondrial_gene_summary	silver	clinical_utilization	silver	clinical_utilization	adapter_gene_id_resolved	0.0	0.0	0.0	1.0	0.0	0.0	0.0
mitochondrial_disease	7112	ncbi_gene	TMPO	1	2.0	gtr_mitochondrial_gene_summary	silver	clinical_utilization	silver	clinical_utilization	adapter_gene_id_resolved	0.0	1.0	3.0	2.0	0.0	0.0	0.0
mitochondrial_disease	64699	ncbi_gene	TMPRSS3	1	2.0	gtr_mitochondrial_gene_summary	silver	clinical_utilization	silver	clinical_utilization	adapter_gene_id_resolved	0.0	0.0	0.0	1.0	0.0	0.0	0.0
mitochondrial_disease	160418	ncbi_gene	TMTC3	1	2.0	gtr_mitochondrial_gene_summary	silver	clinical_utilization	silver	clinical_utilization	adapter_gene_id_resolved	0.0	0.0	0.0	1.0	0.0	0.0	0.0
mitochondrial_disease	54495	ncbi_gene	TMX3	1	2.0	gtr_mitochondrial_gene_summary	silver	clinical_utilization	silver	clinical_utilization	adapter_gene_id_resolved	0.0	1.0	0.0	0.0	0.0	0.0	0.0
mitochondrial_disease	3371	ncbi_gene	TNC	1	2.0	gtr_mitochondrial_gene_summary	silver	clinical_utilization	silver	clinical_utilization	adapter_gene_id_resolved	0.0	0.0	0.0	1.0	0.0	0.0	0.0
mitochondrial_disease	4982	ncbi_gene	TNFRSF11B	1	2.0	gtr_mitochondrial_gene_summary	silver	clinical_utilization	silver	clinical_utilization	adapter_gene_id_resolved	0.0	0.0	0.0	1.0	0.0	0.0	0.0
mitochondrial_disease	27242	ncbi_gene	TNFRSF21	1	2.0	gtr_mitochondrial_gene_summary	silver	clinical_utilization	silver	clinical_utilization	adapter_gene_id_resolved	0.0	1.0	0.0	0.0	0.0	0.0	0.0
mitochondrial_disease	8771	ncbi_gene	TNFRSF6B	1	2.0	gtr_mitochondrial_gene_summary	silver	clinical_utilization	silver	clinical_utilization	adapter_gene_id_resolved	0.0	1.0	2.0	0.0	0.0	0.0	0.0
mitochondrial_disease	3604	ncbi_gene	TNFRSF9	1	2.0	gtr_mitochondrial_gene_summary	silver	clinical_utilization	silver	clinical_utilization	adapter_gene_id_resolved	0.0	0.0	2.0	0.0	0.0	0.0	0.0
mitochondrial_disease	8600	ncbi_gene	TNFSF11	1	2.0	gtr_mitochondrial_gene_summary	silver	clinical_utilization	silver	clinical_utilization	adapter_gene_id_resolved	0.0	0.0	0.0	6.0	0.0	0.0	0.0
mitochondrial_disease	8742	ncbi_gene	TNFSF12	1	2.0	gtr_mitochondrial_gene_summary	silver	clinical_utilization	silver	clinical_utilization	adapter_gene_id_resolved	1.0	1.0	2.0	0.0	0.0	0.0	0.0
mitochondrial_disease	7134	ncbi_gene	TNNC1	1	2.0	gtr_mitochondrial_gene_summary	silver	clinical_utilization	silver	clinical_utilization	adapter_gene_id_resolved	0.0	0.0	3.0	2.0	0.0	0.0	0.0
mitochondrial_disease	7136	ncbi_gene	TNNI2	1	2.0	gtr_mitochondrial_gene_summary	silver	clinical_utilization	silver	clinical_utilization	adapter_gene_id_resolved	0.0	0.0	1.0	0.0	0.0	0.0	0.0
mitochondrial_disease	7137	ncbi_gene	TNNI3	1	2.0	gtr_mitochondrial_gene_summary	silver	clinical_utilization	silver	clinical_utilization	adapter_gene_id_resolved	0.0	1.0	3.0	2.0	0.0	0.0	0.0
mitochondrial_disease	7138	ncbi_gene	TNNT1	1	2.0	gtr_mitochondrial_gene_summary	silver	clinical_utilization	silver	clinical_utilization	adapter_gene_id_resolved	0.0	0.0	2.0	0.0	0.0	0.0	0.0
mitochondrial_disease	7139	ncbi_gene	TNNT2	1	2.0	gtr_mitochondrial_gene_summary	silver	clinical_utilization	silver	clinical_utilization	adapter_gene_id_resolved	0.0	1.0	3.0	2.0	0.0	0.0	0.0
mitochondrial_disease	7140	ncbi_gene	TNNT3	1	2.0	gtr_mitochondrial_gene_summary	silver	clinical_utilization	silver	clinical_utilization	adapter_gene_id_resolved	0.0	0.0	1.0	0.0	0.0	0.0	0.0
mitochondrial_disease	3842	ncbi_gene	TNPO1	1	2.0	gtr_mitochondrial_gene_summary	silver	clinical_utilization	silver	clinical_utilization	adapter_gene_id_resolved	0.0	0.0	0.0	1.0	0.0	0.0	0.0
mitochondrial_disease	23371	ncbi_gene	TNS2	1	2.0	gtr_mitochondrial_gene_summary	silver	clinical_utilization	silver	clinical_utilization	adapter_gene_id_resolved	0.0	1.0	0.0	0.0	0.0	0.0	0.0
mitochondrial_disease	7148	ncbi_gene	TNXB	1	2.0	gtr_mitochondrial_gene_summary	silver	clinical_utilization	silver	clinical_utilization	adapter_gene_id_resolved	0.0	0.0	0.0	8.0	0.0	0.0	0.0
mitochondrial_disease	116447	ncbi_gene	TOP1MT	1	2.0	gtr_mitochondrial_gene_summary	silver	clinical_utilization	silver	clinical_utilization	adapter_gene_id_resolved	0.0	0.0	0.0	1.0	0.0	0.0	0.0
mitochondrial_disease	7155	ncbi_gene	TOP2B	1	2.0	gtr_mitochondrial_gene_summary	silver	clinical_utilization	silver	clinical_utilization	adapter_gene_id_resolved	0.0	1.0	2.0	0.0	0.0	0.0	0.0
mitochondrial_disease	7156	ncbi_gene	TOP3A	1	2.0	gtr_mitochondrial_gene_summary	silver	clinical_utilization	silver	clinical_utilization	adapter_gene_id_resolved	2.0	1.0	1.0	6.0	0.0	0.0	0.0
mitochondrial_disease	1861	ncbi_gene	TOR1A	1	2.0	gtr_mitochondrial_gene_summary	silver	clinical_utilization	silver	clinical_utilization	adapter_gene_id_resolved	0.0	0.0	0.0	1.0	0.0	0.0	0.0
mitochondrial_disease	26092	ncbi_gene	TOR1AIP1	1	2.0	gtr_mitochondrial_gene_summary	silver	clinical_utilization	silver	clinical_utilization	adapter_gene_id_resolved	0.0	0.0	0.0	1.0	0.0	0.0	0.0
mitochondrial_disease	7157	ncbi_gene	TP53	1	2.0	gtr_mitochondrial_gene_summary	silver	clinical_utilization	silver	clinical_utilization	adapter_gene_id_resolved	0.0	1.0	2.0	1.0	0.0	0.0	0.0
mitochondrial_disease	112858	ncbi_gene	TP53RK	1	2.0	gtr_mitochondrial_gene_summary	silver	clinical_utilization	silver	clinical_utilization	adapter_gene_id_resolved	0.0	0.0	0.0	1.0	0.0	0.0	0.0
mitochondrial_disease	8626	ncbi_gene	TP63	1	2.0	gtr_mitochondrial_gene_summary	silver	clinical_utilization	silver	clinical_utilization	adapter_gene_id_resolved	0.0	0.0	0.0	3.0	0.0	0.0	0.0
mitochondrial_disease	27010	ncbi_gene	TPK1	1	2.0	gtr_mitochondrial_gene_summary	silver	clinical_utilization	silver	clinical_utilization	adapter_gene_id_resolved	0.0	0.0	1.0	8.0	0.0	0.0	0.0
mitochondrial_disease	7168	ncbi_gene	TPM1	1	2.0	gtr_mitochondrial_gene_summary	silver	clinical_utilization	silver	clinical_utilization	adapter_gene_id_resolved	0.0	1.0	3.0	2.0	0.0	0.0	0.0
mitochondrial_disease	7169	ncbi_gene	TPM2	1	2.0	gtr_mitochondrial_gene_summary	silver	clinical_utilization	silver	clinical_utilization	adapter_gene_id_resolved	0.0	0.0	2.0	0.0	0.0	0.0	0.0
mitochondrial_disease	7170	ncbi_gene	TPM3	1	2.0	gtr_mitochondrial_gene_summary	silver	clinical_utilization	silver	clinical_utilization	adapter_gene_id_resolved	0.0	0.0	2.0	0.0	0.0	0.0	0.0
mitochondrial_disease	7172	ncbi_gene	TPMT	1	2.0	gtr_mitochondrial_gene_summary	silver	clinical_utilization	silver	clinical_utilization	adapter_gene_id_resolved	0.0	0.0	0.0	1.0	0.0	0.0	0.0
mitochondrial_disease	1200	ncbi_gene	TPP1	1	2.0	gtr_mitochondrial_gene_summary	silver	clinical_utilization	silver	clinical_utilization	adapter_gene_id_resolved	0.0	0.0	3.0	14.0	0.0	0.0	0.0
mitochondrial_disease	286262	ncbi_gene	TPRN	1	2.0	gtr_mitochondrial_gene_summary	silver	clinical_utilization	silver	clinical_utilization	adapter_gene_id_resolved	0.0	1.0	0.0	1.0	0.0	0.0	0.0
mitochondrial_disease	10293	ncbi_gene	TRAIP	1	2.0	gtr_mitochondrial_gene_summary	silver	clinical_utilization	silver	clinical_utilization	adapter_gene_id_resolved	0.0	0.0	1.0	0.0	0.0	0.0	0.0
mitochondrial_disease	10131	ncbi_gene	TRAP1	1	2.0	gtr_mitochondrial_gene_summary	silver	clinical_utilization	silver	clinical_utilization	adapter_gene_id_resolved	0.0	1.0	0.0	1.0	0.0	0.0	0.0
mitochondrial_disease	60684	ncbi_gene	TRAPPC11	1	2.0	gtr_mitochondrial_gene_summary	silver	clinical_utilization	silver	clinical_utilization	adapter_gene_id_resolved	0.0	0.0	0.0	9.0	0.0	0.0	0.0
mitochondrial_disease	79090	ncbi_gene	TRAPPC6A	1	2.0	gtr_mitochondrial_gene_summary	silver	clinical_utilization	silver	clinical_utilization	adapter_gene_id_resolved	0.0	0.0	0.0	1.0	0.0	0.0	0.0
mitochondrial_disease	83696	ncbi_gene	TRAPPC9	1	2.0	gtr_mitochondrial_gene_summary	silver	clinical_utilization	silver	clinical_utilization	adapter_gene_id_resolved	0.0	0.0	0.0	3.0	0.0	0.0	0.0
mitochondrial_disease	10345	ncbi_gene	TRDN	1	2.0	gtr_mitochondrial_gene_summary	silver	clinical_utilization	silver	clinical_utilization	adapter_gene_id_resolved	0.0	0.0	1.0	2.0	0.0	0.0	0.0
mitochondrial_disease	54209	ncbi_gene	TREM2	1	2.0	gtr_mitochondrial_gene_summary	silver	clinical_utilization	silver	clinical_utilization	adapter_gene_id_resolved	0.0	0.0	2.0	2.0	0.0	0.0	0.0
mitochondrial_disease	11277	ncbi_gene	TREX1	1	2.0	gtr_mitochondrial_gene_summary	silver	clinical_utilization	silver	clinical_utilization	adapter_gene_id_resolved	0.0	0.0	3.0	4.0	0.0	0.0	0.0
mitochondrial_disease	10346	ncbi_gene	TRIM22	1	2.0	gtr_mitochondrial_gene_summary	silver	clinical_utilization	silver	clinical_utilization	adapter_gene_id_resolved	1.0	0.0	0.0	0.0	0.0	0.0	0.0
mitochondrial_disease	10155	ncbi_gene	TRIM28	1	2.0	gtr_mitochondrial_gene_summary	silver	clinical_utilization	silver	clinical_utilization	adapter_gene_id_resolved	0.0	1.0	0.0	0.0	0.0	0.0	0.0
mitochondrial_disease	22954	ncbi_gene	TRIM32	1	2.0	gtr_mitochondrial_gene_summary	silver	clinical_utilization	silver	clinical_utilization	adapter_gene_id_resolved	0.0	0.0	2.0	7.0	0.0	0.0	0.0
mitochondrial_disease	4591	ncbi_gene	TRIM37	1	2.0	gtr_mitochondrial_gene_summary	silver	clinical_utilization	silver	clinical_utilization	adapter_gene_id_resolved	0.0	0.0	1.0	3.0	0.0	0.0	0.0
mitochondrial_disease	84676	ncbi_gene	TRIM63	1	2.0	gtr_mitochondrial_gene_summary	silver	clinical_utilization	silver	clinical_utilization	adapter_gene_id_resolved	0.0	2.0	0.0	2.0	0.0	0.0	0.0
mitochondrial_disease	7204	ncbi_gene	TRIO	1	2.0	gtr_mitochondrial_gene_summary	silver	clinical_utilization	silver	clinical_utilization	adapter_gene_id_resolved	0.0	0.0	0.0	1.0	0.0	0.0	0.0
mitochondrial_disease	11078	ncbi_gene	TRIOBP	1	2.0	gtr_mitochondrial_gene_summary	silver	clinical_utilization	silver	clinical_utilization	adapter_gene_id_resolved	0.0	0.0	0.0	1.0	0.0	0.0	0.0
mitochondrial_disease	54802	ncbi_gene	TRIT1	1	2.0	gtr_mitochondrial_gene_summary	silver	clinical_utilization	silver	clinical_utilization	adapter_gene_id_resolved	5.0	0.0	4.0	13.0	0.0	0.0	0.0
mitochondrial_disease	54931	ncbi_gene	TRMT10C	1	2.0	gtr_mitochondrial_gene_summary	silver	clinical_utilization	silver	clinical_utilization	adapter_gene_id_resolved	4.0	0.0	4.0	8.0	0.0	0.0	0.0
mitochondrial_disease	57570	ncbi_gene	TRMT5	1	2.0	gtr_mitochondrial_gene_summary	silver	clinical_utilization	silver	clinical_utilization	adapter_gene_id_resolved	4.0	0.0	5.0	8.0	0.0	0.0	0.0
mitochondrial_disease	55687	ncbi_gene	TRMU	1	2.0	gtr_mitochondrial_gene_summary	silver	clinical_utilization	silver	clinical_utilization	adapter_gene_id_resolved	2.0	1.0	2.0	16.0	0.0	0.0	0.0
mitochondrial_disease	51095	ncbi_gene	TRNT1	1	2.0	gtr_mitochondrial_gene_summary	silver	clinical_utilization	silver	clinical_utilization	adapter_gene_id_resolved	0.0	0.0	0.0	4.0	0.0	0.0	0.0
mitochondrial_disease	7222	ncbi_gene	TRPC3	1	2.0	gtr_mitochondrial_gene_summary	silver	clinical_utilization	silver	clinical_utilization	adapter_gene_id_resolved	0.0	1.0	0.0	0.0	0.0	0.0	0.0
mitochondrial_disease	54795	ncbi_gene	TRPM4	1	2.0	gtr_mitochondrial_gene_summary	silver	clinical_utilization	silver	clinical_utilization	adapter_gene_id_resolved	0.0	0.0	0.0	2.0	0.0	0.0	0.0
mitochondrial_disease	140803	ncbi_gene	TRPM6	1	2.0	gtr_mitochondrial_gene_summary	silver	clinical_utilization	silver	clinical_utilization	adapter_gene_id_resolved	0.0	0.0	0.0	2.0	0.0	0.0	0.0
mitochondrial_disease	7227	ncbi_gene	TRPS1	1	2.0	gtr_mitochondrial_gene_summary	silver	clinical_utilization	silver	clinical_utilization	adapter_gene_id_resolved	0.0	0.0	0.0	2.0	0.0	0.0	0.0
mitochondrial_disease	59341	ncbi_gene	TRPV4	1	2.0	gtr_mitochondrial_gene_summary	silver	clinical_utilization	silver	clinical_utilization	adapter_gene_id_resolved	0.0	0.0	1.0	1.0	0.0	0.0	0.0
mitochondrial_disease	7248	ncbi_gene	TSC1	1	2.0	gtr_mitochondrial_gene_summary	silver	clinical_utilization	silver	clinical_utilization	adapter_gene_id_resolved	0.0	0.0	4.0	3.0	0.0	0.0	0.0
mitochondrial_disease	7249	ncbi_gene	TSC2	1	2.0	gtr_mitochondrial_gene_summary	silver	clinical_utilization	silver	clinical_utilization	adapter_gene_id_resolved	0.0	0.0	3.0	3.0	0.0	0.0	0.0
mitochondrial_disease	116461	ncbi_gene	TSEN15	1	2.0	gtr_mitochondrial_gene_summary	silver	clinical_utilization	silver	clinical_utilization	adapter_gene_id_resolved	0.0	0.0	0.0	1.0	0.0	0.0	0.0
mitochondrial_disease	80746	ncbi_gene	TSEN2	1	2.0	gtr_mitochondrial_gene_summary	silver	clinical_utilization	silver	clinical_utilization	adapter_gene_id_resolved	0.0	0.0	0.0	6.0	0.0	0.0	0.0
mitochondrial_disease	79042	ncbi_gene	TSEN34	1	2.0	gtr_mitochondrial_gene_summary	silver	clinical_utilization	silver	clinical_utilization	adapter_gene_id_resolved	0.0	0.0	0.0	6.0	0.0	0.0	0.0
mitochondrial_disease	283989	ncbi_gene	TSEN54	1	2.0	gtr_mitochondrial_gene_summary	silver	clinical_utilization	silver	clinical_utilization	adapter_gene_id_resolved	0.0	1.0	0.0	10.0	0.0	0.0	0.0
mitochondrial_disease	10102	ncbi_gene	TSFM	1	2.0	gtr_mitochondrial_gene_summary	silver	clinical_utilization	silver	clinical_utilization	adapter_gene_id_resolved	11.0	14.0	17.0	25.0	0.0	0.0	0.0
mitochondrial_disease	7253	ncbi_gene	TSHR	1	2.0	gtr_mitochondrial_gene_summary	silver	clinical_utilization	silver	clinical_utilization	adapter_gene_id_resolved	0.0	1.0	1.0	0.0	0.0	0.0	0.0
mitochondrial_disease	10194	ncbi_gene	TSHZ1	1	2.0	gtr_mitochondrial_gene_summary	silver	clinical_utilization	silver	clinical_utilization	adapter_gene_id_resolved	0.0	0.0	0.0	1.0	0.0	0.0	0.0
mitochondrial_disease	7102	ncbi_gene	TSPAN7	1	2.0	gtr_mitochondrial_gene_summary	silver	clinical_utilization	silver	clinical_utilization	adapter_gene_id_resolved	0.0	0.0	1.0	3.0	0.0	0.0	0.0
mitochondrial_disease	90121	ncbi_gene	TSR2	1	2.0	gtr_mitochondrial_gene_summary	silver	clinical_utilization	silver	clinical_utilization	adapter_gene_id_resolved	0.0	0.0	0.0	1.0	0.0	0.0	0.0
mitochondrial_disease	146057	ncbi_gene	TTBK2	1	2.0	gtr_mitochondrial_gene_summary	silver	clinical_utilization	silver	clinical_utilization	adapter_gene_id_resolved	0.0	1.0	0.0	2.0	0.0	0.0	0.0
mitochondrial_disease	151613	ncbi_gene	TTC14	1	2.0	gtr_mitochondrial_gene_summary	silver	clinical_utilization	silver	clinical_utilization	adapter_gene_id_resolved	0.0	0.0	0.0	1.0	0.0	0.0	0.0
mitochondrial_disease	54902	ncbi_gene	TTC19	1	2.0	gtr_mitochondrial_gene_summary	silver	clinical_utilization	silver	clinical_utilization	adapter_gene_id_resolved	12.0	4.0	11.0	20.0	0.0	0.0	0.0
mitochondrial_disease	23331	ncbi_gene	TTC28	1	2.0	gtr_mitochondrial_gene_summary	silver	clinical_utilization	silver	clinical_utilization	adapter_gene_id_resolved	0.0	0.0	1.0	0.0	0.0	0.0	0.0
mitochondrial_disease	57217	ncbi_gene	TTC7A	1	2.0	gtr_mitochondrial_gene_summary	silver	clinical_utilization	silver	clinical_utilization	adapter_gene_id_resolved	0.0	0.0	0.0	7.0	0.0	0.0	0.0
mitochondrial_disease	123016	ncbi_gene	TTC8	1	2.0	gtr_mitochondrial_gene_summary	silver	clinical_utilization	silver	clinical_utilization	adapter_gene_id_resolved	0.0	0.0	0.0	7.0	0.0	0.0	0.0
mitochondrial_disease	7273	ncbi_gene	TTN	1	2.0	gtr_mitochondrial_gene_summary	silver	clinical_utilization	silver	clinical_utilization	adapter_gene_id_resolved	0.0	0.0	6.0	2.0	0.0	0.0	0.0
mitochondrial_disease	7274	ncbi_gene	TTPA	1	2.0	gtr_mitochondrial_gene_summary	silver	clinical_utilization	silver	clinical_utilization	adapter_gene_id_resolved	0.0	0.0	0.0	10.0	0.0	0.0	0.0
mitochondrial_disease	7276	ncbi_gene	TTR	1	2.0	gtr_mitochondrial_gene_summary	silver	clinical_utilization	silver	clinical_utilization	adapter_gene_id_resolved	0.0	0.0	3.0	4.0	0.0	0.0	0.0
mitochondrial_disease	7846	ncbi_gene	TUBA1A	1	2.0	gtr_mitochondrial_gene_summary	silver	clinical_utilization	silver	clinical_utilization	adapter_gene_id_resolved	0.0	0.0	0.0	2.0	0.0	0.0	0.0
mitochondrial_disease	51807	ncbi_gene	TUBA8	1	2.0	gtr_mitochondrial_gene_summary	silver	clinical_utilization	silver	clinical_utilization	adapter_gene_id_resolved	0.0	1.0	0.0	2.0	0.0	0.0	0.0
mitochondrial_disease	7280	ncbi_gene	TUBB2A	1	2.0	gtr_mitochondrial_gene_summary	silver	clinical_utilization	silver	clinical_utilization	adapter_gene_id_resolved	0.0	0.0	1.0	4.0	0.0	0.0	0.0
mitochondrial_disease	347733	ncbi_gene	TUBB2B	1	2.0	gtr_mitochondrial_gene_summary	silver	clinical_utilization	silver	clinical_utilization	adapter_gene_id_resolved	0.0	1.0	0.0	2.0	0.0	0.0	0.0
mitochondrial_disease	10381	ncbi_gene	TUBB3	1	2.0	gtr_mitochondrial_gene_summary	silver	clinical_utilization	silver	clinical_utilization	adapter_gene_id_resolved	0.0	0.0	1.0	1.0	0.0	0.0	0.0
mitochondrial_disease	10382	ncbi_gene	TUBB4A	1	2.0	gtr_mitochondrial_gene_summary	silver	clinical_utilization	silver	clinical_utilization	adapter_gene_id_resolved	0.0	0.0	2.0	5.0	0.0	0.0	0.0
mitochondrial_disease	10383	ncbi_gene	TUBB4B	1	2.0	gtr_mitochondrial_gene_summary	silver	clinical_utilization	silver	clinical_utilization	adapter_gene_id_resolved	0.0	1.0	0.0	0.0	0.0	0.0	0.0
mitochondrial_disease	7283	ncbi_gene	TUBG1	1	2.0	gtr_mitochondrial_gene_summary	silver	clinical_utilization	silver	clinical_utilization	adapter_gene_id_resolved	0.0	0.0	0.0	1.0	0.0	0.0	0.0
mitochondrial_disease	85378	ncbi_gene	TUBGCP6	1	2.0	gtr_mitochondrial_gene_summary	silver	clinical_utilization	silver	clinical_utilization	adapter_gene_id_resolved	0.0	1.0	1.0	1.0	0.0	0.0	0.0
mitochondrial_disease	7284	ncbi_gene	TUFM	1	2.0	gtr_mitochondrial_gene_summary	silver	clinical_utilization	silver	clinical_utilization	adapter_gene_id_resolved	7.0	3.0	11.0	19.0	0.0	0.0	0.0
mitochondrial_disease	7287	ncbi_gene	TULP1	1	2.0	gtr_mitochondrial_gene_summary	silver	clinical_utilization	silver	clinical_utilization	adapter_gene_id_resolved	0.0	0.0	0.0	6.0	0.0	0.0	0.0
mitochondrial_disease	7991	ncbi_gene	TUSC3	1	2.0	gtr_mitochondrial_gene_summary	silver	clinical_utilization	silver	clinical_utilization	adapter_gene_id_resolved	0.0	0.0	0.0	2.0	0.0	0.0	0.0
mitochondrial_disease	7291	ncbi_gene	TWIST1	1	2.0	gtr_mitochondrial_gene_summary	silver	clinical_utilization	silver	clinical_utilization	adapter_gene_id_resolved	0.0	0.0	0.0	3.0	0.0	0.0	0.0
mitochondrial_disease	117581	ncbi_gene	TWIST2	1	2.0	gtr_mitochondrial_gene_summary	silver	clinical_utilization	silver	clinical_utilization	adapter_gene_id_resolved	0.0	0.0	0.0	1.0	0.0	0.0	0.0
mitochondrial_disease	25828	ncbi_gene	TXN2	1	2.0	gtr_mitochondrial_gene_summary	silver	clinical_utilization	silver	clinical_utilization	adapter_gene_id_resolved	2.0	0.0	1.0	5.0	0.0	0.0	0.0
mitochondrial_disease	10907	ncbi_gene	TXNL4A	1	2.0	gtr_mitochondrial_gene_summary	silver	clinical_utilization	silver	clinical_utilization	adapter_gene_id_resolved	0.0	0.0	0.0	3.0	0.0	0.0	0.0
mitochondrial_disease	ENSG00000025708	ensembl_gene	TYMP	1	2.0	gtr_mitochondrial_gene_summary	silver	clinical_utilization	silver	clinical_utilization	resolved	19.0	25.0	16.0	26.0	0.0	0.0	0.0
mitochondrial_disease	7299	ncbi_gene	TYR	1	2.0	gtr_mitochondrial_gene_summary	silver	clinical_utilization	silver	clinical_utilization	adapter_gene_id_resolved	0.0	0.0	0.0	9.0	0.0	0.0	0.0
mitochondrial_disease	7305	ncbi_gene	TYROBP	1	2.0	gtr_mitochondrial_gene_summary	silver	clinical_utilization	silver	clinical_utilization	adapter_gene_id_resolved	0.0	0.0	2.0	2.0	0.0	0.0	0.0
mitochondrial_disease	7317	ncbi_gene	UBA1	1	2.0	gtr_mitochondrial_gene_summary	silver	clinical_utilization	silver	clinical_utilization	adapter_gene_id_resolved	0.0	0.0	1.0	0.0	0.0	0.0	0.0
mitochondrial_disease	79876	ncbi_gene	UBA5	1	2.0	gtr_mitochondrial_gene_summary	silver	clinical_utilization	silver	clinical_utilization	adapter_gene_id_resolved	0.0	0.0	0.0	3.0	0.0	0.0	0.0
mitochondrial_disease	7314	ncbi_gene	UBB	1	2.0	gtr_mitochondrial_gene_summary	silver	clinical_utilization	silver	clinical_utilization	adapter_gene_id_resolved	0.0	0.0	0.0	1.0	0.0	0.0	0.0
mitochondrial_disease	7319	ncbi_gene	UBE2A	1	2.0	gtr_mitochondrial_gene_summary	silver	clinical_utilization	silver	clinical_utilization	adapter_gene_id_resolved	0.0	0.0	1.0	4.0	0.0	0.0	0.0
mitochondrial_disease	7337	ncbi_gene	UBE3A	1	2.0	gtr_mitochondrial_gene_summary	silver	clinical_utilization	silver	clinical_utilization	adapter_gene_id_resolved	0.0	1.0	2.0	7.0	0.0	0.0	0.0
mitochondrial_disease	29978	ncbi_gene	UBQLN2	1	2.0	gtr_mitochondrial_gene_summary	silver	clinical_utilization	silver	clinical_utilization	adapter_gene_id_resolved	0.0	0.0	0.0	2.0	0.0	0.0	0.0
mitochondrial_disease	197131	ncbi_gene	UBR1	1	2.0	gtr_mitochondrial_gene_summary	silver	clinical_utilization	silver	clinical_utilization	adapter_gene_id_resolved	0.0	1.0	0.0	3.0	0.0	0.0	0.0
mitochondrial_disease	23352	ncbi_gene	UBR4	1	2.0	gtr_mitochondrial_gene_summary	silver	clinical_utilization	silver	clinical_utilization	adapter_gene_id_resolved	0.0	1.0	0.0	0.0	0.0	0.0	0.0
mitochondrial_disease	7343	ncbi_gene	UBTF	1	2.0	gtr_mitochondrial_gene_summary	silver	clinical_utilization	silver	clinical_utilization	adapter_gene_id_resolved	1.0	0.0	0.0	1.0	0.0	0.0	0.0
mitochondrial_disease	7345	ncbi_gene	UCHL1	1	2.0	gtr_mitochondrial_gene_summary	silver	clinical_utilization	silver	clinical_utilization	adapter_gene_id_resolved	0.0	0.0	0.0	1.0	0.0	0.0	0.0
mitochondrial_disease	7351	ncbi_gene	UCP2	1	2.0	gtr_mitochondrial_gene_summary	silver	clinical_utilization	silver	clinical_utilization	adapter_gene_id_resolved	0.0	0.0	1.0	1.0	0.0	0.0	0.0
mitochondrial_disease	54658	ncbi_gene	UGT1A1	1	2.0	gtr_mitochondrial_gene_summary	silver	clinical_utilization	silver	clinical_utilization	adapter_gene_id_resolved	0.0	0.0	0.0	1.0	0.0	0.0	0.0
mitochondrial_disease	7369	ncbi_gene	UMOD	1	2.0	gtr_mitochondrial_gene_summary	silver	clinical_utilization	silver	clinical_utilization	adapter_gene_id_resolved	0.0	0.0	0.0	1.0	0.0	0.0	0.0
mitochondrial_disease	7372	ncbi_gene	UMPS	1	2.0	gtr_mitochondrial_gene_summary	silver	clinical_utilization	silver	clinical_utilization	adapter_gene_id_resolved	0.0	0.0	0.0	1.0	0.0	0.0	0.0
mitochondrial_disease	23025	ncbi_gene	UNC13A	1	2.0	gtr_mitochondrial_gene_summary	silver	clinical_utilization	silver	clinical_utilization	adapter_gene_id_resolved	1.0	0.0	0.0	1.0	0.0	0.0	0.0
mitochondrial_disease	201294	ncbi_gene	UNC13D	1	2.0	gtr_mitochondrial_gene_summary	silver	clinical_utilization	silver	clinical_utilization	adapter_gene_id_resolved	0.0	0.0	0.0	8.0	0.0	0.0	0.0
mitochondrial_disease	55898	ncbi_gene	UNC45A	1	2.0	gtr_mitochondrial_gene_summary	silver	clinical_utilization	silver	clinical_utilization	adapter_gene_id_resolved	0.0	0.0	2.0	0.0	0.0	0.0	0.0
mitochondrial_disease	285175	ncbi_gene	UNC80	1	2.0	gtr_mitochondrial_gene_summary	silver	clinical_utilization	silver	clinical_utilization	adapter_gene_id_resolved	0.0	0.0	0.0	1.0	0.0	0.0	0.0
mitochondrial_disease	7374	ncbi_gene	UNG	1	2.0	gtr_mitochondrial_gene_summary	silver	clinical_utilization	silver	clinical_utilization	adapter_gene_id_resolved	0.0	0.0	0.0	7.0	0.0	0.0	0.0
mitochondrial_disease	51733	ncbi_gene	UPB1	1	2.0	gtr_mitochondrial_gene_summary	silver	clinical_utilization	silver	clinical_utilization	adapter_gene_id_resolved	0.0	0.0	0.0	2.0	0.0	0.0	0.0
mitochondrial_disease	65109	ncbi_gene	UPF3B	1	2.0	gtr_mitochondrial_gene_summary	silver	clinical_utilization	silver	clinical_utilization	adapter_gene_id_resolved	0.0	0.0	1.0	3.0	0.0	0.0	0.0
mitochondrial_disease	55245	ncbi_gene	UQCC1	1	2.0	gtr_mitochondrial_gene_summary	silver	clinical_utilization	silver	clinical_utilization	adapter_gene_id_resolved	0.0	0.0	0.0	1.0	0.0	0.0	0.0
mitochondrial_disease	84300	ncbi_gene	UQCC2	1	2.0	gtr_mitochondrial_gene_summary	silver	clinical_utilization	silver	clinical_utilization	adapter_gene_id_resolved	4.0	1.0	2.0	8.0	0.0	0.0	0.0
mitochondrial_disease	790955	ncbi_gene	UQCC3	1	2.0	gtr_mitochondrial_gene_summary	silver	clinical_utilization	silver	clinical_utilization	adapter_gene_id_resolved	3.0	1.0	1.0	4.0	0.0	0.0	0.0
mitochondrial_disease	29796	ncbi_gene	UQCR10	1	2.0	gtr_mitochondrial_gene_summary	silver	clinical_utilization	silver	clinical_utilization	adapter_gene_id_resolved	0.0	0.0	0.0	1.0	0.0	0.0	0.0
mitochondrial_disease	10975	ncbi_gene	UQCR11	1	2.0	gtr_mitochondrial_gene_summary	silver	clinical_utilization	silver	clinical_utilization	adapter_gene_id_resolved	0.0	0.0	0.0	1.0	0.0	0.0	0.0
mitochondrial_disease	7381	ncbi_gene	UQCRB	1	2.0	gtr_mitochondrial_gene_summary	silver	clinical_utilization	silver	clinical_utilization	adapter_gene_id_resolved	8.0	2.0	9.0	17.0	0.0	0.0	0.0
mitochondrial_disease	7385	ncbi_gene	UQCRC2	1	2.0	gtr_mitochondrial_gene_summary	silver	clinical_utilization	silver	clinical_utilization	adapter_gene_id_resolved	9.0	3.0	7.0	15.0	0.0	0.0	0.0
mitochondrial_disease	27089	ncbi_gene	UQCRQ	1	2.0	gtr_mitochondrial_gene_summary	silver	clinical_utilization	silver	clinical_utilization	adapter_gene_id_resolved	7.0	2.0	10.0	18.0	0.0	0.0	0.0
mitochondrial_disease	7389	ncbi_gene	UROD	1	2.0	gtr_mitochondrial_gene_summary	silver	clinical_utilization	silver	clinical_utilization	adapter_gene_id_resolved	0.0	0.0	0.0	1.0	0.0	0.0	0.0
mitochondrial_disease	7390	ncbi_gene	UROS	1	2.0	gtr_mitochondrial_gene_summary	silver	clinical_utilization	silver	clinical_utilization	adapter_gene_id_resolved	0.0	0.0	0.0	1.0	0.0	0.0	0.0
mitochondrial_disease	79650	ncbi_gene	USB1	1	2.0	gtr_mitochondrial_gene_summary	silver	clinical_utilization	silver	clinical_utilization	adapter_gene_id_resolved	0.0	0.0	2.0	0.0	0.0	0.0	0.0
mitochondrial_disease	10083	ncbi_gene	USH1C	1	2.0	gtr_mitochondrial_gene_summary	silver	clinical_utilization	silver	clinical_utilization	adapter_gene_id_resolved	0.0	0.0	0.0	8.0	0.0	0.0	0.0
mitochondrial_disease	124590	ncbi_gene	USH1G	1	2.0	gtr_mitochondrial_gene_summary	silver	clinical_utilization	silver	clinical_utilization	adapter_gene_id_resolved	0.0	0.0	0.0	8.0	0.0	0.0	0.0
mitochondrial_disease	7399	ncbi_gene	USH2A	1	2.0	gtr_mitochondrial_gene_summary	silver	clinical_utilization	silver	clinical_utilization	adapter_gene_id_resolved	0.0	0.0	0.0	10.0	0.0	0.0	0.0
mitochondrial_disease	11274	ncbi_gene	USP18	1	2.0	gtr_mitochondrial_gene_summary	silver	clinical_utilization	silver	clinical_utilization	adapter_gene_id_resolved	0.0	0.0	0.0	1.0	0.0	0.0	0.0
mitochondrial_disease	54532	ncbi_gene	USP53	1	2.0	gtr_mitochondrial_gene_summary	silver	clinical_utilization	silver	clinical_utilization	adapter_gene_id_resolved	0.0	1.0	0.0	0.0	0.0	0.0	0.0
mitochondrial_disease	9101	ncbi_gene	USP8	1	2.0	gtr_mitochondrial_gene_summary	silver	clinical_utilization	silver	clinical_utilization	adapter_gene_id_resolved	0.0	0.0	1.0	1.0	0.0	0.0	0.0
mitochondrial_disease	8239	ncbi_gene	USP9X	1	2.0	gtr_mitochondrial_gene_summary	silver	clinical_utilization	silver	clinical_utilization	adapter_gene_id_resolved	0.0	0.0	1.0	1.0	0.0	0.0	0.0
mitochondrial_disease	84916	ncbi_gene	UTP4	1	2.0	gtr_mitochondrial_gene_summary	silver	clinical_utilization	silver	clinical_utilization	adapter_gene_id_resolved	0.0	1.0	0.0	0.0	0.0	0.0	0.0
mitochondrial_disease	6843	ncbi_gene	VAMP1	1	2.0	gtr_mitochondrial_gene_summary	silver	clinical_utilization	silver	clinical_utilization	adapter_gene_id_resolved	0.0	0.0	0.0	3.0	0.0	0.0	0.0
mitochondrial_disease	9217	ncbi_gene	VAPB	1	2.0	gtr_mitochondrial_gene_summary	silver	clinical_utilization	silver	clinical_utilization	adapter_gene_id_resolved	0.0	0.0	1.0	1.0	0.0	0.0	0.0
mitochondrial_disease	7407	ncbi_gene	VARS1	1	2.0	gtr_mitochondrial_gene_summary	silver	clinical_utilization	silver	clinical_utilization	adapter_gene_id_resolved	0.0	0.0	2.0	1.0	0.0	0.0	0.0
mitochondrial_disease	57176	ncbi_gene	VARS2	1	2.0	gtr_mitochondrial_gene_summary	silver	clinical_utilization	silver	clinical_utilization	adapter_gene_id_resolved	6.0	0.0	7.0	15.0	0.0	0.0	0.0
mitochondrial_disease	7409	ncbi_gene	VAV1	1	2.0	gtr_mitochondrial_gene_summary	silver	clinical_utilization	silver	clinical_utilization	adapter_gene_id_resolved	0.0	0.0	2.0	0.0	0.0	0.0	0.0
mitochondrial_disease	25806	ncbi_gene	VAX2	1	2.0	gtr_mitochondrial_gene_summary	silver	clinical_utilization	silver	clinical_utilization	adapter_gene_id_resolved	0.0	0.0	0.0	1.0	0.0	0.0	0.0
mitochondrial_disease	7414	ncbi_gene	VCL	1	2.0	gtr_mitochondrial_gene_summary	silver	clinical_utilization	silver	clinical_utilization	adapter_gene_id_resolved	0.0	1.0	3.0	2.0	0.0	0.0	0.0
mitochondrial_disease	7415	ncbi_gene	VCP	1	2.0	gtr_mitochondrial_gene_summary	silver	clinical_utilization	silver	clinical_utilization	adapter_gene_id_resolved	0.0	0.0	2.0	2.0	0.0	0.0	0.0
mitochondrial_disease	7421	ncbi_gene	VDR	1	2.0	gtr_mitochondrial_gene_summary	silver	clinical_utilization	silver	clinical_utilization	adapter_gene_id_resolved	0.0	0.0	0.0	1.0	0.0	0.0	0.0
mitochondrial_disease	7422	ncbi_gene	VEGFA	1	2.0	gtr_mitochondrial_gene_summary	silver	clinical_utilization	silver	clinical_utilization	adapter_gene_id_resolved	0.0	0.0	0.0	1.0	0.0	0.0	0.0
mitochondrial_disease	7428	ncbi_gene	VHL	1	2.0	gtr_mitochondrial_gene_summary	silver	clinical_utilization	silver	clinical_utilization	adapter_gene_id_resolved	0.0	3.0	4.0	1.0	0.0	0.0	0.0
mitochondrial_disease	7431	ncbi_gene	VIM	1	2.0	gtr_mitochondrial_gene_summary	silver	clinical_utilization	silver	clinical_utilization	adapter_gene_id_resolved	0.0	0.0	1.0	0.0	0.0	0.0	0.0
mitochondrial_disease	7436	ncbi_gene	VLDLR	1	2.0	gtr_mitochondrial_gene_summary	silver	clinical_utilization	silver	clinical_utilization	adapter_gene_id_resolved	0.0	0.0	0.0	7.0	0.0	0.0	0.0
mitochondrial_disease	203547	ncbi_gene	VMA21	1	2.0	gtr_mitochondrial_gene_summary	silver	clinical_utilization	silver	clinical_utilization	adapter_gene_id_resolved	0.0	1.0	1.0	0.0	0.0	0.0	0.0
mitochondrial_disease	84317	ncbi_gene	VMA22	1	2.0	gtr_mitochondrial_gene_summary	silver	clinical_utilization	silver	clinical_utilization	adapter_gene_id_resolved	0.0	0.0	0.0	2.0	0.0	0.0	0.0
mitochondrial_disease	55823	ncbi_gene	VPS11	1	2.0	gtr_mitochondrial_gene_summary	silver	clinical_utilization	silver	clinical_utilization	adapter_gene_id_resolved	0.0	0.0	0.0	4.0	0.0	0.0	0.0
mitochondrial_disease	23230	ncbi_gene	VPS13A	1	2.0	gtr_mitochondrial_gene_summary	silver	clinical_utilization	silver	clinical_utilization	adapter_gene_id_resolved	0.0	0.0	0.0	8.0	0.0	0.0	0.0
mitochondrial_disease	157680	ncbi_gene	VPS13B	1	2.0	gtr_mitochondrial_gene_summary	silver	clinical_utilization	silver	clinical_utilization	adapter_gene_id_resolved	0.0	0.0	2.0	11.0	0.0	0.0	0.0
mitochondrial_disease	54832	ncbi_gene	VPS13C	1	2.0	gtr_mitochondrial_gene_summary	silver	clinical_utilization	silver	clinical_utilization	adapter_gene_id_resolved	0.0	0.0	1.0	0.0	0.0	0.0	0.0
mitochondrial_disease	26276	ncbi_gene	VPS33B	1	2.0	gtr_mitochondrial_gene_summary	silver	clinical_utilization	silver	clinical_utilization	adapter_gene_id_resolved	0.0	0.0	0.0	1.0	0.0	0.0	0.0
mitochondrial_disease	55737	ncbi_gene	VPS35	1	2.0	gtr_mitochondrial_gene_summary	silver	clinical_utilization	silver	clinical_utilization	adapter_gene_id_resolved	0.0	0.0	1.0	1.0	0.0	0.0	0.0
mitochondrial_disease	137492	ncbi_gene	VPS37A	1	2.0	gtr_mitochondrial_gene_summary	silver	clinical_utilization	silver	clinical_utilization	adapter_gene_id_resolved	0.0	0.0	0.0	2.0	0.0	0.0	0.0
mitochondrial_disease	11311	ncbi_gene	VPS45	1	2.0	gtr_mitochondrial_gene_summary	silver	clinical_utilization	silver	clinical_utilization	adapter_gene_id_resolved	0.0	0.0	1.0	6.0	0.0	0.0	0.0
mitochondrial_disease	55275	ncbi_gene	VPS53	1	2.0	gtr_mitochondrial_gene_summary	silver	clinical_utilization	silver	clinical_utilization	adapter_gene_id_resolved	0.0	0.0	0.0	7.0	0.0	0.0	0.0
mitochondrial_disease	51542	ncbi_gene	VPS54	1	2.0	gtr_mitochondrial_gene_summary	silver	clinical_utilization	silver	clinical_utilization	adapter_gene_id_resolved	0.0	0.0	0.0	1.0	0.0	0.0	0.0
mitochondrial_disease	7443	ncbi_gene	VRK1	1	2.0	gtr_mitochondrial_gene_summary	silver	clinical_utilization	silver	clinical_utilization	adapter_gene_id_resolved	0.0	0.0	2.0	8.0	0.0	0.0	0.0
mitochondrial_disease	200403	ncbi_gene	VWA3B	1	2.0	gtr_mitochondrial_gene_summary	silver	clinical_utilization	silver	clinical_utilization	adapter_gene_id_resolved	0.0	0.0	0.0	1.0	0.0	0.0	0.0
mitochondrial_disease	51322	ncbi_gene	WAC	1	2.0	gtr_mitochondrial_gene_summary	silver	clinical_utilization	silver	clinical_utilization	adapter_gene_id_resolved	0.0	0.0	0.0	4.0	0.0	0.0	0.0
mitochondrial_disease	10352	ncbi_gene	WARS2	1	2.0	gtr_mitochondrial_gene_summary	silver	clinical_utilization	silver	clinical_utilization	adapter_gene_id_resolved	3.0	1.0	1.0	5.0	0.0	0.0	0.0
mitochondrial_disease	7454	ncbi_gene	WAS	1	2.0	gtr_mitochondrial_gene_summary	silver	clinical_utilization	silver	clinical_utilization	adapter_gene_id_resolved	0.0	0.0	2.0	6.0	0.0	0.0	0.0
mitochondrial_disease	9897	ncbi_gene	WASHC5	1	2.0	gtr_mitochondrial_gene_summary	silver	clinical_utilization	silver	clinical_utilization	adapter_gene_id_resolved	0.0	1.0	0.0	4.0	0.0	0.0	0.0
mitochondrial_disease	116966	ncbi_gene	WDR17	1	2.0	gtr_mitochondrial_gene_summary	silver	clinical_utilization	silver	clinical_utilization	adapter_gene_id_resolved	0.0	0.0	0.0	1.0	0.0	0.0	0.0
mitochondrial_disease	11152	ncbi_gene	WDR45	1	2.0	gtr_mitochondrial_gene_summary	silver	clinical_utilization	silver	clinical_utilization	adapter_gene_id_resolved	0.0	0.0	1.0	8.0	0.0	0.0	0.0
mitochondrial_disease	57599	ncbi_gene	WDR48	1	2.0	gtr_mitochondrial_gene_summary	silver	clinical_utilization	silver	clinical_utilization	adapter_gene_id_resolved	0.0	0.0	1.0	1.0	0.0	0.0	0.0
mitochondrial_disease	284403	ncbi_gene	WDR62	1	2.0	gtr_mitochondrial_gene_summary	silver	clinical_utilization	silver	clinical_utilization	adapter_gene_id_resolved	0.0	0.0	0.0	1.0	0.0	0.0	0.0
mitochondrial_disease	84942	ncbi_gene	WDR73	1	2.0	gtr_mitochondrial_gene_summary	silver	clinical_utilization	silver	clinical_utilization	adapter_gene_id_resolved	0.0	0.0	0.0	2.0	0.0	0.0	0.0
mitochondrial_disease	124997	ncbi_gene	WDR81	1	2.0	gtr_mitochondrial_gene_summary	silver	clinical_utilization	silver	clinical_utilization	adapter_gene_id_resolved	0.0	0.0	0.0	1.0	0.0	0.0	0.0
mitochondrial_disease	51398	ncbi_gene	WDR83OS	1	2.0	gtr_mitochondrial_gene_summary	silver	clinical_utilization	silver	clinical_utilization	adapter_gene_id_resolved	0.0	1.0	0.0	0.0	0.0	0.0	0.0
mitochondrial_disease	83889	ncbi_gene	WDR87	1	2.0	gtr_mitochondrial_gene_summary	silver	clinical_utilization	silver	clinical_utilization	adapter_gene_id_resolved	0.0	0.0	0.0	1.0	0.0	0.0	0.0
mitochondrial_disease	7466	ncbi_gene	WFS1	1	2.0	gtr_mitochondrial_gene_summary	silver	clinical_utilization	silver	clinical_utilization	adapter_gene_id_resolved	0.0	3.0	0.0	11.0	0.0	0.0	0.0
mitochondrial_disease	25861	ncbi_gene	WHRN	1	2.0	gtr_mitochondrial_gene_summary	silver	clinical_utilization	silver	clinical_utilization	adapter_gene_id_resolved	0.0	0.0	0.0	8.0	0.0	0.0	0.0
mitochondrial_disease	7456	ncbi_gene	WIPF1	1	2.0	gtr_mitochondrial_gene_summary	silver	clinical_utilization	silver	clinical_utilization	adapter_gene_id_resolved	0.0	0.0	1.0	0.0	0.0	0.0	0.0
mitochondrial_disease	7471	ncbi_gene	WNT1	1	2.0	gtr_mitochondrial_gene_summary	silver	clinical_utilization	silver	clinical_utilization	adapter_gene_id_resolved	0.0	0.0	0.0	7.0	0.0	0.0	0.0
mitochondrial_disease	89780	ncbi_gene	WNT3A	1	2.0	gtr_mitochondrial_gene_summary	silver	clinical_utilization	silver	clinical_utilization	adapter_gene_id_resolved	0.0	0.0	1.0	0.0	0.0	0.0	0.0
mitochondrial_disease	7474	ncbi_gene	WNT5A	1	2.0	gtr_mitochondrial_gene_summary	silver	clinical_utilization	silver	clinical_utilization	adapter_gene_id_resolved	0.0	0.0	0.0	2.0	0.0	0.0	0.0
mitochondrial_disease	55135	ncbi_gene	WRAP53	1	2.0	gtr_mitochondrial_gene_summary	silver	clinical_utilization	silver	clinical_utilization	adapter_gene_id_resolved	0.0	0.0	1.0	0.0	0.0	0.0	0.0
mitochondrial_disease	7486	ncbi_gene	WRN	1	2.0	gtr_mitochondrial_gene_summary	silver	clinical_utilization	silver	clinical_utilization	adapter_gene_id_resolved	0.0	0.0	1.0	6.0	0.0	0.0	0.0
mitochondrial_disease	7490	ncbi_gene	WT1	1	2.0	gtr_mitochondrial_gene_summary	silver	clinical_utilization	silver	clinical_utilization	adapter_gene_id_resolved	0.0	1.0	3.0	0.0	0.0	0.0	0.0
mitochondrial_disease	51741	ncbi_gene	WWOX	1	2.0	gtr_mitochondrial_gene_summary	silver	clinical_utilization	silver	clinical_utilization	adapter_gene_id_resolved	0.0	0.0	0.0	4.0	0.0	0.0	0.0
mitochondrial_disease	56949	ncbi_gene	XAB2	1	2.0	gtr_mitochondrial_gene_summary	silver	clinical_utilization	silver	clinical_utilization	adapter_gene_id_resolved	1.0	0.0	0.0	0.0	0.0	0.0	0.0
mitochondrial_disease	7498	ncbi_gene	XDH	1	2.0	gtr_mitochondrial_gene_summary	silver	clinical_utilization	silver	clinical_utilization	adapter_gene_id_resolved	0.0	0.0	0.0	1.0	0.0	0.0	0.0
mitochondrial_disease	7504	ncbi_gene	XK	1	2.0	gtr_mitochondrial_gene_summary	silver	clinical_utilization	silver	clinical_utilization	adapter_gene_id_resolved	0.0	0.0	0.0	1.0	0.0	0.0	0.0
mitochondrial_disease	55113	ncbi_gene	XKR8	1	2.0	gtr_mitochondrial_gene_summary	silver	clinical_utilization	silver	clinical_utilization	adapter_gene_id_resolved	0.0	0.0	1.0	0.0	0.0	0.0	0.0
mitochondrial_disease	7507	ncbi_gene	XPA	1	2.0	gtr_mitochondrial_gene_summary	silver	clinical_utilization	silver	clinical_utilization	adapter_gene_id_resolved	0.0	0.0	0.0	9.0	0.0	0.0	0.0
mitochondrial_disease	7508	ncbi_gene	XPC	1	2.0	gtr_mitochondrial_gene_summary	silver	clinical_utilization	silver	clinical_utilization	adapter_gene_id_resolved	0.0	0.0	0.0	10.0	0.0	0.0	0.0
mitochondrial_disease	63929	ncbi_gene	XPNPEP3	1	2.0	gtr_mitochondrial_gene_summary	silver	clinical_utilization	silver	clinical_utilization	adapter_gene_id_resolved	0.0	0.0	0.0	4.0	0.0	0.0	0.0
mitochondrial_disease	57510	ncbi_gene	XPO5	1	2.0	gtr_mitochondrial_gene_summary	silver	clinical_utilization	silver	clinical_utilization	adapter_gene_id_resolved	0.0	1.0	0.0	0.0	0.0	0.0	0.0
mitochondrial_disease	9213	ncbi_gene	XPR1	1	2.0	gtr_mitochondrial_gene_summary	silver	clinical_utilization	silver	clinical_utilization	adapter_gene_id_resolved	0.0	0.0	1.0	0.0	0.0	0.0	0.0
mitochondrial_disease	7516	ncbi_gene	XRCC2	1	2.0	gtr_mitochondrial_gene_summary	silver	clinical_utilization	silver	clinical_utilization	adapter_gene_id_resolved	0.0	0.0	1.0	0.0	0.0	0.0	0.0
mitochondrial_disease	7518	ncbi_gene	XRCC4	1	2.0	gtr_mitochondrial_gene_summary	silver	clinical_utilization	silver	clinical_utilization	adapter_gene_id_resolved	0.0	0.0	0.0	2.0	0.0	0.0	0.0
mitochondrial_disease	64132	ncbi_gene	XYLT2	1	2.0	gtr_mitochondrial_gene_summary	silver	clinical_utilization	silver	clinical_utilization	adapter_gene_id_resolved	0.0	0.0	0.0	1.0	0.0	0.0	0.0
mitochondrial_disease	10413	ncbi_gene	YAP1	1	2.0	gtr_mitochondrial_gene_summary	silver	clinical_utilization	silver	clinical_utilization	adapter_gene_id_resolved	0.0	0.0	0.0	1.0	0.0	0.0	0.0
mitochondrial_disease	51067	ncbi_gene	YARS2	1	2.0	gtr_mitochondrial_gene_summary	silver	clinical_utilization	silver	clinical_utilization	adapter_gene_id_resolved	0.0	0.0	2.0	10.0	0.0	0.0	0.0
mitochondrial_disease	4904	ncbi_gene	YBX1	1	2.0	gtr_mitochondrial_gene_summary	silver	clinical_utilization	silver	clinical_utilization	adapter_gene_id_resolved	0.0	0.0	0.0	1.0	0.0	0.0	0.0
mitochondrial_disease	7531	ncbi_gene	YWHAE	1	2.0	gtr_mitochondrial_gene_summary	silver	clinical_utilization	silver	clinical_utilization	adapter_gene_id_resolved	0.0	1.0	0.0	1.0	0.0	0.0	0.0
mitochondrial_disease	7535	ncbi_gene	ZAP70	1	2.0	gtr_mitochondrial_gene_summary	silver	clinical_utilization	silver	clinical_utilization	adapter_gene_id_resolved	0.0	0.0	0.0	7.0	0.0	0.0	0.0
mitochondrial_disease	26137	ncbi_gene	ZBTB20	1	2.0	gtr_mitochondrial_gene_summary	silver	clinical_utilization	silver	clinical_utilization	adapter_gene_id_resolved	0.0	0.0	0.0	1.0	0.0	0.0	0.0
mitochondrial_disease	9841	ncbi_gene	ZBTB24	1	2.0	gtr_mitochondrial_gene_summary	silver	clinical_utilization	silver	clinical_utilization	adapter_gene_id_resolved	0.0	0.0	0.0	6.0	0.0	0.0	0.0
mitochondrial_disease	158866	ncbi_gene	ZDHHC15	1	2.0	gtr_mitochondrial_gene_summary	silver	clinical_utilization	silver	clinical_utilization	adapter_gene_id_resolved	0.0	0.0	1.0	3.0	0.0	0.0	0.0
mitochondrial_disease	51114	ncbi_gene	ZDHHC9	1	2.0	gtr_mitochondrial_gene_summary	silver	clinical_utilization	silver	clinical_utilization	adapter_gene_id_resolved	0.0	0.0	1.0	3.0	0.0	0.0	0.0
mitochondrial_disease	9839	ncbi_gene	ZEB2	1	2.0	gtr_mitochondrial_gene_summary	silver	clinical_utilization	silver	clinical_utilization	adapter_gene_id_resolved	0.0	0.0	1.0	3.0	0.0	0.0	0.0
mitochondrial_disease	23414	ncbi_gene	ZFPM2	1	2.0	gtr_mitochondrial_gene_summary	silver	clinical_utilization	silver	clinical_utilization	adapter_gene_id_resolved	0.0	0.0	0.0	2.0	0.0	0.0	0.0
mitochondrial_disease	51663	ncbi_gene	ZFR	1	2.0	gtr_mitochondrial_gene_summary	silver	clinical_utilization	silver	clinical_utilization	adapter_gene_id_resolved	0.0	1.0	1.0	1.0	0.0	0.0	0.0
mitochondrial_disease	23503	ncbi_gene	ZFYVE26	1	2.0	gtr_mitochondrial_gene_summary	silver	clinical_utilization	silver	clinical_utilization	adapter_gene_id_resolved	0.0	1.0	1.0	3.0	0.0	0.0	0.0
mitochondrial_disease	118813	ncbi_gene	ZFYVE27	1	2.0	gtr_mitochondrial_gene_summary	silver	clinical_utilization	silver	clinical_utilization	adapter_gene_id_resolved	0.0	1.0	0.0	2.0	0.0	0.0	0.0
mitochondrial_disease	84107	ncbi_gene	ZIC4	1	2.0	gtr_mitochondrial_gene_summary	silver	clinical_utilization	silver	clinical_utilization	adapter_gene_id_resolved	0.0	1.0	0.0	0.0	0.0	0.0	0.0
mitochondrial_disease	10269	ncbi_gene	ZMPSTE24	1	2.0	gtr_mitochondrial_gene_summary	silver	clinical_utilization	silver	clinical_utilization	adapter_gene_id_resolved	0.0	0.0	0.0	1.0	0.0	0.0	0.0
mitochondrial_disease	9203	ncbi_gene	ZMYM3	1	2.0	gtr_mitochondrial_gene_summary	silver	clinical_utilization	silver	clinical_utilization	adapter_gene_id_resolved	0.0	0.0	0.0	2.0	0.0	0.0	0.0
mitochondrial_disease	7701	ncbi_gene	ZNF142	1	2.0	gtr_mitochondrial_gene_summary	silver	clinical_utilization	silver	clinical_utilization	adapter_gene_id_resolved	1.0	0.0	0.0	0.0	0.0	0.0	0.0
mitochondrial_disease	7702	ncbi_gene	ZNF143	1	2.0	gtr_mitochondrial_gene_summary	silver	clinical_utilization	silver	clinical_utilization	adapter_gene_id_resolved	2.0	2.0	0.0	0.0	0.0	0.0	0.0
mitochondrial_disease	7565	ncbi_gene	ZNF17	1	2.0	gtr_mitochondrial_gene_summary	silver	clinical_utilization	silver	clinical_utilization	adapter_gene_id_resolved	0.0	1.0	0.0	0.0	0.0	0.0	0.0
mitochondrial_disease	7592	ncbi_gene	ZNF41	1	2.0	gtr_mitochondrial_gene_summary	silver	clinical_utilization	silver	clinical_utilization	adapter_gene_id_resolved	0.0	0.0	1.0	3.0	0.0	0.0	0.0
mitochondrial_disease	84627	ncbi_gene	ZNF469	1	2.0	gtr_mitochondrial_gene_summary	silver	clinical_utilization	silver	clinical_utilization	adapter_gene_id_resolved	0.0	0.0	0.0	7.0	0.0	0.0	0.0
mitochondrial_disease	641339	ncbi_gene	ZNF674	1	2.0	gtr_mitochondrial_gene_summary	silver	clinical_utilization	silver	clinical_utilization	adapter_gene_id_resolved	0.0	0.0	0.0	2.0	0.0	0.0	0.0
mitochondrial_disease	57592	ncbi_gene	ZNF687	1	2.0	gtr_mitochondrial_gene_summary	silver	clinical_utilization	silver	clinical_utilization	adapter_gene_id_resolved	0.0	0.0	0.0	1.0	0.0	0.0	0.0
mitochondrial_disease	7552	ncbi_gene	ZNF711	1	2.0	gtr_mitochondrial_gene_summary	silver	clinical_utilization	silver	clinical_utilization	adapter_gene_id_resolved	0.0	0.0	1.0	3.0	0.0	0.0	0.0
mitochondrial_disease	347344	ncbi_gene	ZNF81	1	2.0	gtr_mitochondrial_gene_summary	silver	clinical_utilization	silver	clinical_utilization	adapter_gene_id_resolved	0.0	0.0	1.0	3.0	0.0	0.0	0.0
