input_gene_symbol	normalized_gene_symbol	gene_id	gene_namespace	ensembl_gene_id	hgnc_id	entrezgene	alias_symbol	mapping_status	mapping_source	mapping_version
A2ML1	A2ML1	ENSG00000166535	ensembl_gene	ENSG00000166535	23336	144568	CPAMD9|OMS|p170	resolved	mygene.info	pinned_local_build
AAAS	AAAS	ENSG00000291836	ensembl_gene	ENSG00000291836	13666	8086	AAA|AAASb|ADRACALA|ADRACALIN|ALADIN|GL003	resolved	mygene.info	pinned_local_build
AARS1	AARS1	ENSG00000090861	ensembl_gene	ENSG00000090861	20	16	AARS|CMT2N|DEE29|EIEE29|HDLS2|TTD8	resolved	mygene.info	pinned_local_build
AARS2	AARS2	ENSG00000124608	ensembl_gene	ENSG00000124608	21022	57505	AARSL|COXPD8|LKENP|MT-ALARS|MTALARS	resolved	mygene.info	pinned_local_build
AASS	AASS	ENSG00000008311	ensembl_gene	ENSG00000008311	17366	10157	LKR/SDH|LKRSDH|LORSDH	resolved	mygene.info	pinned_local_build
ABAT	ABAT	ENSG00000183044	ensembl_gene	ENSG00000183044	23	18	GABA-AT|GABAT|NPD009	resolved	mygene.info	pinned_local_build
ABCA1	ABCA1	ENSG00000165029	ensembl_gene	ENSG00000165029	29	19	ABC-1|ABC1|CERP|HDLCQTL13|HDLDT1|HPALP1|TGD	resolved	mygene.info	pinned_local_build
ABCA12	ABCA12	ENSG00000144452	ensembl_gene	ENSG00000144452	14637	26154	ARCI4A|ARCI4B|ICR2B|LI2	resolved	mygene.info	pinned_local_build
ABCA2	ABCA2	ENSG00000107331	ensembl_gene	ENSG00000107331	32	20	ABC2|IDPOGSA	resolved	mygene.info	pinned_local_build
ABCA3	ABCA3	ENSG00000167972	ensembl_gene	ENSG00000167972	33	21	ABC-C|ABC3|EST111653|LBM180|SMDP3	resolved	mygene.info	pinned_local_build
ABCA5	ABCA5	ENSG00000154265	ensembl_gene	ENSG00000154265	35	23461	ABC13|DEL17q24|EST90625|HTC3|HTGH	resolved	mygene.info	pinned_local_build
ABCA7	ABCA7	ENSG00000064687	ensembl_gene	ENSG00000064687	37	10347	ABCA-SSN|ABCX|AD9	resolved	mygene.info	pinned_local_build
ABCB11	ABCB11	ENSG00000276582	ensembl_gene	ENSG00000276582	42	8647	ABC16|BRIC2|BSEP|PFIC-2|PFIC2|PGY4|SPGP	resolved	mygene.info	pinned_local_build
ABCB4	ABCB4	ENSG00000005471	ensembl_gene	ENSG00000005471	45	5244	ABC21|GBD1|ICP3|MDR2|MDR2/3|MDR3|PFIC-3|PGY3	resolved	mygene.info	pinned_local_build
ABCB7	ABCB7	ENSG00000131269	ensembl_gene	ENSG00000131269	48	22	ABC7|ASAT|Atm1p|EST140535	resolved	mygene.info	pinned_local_build
ABCC6	ABCC6	ENSG00000091262	ensembl_gene	ENSG00000091262	57	368	ABC34|ARA|EST349056|GACI2|MLP1|MOAT-E|MOATE|MRP6|PXE|PXE1|URG7	resolved	mygene.info	pinned_local_build
ABCC8	ABCC8	ENSG00000006071	ensembl_gene	ENSG00000006071	59	6833	ABC36|HHF1|HI|HRINS|MODY12|MRP8|PHHI|PNDM3|SUR|SUR1|SUR1delta2|TNDM2	resolved	mygene.info	pinned_local_build
ABCC9	ABCC9	ENSG00000069431	ensembl_gene	ENSG00000069431	60	10060	ABC37|ATFB12|CANTU|CMD1O|IDMYS|SUR2	resolved	mygene.info	pinned_local_build
ABCD1	ABCD1	ENSG00000101986	ensembl_gene	ENSG00000101986	61	215	ABC42|ALD|ALDP|AMN	resolved	mygene.info	pinned_local_build
ABCD3	ABCD3	ENSG00000117528	ensembl_gene	ENSG00000117528	67	5825	ABC43|CBAS5|OPDM5|PMP70|PXMP1|ZWS2	resolved	mygene.info	pinned_local_build
ABCD4	ABCD4	ENSG00000119688	ensembl_gene	ENSG00000119688	68	5826	ABC41|EST352188|MAHCJ|P70R|P79R|PMP69|PXMP1L	resolved	mygene.info	pinned_local_build
ABCG5	ABCG5	ENSG00000138075	ensembl_gene	ENSG00000138075	13886	64240	STSL|STSL2	resolved	mygene.info	pinned_local_build
ABCG8	ABCG8	ENSG00000143921	ensembl_gene	ENSG00000143921	13887	64241	GBD4|STSL|STSL1	resolved	mygene.info	pinned_local_build
ABHD12	ABHD12	ENSG00000100997	ensembl_gene	ENSG00000100997	15868	26090	ABHD12A|BEM46L2|C20orf22|PHARC|dJ965G21.2|hABHD12	resolved	mygene.info	pinned_local_build
ABHD16A	ABHD16A	ENSG00000230475	ensembl_gene	ENSG00000230475	13921	7920	BAT5|D6S82E|NG26|PP199|SPG86|hBAT5	resolved	mygene.info	pinned_local_build
ABHD5	ABHD5	ENSG00000011198	ensembl_gene	ENSG00000011198	21396	51099	CGI58|IECN2|NCIE2	resolved	mygene.info	pinned_local_build
ACACA	ACACA	ENSG00000275176	ensembl_gene	ENSG00000275176	84	31	ACAC|ACACAD|ACACalpha|ACC|ACC1|ACCA|ACCalpha|Acac1|hACC1	resolved	mygene.info	pinned_local_build
ACACB	ACACB	ENSG00000076555	ensembl_gene	ENSG00000076555	85	32	ACACbeta|ACC-beta|ACC2|ACCB|ACCbeta|HACC275	resolved	mygene.info	pinned_local_build
ACAD9	ACAD9	ENSG00000177646	ensembl_gene	ENSG00000177646	21497	28976	MC1DN20|NPD002	resolved	mygene.info	pinned_local_build
ACADL	ACADL	ENSG00000115361	ensembl_gene	ENSG00000115361	88	33	ACAD4|LCAD	resolved	mygene.info	pinned_local_build
ACADM	ACADM	ENSG00000117054	ensembl_gene	ENSG00000117054	89	34	ACAD1|MCAD|MCADH	resolved	mygene.info	pinned_local_build
ACADS	ACADS	ENSG00000122971	ensembl_gene	ENSG00000122971	90	35	ACAD3|SCAD	resolved	mygene.info	pinned_local_build
ACADSB	ACADSB	ENSG00000196177	ensembl_gene	ENSG00000196177	91	36	2-MEBCAD|ACAD7|SBCAD	resolved	mygene.info	pinned_local_build
ACADVL	ACADVL	ENSG00000072778	ensembl_gene	ENSG00000072778	92	37	ACAD6|LCACD|VLCAD	resolved	mygene.info	pinned_local_build
ACAT1	ACAT1	ENSG00000075239	ensembl_gene	ENSG00000075239	93	38	ACAT|MAT|T2|THIL	resolved	mygene.info	pinned_local_build
ACBD6	ACBD6	ENSG00000230124	ensembl_gene	ENSG00000230124	23339	84320	NEDPM	resolved	mygene.info	pinned_local_build
ACD	ACD	ENSG00000102977	ensembl_gene	ENSG00000102977	25070	65057	DKCA6|DKCB7|PIP1|PTOP|TINT1|TPP1	resolved	mygene.info	pinned_local_build
ACE	ACE	ENSG00000159640	ensembl_gene	ENSG00000159640	2707	1636	ACE1|CD143|DCP|DCP1	resolved	mygene.info	pinned_local_build
ACER3	ACER3	ENSG00000078124	ensembl_gene	ENSG00000078124	16066	55331	APHC|PHCA|PLDECO	resolved	mygene.info	pinned_local_build
ACKR1	ACKR1	ENSG00000213088	ensembl_gene	ENSG00000213088	4035	2532	CCBP1|CD234|DARC|DARC/ACKR1|Dfy|FY|GPD|GpFy|WBCQ1	resolved	mygene.info	pinned_local_build
ACMSD	ACMSD	ENSG00000153086	ensembl_gene	ENSG00000153086	19288	130013		resolved	mygene.info	pinned_local_build
ACO2	ACO2	ENSG00000100412	ensembl_gene	ENSG00000100412	118	50	ACONM|HEL-S-284|ICRD|OCA8|OPA9	resolved	mygene.info	pinned_local_build
ACOT7	ACOT7	ENSG00000097021	ensembl_gene	ENSG00000097021	24157	11332	ACH1|ACT|BACH|CTE-II|LACH|LACH1|hBACH	resolved	mygene.info	pinned_local_build
ACOX1	ACOX1	ENSG00000161533	ensembl_gene	ENSG00000161533	119	51	ACOX|AOX|MITCH|PALMCOX|SCOX	resolved	mygene.info	pinned_local_build
ACP5	ACP5	ENSG00000102575	ensembl_gene	ENSG00000102575	124	54	HPAP|TRACP5a|TRACP5b|TRAP|TRAcP|TrATPase	resolved	mygene.info	pinned_local_build
ACSF3	ACSF3	ENSG00000176715	ensembl_gene	ENSG00000176715	27288	197322		resolved	mygene.info	pinned_local_build
ACSL4	ACSL4	ENSG00000068366	ensembl_gene	ENSG00000068366	3571	2182	ACS4|FACL4|LACS4|MRX63|MRX68|XLID63	resolved	mygene.info	pinned_local_build
ACTA1	ACTA1	ENSG00000143632	ensembl_gene	ENSG00000143632	129	58	ACTA|ASMA|CFTD|CFTD1|CFTDM|CMYO2A|CMYO2B|CMYO2C|CMYP2A|CMYP2B|CMYP2C|MPFD|NEM1|NEM2|NEM3|SHPM	resolved	mygene.info	pinned_local_build
ACTA2	ACTA2	ENSG00000107796	ensembl_gene	ENSG00000107796	130	59	ACTSA|SMDYS	resolved	mygene.info	pinned_local_build
ACTB	ACTB	ENSG00000075624	ensembl_gene	ENSG00000075624	132	60	BKRNS|BNS|BRWS1|CSMH|DDS1|PS1TP5BP1|THC8	resolved	mygene.info	pinned_local_build
ACTC1	ACTC1	ENSG00000159251	ensembl_gene	ENSG00000159251	143	70	ACTC|ASD5|CMD1R|CMH11|LVNC4	resolved	mygene.info	pinned_local_build
ACTG1	ACTG1	ENSG00000291420	ensembl_gene	ENSG00000291420	144	71	ACT|ACTG|DFNA20|DFNA26|HEL-176	resolved	mygene.info	pinned_local_build
ACTG2	ACTG2	ENSG00000163017	ensembl_gene	ENSG00000163017	145	72	ACT|ACTA3|ACTE|ACTL3|ACTSG|MMIHS5|VSCM|VSCM1	resolved	mygene.info	pinned_local_build
ACTL6B	ACTL6B	ENSG00000077080	ensembl_gene	ENSG00000077080	160	51412	ACTL6|BAF53B|DEE76|EIEE76|IDDSSAD|SMARCN2|arpNalpha	resolved	mygene.info	pinned_local_build
ACTN2	ACTN2	ENSG00000077522	ensembl_gene	ENSG00000077522	164	88	CMD1AA|CMH23|CMYO8|CMYP8|MPD6|MYOCOZ	resolved	mygene.info	pinned_local_build
ACVR1	ACVR1	ENSG00000115170	ensembl_gene	ENSG00000115170	171	90	ACTRI|ACVR1A|ACVRLK2|ALK2|FOP|SKR1|TSRI	resolved	mygene.info	pinned_local_build
ACVRL1	ACVRL1	ENSG00000139567	ensembl_gene	ENSG00000139567	175	94	ACVRLK1|ALK-1|ALK1|HHT|HHT2|ORW2|SKR3|TSR-I	resolved	mygene.info	pinned_local_build
ACY1	ACY1	ENSG00000243989	ensembl_gene	ENSG00000243989	177	95	ACY-1|ACY1D|HEL-S-5	resolved	mygene.info	pinned_local_build
ADA	ADA	ENSG00000196839	ensembl_gene	ENSG00000196839	186	100	ADA1	resolved	mygene.info	pinned_local_build
ADA2	ADA2	ENSG00000093072	ensembl_gene	ENSG00000093072	1839	51816	ADGF|CECR1|IDGFL|PAN|SNEDS|VAIHS	resolved	mygene.info	pinned_local_build
ADAM17	ADAM17	ENSG00000151694	ensembl_gene	ENSG00000151694	195	6868	ADAM18|CD156B|CSVP|HYPT16|NISBD|NISBD1|TACE	resolved	mygene.info	pinned_local_build
ADAM22	ADAM22	ENSG00000008277	ensembl_gene	ENSG00000008277	201	53616	ADAM 22|DEE61|EIEE61|MDC2	resolved	mygene.info	pinned_local_build
ADAMTS17	ADAMTS17	ENSG00000140470	ensembl_gene	ENSG00000140470	17109	170691	WMS4	resolved	mygene.info	pinned_local_build
ADAMTS2	ADAMTS2	ENSG00000087116	ensembl_gene	ENSG00000087116	218	9509	ADAM-TS2|ADAMTS-2|ADAMTS-3|EDSDERMS|NPI|PC I-NP|PCI-NP|PCINP|PCPNI|PNPI	resolved	mygene.info	pinned_local_build
ADAMTSL2	ADAMTSL2	ENSG00000197859	ensembl_gene	ENSG00000197859	14631	9719	ADAMTSL-2|GPHYSD1	resolved	mygene.info	pinned_local_build
ADAR	ADAR	ENSG00000160710	ensembl_gene	ENSG00000160710	225	103	ADAR1|AGS6|DRADA|DSH|DSRAD|G1P1|IFI-4|IFI4|K88DSRBP|P136	resolved	mygene.info	pinned_local_build
ADARB1	ADARB1	ENSG00000197381	ensembl_gene	ENSG00000197381	226	104	ADAR2|DRABA2|DRADA2|NEDHYMS|RED1	resolved	mygene.info	pinned_local_build
ADAT3	ADAT3	ENSG00000213638	ensembl_gene	ENSG00000213638	25151	113179	FWP005|MRT36|MST121|MSTP121|NEDBGF|S863-5|TAD3	resolved	mygene.info	pinned_local_build
ADCY1	ADCY1	ENSG00000164742	ensembl_gene	ENSG00000164742	232	107	AC1|DFNB44	resolved	mygene.info	pinned_local_build
ADCY3	ADCY3	ENSG00000138031	ensembl_gene	ENSG00000138031	234	109	AC-III|AC3|BMIQ19	resolved	mygene.info	pinned_local_build
ADCY5	ADCY5	ENSG00000173175	ensembl_gene	ENSG00000173175	236	111	AC5|DSKOD|FDFM	resolved	mygene.info	pinned_local_build
ADD1	ADD1	ENSG00000087274	ensembl_gene	ENSG00000087274	243	118	ADDA	resolved	mygene.info	pinned_local_build
ADD3	ADD3	ENSG00000148700	ensembl_gene	ENSG00000148700	245	120	ADDL|CPSQ3	resolved	mygene.info	pinned_local_build
ADGRA3	ADGRA3	ENSG00000152990	ensembl_gene	ENSG00000152990	13839	166647	GPR125|PGR21|TEM5L	resolved	mygene.info	pinned_local_build
ADGRG1	ADGRG1	ENSG00000205336	ensembl_gene	ENSG00000205336	4512	9289	BFPP|BPPR|CDCBM14B|CDCBM15A|GPR56|TM7LN4|TM7XN1	resolved	mygene.info	pinned_local_build
ADGRL1	ADGRL1	ENSG00000072071	ensembl_gene	ENSG00000072071	20973	22859	CIRL1|CL1|DEDBANP|LEC2|LPHN1	resolved	mygene.info	pinned_local_build
ADGRV1	ADGRV1	ENSG00000164199	ensembl_gene	ENSG00000164199	17416	84059	FEB4|GPR98|MASS1|USH2B|USH2C|VLGR1|VLGR1b	resolved	mygene.info	pinned_local_build
ADIPOQ	ADIPOQ	ENSG00000181092	ensembl_gene	ENSG00000181092	13633	9370	ACDC|ACRP30|ADIPQTL1|ADPN|APM-1|APM1|GBP28	resolved	mygene.info	pinned_local_build
ADIPOR1	ADIPOR1	ENSG00000159346	ensembl_gene	ENSG00000159346	24040	51094	ACDCR1|CGI-45|CGI45|PAQR1|TESBP1A	resolved	mygene.info	pinned_local_build
ADIPOR2	ADIPOR2	ENSG00000285070	ensembl_gene	ENSG00000285070	24041	79602	ACDCR2|PAQR2	resolved	mygene.info	pinned_local_build
ADK	ADK	ENSG00000156110	ensembl_gene	ENSG00000156110	257	132	AK	resolved	mygene.info	pinned_local_build
ADNP	ADNP	ENSG00000101126	ensembl_gene	ENSG00000101126	15766	23394	ADNP1|HVDAS|MRD28	resolved	mygene.info	pinned_local_build
ADPRS	ADPRS	ENSG00000116863	ensembl_gene	ENSG00000116863	21304	54936	ADPRHL2|ARH3|CONDSIAS	resolved	mygene.info	pinned_local_build
ADRA2A	ADRA2A	ENSG00000150594	ensembl_gene	ENSG00000150594	281	150	ADRA2|ADRA2R|ADRAR|ALPHA2AAR|FPLD8	resolved	mygene.info	pinned_local_build
ADRA2B	ADRA2B	ENSG00000274286	ensembl_gene	ENSG00000274286	282	151	ADRA2L1|ADRA2RL1|ADRARL1|ALPHA2BAR|FAME2|alpha-2BAR	resolved	mygene.info	pinned_local_build
ADSL	ADSL	ENSG00000239900	ensembl_gene	ENSG00000239900	291	158	AMPS|ASASE|ASL	resolved	mygene.info	pinned_local_build
AFAP1	AFAP1	ENSG00000196526	ensembl_gene	ENSG00000196526	24017	60312	AFAP|AFAP-110|AFAP110	resolved	mygene.info	pinned_local_build
AFDN	AFDN	ENSG00000130396	ensembl_gene	ENSG00000130396	7137	4301	AF6|MLL-AF6|MLLT4|l-afadin	resolved	mygene.info	pinned_local_build
AFF2	AFF2	ENSG00000155966	ensembl_gene	ENSG00000155966	3776	2334	FMR2|FMR2P|FRAXE|MRX2|OX19|XLID109	resolved	mygene.info	pinned_local_build
AFF3	AFF3	ENSG00000144218	ensembl_gene	ENSG00000144218	6473	3899	KINS|LAF4|MLLT2-like	resolved	mygene.info	pinned_local_build
AFF4	AFF4	ENSG00000072364	ensembl_gene	ENSG00000072364	17869	27125	AF5Q31|CHOPS|MCEF	resolved	mygene.info	pinned_local_build
AFG2A	AFG2A	ENSG00000145375	ensembl_gene	ENSG00000145375	18119	166378	AFG2|EHLMRS|NEDHSB|SPAF|SPATA5	resolved	mygene.info	pinned_local_build
AFG2B	AFG2B	ENSG00000171763	ensembl_gene	ENSG00000171763	28762	79029	DFNB119|NEDHLS|SPATA5L1	resolved	mygene.info	pinned_local_build
AFG3L2	AFG3L2	ENSG00000141385	ensembl_gene	ENSG00000141385	315	10939	OPA12|SCA28|SPAX5	resolved	mygene.info	pinned_local_build
AGA	AGA	ENSG00000038002	ensembl_gene	ENSG00000038002	318	175	AGU|ASRG|GA	resolved	mygene.info	pinned_local_build
AGAP1	AGAP1	ENSG00000157985	ensembl_gene	ENSG00000157985	16922	116987	AGAP-1|CENTG2|GGAP1|cnt-g2	resolved	mygene.info	pinned_local_build
AGGF1	AGGF1	ENSG00000164252	ensembl_gene	ENSG00000164252	24684	55109	GPATC7|GPATCH7|HSU84971|HUS84971|VG5Q	resolved	mygene.info	pinned_local_build
AGK	AGK	ENSG00000006530	ensembl_gene	ENSG00000006530	21869	55750	CATC5|CTRCT38|MTDPS10|MULK	resolved	mygene.info	pinned_local_build
AGL	AGL	ENSG00000162688	ensembl_gene	ENSG00000162688	321	178	GDE	resolved	mygene.info	pinned_local_build
AGMO	AGMO	ENSG00000187546	ensembl_gene	ENSG00000187546	33784	392636	TMEM195	resolved	mygene.info	pinned_local_build
AGO1	AGO1	ENSG00000092847	ensembl_gene	ENSG00000092847	3262	26523	EIF2C|EIF2C1|GERP95|NEDLBAS|Q99|hAgo1	resolved	mygene.info	pinned_local_build
AGPAT1	AGPAT1	ENSG00000226467	ensembl_gene	ENSG00000226467	324	10554	1-AGPAT1|G15|LPAAT-alpha|LPAATA|LPLAT1	resolved	mygene.info	pinned_local_build
AGPAT2	AGPAT2	ENSG00000169692	ensembl_gene	ENSG00000169692	325	10555	1-AGPAT2|BSCL|BSCL1|LPAAB|LPAAT-beta|LPLAT2	resolved	mygene.info	pinned_local_build
AGPS	AGPS	ENSG00000018510	ensembl_gene	ENSG00000018510	327	8540	ADAP-S|ADAS|ADHAPS|ADPS|ALDHPSY|RCDP3	resolved	mygene.info	pinned_local_build
AGRN	AGRN	ENSG00000188157	ensembl_gene	ENSG00000188157	329	375790	AGRIN|CMS8|CMSPPD	resolved	mygene.info	pinned_local_build
AGTR2	AGTR2	ENSG00000180772	ensembl_gene	ENSG00000180772	338	186	AT2|ATGR2|MRX88	resolved	mygene.info	pinned_local_build
AGXT	AGXT	ENSG00000172482	ensembl_gene	ENSG00000172482	341	189	AGT|AGT1|AGXT1|PH1|SPAT|SPT|Ser-PyrAT|TLH6	resolved	mygene.info	pinned_local_build
AHDC1	AHDC1	ENSG00000126705	ensembl_gene	ENSG00000126705	25230	27245	MRD25|XIGIS	resolved	mygene.info	pinned_local_build
AHI1	AHI1	ENSG00000135541	ensembl_gene	ENSG00000135541	21575	54806	AHI-1|JBTS3|ORF1|dJ71N10.1	resolved	mygene.info	pinned_local_build
AHSG	AHSG	ENSG00000145192	ensembl_gene	ENSG00000145192	349	197	A2HS|AHS|APMR1|FETUA|HSGA	resolved	mygene.info	pinned_local_build
AICDA	AICDA	ENSG00000111732	ensembl_gene	ENSG00000111732	13203	57379	AID|ARP2|CDA2|HEL-S-284|HIGM2	resolved	mygene.info	pinned_local_build
AIFM1	AIFM1	ENSG00000156709	ensembl_gene	ENSG00000156709	8768	9131	AIF|AUNX1|CMT2D|CMTX4|COWCK|COXPD6|DFNX5|NADMR|NAMSD|PDCD8|SEMDHL	resolved	mygene.info	pinned_local_build
AIMP1	AIMP1	ENSG00000164022	ensembl_gene	ENSG00000164022	10648	9255	EMAP2|EMAPII|HLD3|SCYE1|p43	resolved	mygene.info	pinned_local_build
AIMP2	AIMP2	ENSG00000106305	ensembl_gene	ENSG00000106305	20609	7965	HLD17|JTV-1|JTV1|P38	resolved	mygene.info	pinned_local_build
AIP	AIP	ENSG00000110711	ensembl_gene	ENSG00000110711	358	9049	ARA9|FKBP16|FKBP37|PITA1|SMTPHN|XAP-2|XAP2	resolved	mygene.info	pinned_local_build
AIPL1	AIPL1	ENSG00000129221	ensembl_gene	ENSG00000129221	359	23746	AIPL2|LCA4	resolved	mygene.info	pinned_local_build
AIRE	AIRE	ENSG00000160224	ensembl_gene	ENSG00000160224	360	326	AIRE1|APECED|APS1|APSI|PGA1	resolved	mygene.info	pinned_local_build
AK2	AK2	ENSG00000004455	ensembl_gene	ENSG00000004455	362	204	ADK2	resolved	mygene.info	pinned_local_build
AKAP14	AKAP14	ENSG00000186471	ensembl_gene	ENSG00000186471	24061	158798	AKAP28|PRKA14	resolved	mygene.info	pinned_local_build
AKAP9	AKAP9	ENSG00000127914	ensembl_gene	ENSG00000127914	379	10142	AKAP-9|AKAP350|AKAP450|CG-NAP|HYPERION|LQT11|MU-RMS-40.16A|PPP1R45|PRKA9|YOTIAO	resolved	mygene.info	pinned_local_build
AKR1C1	AKR1C1	ENSG00000187134	ensembl_gene	ENSG00000187134	384	1645	2-ALPHA-HSD|20-ALPHA-HSD|DD1|DD1/DD2|DDH|DDH1|H-37|HAKRC|HBAB|MBAB	resolved	mygene.info	pinned_local_build
AKT1	AKT1	ENSG00000142208	ensembl_gene	ENSG00000142208	391	207	AKT|PKB|PKB-ALPHA|PRKBA|RAC|RAC-ALPHA	resolved	mygene.info	pinned_local_build
AKT2	AKT2	ENSG00000105221	ensembl_gene	ENSG00000105221	392	208	HIHGHH|PKBB|PKBBETA|PRKBB|RAC-BETA	resolved	mygene.info	pinned_local_build
AKT3	AKT3	ENSG00000117020	ensembl_gene	ENSG00000117020	393	10000	MPPH|MPPH2|PKB-GAMMA|PKBG|PRKBG|RAC-PK-gamma|RAC-gamma|STK-2	resolved	mygene.info	pinned_local_build
ALAD	ALAD	ENSG00000148218	ensembl_gene	ENSG00000148218	395	210	ALADH|PBGS	resolved	mygene.info	pinned_local_build
ALAS2	ALAS2	ENSG00000158578	ensembl_gene	ENSG00000158578	397	212	ALAS-E|ALASE|ANH1|ASB|SIDBA1|XLDPP|XLEPP|XLSA	resolved	mygene.info	pinned_local_build
ALDH18A1	ALDH18A1	ENSG00000059573	ensembl_gene	ENSG00000059573	9722	5832	ADCL3|ARCL3A|GSAS|P5CS|PYCS|SPG9|SPG9A|SPG9B	resolved	mygene.info	pinned_local_build
ALDH1B1	ALDH1B1	ENSG00000137124	ensembl_gene	ENSG00000137124	407	219	ALDH5|ALDHX	resolved	mygene.info	pinned_local_build
ALDH3A2	ALDH3A2	ENSG00000072210	ensembl_gene	ENSG00000072210	403	224	ALDH10|FALDH|SLS	resolved	mygene.info	pinned_local_build
ALDH4A1	ALDH4A1	ENSG00000159423	ensembl_gene	ENSG00000159423	406	8659	ALDH4|P5CD|P5CDh	resolved	mygene.info	pinned_local_build
ALDH5A1	ALDH5A1	ENSG00000112294	ensembl_gene	ENSG00000112294	408	7915	SSADH|SSDH	resolved	mygene.info	pinned_local_build
ALDH7A1	ALDH7A1	ENSG00000164904	ensembl_gene	ENSG00000164904	877	501	ATQ1|EPD|EPEO4|PDE	resolved	mygene.info	pinned_local_build
ALDOA	ALDOA	ENSG00000149925	ensembl_gene	ENSG00000149925	414	226	ALDA|GSD12|HEL-S-87p	resolved	mygene.info	pinned_local_build
ALDOB	ALDOB	ENSG00000136872	ensembl_gene	ENSG00000136872	417	229	ALDB|ALDO2	resolved	mygene.info	pinned_local_build
ALG1	ALG1	ENSG00000033011	ensembl_gene	ENSG00000033011	18294	56052	CDG1K|HMAT1|HMT-1|HMT1|MT-1|Mat-1|hMat-1	resolved	mygene.info	pinned_local_build
ALG11	ALG11	ENSG00000253710	ensembl_gene	ENSG00000253710	32456	440138	CDG1P|GT8	resolved	mygene.info	pinned_local_build
ALG12	ALG12	ENSG00000182858	ensembl_gene	ENSG00000182858	19358	79087	CDG1G|ECM39|PP14673|hALG12	resolved	mygene.info	pinned_local_build
ALG13	ALG13	ENSG00000101901	ensembl_gene	ENSG00000101901	30881	79868	CDG1S|CXorf45|DEE36|EIEE36|GLT28D1|MDS031|TDRD13|YGL047W	resolved	mygene.info	pinned_local_build
ALG14	ALG14	ENSG00000172339	ensembl_gene	ENSG00000172339	28287	199857	CMS15|IDDEBF|MEPCA	resolved	mygene.info	pinned_local_build
ALG2	ALG2	ENSG00000119523	ensembl_gene	ENSG00000119523	23159	85365	CDG1I|CDGIi|CMS14|CMSTA3|NET38|hALPG2	resolved	mygene.info	pinned_local_build
ALG3	ALG3	ENSG00000214160	ensembl_gene	ENSG00000214160	23056	10195	CDG1D|CDGS4|CDGS6|D16Ertd36e|NOT56L|Not56|not	resolved	mygene.info	pinned_local_build
ALG6	ALG6	ENSG00000088035	ensembl_gene	ENSG00000088035	23157	29929	CDG1C	resolved	mygene.info	pinned_local_build
ALG8	ALG8	ENSG00000159063	ensembl_gene	ENSG00000159063	23161	79053	CDG1H|PCLD3	resolved	mygene.info	pinned_local_build
ALG9	ALG9	ENSG00000086848	ensembl_gene	ENSG00000086848	15672	79796	CDG1L|DIBD1|GIKANIS|LOH11CR1J	resolved	mygene.info	pinned_local_build
ALKBH8	ALKBH8	ENSG00000137760	ensembl_gene	ENSG00000137760	25189	91801	ABH8|MRT71|TRM9|TRMT9|TRMT9A	resolved	mygene.info	pinned_local_build
ALMS1	ALMS1	ENSG00000116127	ensembl_gene	ENSG00000116127	428	7840	ALSS	resolved	mygene.info	pinned_local_build
ALOX12B	ALOX12B	ENSG00000179477	ensembl_gene	ENSG00000179477	430	242	12R-LOX|ARCI2	resolved	mygene.info	pinned_local_build
ALOXE3	ALOXE3	ENSG00000179148	ensembl_gene	ENSG00000179148	13743	59344	ARCI3|E-LOX|LI5|eLOX-3|eLOX3	resolved	mygene.info	pinned_local_build
ALPI	ALPI	ENSG00000163295	ensembl_gene	ENSG00000163295	437	248	IAP	resolved	mygene.info	pinned_local_build
ALPK3	ALPK3	ENSG00000136383	ensembl_gene	ENSG00000136383	17574	57538	CMH27|MAK|MIDORI	resolved	mygene.info	pinned_local_build
ALPL	ALPL	ENSG00000162551	ensembl_gene	ENSG00000162551	438	249	AP-TNAP|APTNAP|HOPS|HPPA|HPPC|HPPI|HPPO|TNALP|TNAP|TNS-ALP|TNSALP	resolved	mygene.info	pinned_local_build
ALS2	ALS2	ENSG00000003393	ensembl_gene	ENSG00000003393	443	57679	ALS2CR6|ALSJ|IAHSP|PLSJ	resolved	mygene.info	pinned_local_build
ALX1	ALX1	ENSG00000180318	ensembl_gene	ENSG00000180318	1494	8092	CART1|FND3|HEL23	resolved	mygene.info	pinned_local_build
ALX3	ALX3	ENSG00000156150	ensembl_gene	ENSG00000156150	449	257	FND|FND1	resolved	mygene.info	pinned_local_build
ALX4	ALX4	ENSG00000052850	ensembl_gene	ENSG00000052850	450	60529	CRS5|FND2	resolved	mygene.info	pinned_local_build
ALYREF	ALYREF	ENSG00000183684	ensembl_gene	ENSG00000183684	19071	10189	ALY|ALY/REF|BEF|REF|THOC4	resolved	mygene.info	pinned_local_build
AMACR	AMACR	ENSG00000242110	ensembl_gene	ENSG00000242110	451	23600	AMACRD|CBAS4|P504S|RACE|RM	resolved	mygene.info	pinned_local_build
AMER1	AMER1	ENSG00000184675	ensembl_gene	ENSG00000184675	26837	139285	FAM123B|OSCS|WTX	resolved	mygene.info	pinned_local_build
AMPD2	AMPD2	ENSG00000116337	ensembl_gene	ENSG00000116337	469	271	AMPD|PCH9|SPG63	resolved	mygene.info	pinned_local_build
AMT	AMT	ENSG00000145020	ensembl_gene	ENSG00000145020	473	275	GCE|GCE2|GCST|GCVT|NKH	resolved	mygene.info	pinned_local_build
ANG	ANG	ENSG00000214274	ensembl_gene	ENSG00000214274	483	283	ALS9|HEL168|RAA1|RNASE4|RNASE5	resolved	mygene.info	pinned_local_build
ANGPT1	ANGPT1	ENSG00000154188	ensembl_gene	ENSG00000154188	484	284	AGP1|AGPT|AGPT-1|ANG1|HAE5	resolved	mygene.info	pinned_local_build
ANK2	ANK2	ENSG00000145362	ensembl_gene	ENSG00000145362	493	287	ANK-2|CFAP87|FAP87|LQT4|brank-2	resolved	mygene.info	pinned_local_build
ANK3	ANK3	ENSG00000151150	ensembl_gene	ENSG00000151150	494	288	ANKYRIN-G|MRT37	resolved	mygene.info	pinned_local_build
ANKFY1	ANKFY1	ENSG00000185722	ensembl_gene	ENSG00000185722	20763	51479	ANKHZN|BTBD23|ZFYVE14	resolved	mygene.info	pinned_local_build
ANKH	ANKH	ENSG00000154122	ensembl_gene	ENSG00000154122	15492	56172	ANK|CCAL2|CMDJ|CPPDD|HANK|MANK|SLC62A1	resolved	mygene.info	pinned_local_build
ANKLE2	ANKLE2	ENSG00000176915	ensembl_gene	ENSG00000176915	29101	23141	KIAA0692|LEMD7|Lem4|MCPH16	resolved	mygene.info	pinned_local_build
ANKRD1	ANKRD1	ENSG00000148677	ensembl_gene	ENSG00000148677	15819	27063	ALRP|C-193|CARP|CVARP|MCARP|bA320F15.2	resolved	mygene.info	pinned_local_build
ANKRD11	ANKRD11	ENSG00000167522	ensembl_gene	ENSG00000167522	21316	29123	ANCO-1|ANCO1|LZ16|T13	resolved	mygene.info	pinned_local_build
ANKRD17	ANKRD17	ENSG00000132466	ensembl_gene	ENSG00000132466	23575	26057	CAGS|GTAR|MASK2|NY-BR-16	resolved	mygene.info	pinned_local_build
ANKS6	ANKS6	ENSG00000165138	ensembl_gene	ENSG00000165138	26724	203286	ANKRD14|NPHP16|PKDR1|SAMD6	resolved	mygene.info	pinned_local_build
ANKZF1	ANKZF1	ENSG00000163516	ensembl_gene	ENSG00000163516	25527	55139	Vms1|ZNF744	resolved	mygene.info	pinned_local_build
ANO10	ANO10	ENSG00000160746	ensembl_gene	ENSG00000160746	25519	55129	SCAR10|TMEM16K	resolved	mygene.info	pinned_local_build
ANO3	ANO3	ENSG00000134343	ensembl_gene	ENSG00000134343	14004	63982	C11orf25|DYT23|DYT24|GENX-3947|TMEM16C	resolved	mygene.info	pinned_local_build
ANO4	ANO4	ENSG00000262139	ensembl_gene	ENSG00000262139	23837	121601	TMEM16D	resolved	mygene.info	pinned_local_build
ANO5	ANO5	ENSG00000171714	ensembl_gene	ENSG00000171714	27337	203859	GDD1|LGMD2L|LGMDR12|TMEM16E	resolved	mygene.info	pinned_local_build
ANOS1	ANOS1	ENSG00000011201	ensembl_gene	ENSG00000011201	6211	3730	ADMLX|HH1|HHA|KAL|KAL1|KALIG-1|KMS|WFDC19	resolved	mygene.info	pinned_local_build
ANTXR1	ANTXR1	ENSG00000169604	ensembl_gene	ENSG00000169604	21014	84168	ATR|GAPO|TEM8	resolved	mygene.info	pinned_local_build
ANTXR2	ANTXR2	ENSG00000163297	ensembl_gene	ENSG00000163297	21732	118429	CMG-2|CMG2|HFS|ISH|JHF	resolved	mygene.info	pinned_local_build
AP1G1	AP1G1	ENSG00000166747	ensembl_gene	ENSG00000166747	555	164	ADTG|CLAPG1|USRISD	resolved	mygene.info	pinned_local_build
AP1S2	AP1S2	ENSG00000182287	ensembl_gene	ENSG00000182287	560	8905	DC22|MRX59|MRXS21|MRXS5|MRXSF|PGS|SIGMA1B	resolved	mygene.info	pinned_local_build
AP2M1	AP2M1	ENSG00000161203	ensembl_gene	ENSG00000161203	564	1173	AP50|CLAPM1|MRD60|mu2	resolved	mygene.info	pinned_local_build
AP2S1	AP2S1	ENSG00000042753	ensembl_gene	ENSG00000042753	565	1175	AP17|CLAPS2|FBH3|FBHOk|HHC3	resolved	mygene.info	pinned_local_build
AP3B1	AP3B1	ENSG00000132842	ensembl_gene	ENSG00000132842	566	8546	ADTB3|ADTB3A|HPS|HPS2|PE	resolved	mygene.info	pinned_local_build
AP3B2	AP3B2	ENSG00000103723	ensembl_gene	ENSG00000103723	567	8120	DEE48|EIEE48|NAPTB	resolved	mygene.info	pinned_local_build
AP3D1	AP3D1	ENSG00000065000	ensembl_gene	ENSG00000065000	568	8943	ADTD|HPS10|hBLVR	resolved	mygene.info	pinned_local_build
AP4B1	AP4B1	ENSG00000134262	ensembl_gene	ENSG00000134262	572	10717	BETA-4|CPSQ5|SPG47	resolved	mygene.info	pinned_local_build
AP4E1	AP4E1	ENSG00000081014	ensembl_gene	ENSG00000081014	573	23431	CPSQ4|SPG51|STUT1	resolved	mygene.info	pinned_local_build
AP4M1	AP4M1	ENSG00000221838	ensembl_gene	ENSG00000221838	574	9179	CPSQ3|MU-4|MU-ARP2|SPG50	resolved	mygene.info	pinned_local_build
AP4S1	AP4S1	ENSG00000100478	ensembl_gene	ENSG00000100478	575	11154	AP47B|CLA20|CLAPS4|CPSQ6|SPG52	resolved	mygene.info	pinned_local_build
AP5Z1	AP5Z1	ENSG00000242802	ensembl_gene	ENSG00000242802	22197	9907	KIAA0415|SPG48|zeta	resolved	mygene.info	pinned_local_build
APC	APC	ENSG00000134982	ensembl_gene	ENSG00000134982	583	324	BTPS2|DESMD|DP2|DP2.5|DP3|GS|PPP1R46	resolved	mygene.info	pinned_local_build
APC2	APC2	ENSG00000115266	ensembl_gene	ENSG00000115266	24036	10297	APCL|MRT74	resolved	mygene.info	pinned_local_build
APOA1	APOA1	ENSG00000118137	ensembl_gene	ENSG00000118137	600	335	AMYLD3|HPALP2|apo(a)	resolved	mygene.info	pinned_local_build
APOA5	APOA5	ENSG00000110243	ensembl_gene	ENSG00000110243	17288	116519	APOAV|RAP3	resolved	mygene.info	pinned_local_build
APOB	APOB	ENSG00000291544	ensembl_gene	ENSG00000291544	603	338	FCHL2|FLDB|LDLCQ4|apoB-100|apoB-48	resolved	mygene.info	pinned_local_build
APOC3	APOC3	ENSG00000110245	ensembl_gene	ENSG00000110245	610	345	APOCIII|Apo-C3|ApoC-3	resolved	mygene.info	pinned_local_build
APOE	APOE	ENSG00000130203	ensembl_gene	ENSG00000130203	613	348	AD2|APO-E|ApoE4|LDLCQ5|LPG	resolved	mygene.info	pinned_local_build
APOL2	APOL2	ENSG00000128335	ensembl_gene	ENSG00000128335	619	23780	APOL-II	resolved	mygene.info	pinned_local_build
APOL4	APOL4	ENSG00000100336	ensembl_gene	ENSG00000100336	14867	80832	APOL-IV|APOLIV	resolved	mygene.info	pinned_local_build
APP	APP	ENSG00000142192	ensembl_gene	ENSG00000142192	620	351	AAA|ABETA|ABPP|AD1|APPI|CTFgamma|CVAP|PN-II|PN2|alpha-sAPP|preA4	resolved	mygene.info	pinned_local_build
APTX	APTX	ENSG00000137074	ensembl_gene	ENSG00000137074	15984	54840	AOA|AOA1|AXA1|EAOH|EOAHA|FHA-HIT	resolved	mygene.info	pinned_local_build
AQP1	AQP1	ENSG00000240583	ensembl_gene	ENSG00000240583	633	358	AQP-CHIP|CHIP28|CO	resolved	mygene.info	pinned_local_build
AQP2	AQP2	ENSG00000167580	ensembl_gene	ENSG00000167580	634	359	AQP-2|AQP-CD|NDI2|WCH-CD	resolved	mygene.info	pinned_local_build
ARAF	ARAF	ENSG00000078061	ensembl_gene	ENSG00000078061	646	369	A-RAF|ARAF1|PKS2|RAFA1	resolved	mygene.info	pinned_local_build
ARCN1	ARCN1	ENSG00000095139	ensembl_gene	ENSG00000095139	649	372	COPD|SRMMD|SSMG	resolved	mygene.info	pinned_local_build
ARF1	ARF1	ENSG00000143761	ensembl_gene	ENSG00000143761	652	375	PVNH8	resolved	mygene.info	pinned_local_build
ARF3	ARF3	ENSG00000134287	ensembl_gene	ENSG00000134287	654	377		resolved	mygene.info	pinned_local_build
ARFGAP2	ARFGAP2	ENSG00000149182	ensembl_gene	ENSG00000149182	13504	84364	IRZ|NBLA10535|ZFP289|ZNF289	resolved	mygene.info	pinned_local_build
ARFGEF1	ARFGEF1	ENSG00000066777	ensembl_gene	ENSG00000066777	15772	10565	ARFGEP1|BIG1|DEDISB|P200	resolved	mygene.info	pinned_local_build
ARFGEF2	ARFGEF2	ENSG00000124198	ensembl_gene	ENSG00000124198	15853	10564	BIG2|PVNH2|dJ1164I10.1	resolved	mygene.info	pinned_local_build
ARG1	ARG1	ENSG00000118520	ensembl_gene	ENSG00000118520	663	383		resolved	mygene.info	pinned_local_build
ARHGAP24	ARHGAP24	ENSG00000138639	ensembl_gene	ENSG00000138639	25361	83478	FILGAP|RC-GAP72|RCGAP72|p73|p73RhoGAP	resolved	mygene.info	pinned_local_build
ARHGAP31	ARHGAP31	ENSG00000031081	ensembl_gene	ENSG00000031081	29216	57514	AOS|AOS1|CDGAP	resolved	mygene.info	pinned_local_build
ARHGAP4	ARHGAP4	ENSG00000089820	ensembl_gene	ENSG00000089820	674	393	C1|RGC1|RhoGAP4|SrGAP4|p115	resolved	mygene.info	pinned_local_build
ARHGDIA	ARHGDIA	ENSG00000141522	ensembl_gene	ENSG00000141522	678	396	GDIA1|HEL-S-47e|NPHS8|RHOGDI|RHOGDI-1	resolved	mygene.info	pinned_local_build
ARHGEF12	ARHGEF12	ENSG00000196914	ensembl_gene	ENSG00000196914	14193	23365	LARG|PRO2792	resolved	mygene.info	pinned_local_build
ARHGEF15	ARHGEF15	ENSG00000198844	ensembl_gene	ENSG00000198844	15590	22899	ARGEF15|BSVD5|E5|Ephexin5|Vsm-RhoGEF	resolved	mygene.info	pinned_local_build
ARHGEF2	ARHGEF2	ENSG00000116584	ensembl_gene	ENSG00000116584	682	9181	GEF|GEF-H1|GEFH1|LFP40|Lfc|NEDMHM|P40	resolved	mygene.info	pinned_local_build
ARHGEF28	ARHGEF28	ENSG00000214944	ensembl_gene	ENSG00000214944	30322	64283	RGNEF|RIP2|p190RHOGEF	resolved	mygene.info	pinned_local_build
ARHGEF6	ARHGEF6	ENSG00000129675	ensembl_gene	ENSG00000129675	685	9459	COOL2|Cool-2|MRX46|PIXA|alpha-PIX|alphaPIX	resolved	mygene.info	pinned_local_build
ARHGEF9	ARHGEF9	ENSG00000131089	ensembl_gene	ENSG00000131089	14561	23229	COLLYBISTIN|DEE8|EIEE8|HPEM-2|PEM-2|PEM2	resolved	mygene.info	pinned_local_build
ARID1A	ARID1A	ENSG00000117713	ensembl_gene	ENSG00000117713	11110	8289	B120|BAF250|BAF250a|BM029|C1orf4|CSS2|ELD|MRD14|OSA1|P270|SMARCF1|hELD|hOSA1	resolved	mygene.info	pinned_local_build
ARID1B	ARID1B	ENSG00000049618	ensembl_gene	ENSG00000049618	18040	57492	6A3-5|BAF250B|BRIGHT|CSS1|DAN15|ELD/OSA1|MRD12|OSA2|P250R|SMARCF2	resolved	mygene.info	pinned_local_build
ARID2	ARID2	ENSG00000189079	ensembl_gene	ENSG00000189079	18037	196528	BAF200|CSS6|SMARCF3|ZIPZAP|p200	resolved	mygene.info	pinned_local_build
ARID5A	ARID5A	ENSG00000196843	ensembl_gene	ENSG00000196843	17361	10865	MRF-1|MRF1|RP11-363D14	resolved	mygene.info	pinned_local_build
ARIH1	ARIH1	ENSG00000166233	ensembl_gene	ENSG00000166233	689	25820	ARI|HARI|HHARI|UBCH7BP	resolved	mygene.info	pinned_local_build
ARL13B	ARL13B	ENSG00000169379	ensembl_gene	ENSG00000169379	25419	200894	ARL2L1|JBTS8	resolved	mygene.info	pinned_local_build
ARL15	ARL15	ENSG00000185305	ensembl_gene	ENSG00000185305	25945	54622	ARFRP2	resolved	mygene.info	pinned_local_build
ARL6	ARL6	ENSG00000113966	ensembl_gene	ENSG00000113966	13210	84100	BBS3|RP55	resolved	mygene.info	pinned_local_build
ARL6IP1	ARL6IP1	ENSG00000170540	ensembl_gene	ENSG00000170540	697	23204	AIP1|ARL6IP|ARMER|SPG61	resolved	mygene.info	pinned_local_build
ARMC5	ARMC5	ENSG00000140691	ensembl_gene	ENSG00000140691	25781	79798	AIMAH2	resolved	mygene.info	pinned_local_build
ARMC9	ARMC9	ENSG00000135931	ensembl_gene	ENSG00000135931	20730	80210	ARM|JBTS30|KU-MEL-1|NS21	resolved	mygene.info	pinned_local_build
ARNT2	ARNT2	ENSG00000172379	ensembl_gene	ENSG00000172379	16876	9915	WEDAS|bHLHe1	resolved	mygene.info	pinned_local_build
ARSA	ARSA	ENSG00000100299	ensembl_gene	ENSG00000100299	713	410	ASA|MLD	resolved	mygene.info	pinned_local_build
ARSB	ARSB	ENSG00000113273	ensembl_gene	ENSG00000113273	714	411	ASB|G4S|MPS6	resolved	mygene.info	pinned_local_build
ARSI	ARSI	ENSG00000183876	ensembl_gene	ENSG00000183876	32521	340075	ASI|SPG66	resolved	mygene.info	pinned_local_build
ARV1	ARV1	ENSG00000173409	ensembl_gene	ENSG00000173409	29561	64801	DEE38|EIEE38	resolved	mygene.info	pinned_local_build
ARVCF	ARVCF	ENSG00000099889	ensembl_gene	ENSG00000099889	728	421		resolved	mygene.info	pinned_local_build
ARX	ARX	ENSG00000004848	ensembl_gene	ENSG00000004848	18060	170302	CT121|EIEE1|ISSX|MRX29|MRX32|MRX33|MRX36|MRX38|MRX43|MRX54|MRX76|MRX87|MRXS1|PRTS	resolved	mygene.info	pinned_local_build
ASAH1	ASAH1	ENSG00000104763	ensembl_gene	ENSG00000104763	735	427	AC|ACDase|ASAH|PHP|PHP32|SMAPME	resolved	mygene.info	pinned_local_build
ASAH1-AS1	ASAH1-AS1		unknown_namespace		55603	101929066		symbol_only	mygene.info	pinned_local_build
ASCL1	ASCL1	ENSG00000139352	ensembl_gene	ENSG00000139352	738	429	ASH1|HASH1|MASH1|bHLHa46	resolved	mygene.info	pinned_local_build
ASH1L	ASH1L	ENSG00000116539	ensembl_gene	ENSG00000116539	19088	55870	ASH1|ASH1L1|KMT2H|MRD52	resolved	mygene.info	pinned_local_build
ASIC5	ASIC5	ENSG00000262505	ensembl_gene	ENSG00000262505	17537	51802	ACCN5|BASIC|HINAC|INAC	resolved	mygene.info	pinned_local_build
ASL	ASL	ENSG00000126522	ensembl_gene	ENSG00000126522	746	435	ASAL|ASLD	resolved	mygene.info	pinned_local_build
ASNS	ASNS	ENSG00000070669	ensembl_gene	ENSG00000070669	753	440	ASNSD|TS11	resolved	mygene.info	pinned_local_build
ASPA	ASPA	ENSG00000108381	ensembl_gene	ENSG00000108381	756	443	ACY2|ASP	resolved	mygene.info	pinned_local_build
ASPM	ASPM	ENSG00000066279	ensembl_gene	ENSG00000066279	19048	259266	ASP|Calmbp1|MCPH5	resolved	mygene.info	pinned_local_build
ASRGL1	ASRGL1	ENSG00000162174	ensembl_gene	ENSG00000162174	16448	80150	ALP|ALP1|CRASH	resolved	mygene.info	pinned_local_build
ASS1	ASS1	ENSG00000130707	ensembl_gene	ENSG00000130707	758	445	ASS|CTLN1	resolved	mygene.info	pinned_local_build
ASTN1	ASTN1	ENSG00000152092	ensembl_gene	ENSG00000152092	773	460	ASTN	resolved	mygene.info	pinned_local_build
ASTN2	ASTN2	ENSG00000148219	ensembl_gene	ENSG00000148219	17021	23245	bA67K19.1	resolved	mygene.info	pinned_local_build
ASXL1	ASXL1	ENSG00000171456	ensembl_gene	ENSG00000171456	18318	171023	BOPS|MDS	resolved	mygene.info	pinned_local_build
ASXL2	ASXL2	ENSG00000143970	ensembl_gene	ENSG00000143970	23805	55252	ASXH2|SHAPNS	resolved	mygene.info	pinned_local_build
ASXL3	ASXL3	ENSG00000141431	ensembl_gene	ENSG00000141431	29357	80816	BRPS|KIAA1713	resolved	mygene.info	pinned_local_build
ATAD1	ATAD1	ENSG00000138138	ensembl_gene	ENSG00000138138	25903	84896	AFDC1|FNP001|HKPX4|Msp1|THORASE|hATAD1	resolved	mygene.info	pinned_local_build
ATAD3A	ATAD3A	ENSG00000197785	ensembl_gene	ENSG00000197785	25567	55210	HAYOS|PHRINL	resolved	mygene.info	pinned_local_build
ATCAY	ATCAY	ENSG00000167654	ensembl_gene	ENSG00000167654	779	85300	BNIP-H|CLAC	resolved	mygene.info	pinned_local_build
ATIC	ATIC	ENSG00000138363	ensembl_gene	ENSG00000138363	794	471	AICAR|AICARFT|HEL-S-70p|IMPCHASE|PURH	resolved	mygene.info	pinned_local_build
ATL1	ATL1	ENSG00000198513	ensembl_gene	ENSG00000198513	11231	51062	AD-FSP|ATL-1|FSP1|HSN1D|SPG3|SPG3A|atlastin1	resolved	mygene.info	pinned_local_build
ATL3	ATL3	ENSG00000184743	ensembl_gene	ENSG00000184743	24526	25923	AT3|ATL-3|HSN1F	resolved	mygene.info	pinned_local_build
ATM	ATM	ENSG00000149311	ensembl_gene	ENSG00000149311	795	472	AT1|ATA|ATC|ATD|ATDC|ATE|TEL1|TELO1	resolved	mygene.info	pinned_local_build
ATN1	ATN1	ENSG00000111676	ensembl_gene	ENSG00000111676	3033	1822	B37|CHEDDA|D12S755E|DRPLA|HRS|NOD	resolved	mygene.info	pinned_local_build
ATOH1	ATOH1	ENSG00000172238	ensembl_gene	ENSG00000172238	797	474	ATH1|DFNA89|HATH1|MATH-1|bHLHa14	resolved	mygene.info	pinned_local_build
ATP13A2	ATP13A2	ENSG00000159363	ensembl_gene	ENSG00000159363	30213	23400	CLN12|HSA9947|KRPPD|PARK9|SPG78	resolved	mygene.info	pinned_local_build
ATP1A1	ATP1A1	ENSG00000163399	ensembl_gene	ENSG00000163399	799	476	CMT2DD|HOMGSMR2	resolved	mygene.info	pinned_local_build
ATP1A2	ATP1A2	ENSG00000018625	ensembl_gene	ENSG00000018625	800	477	DEE98|FARIMPD|FHM2|MHP2	resolved	mygene.info	pinned_local_build
ATP1A3	ATP1A3	ENSG00000105409	ensembl_gene	ENSG00000105409	801	478	AHC2|CAPOS|DEE99|DYT12|RDP	resolved	mygene.info	pinned_local_build
ATP1B1	ATP1B1	ENSG00000143153	ensembl_gene	ENSG00000143153	804	481	ATP1B	resolved	mygene.info	pinned_local_build
ATP2A2	ATP2A2	ENSG00000174437	ensembl_gene	ENSG00000174437	812	488	ATP2B|DAR|DD|RHABDO2|SERCA2	resolved	mygene.info	pinned_local_build
ATP2B1	ATP2B1	ENSG00000070961	ensembl_gene	ENSG00000070961	814	490	MRD66|PMCA1|PMCA1kb	resolved	mygene.info	pinned_local_build
ATP2B2	ATP2B2	ENSG00000157087	ensembl_gene	ENSG00000157087	815	491	DFNA82|PMCA2|PMCA2a|PMCA2i	resolved	mygene.info	pinned_local_build
ATP2B3	ATP2B3	ENSG00000067842	ensembl_gene	ENSG00000067842	816	492	CFAP39|CLA2|OPCA|PMCA3|PMCA3a|SCAX1	resolved	mygene.info	pinned_local_build
ATP2B4	ATP2B4	ENSG00000058668	ensembl_gene	ENSG00000058668	817	493	ATP2B2|MXRA1|PMCA4|PMCA4b|PMCA4x	resolved	mygene.info	pinned_local_build
ATP5F1A	ATP5F1A	ENSG00000152234	ensembl_gene	ENSG00000152234	823	498	ATP5A|ATP5A1|ATP5AL2|ATPM|COXPD22|HEL-S-123m|MC5DN4|MC5DN4A|MC5DN4B|MOM2|OMR|ORM|hATP1	resolved	mygene.info	pinned_local_build
ATP5F1E	ATP5F1E	ENSG00000124172	ensembl_gene	ENSG00000124172	838	514	ATP5E|ATPE|MC5DN3	resolved	mygene.info	pinned_local_build
ATP5MC3	ATP5MC3	ENSG00000154518	ensembl_gene	ENSG00000154518	843	518	ATP5G3|DYTSPG|P3	resolved	mygene.info	pinned_local_build
ATP5MF	ATP5MF	ENSG00000241468	ensembl_gene	ENSG00000241468	848	9551	ATP5J2|ATP5JL	resolved	mygene.info	pinned_local_build
ATP5MG	ATP5MG	ENSG00000167283	ensembl_gene	ENSG00000167283	14247	10632	ATP5JG|ATP5L	resolved	mygene.info	pinned_local_build
ATP5MGL	ATP5MGL	ENSG00000249222	ensembl_gene	ENSG00000249222	13213	267020	ATP5K2|ATP5L2	resolved	mygene.info	pinned_local_build
ATP5MK	ATP5MK	ENSG00000173915	ensembl_gene	ENSG00000173915	30889	84833	AGP|ATP5MD|DAPIT|HCVFTP2|MC5DN6|USMG5|bA792D24.4	resolved	mygene.info	pinned_local_build
ATP5PB	ATP5PB	ENSG00000116459	ensembl_gene	ENSG00000116459	840	515	ATP5F1|PIG47	resolved	mygene.info	pinned_local_build
ATP5PD	ATP5PD	ENSG00000167863	ensembl_gene	ENSG00000167863	845	10476	APT5H|ATP5H|ATPQ	resolved	mygene.info	pinned_local_build
ATP5PO	ATP5PO	ENSG00000241837	ensembl_gene	ENSG00000241837	850	539	ATP5O|ATPO|HMC08D05|MC5DN7|OSCP	resolved	mygene.info	pinned_local_build
ATP6AP1	ATP6AP1	ENSG00000071553	ensembl_gene	ENSG00000071553	868	537	16A|ATP6IP1|ATP6S1|Ac45|CF2|VATPS1|XAP-3|XAP3	resolved	mygene.info	pinned_local_build
ATP6AP2	ATP6AP2	ENSG00000182220	ensembl_gene	ENSG00000182220	18305	10159	(P)RR|APT6M8-9|ATP6IP2|ATP6M8-9|CDG2R|ELDF10|HT028|M8-9|MRXE|MRXSH|MSTP009|PRR|RENR|XMRE|XPDS	resolved	mygene.info	pinned_local_build
ATP6V0A1	ATP6V0A1	ENSG00000033627	ensembl_gene	ENSG00000033627	865	535	ATP6N1|ATP6N1A|DEE104|NEDEBA|Stv1|VPP1|Vph1|a1	resolved	mygene.info	pinned_local_build
ATP6V0A2	ATP6V0A2	ENSG00000185344	ensembl_gene	ENSG00000185344	18481	23545	A2|ARCL|ARCL2A|ATP6A2|ATP6N1D|J6B7|RTF|STV1|TJ6|TJ6M|TJ6S|VPH1|WSS|a2V	resolved	mygene.info	pinned_local_build
ATP6V0A4	ATP6V0A4	ENSG00000105929	ensembl_gene	ENSG00000105929	866	50617	A4|ATP6N1B|ATP6N2|DRTA3|RDRTA2|RTA1C|RTADR|STV1|VPH1|VPP2	resolved	mygene.info	pinned_local_build
ATP6V0C	ATP6V0C	ENSG00000185883	ensembl_gene	ENSG00000185883	855	527	ATP6C|ATP6L|ATPL|EPEO3|VATL|VPPC|Vma3	resolved	mygene.info	pinned_local_build
ATP6V1A	ATP6V1A	ENSG00000114573	ensembl_gene	ENSG00000114573	851	523	ARCL2D|ATP6A1|ATP6V1A1|DEE93|HO68|IECEE3|VA68|VPP2|Vma1	resolved	mygene.info	pinned_local_build
ATP6V1B1	ATP6V1B1	ENSG00000116039	ensembl_gene	ENSG00000116039	853	525	ATP6B1|DRTA2|RTA1B|VATB|VMA2|VPP3	resolved	mygene.info	pinned_local_build
ATP6V1B2	ATP6V1B2	ENSG00000147416	ensembl_gene	ENSG00000147416	854	526	ATP6B1B2|ATP6B2|DOOD|HO57|VATB|VPP3|Vma2|ZLS2	resolved	mygene.info	pinned_local_build
ATP6V1E1	ATP6V1E1	ENSG00000131100	ensembl_gene	ENSG00000131100	857	529	ARCL2C|ATP6E|ATP6E2|ATP6V1E|P31|Vma4	resolved	mygene.info	pinned_local_build
ATP7A	ATP7A	ENSG00000165240	ensembl_gene	ENSG00000165240	869	538	DSMAX|HMNX|MK|MNK|SMAX3	resolved	mygene.info	pinned_local_build
ATP7B	ATP7B	ENSG00000123191	ensembl_gene	ENSG00000123191	870	540	PWD|WC1|WD|WND	resolved	mygene.info	pinned_local_build
ATP8A2	ATP8A2	ENSG00000132932	ensembl_gene	ENSG00000132932	13533	51761	ATP|ATPIB|CAMRQ4|IB|ML-1	resolved	mygene.info	pinned_local_build
ATP8B1	ATP8B1	ENSG00000081923	ensembl_gene	ENSG00000081923	3706	5205	ATPIC|BRIC|FIC1|ICP1|PFIC|PFIC1	resolved	mygene.info	pinned_local_build
ATP9A	ATP9A	ENSG00000054793	ensembl_gene	ENSG00000054793	13540	10079	ATPIIA|NEDGBA	resolved	mygene.info	pinned_local_build
ATPAF1	ATPAF1	ENSG00000123472	ensembl_gene	ENSG00000123472	18803	64756	ATP11|ATP11p	resolved	mygene.info	pinned_local_build
ATPAF2	ATPAF2	ENSG00000171953	ensembl_gene	ENSG00000171953	18802	91647	ATP12|ATP12p|LP3663|MC5DN1	resolved	mygene.info	pinned_local_build
ATR	ATR	ENSG00000175054	ensembl_gene	ENSG00000175054	882	545	FCTCS|FRP1|MEC1|SCKL|SCKL1	resolved	mygene.info	pinned_local_build
ATRIP	ATRIP	ENSG00000164053	ensembl_gene	ENSG00000164053	33499	84126		resolved	mygene.info	pinned_local_build
ATRN	ATRN	ENSG00000088812	ensembl_gene	ENSG00000088812	885	8455	DPPT-L|MGCA	resolved	mygene.info	pinned_local_build
ATRX	ATRX	ENSG00000085224	ensembl_gene	ENSG00000085224	886	546	JMS|MRX52|RAD54|RAD54L|XH2|XNP|ZNF-HX	resolved	mygene.info	pinned_local_build
ATXN1	ATXN1	ENSG00000124788	ensembl_gene	ENSG00000124788	10548	6310	ATX1|D6S504E|SCA1	resolved	mygene.info	pinned_local_build
ATXN10	ATXN10	ENSG00000130638	ensembl_gene	ENSG00000130638	10549	25814	ATX10|E46L|HUMEEP|SCA10	resolved	mygene.info	pinned_local_build
ATXN2	ATXN2	ENSG00000204842	ensembl_gene	ENSG00000204842	10555	6311	ATX2|SCA2|TNRC13	resolved	mygene.info	pinned_local_build
ATXN3	ATXN3	ENSG00000066427	ensembl_gene	ENSG00000066427	7106	4287	AT3|ATX3|JOS|MJD|MJD1|SCA3	resolved	mygene.info	pinned_local_build
ATXN7	ATXN7	ENSG00000163635	ensembl_gene	ENSG00000163635	10560	6314	ADCAII|OPCA3|SCA7|SGF73	resolved	mygene.info	pinned_local_build
AUH	AUH	ENSG00000148090	ensembl_gene	ENSG00000148090	890	549		resolved	mygene.info	pinned_local_build
AUTS2	AUTS2	ENSG00000158321	ensembl_gene	ENSG00000158321	14262	26053	FBRSL2|MRD26	resolved	mygene.info	pinned_local_build
AVPR2	AVPR2	ENSG00000126895	ensembl_gene	ENSG00000126895	897	554	ADHR|DI1|DIR|DIR3|NDI|NDI1|V2R	resolved	mygene.info	pinned_local_build
B3GALNT2	B3GALNT2	ENSG00000282880	ensembl_gene	ENSG00000282880	28596	148789	B3GalNAc-T2|MDDGA11	resolved	mygene.info	pinned_local_build
B3GAT3	B3GAT3	ENSG00000149541	ensembl_gene	ENSG00000149541	923	26229	GLCATI|JDSCD|glcUAT-I	resolved	mygene.info	pinned_local_build
B3GLCT	B3GLCT	ENSG00000187676	ensembl_gene	ENSG00000187676	20207	145173	B3GALTL|B3GTL|B3Glc-T|Gal-T|beta3Glc-T	resolved	mygene.info	pinned_local_build
B3GNT2	B3GNT2	ENSG00000170340	ensembl_gene	ENSG00000170340	15629	10678	3-Gn-T1|3-Gn-T2|B3GN-T2|B3GNT|B3GNT-2|B3GNT1|BETA3GNT|BGNT2|BGnT-2|beta-1|beta3Gn-T1|beta3Gn-T2	resolved	mygene.info	pinned_local_build
B4GALNT1	B4GALNT1	ENSG00000135454	ensembl_gene	ENSG00000135454	4117	2583	GALGT|GALNACT|GalNAc-T|SPG26	resolved	mygene.info	pinned_local_build
B4GALT1	B4GALT1	ENSG00000086062	ensembl_gene	ENSG00000086062	924	2683	B4GAL-T1|CDG2D|CLDLFIB|GGTB2|GT1|GTB|beta4Gal-T1	resolved	mygene.info	pinned_local_build
B4GAT1	B4GAT1	ENSG00000174684	ensembl_gene	ENSG00000174684	15685	11041	B3GN-T1|B3GNT1|B3GNT6|BETA3GNTI|MDDGA13|iGAT|iGNT	resolved	mygene.info	pinned_local_build
B9D1	B9D1	ENSG00000108641	ensembl_gene	ENSG00000108641	24123	27077	B9|EPPB9|JBTS27|MKS9|MKSR-1|MKSR1	resolved	mygene.info	pinned_local_build
B9D2	B9D2	ENSG00000123810	ensembl_gene	ENSG00000123810	28636	80776	ICIS-1|JBTS34|MKS10|MKSR-2|MKSR2	resolved	mygene.info	pinned_local_build
BAG3	BAG3	ENSG00000151929	ensembl_gene	ENSG00000151929	939	9531	BAG-3|BIS|CAIR-1|CMD1HH|CMT2JJ|HMND15|MFM6	resolved	mygene.info	pinned_local_build
BAIAP2	BAIAP2	ENSG00000175866	ensembl_gene	ENSG00000175866	947	10458	BAP2|DEE120|FLAF3|IRSP53|WAML	resolved	mygene.info	pinned_local_build
BAP1	BAP1	ENSG00000163930	ensembl_gene	ENSG00000163930	950	8314	HUCEP-13|KURIS|TPDS1|UBM2|UCHL2|UVM2|hucep-6	resolved	mygene.info	pinned_local_build
BAZ1A	BAZ1A	ENSG00000198604	ensembl_gene	ENSG00000198604	960	11177	ACF1|WALp1|WCRF180|hACF1	resolved	mygene.info	pinned_local_build
BAZ2B	BAZ2B	ENSG00000123636	ensembl_gene	ENSG00000123636	963	29994	WALp4	resolved	mygene.info	pinned_local_build
BBIP1	BBIP1	ENSG00000214413	ensembl_gene	ENSG00000214413	28093	92482	BBIP10|BBS18|NCRNA00081|bA348N5.3	resolved	mygene.info	pinned_local_build
BBS1	BBS1	ENSG00000174483	ensembl_gene	ENSG00000174483	966	582	BBS2L2	resolved	mygene.info	pinned_local_build
BBS10	BBS10	ENSG00000179941	ensembl_gene	ENSG00000179941	26291	79738	C12orf58	resolved	mygene.info	pinned_local_build
BBS12	BBS12	ENSG00000181004	ensembl_gene	ENSG00000181004	26648	166379	C4orf24	resolved	mygene.info	pinned_local_build
BBS2	BBS2	ENSG00000125124	ensembl_gene	ENSG00000125124	967	583	BBS|RP74	resolved	mygene.info	pinned_local_build
BBS4	BBS4	ENSG00000140463	ensembl_gene	ENSG00000140463	969	585		resolved	mygene.info	pinned_local_build
BBS5	BBS5	ENSG00000163093	ensembl_gene	ENSG00000163093	970	129880		resolved	mygene.info	pinned_local_build
BBS7	BBS7	ENSG00000138686	ensembl_gene	ENSG00000138686	18758	55212	BBS2L1	resolved	mygene.info	pinned_local_build
BBS9	BBS9	ENSG00000122507	ensembl_gene	ENSG00000122507	30000	27241	B1|C18|D1|PTHB1	resolved	mygene.info	pinned_local_build
BCAP31	BCAP31	ENSG00000185825	ensembl_gene	ENSG00000185825	16695	10134	6C6-AG|BAP31|CDM|DDCH|DELXQ28|DXS1357E|MICRODELXq28	resolved	mygene.info	pinned_local_build
BCAS3	BCAS3	ENSG00000141376	ensembl_gene	ENSG00000141376	14347	54828	GAOB1|HEMARS|MAAB|PHAF2	resolved	mygene.info	pinned_local_build
BCHE	BCHE	ENSG00000114200	ensembl_gene	ENSG00000114200	983	590	BCHED|CHE1|CHE2|E1	resolved	mygene.info	pinned_local_build
BCKDHA	BCKDHA	ENSG00000248098	ensembl_gene	ENSG00000248098	986	593	BCKDE1A|MSU|MSUD1|MSUD1A|OVD1A	resolved	mygene.info	pinned_local_build
BCKDHB	BCKDHB	ENSG00000083123	ensembl_gene	ENSG00000083123	987	594	BCKDE1B|BCKDH E1-beta|E1B|MSUD1B|OVD1B	resolved	mygene.info	pinned_local_build
BCKDK	BCKDK	ENSG00000103507	ensembl_gene	ENSG00000103507	16902	10295	BCKDKD|BDK	resolved	mygene.info	pinned_local_build
BCL10	BCL10	ENSG00000142867	ensembl_gene	ENSG00000142867	989	8915	CARMEN|CIPER|CLAP|IMD37|c-E10|mE10	resolved	mygene.info	pinned_local_build
BCL11A	BCL11A	ENSG00000119866	ensembl_gene	ENSG00000119866	13221	53335	CTIP1|DILOS|EVI9|HBFQTL5|SMARCM1|ZNF856	resolved	mygene.info	pinned_local_build
BCL11B	BCL11B	ENSG00000127152	ensembl_gene	ENSG00000127152	13222	64919	ATL1|ATL1-alpha|ATL1-beta|ATL1-delta|ATL1-gamma|CTIP-2|CTIP2|IDDFSTA|IMD49|RIT1|SMARCM2|ZNF856B|hRIT1-alpha	resolved	mygene.info	pinned_local_build
BCO2	BCO2	ENSG00000197580	ensembl_gene	ENSG00000197580	18503	83875	B-DIOX-II|BCDO2	resolved	mygene.info	pinned_local_build
BCOR	BCOR	ENSG00000183337	ensembl_gene	ENSG00000183337	20893	54880	ANOP2|MAA2|MCOPS2	resolved	mygene.info	pinned_local_build
BCR	BCR	ENSG00000186716	ensembl_gene	ENSG00000186716	1014	613	ALL|BCR1|CML|D22S11|D22S662|PHL	resolved	mygene.info	pinned_local_build
BCS1L	BCS1L	ENSG00000074582	ensembl_gene	ENSG00000074582	1020	617	BCS|BCS1|BJS|FLNMS|GRACILE|Hs.6719|MC3DN1|PTD|h-BCS|h-BCS1	resolved	mygene.info	pinned_local_build
BDNF	BDNF	ENSG00000176697	ensembl_gene	ENSG00000176697	1033	627	ANON2|BULN2	resolved	mygene.info	pinned_local_build
BDP1	BDP1	ENSG00000274803	ensembl_gene	ENSG00000274803	13652	55814	DFNB112|HSA238520|TAF3B1|TFC5|TFIIIB''|TFIIIB150|TFIIIB90|TFNR	resolved	mygene.info	pinned_local_build
BEAN1	BEAN1	ENSG00000166546	ensembl_gene	ENSG00000166546	24160	146227	BEAN|SCA31	resolved	mygene.info	pinned_local_build
BGN	BGN	ENSG00000182492	ensembl_gene	ENSG00000182492	1044	633	DSPG1|MRLS|PG-S1|PGI|SEMDX|SLRR1A	resolved	mygene.info	pinned_local_build
BHMT	BHMT	ENSG00000145692	ensembl_gene	ENSG00000145692	1047	635	BHMT1|HEL-S-61p	resolved	mygene.info	pinned_local_build
BICD1	BICD1	ENSG00000151746	ensembl_gene	ENSG00000151746	1049	636	BICD|bic-D 1	resolved	mygene.info	pinned_local_build
BICD2	BICD2	ENSG00000185963	ensembl_gene	ENSG00000185963	17208	23299	SMALED2|SMALED2A|SMALED2B|bA526D8.1	resolved	mygene.info	pinned_local_build
BIN1	BIN1	ENSG00000136717	ensembl_gene	ENSG00000136717	1052	274	AMPH2|AMPHL|CNM2|SH3P9	resolved	mygene.info	pinned_local_build
BLM	BLM	ENSG00000197299	ensembl_gene	ENSG00000197299	1058	641	BS|MGRISCE1|RECQ2|RECQL2|RECQL3	resolved	mygene.info	pinned_local_build
BLOC1S3	BLOC1S3	ENSG00000189114	ensembl_gene	ENSG00000189114	20914	388552	BLOS3|HPS8|RP	resolved	mygene.info	pinned_local_build
BLOC1S6	BLOC1S6	ENSG00000104164	ensembl_gene	ENSG00000104164	8549	26258	BLOS6|HPS9|PA|PALLID|PLDN	resolved	mygene.info	pinned_local_build
BLTP1	BLTP1	ENSG00000138688	ensembl_gene	ENSG00000138688	26953	84162	ALKKUCS|FSA|KIAA1109|Tweek	resolved	mygene.info	pinned_local_build
BMAL1	BMAL1	ENSG00000133794	ensembl_gene	ENSG00000133794	701	406	ARNTL|ARNTL1|BMAL1c|JAP3|MOP3|PASD3|TIC|bHLHe5	resolved	mygene.info	pinned_local_build
BMP1	BMP1	ENSG00000168487	ensembl_gene	ENSG00000168487	1067	649	OI13|PCOLC|PCP|TLD	resolved	mygene.info	pinned_local_build
BMP2	BMP2	ENSG00000125845	ensembl_gene	ENSG00000125845	1069	650	BDA2|BMP2A|SSFSC|SSFSC1	resolved	mygene.info	pinned_local_build
BMP4	BMP4	ENSG00000125378	ensembl_gene	ENSG00000125378	1071	652	BMP2B|BMP2B1|MCOPS6|OFC11|ZYME	resolved	mygene.info	pinned_local_build
BMP7	BMP7	ENSG00000101144	ensembl_gene	ENSG00000101144	1074	655	OP-1	resolved	mygene.info	pinned_local_build
BMPER	BMPER	ENSG00000164619	ensembl_gene	ENSG00000164619	24154	168667	CRIM3|CV-2|CV2	resolved	mygene.info	pinned_local_build
BMPR1A	BMPR1A	ENSG00000107779	ensembl_gene	ENSG00000107779	1076	657	10q23del|ACVRLK3|ALK-3|ALK3|BMPR-1A|CD292|SKR5	resolved	mygene.info	pinned_local_build
BMPR1B	BMPR1B	ENSG00000138696	ensembl_gene	ENSG00000138696	1077	658	ALK-6|ALK6|AMD3|AMDD|BDA1D|BDA2|CDw293	resolved	mygene.info	pinned_local_build
BOLA3	BOLA3	ENSG00000163170	ensembl_gene	ENSG00000163170	24415	388962	MMDS2	resolved	mygene.info	pinned_local_build
BORCS5	BORCS5	ENSG00000280689	ensembl_gene	ENSG00000280689	17950	118426	LOH12CR1|LOH1CR12	resolved	mygene.info	pinned_local_build
BPNT2	BPNT2	ENSG00000104331	ensembl_gene	ENSG00000104331	26019	54928	GPAPP|IMP 3|IMP-3|IMPA3|IMPAD1	resolved	mygene.info	pinned_local_build
BPTF	BPTF	ENSG00000171634	ensembl_gene	ENSG00000171634	3581	2186	FAC1|FALZ|NEDDFL|NURF301	resolved	mygene.info	pinned_local_build
BRAF	BRAF	ENSG00000157764	ensembl_gene	ENSG00000157764	1097	673	B-RAF1|B-raf|BRAF-1|BRAF1|NS7|RAFB1	resolved	mygene.info	pinned_local_build
BRAT1	BRAT1	ENSG00000106009	ensembl_gene	ENSG00000106009	21701	221927	BAAT1|C7orf27|NEDCAS|RMFSL	resolved	mygene.info	pinned_local_build
BRCA2	BRCA2	ENSG00000139618	ensembl_gene	ENSG00000139618	1101	675	BRCC2|BROVCA2|FACD|FAD|FAD1|FANCD|FANCD1|GLM3|PNCA2|XRCC11	resolved	mygene.info	pinned_local_build
BRCC3	BRCC3	ENSG00000185515	ensembl_gene	ENSG00000185515	24185	79184	BRCC36|C6.1A|CXorf53	resolved	mygene.info	pinned_local_build
BRD2	BRD2	ENSG00000215077	ensembl_gene	ENSG00000215077	1103	6046	BRD2-IT1|D6S113E|FSH|FSHRG1|FSRG1|NAT|O27.1.1|RING3|RNF3	resolved	mygene.info	pinned_local_build
BRD4	BRD4	ENSG00000141867	ensembl_gene	ENSG00000141867	13575	23476	CAP|CDLS6|FSHRG4|HUNK1|HUNKI|MCAP	resolved	mygene.info	pinned_local_build
BRF1	BRF1	ENSG00000185024	ensembl_gene	ENSG00000185024	11551	2972	BRF|BRF-1|CFDS|GTF3B|HEL-S-76p|TAF3B2|TAF3C|TAFIII90|TF3B90|TFIIIB90|hBRF	resolved	mygene.info	pinned_local_build
BRIP1	BRIP1	ENSG00000136492	ensembl_gene	ENSG00000136492	20473	83990	BACH1|FANCJ|OF	resolved	mygene.info	pinned_local_build
BRSK2	BRSK2	ENSG00000291428	ensembl_gene	ENSG00000291428	11405	9024	C11orf7|PEN11B|SAD-A|SAD1|SADA|STK29	resolved	mygene.info	pinned_local_build
BRWD3	BRWD3	ENSG00000165288	ensembl_gene	ENSG00000165288	17342	254065	BRODL|DCAF20|MRX93|XLID93	resolved	mygene.info	pinned_local_build
BSCL2	BSCL2	ENSG00000168000	ensembl_gene	ENSG00000168000	15832	26580	GNG3LG|HMN5|HMN5C|HMND13|PELD|SPG17	resolved	mygene.info	pinned_local_build
BSN	BSN	ENSG00000164061	ensembl_gene	ENSG00000164061	1117	8927	ZNF231	resolved	mygene.info	pinned_local_build
BSND	BSND	ENSG00000162399	ensembl_gene	ENSG00000162399	16512	7809	BART|DFNB73	resolved	mygene.info	pinned_local_build
BTD	BTD	ENSG00000169814	ensembl_gene	ENSG00000169814	1122	686		resolved	mygene.info	pinned_local_build
BTK	BTK	ENSG00000010671	ensembl_gene	ENSG00000010671	1133	695	AGMX1|AT|ATK|BPK|IGHD3|IMD1|PSCTK1|XLA	resolved	mygene.info	pinned_local_build
BTRC	BTRC	ENSG00000166167	ensembl_gene	ENSG00000166167	1144	8945	BETA-TRCP|FBW1A|FBXW1|FBXW1A|FWD1|bTrCP|bTrCP1|betaTrCP	resolved	mygene.info	pinned_local_build
BUB1	BUB1	ENSG00000169679	ensembl_gene	ENSG00000169679	1148	699	BUB1A|BUB1L|MCPH30|hBUB1	resolved	mygene.info	pinned_local_build
BUB1B	BUB1B	ENSG00000156970	ensembl_gene	ENSG00000156970	1149	701	BUB1beta|BUBR1|Bub1A|MAD3L|MVA1|SSK1|hBUBR1	resolved	mygene.info	pinned_local_build
BUB3	BUB3	ENSG00000154473	ensembl_gene	ENSG00000154473	1151	9184	BUB3L|hBUB3	resolved	mygene.info	pinned_local_build
C12orf57	C12orf57	ENSG00000111678	ensembl_gene	ENSG00000111678	29521	113246	C10|GRCC10	resolved	mygene.info	pinned_local_build
C19orf12	C19orf12	ENSG00000131943	ensembl_gene	ENSG00000131943	25443	83636	MPAN|NBIA3|NBIA4|SPG43	resolved	mygene.info	pinned_local_build
C1QBP	C1QBP	ENSG00000108561	ensembl_gene	ENSG00000108561	1243	708	COXPD33|GC1QBP|HABP1|SF2AP32|SF2p32|gC1Q-R|gC1qR|p32	resolved	mygene.info	pinned_local_build
C2	C2	ENSG00000231543	ensembl_gene	ENSG00000231543	1248	717	ARMD14|CO2	resolved	mygene.info	pinned_local_build
C2CD3	C2CD3	ENSG00000168014	ensembl_gene	ENSG00000168014	24564	26005	OFD14	resolved	mygene.info	pinned_local_build
C2orf69	C2orf69	ENSG00000178074	ensembl_gene	ENSG00000178074	26799	205327	COXPD53	resolved	mygene.info	pinned_local_build
C3	C3	ENSG00000125730	ensembl_gene	ENSG00000125730	1318	718	AHUS5|ARMD9|ASP|C3a|C3b|CPAMD1|HEL-S-62p	resolved	mygene.info	pinned_local_build
C9	C9	ENSG00000113600	ensembl_gene	ENSG00000113600	1358	735	ARMD15|C9D	resolved	mygene.info	pinned_local_build
C9orf72	C9orf72	ENSG00000147894	ensembl_gene	ENSG00000147894	28337	203228	ALSFTD|DENND9|DENNL72|FTDALS|FTDALS1	resolved	mygene.info	pinned_local_build
CA2	CA2	ENSG00000104267	ensembl_gene	ENSG00000104267	1373	760	CA-II|CAC|CAII|Car2|HEL-76|HEL-S-282	resolved	mygene.info	pinned_local_build
CA5A	CA5A	ENSG00000174990	ensembl_gene	ENSG00000174990	1377	763	CA5|CA5AD|CAV|CAVA|GS1-21A4.1	resolved	mygene.info	pinned_local_build
CA8	CA8	ENSG00000178538	ensembl_gene	ENSG00000178538	1382	767	CA-RP|CA-VIII|CALS|CAMRQ3|CARP|SCAR34	resolved	mygene.info	pinned_local_build
CABP2	CABP2	ENSG00000167791	ensembl_gene	ENSG00000167791	1385	51475	DFNB93	resolved	mygene.info	pinned_local_build
CACNA1A	CACNA1A	ENSG00000141837	ensembl_gene	ENSG00000141837	1388	773	APCA|BI|CACNL1A4|CAV2.1|DEE42|EA2|EIEE42|FHM|HPCA|MHP|MHP1|SCA6	resolved	mygene.info	pinned_local_build
CACNA1B	CACNA1B	ENSG00000148408	ensembl_gene	ENSG00000148408	1389	774	BIII|CACNL1A5|CACNN|Cav2.2|DYT23|NEDNEH	resolved	mygene.info	pinned_local_build
CACNA1C	CACNA1C	ENSG00000151067	ensembl_gene	ENSG00000151067	1390	775	CACH2|CACN2|CACNA1C-IT2|CACNL1A1|CCHL1A1|CaV1.2|LQT8|NEDHLSS|TS|TS. LQT8	resolved	mygene.info	pinned_local_build
CACNA1D	CACNA1D	ENSG00000157388	ensembl_gene	ENSG00000157388	1391	776	CACH3|CACN4|CACNL1A2|CCHL1A2|Cav1.3|PASNA|SANDD	resolved	mygene.info	pinned_local_build
CACNA1E	CACNA1E	ENSG00000198216	ensembl_gene	ENSG00000198216	1392	777	BII|CACH6|CACNL1A6|Cav2.3|DEE69|EIEE69|gm139	resolved	mygene.info	pinned_local_build
CACNA1G	CACNA1G	ENSG00000006283	ensembl_gene	ENSG00000006283	1394	8913	Ca(V)T.1|Cav3.1|NBR13|SCA42|SCA42ND	resolved	mygene.info	pinned_local_build
CACNA1H	CACNA1H	ENSG00000196557	ensembl_gene	ENSG00000196557	1395	8912	CACNA1HB|Cav3.2|ECA6|EIG6|HALD4	resolved	mygene.info	pinned_local_build
CACNA1I	CACNA1I	ENSG00000100346	ensembl_gene	ENSG00000100346	1396	8911	Cav3.3|NEDSIS|ca(v)3.3	resolved	mygene.info	pinned_local_build
CACNA2D1	CACNA2D1	ENSG00000153956	ensembl_gene	ENSG00000153956	1399	781	CACNA2|CACNL2A|CCHL2A|DEE110|LINC01112|lncRNA-N3	resolved	mygene.info	pinned_local_build
CACNA2D2	CACNA2D2	ENSG00000007402	ensembl_gene	ENSG00000007402	1400	9254	CACNA2D|CASVDD	resolved	mygene.info	pinned_local_build
CACNA2D3	CACNA2D3	ENSG00000157445	ensembl_gene	ENSG00000157445	15460	55799	HSA272268	resolved	mygene.info	pinned_local_build
CACNB2	CACNB2	ENSG00000165995	ensembl_gene	ENSG00000165995	1402	783	CAB2|CACNLB2|CAVB2|MYSB	resolved	mygene.info	pinned_local_build
CACNB4	CACNB4	ENSG00000182389	ensembl_gene	ENSG00000182389	1404	785	CAB4|CACNLB4|EA5|EIG9|EJM|EJM4|EJM6	resolved	mygene.info	pinned_local_build
CACNG2	CACNG2	ENSG00000166862	ensembl_gene	ENSG00000166862	1406	10369	MRD10	resolved	mygene.info	pinned_local_build
CAD	CAD	ENSG00000084774	ensembl_gene	ENSG00000084774	1424	790	CDG1Z|DEE50|EIEE50|GATD4	resolved	mygene.info	pinned_local_build
CALM1	CALM1	ENSG00000198668	ensembl_gene	ENSG00000198668	1442	801	CALML2|CAM2|CAM3|CAMB|CAMC|CAMI|CAMIII|CPVT4|DD132|LQT14|PHKD|PHKD1|caM	resolved	mygene.info	pinned_local_build
CALM2	CALM2	ENSG00000143933	ensembl_gene	ENSG00000143933	1445	805	CALM|CALML2|CAM1|CAM3|CAMC|CAMII|CAMIII|LQT15|PHKD|PHKD2|caM	resolved	mygene.info	pinned_local_build
CALM3	CALM3	ENSG00000160014	ensembl_gene	ENSG00000160014	1449	808	CALM|CAM1|CAM2|CAMB|CPVT6|CaM|CaMIII|HEL-S-72|LQT16|PHKD|PHKD3	resolved	mygene.info	pinned_local_build
CALR3	CALR3	ENSG00000269058	ensembl_gene	ENSG00000269058	20407	125972	CMH19|CRT2|CT93	resolved	mygene.info	pinned_local_build
CAMK2A	CAMK2A	ENSG00000070808	ensembl_gene	ENSG00000070808	1460	815	CAMKA|CaMKIINalpha|CaMKIIalpha|MRD53|MRT63	resolved	mygene.info	pinned_local_build
CAMK2B	CAMK2B	ENSG00000058404	ensembl_gene	ENSG00000058404	1461	816	CAM2|CAMK2|CAMKB|CaMKIIbeta|MRD54	resolved	mygene.info	pinned_local_build
CAMKMT	CAMKMT	ENSG00000143919	ensembl_gene	ENSG00000143919	26276	79823	C2orf34|CLNMT|CaM KMT|Cam|KMT	resolved	mygene.info	pinned_local_build
CAMSAP1	CAMSAP1	ENSG00000130559	ensembl_gene	ENSG00000130559	19946	157922	CDCBM12	resolved	mygene.info	pinned_local_build
CAMTA1	CAMTA1	ENSG00000171735	ensembl_gene	ENSG00000171735	18806	23261	CANPMR|CECBA	resolved	mygene.info	pinned_local_build
CANT1	CANT1	ENSG00000171302	ensembl_gene	ENSG00000171302	19721	124583	DBQD|DBQD1|EDM7|SCAN-1|SCAN1|SHAPY	resolved	mygene.info	pinned_local_build
CAPN3	CAPN3	ENSG00000092529	ensembl_gene	ENSG00000092529	1480	825	CANP3|CANPL3|LGMD2|LGMD2A|LGMDD4|LGMDR1|nCL-1|p94	resolved	mygene.info	pinned_local_build
CAPRIN1	CAPRIN1	ENSG00000135387	ensembl_gene	ENSG00000135387	6743	4076	CONDCAC|GPIAP1|GPIP137|GRIP137|M11S1|NEDLAAD|RNG105|p137GPI	resolved	mygene.info	pinned_local_build
CAPZA2	CAPZA2	ENSG00000198898	ensembl_gene	ENSG00000198898	1490	830	CAPPA2|CAPZ	resolved	mygene.info	pinned_local_build
CARD9	CARD9	ENSG00000187796	ensembl_gene	ENSG00000187796	16391	64170	CANDF2|IMD103|hCARD9	resolved	mygene.info	pinned_local_build
CARS1	CARS1	ENSG00000278191	ensembl_gene	ENSG00000278191	1493	833	CARS|CYSRS|MCDDBH|MDBH|MGC:11246	resolved	mygene.info	pinned_local_build
CARS2	CARS2	ENSG00000134905	ensembl_gene	ENSG00000134905	25695	79587	COXPD27|cysRS	resolved	mygene.info	pinned_local_build
CASK	CASK	ENSG00000147044	ensembl_gene	ENSG00000147044	1497	8573	CAGH39|CAMGUK|CMG|FGS4|LIN2|MICPCH|MRXSNA|TNRC8|hCASK	resolved	mygene.info	pinned_local_build
CASP2	CASP2	ENSG00000106144	ensembl_gene	ENSG00000106144	1503	835	CASP-2|ICH1|MRT80|NEDD-2|NEDD2|PPP1R57	resolved	mygene.info	pinned_local_build
CASQ1	CASQ1	ENSG00000143318	ensembl_gene	ENSG00000143318	1512	844	CASQ|CSQ1|PDIB1|VMCQA	resolved	mygene.info	pinned_local_build
CASQ2	CASQ2	ENSG00000118729	ensembl_gene	ENSG00000118729	1513	845	PDIB2	resolved	mygene.info	pinned_local_build
CASR	CASR	ENSG00000036828	ensembl_gene	ENSG00000036828	1514	846	CAR|EIG8|FHH|FIH|GPRC2A|HHC|HHC1|HYPOC1|NSHPT|PCAR1|hCasR	resolved	mygene.info	pinned_local_build
CATSPER2	CATSPER2	ENSG00000166762	ensembl_gene	ENSG00000166762	18810	117155		resolved	mygene.info	pinned_local_build
CAV2	CAV2	ENSG00000105971	ensembl_gene	ENSG00000105971	1528	858	CAV	resolved	mygene.info	pinned_local_build
CAV3	CAV3	ENSG00000182533	ensembl_gene	ENSG00000182533	1529	859	LGMD1C|LQT9|MPDT|RMD2|VIP-21|VIP21	resolved	mygene.info	pinned_local_build
CAVIN1	CAVIN1	ENSG00000177469	ensembl_gene	ENSG00000177469	9688	284119	CAVIN|CGL4|FKSG13|PTRF|cavin-1	resolved	mygene.info	pinned_local_build
CBFB	CBFB	ENSG00000067955	ensembl_gene	ENSG00000067955	1539	865	CLCD2|PEBP2B	resolved	mygene.info	pinned_local_build
CBL	CBL	ENSG00000110395	ensembl_gene	ENSG00000110395	1541	867	C-CBL|CBL2|FRA11B|NSLL|RNF55	resolved	mygene.info	pinned_local_build
CBS	CBS	ENSG00000160200	ensembl_gene	ENSG00000160200	1550	875	HIP4	resolved	mygene.info	pinned_local_build
CC2D1A	CC2D1A	ENSG00000288293	ensembl_gene	ENSG00000288293	30237	54862	Aki-1|FREUD-1|Freud-1/Aki1|Lgd2|MRT3|TAPE	resolved	mygene.info	pinned_local_build
CC2D2A	CC2D2A	ENSG00000048342	ensembl_gene	ENSG00000048342	29253	57545	COACH2|JBTS9|MKS6|RP93	resolved	mygene.info	pinned_local_build
CCBE1	CCBE1	ENSG00000183287	ensembl_gene	ENSG00000183287	29426	147372	HKLLS1	resolved	mygene.info	pinned_local_build
CCDC174	CCDC174	ENSG00000154781	ensembl_gene	ENSG00000154781	28033	51244	C3orf19|HSPC212|IHPM|IHPMR|ctr1	resolved	mygene.info	pinned_local_build
CCDC186	CCDC186	ENSG00000165813	ensembl_gene	ENSG00000165813	24349	55088	C10orf118|CCCP-1|CCCP1|golgin104	resolved	mygene.info	pinned_local_build
CCDC22	CCDC22	ENSG00000101997	ensembl_gene	ENSG00000101997	28909	28952	CXorf37|JM1|RTSC2	resolved	mygene.info	pinned_local_build
CCDC50	CCDC50	ENSG00000152492	ensembl_gene	ENSG00000152492	18111	152137	C3orf6|DFNA44|YMER	resolved	mygene.info	pinned_local_build
CCDC78	CCDC78	ENSG00000162004	ensembl_gene	ENSG00000162004	14153	124093	C16orf25|CNM4|JFP10|hsCCDC78	resolved	mygene.info	pinned_local_build
CCDC8	CCDC8	ENSG00000169515	ensembl_gene	ENSG00000169515	25367	83987	3M3|PPP1R20|p90	resolved	mygene.info	pinned_local_build
CCDC88A	CCDC88A	ENSG00000115355	ensembl_gene	ENSG00000115355	25523	55704	APE|GIRDIN|GIV|GRDN|HkRP1|KIAA1212|PEHO|PEHOL	resolved	mygene.info	pinned_local_build
CCDC88C	CCDC88C	ENSG00000015133	ensembl_gene	ENSG00000015133	19967	440193	DAPLE|HKRP2|HYC1|KIAA1509|SCA40	resolved	mygene.info	pinned_local_build
CCER1	CCER1	ENSG00000197651	ensembl_gene	ENSG00000197651	28373	196477	C12orf12	resolved	mygene.info	pinned_local_build
CCM2	CCM2	ENSG00000136280	ensembl_gene	ENSG00000136280	21708	83605	C7orf22|OSM|PP10187	resolved	mygene.info	pinned_local_build
CCN6	CCN6	ENSG00000112761	ensembl_gene	ENSG00000112761	12771	8838	LIBC|PPAC|PPD|PPRD|WISP-3|WISP3	resolved	mygene.info	pinned_local_build
CCND1	CCND1	ENSG00000110092	ensembl_gene	ENSG00000110092	1582	595	BCL1|D11S287E|PRAD1|U21B31	resolved	mygene.info	pinned_local_build
CCND2	CCND2	ENSG00000118971	ensembl_gene	ENSG00000118971	1583	894	KIAK0002|MPPH3	resolved	mygene.info	pinned_local_build
CCNP	CCNP	ENSG00000105219	ensembl_gene	ENSG00000105219	25805	79935	CNTD2	resolved	mygene.info	pinned_local_build
CCNQ	CCNQ	ENSG00000262919	ensembl_gene	ENSG00000262919	28434	92002	CycM|FAM58A	resolved	mygene.info	pinned_local_build
CCR1	CCR1	ENSG00000163823	ensembl_gene	ENSG00000163823	1602	1230	CD191|CKR-1|CKR1|CMKBR1|HM145|MIP1aR|SCYAR1	resolved	mygene.info	pinned_local_build
CCT2	CCT2	ENSG00000166226	ensembl_gene	ENSG00000166226	1615	10576	99D8.1|CCT-beta|CCTB|HEL-S-100n|PRO1633|TCP-1-beta	resolved	mygene.info	pinned_local_build
CCT3	CCT3	ENSG00000163468	ensembl_gene	ENSG00000163468	1616	7203	CCT-gamma|CCTG|NEDSVH|PIG48|TCP-1-gamma|TRIC5	resolved	mygene.info	pinned_local_build
CCT5	CCT5	ENSG00000150753	ensembl_gene	ENSG00000150753	1618	22948	CCT-epsilon|CCTE|HEL-S-69|HSNSP|PNAS-102|TCP-1-epsilon	resolved	mygene.info	pinned_local_build
CCT6A	CCT6A	ENSG00000146731	ensembl_gene	ENSG00000146731	1620	908	CCT-zeta|CCT-zeta-1|CCT6|Cctz|HTR3|MoDP-2|TCP-1-zeta|TCP20|TCPZ|TTCP20	resolved	mygene.info	pinned_local_build
CCT8	CCT8	ENSG00000156261	ensembl_gene	ENSG00000156261	1623	10694	C21orf112|Cctq|D21S246|PRED71	resolved	mygene.info	pinned_local_build
CD164	CD164	ENSG00000135535	ensembl_gene	ENSG00000135535	1632	8763	DFNA66|MGC-24|MGC-24v|MUC-24|endolyn	resolved	mygene.info	pinned_local_build
CD247	CD247	ENSG00000198821	ensembl_gene	ENSG00000198821	1677	919	CD3-ZETA|CD3H|CD3Q|CD3Z|CD3ZETA|IMD25|T3Z|TCRZ	resolved	mygene.info	pinned_local_build
CD320	CD320	ENSG00000167775	ensembl_gene	ENSG00000167775	16692	51293	8D6|8D6A|TCBLR|TCII-R|TCN2R|sCD320	resolved	mygene.info	pinned_local_build
CD36	CD36	ENSG00000135218	ensembl_gene	ENSG00000135218	1663	948	BDPLT10|CHDS7|FAT|GP3B|GP4|GPIV|PASIV|SCARB3	resolved	mygene.info	pinned_local_build
CD3D	CD3D	ENSG00000167286	ensembl_gene	ENSG00000167286	1673	915	CD3-DELTA|CD3DELTA|IMD19|T3D	resolved	mygene.info	pinned_local_build
CD3E	CD3E	ENSG00000198851	ensembl_gene	ENSG00000198851	1674	916	CD3epsilon|IMD18|T3E|TCRE	resolved	mygene.info	pinned_local_build
CD3G	CD3G	ENSG00000160654	ensembl_gene	ENSG00000160654	1675	917	CD3-GAMMA|CD3GAMMA|IMD17|T3G	resolved	mygene.info	pinned_local_build
CD40	CD40	ENSG00000101017	ensembl_gene	ENSG00000101017	11919	958	Bp50|CDW40|TNFRSF5|p50	resolved	mygene.info	pinned_local_build
CD40LG	CD40LG	ENSG00000102245	ensembl_gene	ENSG00000102245	11935	959	CD154|CD40L|HIGM1|IGM|IMD3|T-BAM|TNFSF5|TRAP|gp39|hCD40L	resolved	mygene.info	pinned_local_build
CD8A	CD8A	ENSG00000153563	ensembl_gene	ENSG00000153563	1706	925	CD8|CD8alpha|IMD116|Leu2|p32	resolved	mygene.info	pinned_local_build
CD96	CD96	ENSG00000153283	ensembl_gene	ENSG00000153283	16892	10225	TACTILE	resolved	mygene.info	pinned_local_build
CDAN1	CDAN1	ENSG00000140326	ensembl_gene	ENSG00000140326	1713	146059	CDA1|CDAI|CDAN1A|DLT|PRO1295	resolved	mygene.info	pinned_local_build
CDC14A	CDC14A	ENSG00000079335	ensembl_gene	ENSG00000079335	1718	8556	DFNB105|DFNB32|DFNB35|cdc14|hCDC14	resolved	mygene.info	pinned_local_build
CDC42	CDC42	ENSG00000070831	ensembl_gene	ENSG00000070831	1736	998	CDC42Hs|G25K|TKS	resolved	mygene.info	pinned_local_build
CDC42BPB	CDC42BPB	ENSG00000198752	ensembl_gene	ENSG00000198752	1738	9578	CHOCNS|MRCKB	resolved	mygene.info	pinned_local_build
CDC45	CDC45	ENSG00000093009	ensembl_gene	ENSG00000093009	1739	8318	CDC45L|CDC45L2|MGORS7|PORC-PI-1	resolved	mygene.info	pinned_local_build
CDC6	CDC6	ENSG00000094804	ensembl_gene	ENSG00000094804	1744	990	CDC18L|HsCDC18|HsCDC6|MGORS5	resolved	mygene.info	pinned_local_build
CDCA7	CDCA7	ENSG00000144354	ensembl_gene	ENSG00000144354	14628	83879	ICF3|JPO1	resolved	mygene.info	pinned_local_build
CDH11	CDH11	ENSG00000140937	ensembl_gene	ENSG00000140937	1750	1009	CAD11|CDHOB|ESWS|OB|OSF-4|TBHS2	resolved	mygene.info	pinned_local_build
CDH15	CDH15	ENSG00000129910	ensembl_gene	ENSG00000129910	1754	1013	CDH14|CDH3|CDHM|MCAD|MRD3	resolved	mygene.info	pinned_local_build
CDH18	CDH18	ENSG00000145526	ensembl_gene	ENSG00000145526	1757	1016		resolved	mygene.info	pinned_local_build
CDH23	CDH23	ENSG00000107736	ensembl_gene	ENSG00000107736	13733	64072	CDHR23|PITA5|USH1D	resolved	mygene.info	pinned_local_build
CDK10	CDK10	ENSG00000185324	ensembl_gene	ENSG00000185324	1770	8558	ALSAS|PISSLRE	resolved	mygene.info	pinned_local_build
CDK13	CDK13	ENSG00000065883	ensembl_gene	ENSG00000065883	1733	8621	CDC2L|CDC2L5|CHDFIDD|CHED|hCDK13	resolved	mygene.info	pinned_local_build
CDK19	CDK19	ENSG00000155111	ensembl_gene	ENSG00000155111	19338	23097	CDC2L6|CDK11|DEE87|EIEE87|bA346C16.3	resolved	mygene.info	pinned_local_build
CDK20	CDK20	ENSG00000156345	ensembl_gene	ENSG00000156345	21420	23552	CCRK|CDCH|P42|PNQALRE	resolved	mygene.info	pinned_local_build
CDK5	CDK5	ENSG00000164885	ensembl_gene	ENSG00000164885	1774	1020	LIS7|PSSALRE	resolved	mygene.info	pinned_local_build
CDK5RAP2	CDK5RAP2	ENSG00000136861	ensembl_gene	ENSG00000136861	18672	55755	C48|Cep215|MCPH3	resolved	mygene.info	pinned_local_build
CDK6	CDK6	ENSG00000105810	ensembl_gene	ENSG00000105810	1777	1021	MCPH12|PLSTIRE	resolved	mygene.info	pinned_local_build
CDK9	CDK9	ENSG00000136807	ensembl_gene	ENSG00000136807	1780	1025	C-2k|CDC2L4|CTK1|PITALRE|TAK	resolved	mygene.info	pinned_local_build
CDKL2	CDKL2	ENSG00000138769	ensembl_gene	ENSG00000138769	1782	8999	KKIAMRE|P56	resolved	mygene.info	pinned_local_build
CDKL5	CDKL5	ENSG00000008086	ensembl_gene	ENSG00000008086	11411	6792	CFAP247|DEE2|EIEE2|ISSX|STK9	resolved	mygene.info	pinned_local_build
CDKN1C	CDKN1C	ENSG00000273707	ensembl_gene	ENSG00000273707	1786	1028	BWCR|BWS|KIP2|WBS|p57|p57Kip2	resolved	mygene.info	pinned_local_build
CDKN2A	CDKN2A	ENSG00000147889	ensembl_gene	ENSG00000147889	1787	1029	ARF|CAI2|CDK4I|CDKN2|CMM2|INK4|INK4A|MLM|MTS-1|MTS1|P14|P14ARF|P16|P16-INK4A|P16INK4|P16INK4A|P19|P19ARF|TP16	resolved	mygene.info	pinned_local_build
CDKN2B-AS1	CDKN2B-AS1	ENSG00000240498	ensembl_gene	ENSG00000240498	34341	100048912	66CTG|ANRIL|CDKN2B-AS|CDKN2BAS|NCRNA00089|PCAT12|p15AS	resolved	mygene.info	pinned_local_build
CDON	CDON	ENSG00000064309	ensembl_gene	ENSG00000064309	17104	50937	CDO|CDON1|HPE11|Ihog|ORCAM	resolved	mygene.info	pinned_local_build
CDT1	CDT1	ENSG00000167513	ensembl_gene	ENSG00000167513	24576	81620	DUP|RIS2	resolved	mygene.info	pinned_local_build
CDX1	CDX1	ENSG00000113722	ensembl_gene	ENSG00000113722	1805	1044		resolved	mygene.info	pinned_local_build
CEACAM16	CEACAM16	ENSG00000213892	ensembl_gene	ENSG00000213892	31948	388551	CEAL2|DFNA4B|DFNB113	resolved	mygene.info	pinned_local_build
CEBPE	CEBPE	ENSG00000092067	ensembl_gene	ENSG00000092067	1836	1053	C/EBP-epsilon|CRP1|IMD108|SGD1|c/EBP epsilon	resolved	mygene.info	pinned_local_build
CELF2	CELF2	ENSG00000048740	ensembl_gene	ENSG00000048740	2550	10659	BRUNOL3|CELF-2|CUG-BP2|CUGBP2|DEE97|ETR-3|ETR3|NAPOR	resolved	mygene.info	pinned_local_build
CELF4	CELF4	ENSG00000101489	ensembl_gene	ENSG00000101489	14015	56853	BRUNOL4|CELF-4	resolved	mygene.info	pinned_local_build
CELSR1	CELSR1	ENSG00000075275	ensembl_gene	ENSG00000075275	1850	9620	ADGRC1|CDHF9|FMI2|HFMI2|LMPHM9|ME2|YNS	resolved	mygene.info	pinned_local_build
CENPE	CENPE	ENSG00000138778	ensembl_gene	ENSG00000138778	1856	1062	CENP-E|KIF10|MCPH13|PPP1R61	resolved	mygene.info	pinned_local_build
CENPF	CENPF	ENSG00000117724	ensembl_gene	ENSG00000117724	1857	1063	CENF|CILD31|PRO1779|STROMS|hcp-1	resolved	mygene.info	pinned_local_build
CEP104	CEP104	ENSG00000116198	ensembl_gene	ENSG00000116198	24866	9731	CFAP256|GlyBP|JBTS25|KIAA0562|MRT77|ROC22	resolved	mygene.info	pinned_local_build
CEP120	CEP120	ENSG00000168944	ensembl_gene	ENSG00000168944	26690	153241	CCDC100|JBTS31|SRTD13	resolved	mygene.info	pinned_local_build
CEP135	CEP135	ENSG00000174799	ensembl_gene	ENSG00000174799	29086	9662	CEP4|KIAA0635|MCPH8	resolved	mygene.info	pinned_local_build
CEP152	CEP152	ENSG00000103995	ensembl_gene	ENSG00000103995	29298	22995	MCPH4|MCPH9|SCKL5	resolved	mygene.info	pinned_local_build
CEP164	CEP164	ENSG00000110274	ensembl_gene	ENSG00000110274	29182	22897	NPHP15	resolved	mygene.info	pinned_local_build
CEP19	CEP19	ENSG00000174007	ensembl_gene	ENSG00000174007	28209	84984	C3orf34|MOSPGF	resolved	mygene.info	pinned_local_build
CEP290	CEP290	ENSG00000198707	ensembl_gene	ENSG00000198707	29021	80184	3H11Ag|BBS14|CT87|JBTS5|LCA10|MKS4|NPHP6|POC3|SLSN6|rd16	resolved	mygene.info	pinned_local_build
CEP41	CEP41	ENSG00000106477	ensembl_gene	ENSG00000106477	12370	95681	JBTS15|TSGA14	resolved	mygene.info	pinned_local_build
CEP55	CEP55	ENSG00000138180	ensembl_gene	ENSG00000138180	1161	55165	C10orf3|CT111|MARCH|URCC6	resolved	mygene.info	pinned_local_build
CEP57	CEP57	ENSG00000166037	ensembl_gene	ENSG00000166037	30794	9702	MVA2|PIG8|TSP57	resolved	mygene.info	pinned_local_build
CEP63	CEP63	ENSG00000182923	ensembl_gene	ENSG00000182923	25815	80254	SCKL6	resolved	mygene.info	pinned_local_build
CEP78	CEP78	ENSG00000148019	ensembl_gene	ENSG00000148019	25740	84131	C9orf81|CRDHL|IP63	resolved	mygene.info	pinned_local_build
CEP83	CEP83	ENSG00000173588	ensembl_gene	ENSG00000173588	17966	51134	CCDC41|NPHP18|NY-REN-58	resolved	mygene.info	pinned_local_build
CEP85L	CEP85L	ENSG00000111860	ensembl_gene	ENSG00000111860	21638	387119	C6orf204|LIS10|NY-BR-15|bA57K17.2	resolved	mygene.info	pinned_local_build
CEP89	CEP89	ENSG00000121289	ensembl_gene	ENSG00000121289	25907	84902	CCDC123|CEP123	resolved	mygene.info	pinned_local_build
CEP97	CEP97	ENSG00000182504	ensembl_gene	ENSG00000182504	26244	79598	2810403B08Rik|LRRIQ2	resolved	mygene.info	pinned_local_build
CERKL	CERKL	ENSG00000188452	ensembl_gene	ENSG00000188452	21699	375298	RP26	resolved	mygene.info	pinned_local_build
CERS1	CERS1	ENSG00000223802	ensembl_gene	ENSG00000223802	14253	10715	EPM8|LAG1|LASS1|UOG1	resolved	mygene.info	pinned_local_build
CERS2	CERS2	ENSG00000143418	ensembl_gene	ENSG00000143418	14076	29956	L3|LASS2|SP260|TMSG1	resolved	mygene.info	pinned_local_build
CERS3	CERS3	ENSG00000154227	ensembl_gene	ENSG00000154227	23752	204219	ARCI9|LASS3	resolved	mygene.info	pinned_local_build
CERT1	CERT1	ENSG00000113163	ensembl_gene	ENSG00000113163	2205	10087	CERT|CERTL|COL4A3BP|GPBP|MRD34|NEDHSF|STARD11	resolved	mygene.info	pinned_local_build
CFAP418	CFAP418	ENSG00000156172	ensembl_gene	ENSG00000156172	27232	157657	BBS21|C8orf37|CORD16|FAP418|MOT25|RP64|smalltalk	resolved	mygene.info	pinned_local_build
CFH	CFH	ENSG00000000971	ensembl_gene	ENSG00000000971	4883	3075	AHUS1|AMBP1|ARMD4|ARMS1|CFHL3|FH|FHL1|HF|HF1|HF2|HUS	resolved	mygene.info	pinned_local_build
CFHR1	CFHR1	ENSG00000244414	ensembl_gene	ENSG00000244414	4888	3078	CFHL|CFHL1|CFHL1P|CFHR1P|FHL-1|FHR-1|FHR1|H36|H36-1|H36-2|HFL1|HFL2	resolved	mygene.info	pinned_local_build
CFHR2	CFHR2	ENSG00000080910	ensembl_gene	ENSG00000080910	4890	3080	CFHL2|FHR2|HFL3	resolved	mygene.info	pinned_local_build
CFHR3	CFHR3	ENSG00000116785	ensembl_gene	ENSG00000116785	16980	10878	CFHL3|DOWN16|FHR-3|FHR3|HLF4	resolved	mygene.info	pinned_local_build
CFI	CFI	ENSG00000205403	ensembl_gene	ENSG00000205403	5394	3426	AHUS3|ARMD13|C3BINA|C3b-INA|FI|IF|KAF	resolved	mygene.info	pinned_local_build
CFL2	CFL2	ENSG00000165410	ensembl_gene	ENSG00000165410	1875	1073	NEM7	resolved	mygene.info	pinned_local_build
CFTR	CFTR	ENSG00000001626	ensembl_gene	ENSG00000001626	1884	1080	ABC35|ABCC7|CF|CFTR/MRP|MRP7|TNR-CFTR|dJ760C5.1	resolved	mygene.info	pinned_local_build
CHAMP1	CHAMP1	ENSG00000198824	ensembl_gene	ENSG00000198824	20311	283489	C13orf8|CAMP|CHAMP|MRD40|NEDHILD|ZNF828	resolved	mygene.info	pinned_local_build
CHAT	CHAT	ENSG00000070748	ensembl_gene	ENSG00000070748	1912	1103	CHOACTASE|CMS1A|CMS1A2|CMS6	resolved	mygene.info	pinned_local_build
CHCHD10	CHCHD10	ENSG00000273607	ensembl_gene	ENSG00000273607	15559	400916	C22orf16|FTDALS2|IMMD|MIX17A|N27C7-4|SMAJ	resolved	mygene.info	pinned_local_build
CHCHD2	CHCHD2	ENSG00000106153	ensembl_gene	ENSG00000106153	21645	51142	C7orf17|MIX17B|MNRR1|NS2TP|PARK22	resolved	mygene.info	pinned_local_build
CHD1	CHD1	ENSG00000153922	ensembl_gene	ENSG00000153922	1915	1105	CHD-1|PILBOS	resolved	mygene.info	pinned_local_build
CHD2	CHD2	ENSG00000173575	ensembl_gene	ENSG00000173575	1917	1106	DEE94|EEOC	resolved	mygene.info	pinned_local_build
CHD3	CHD3	ENSG00000170004	ensembl_gene	ENSG00000170004	1918	1107	Mi-2a|Mi2-ALPHA|SNIBCPS|ZFH	resolved	mygene.info	pinned_local_build
CHD4	CHD4	ENSG00000111642	ensembl_gene	ENSG00000111642	1919	1108	CHD-4|Mi-2b|Mi2-BETA|SIHIWES	resolved	mygene.info	pinned_local_build
CHD5	CHD5	ENSG00000116254	ensembl_gene	ENSG00000116254	16816	26038	CHD-5|PMNDS	resolved	mygene.info	pinned_local_build
CHD7	CHD7	ENSG00000171316	ensembl_gene	ENSG00000171316	20626	55636	CRG|HH5|IS3|KAL5	resolved	mygene.info	pinned_local_build
CHD8	CHD8	ENSG00000100888	ensembl_gene	ENSG00000100888	20153	57680	AUTS18|HELSNF1|IDDAM	resolved	mygene.info	pinned_local_build
CHERP	CHERP	ENSG00000085872	ensembl_gene	ENSG00000085872	16930	10523	DAN16|SCAF6	resolved	mygene.info	pinned_local_build
CHI3L1	CHI3L1	ENSG00000133048	ensembl_gene	ENSG00000133048	1932	1116	ASRT7|CGP-39|GP-39|GP39|HC-gp39|HCGP-3P|YK-40|YKL-40|YKL40|YYL-40|hCGP-39	resolved	mygene.info	pinned_local_build
CHKA	CHKA	ENSG00000110721	ensembl_gene	ENSG00000110721	1937	1119	CHK|CK|CKI|EK|NEDMIMS	resolved	mygene.info	pinned_local_build
CHKB	CHKB	ENSG00000100288	ensembl_gene	ENSG00000100288	1938	1120	CHETK|CHKL|CK|CKB|CKEKB|EK|EKB|MDCMC	resolved	mygene.info	pinned_local_build
CHL1	CHL1	ENSG00000134121	ensembl_gene	ENSG00000134121	1939	10752	CALL|L1CAM2	resolved	mygene.info	pinned_local_build
CHMP1A	CHMP1A	ENSG00000131165	ensembl_gene	ENSG00000131165	8740	5119	CHMP1|PCH8|PCOLN3|PRSM1|VPS46-1|VPS46A	resolved	mygene.info	pinned_local_build
CHMP2B	CHMP2B	ENSG00000083937	ensembl_gene	ENSG00000083937	24537	25978	ALS17|CHMP2.5|DMT1|FTDALS7|VPS2-2|VPS2B	resolved	mygene.info	pinned_local_build
CHRNA1	CHRNA1	ENSG00000138435	ensembl_gene	ENSG00000138435	1955	1134	ACHRA|ACHRD|CHRNA|CMS1A|CMS1B|CMS2A|FCCMS|SCCMS	resolved	mygene.info	pinned_local_build
CHRNA2	CHRNA2	ENSG00000120903	ensembl_gene	ENSG00000120903	1956	1135		resolved	mygene.info	pinned_local_build
CHRNA4	CHRNA4	ENSG00000101204	ensembl_gene	ENSG00000101204	1958	1137	BFNC|EBN|EBN1|NACHR|NACHRA4|NACRA4	resolved	mygene.info	pinned_local_build
CHRNA7	CHRNA7	ENSG00000175344	ensembl_gene	ENSG00000175344	1960	1139	CHRNA7-2|NACHRA7|a7nAChR|nAChR7	resolved	mygene.info	pinned_local_build
CHRNB1	CHRNB1	ENSG00000283946	ensembl_gene	ENSG00000283946	1961	1140	ACHRB|CHRNB|CMS1D|CMS2A|CMS2C|SCCMS	resolved	mygene.info	pinned_local_build
CHRNB2	CHRNB2	ENSG00000160716	ensembl_gene	ENSG00000160716	1962	1141	EFNL3|nAChRB2	resolved	mygene.info	pinned_local_build
CHRND	CHRND	ENSG00000135902	ensembl_gene	ENSG00000135902	1965	1144	ACHRD|CMS2A|CMS3A|CMS3B|CMS3C|FCCMS|SCCMS	resolved	mygene.info	pinned_local_build
CHRNE	CHRNE	ENSG00000108556	ensembl_gene	ENSG00000108556	1966	1145	ACHRE|CMS1A1|CMS1D|CMS1E|CMS2A|CMS4A|CMS4B|CMS4C|FCCMS|FIM1|FIMG|FIMG1|MGI|SCCMS	resolved	mygene.info	pinned_local_build
CHRNG	CHRNG	ENSG00000196811	ensembl_gene	ENSG00000196811	1967	1146	ACHRG	resolved	mygene.info	pinned_local_build
CHST14	CHST14	ENSG00000169105	ensembl_gene	ENSG00000169105	24464	113189	ATCS|D4ST1|EDSMC1|HNK1ST	resolved	mygene.info	pinned_local_build
CHST6	CHST6	ENSG00000183196	ensembl_gene	ENSG00000183196	6938	4166	C-GlcNAc6ST|GST4-beta|MCDC1|glcNAc6ST-5|gn6st-5|hCGn6ST	resolved	mygene.info	pinned_local_build
CIB2	CIB2	ENSG00000136425	ensembl_gene	ENSG00000136425	24579	10518	DFNB48|KIP2|USH1J	resolved	mygene.info	pinned_local_build
CIC	CIC	ENSG00000079432	ensembl_gene	ENSG00000079432	14214	23152	MRD45	resolved	mygene.info	pinned_local_build
CIITA	CIITA	ENSG00000179583	ensembl_gene	ENSG00000179583	7067	4261	C2TA|CIITAIV|MHC2D1|MHC2TA|NLRA	resolved	mygene.info	pinned_local_build
CILK1	CILK1	ENSG00000112144	ensembl_gene	ENSG00000112144	21219	22858	CED6|ECO|EJM10|ICK|LCK2|MRK|hICK	resolved	mygene.info	pinned_local_build
CISD2	CISD2	ENSG00000145354	ensembl_gene	ENSG00000145354	24212	493856	ERIS|Miner1|NAF-1|WFS2|ZCD2	resolved	mygene.info	pinned_local_build
CIT	CIT	ENSG00000122966	ensembl_gene	ENSG00000122966	1985	11113	CITK|CRIK|MCPH17|STK21	resolved	mygene.info	pinned_local_build
CIZ1	CIZ1	ENSG00000148337	ensembl_gene	ENSG00000148337	16744	25792	LSFR1|NP94|ZNF356	resolved	mygene.info	pinned_local_build
CKAP2L	CKAP2L	ENSG00000169607	ensembl_gene	ENSG00000169607	26877	150468		resolved	mygene.info	pinned_local_build
CLCF1	CLCF1	ENSG00000175505	ensembl_gene	ENSG00000175505	17412	23529	BSF-3|BSF3|CISS2|CLC|NNT-1|NNT1|NR6	resolved	mygene.info	pinned_local_build
CLCN1	CLCN1	ENSG00000188037	ensembl_gene	ENSG00000188037	2019	1180	CLC1	resolved	mygene.info	pinned_local_build
CLCN2	CLCN2	ENSG00000114859	ensembl_gene	ENSG00000114859	2020	1181	CIC-2|CLC2|ECA2|ECA3|EGI11|EGI3|EGMA|EJM6|EJM8|FHA2|FHII|HALD2|LKPAT|clC-2	resolved	mygene.info	pinned_local_build
CLCN3	CLCN3	ENSG00000109572	ensembl_gene	ENSG00000109572	2021	1182	CLC3|ClC-3|NEDHYBA|NEDSBA	resolved	mygene.info	pinned_local_build
CLCN4	CLCN4	ENSG00000073464	ensembl_gene	ENSG00000073464	2022	1183	CLC4|ClC-4|ClC-4A|MRX15|MRX49|MRXSRC	resolved	mygene.info	pinned_local_build
CLCN5	CLCN5	ENSG00000171365	ensembl_gene	ENSG00000171365	2023	1184	CLC5|CLCK2|ClC-5|DENT1|DENTS|NPHL1|NPHL2|XLRH|XRN|hCIC-K2	resolved	mygene.info	pinned_local_build
CLCN6	CLCN6	ENSG00000011021	ensembl_gene	ENSG00000011021	2024	1185	CLC-6|CONRIBA	resolved	mygene.info	pinned_local_build
CLCNKA	CLCNKA	ENSG00000186510	ensembl_gene	ENSG00000186510	2026	1187	CLCK1|ClC-K1|hClC-Ka	resolved	mygene.info	pinned_local_build
CLCNKB	CLCNKB	ENSG00000184908	ensembl_gene	ENSG00000184908	2027	1188	CLCKB|ClC-K2|ClC-Kb	resolved	mygene.info	pinned_local_build
CLDN14	CLDN14	ENSG00000159261	ensembl_gene	ENSG00000159261	2035	23562	DFNB29	resolved	mygene.info	pinned_local_build
CLDN16	CLDN16	ENSG00000113946	ensembl_gene	ENSG00000113946	2037	10686	HOMG3|PCLN1	resolved	mygene.info	pinned_local_build
CLDN19	CLDN19	ENSG00000164007	ensembl_gene	ENSG00000164007	2040	149461	HOMG5	resolved	mygene.info	pinned_local_build
CLDN5	CLDN5	ENSG00000184113	ensembl_gene	ENSG00000184113	2047	7122	AWAL|BEC1|CPETRL1|TMDVCF|TMVCF	resolved	mygene.info	pinned_local_build
CLDN9	CLDN9	ENSG00000213937	ensembl_gene	ENSG00000213937	2051	9080	DFNB116	resolved	mygene.info	pinned_local_build
CLEC7A	CLEC7A	ENSG00000172243	ensembl_gene	ENSG00000172243	14558	64581	BGR|CANDF4|CD369|CLECSF12|DECTIN1|SCARE2	resolved	mygene.info	pinned_local_build
CLIC2	CLIC2	ENSG00000155962	ensembl_gene	ENSG00000155962	2063	1193	CLCNL2|CLIC2b|MRXS32|XAP121	resolved	mygene.info	pinned_local_build
CLIC5	CLIC5	ENSG00000112782	ensembl_gene	ENSG00000112782	13517	53405	DFNB102|DFNB103|MST130|MSTP130	resolved	mygene.info	pinned_local_build
CLIP1	CLIP1	ENSG00000130779	ensembl_gene	ENSG00000130779	10461	6249	CLIP|CLIP-170|CLIP170|CYLN1|RSN	resolved	mygene.info	pinned_local_build
CLMP	CLMP	ENSG00000166250	ensembl_gene	ENSG00000166250	24039	79827	ACAM|ASAM|CSBM|CSBS	resolved	mygene.info	pinned_local_build
CLN3	CLN3	ENSG00000188603	ensembl_gene	ENSG00000188603	2074	1201	BTN1|BTS|JNCL|RP101|SLC29B1	resolved	mygene.info	pinned_local_build
CLN5	CLN5	ENSG00000102805	ensembl_gene	ENSG00000102805	2076	1203		resolved	mygene.info	pinned_local_build
CLN6	CLN6	ENSG00000128973	ensembl_gene	ENSG00000128973	2077	54982	CLN4A|CLN6A|HsT18960|nclf	resolved	mygene.info	pinned_local_build
CLN8	CLN8	ENSG00000278220	ensembl_gene	ENSG00000278220	2079	2055	C8orf61|EPMR|TLCD6	resolved	mygene.info	pinned_local_build
CLP1	CLP1	ENSG00000172409	ensembl_gene	ENSG00000172409	16999	10978	HEAB|hClp1	resolved	mygene.info	pinned_local_build
CLPB	CLPB	ENSG00000162129	ensembl_gene	ENSG00000162129	30664	81570	ANKCLB|ANKCLP|HSP78|MEGCANN|MGCA7|MGCA7A|SCN9|SKD3	resolved	mygene.info	pinned_local_build
CLPP	CLPP	ENSG00000125656	ensembl_gene	ENSG00000125656	2084	8192	DFNB81|PRLTS3	resolved	mygene.info	pinned_local_build
CLRN1	CLRN1	ENSG00000163646	ensembl_gene	ENSG00000163646	12605	7401	RP61|USH3|USH3A	resolved	mygene.info	pinned_local_build
CLTA	CLTA	ENSG00000122705	ensembl_gene	ENSG00000122705	2090	1211	LCA	resolved	mygene.info	pinned_local_build
CLTC	CLTC	ENSG00000141367	ensembl_gene	ENSG00000141367	2092	1213	CHC|CHC17|CLH-17|CLTCL2|Hc|MRD56	resolved	mygene.info	pinned_local_build
CLUAP1	CLUAP1		unknown_namespace					unresolved	mygene.info	pinned_local_build
CNGA1	CNGA1	ENSG00000198515	ensembl_gene	ENSG00000198515	2148	1259	CNCG|CNCG1|CNG-1|CNG1|RCNC1|RCNCa|RCNCalpha|RP49	resolved	mygene.info	pinned_local_build
CNGB1	CNGB1	ENSG00000070729	ensembl_gene	ENSG00000070729	2151	1258	CNCG2|CNCG3L|CNCG4|CNG4|CNGB1B|GAR1|GARP|GARP2|RCNC2|RCNCb|RCNCbeta|RP45	resolved	mygene.info	pinned_local_build
CNGB3	CNGB3	ENSG00000170289	ensembl_gene	ENSG00000170289	2153	54714	ACHM1	resolved	mygene.info	pinned_local_build
CNKSR1	CNKSR1	ENSG00000142675	ensembl_gene	ENSG00000142675	19700	10256	CNK|CNK1	resolved	mygene.info	pinned_local_build
CNKSR2	CNKSR2	ENSG00000149970	ensembl_gene	ENSG00000149970	19701	22866	CNK2|KSR2|MAGUIN|MRXSHG	resolved	mygene.info	pinned_local_build
CNNM2	CNNM2	ENSG00000148842	ensembl_gene	ENSG00000148842	103	54805	ACDP2|HOMG6|HOMGSMR|SLC70A2	resolved	mygene.info	pinned_local_build
CNNM4	CNNM4	ENSG00000158158	ensembl_gene	ENSG00000158158	105	26504	ACDP4|SLC70A4	resolved	mygene.info	pinned_local_build
CNOT3	CNOT3	ENSG00000277600	ensembl_gene	ENSG00000277600	7879	4849	IDDSADF|LENG2|NOT3|NOT3H	resolved	mygene.info	pinned_local_build
CNOT9	CNOT9	ENSG00000144580	ensembl_gene	ENSG00000144580	10445	9125	CAF40|CT129|RCD-1|RCD1|RQCD1	resolved	mygene.info	pinned_local_build
CNPY3	CNPY3	ENSG00000137161	ensembl_gene	ENSG00000137161	11968	10695	CAG4A|DEE60|EIEE60|ERDA5|PRAT4A|TNRC5	resolved	mygene.info	pinned_local_build
CNTN1	CNTN1	ENSG00000018236	ensembl_gene	ENSG00000018236	2171	1272	CMYO12|CMYP12|F3|GP135|MYPCN	resolved	mygene.info	pinned_local_build
CNTN2	CNTN2	ENSG00000184144	ensembl_gene	ENSG00000184144	2172	6900	AXT|EPEO5|FAME5|TAG-1|TAX|TAX1	resolved	mygene.info	pinned_local_build
CNTN4	CNTN4	ENSG00000144619	ensembl_gene	ENSG00000144619	2174	152330	AXCAM|BIG-2	resolved	mygene.info	pinned_local_build
CNTN6	CNTN6	ENSG00000134115	ensembl_gene	ENSG00000134115	2176	27255	NB3	resolved	mygene.info	pinned_local_build
CNTNAP1	CNTNAP1	ENSG00000108797	ensembl_gene	ENSG00000108797	8011	8506	CASPR|CHN3|CNTNAP|NRXN4|P190	resolved	mygene.info	pinned_local_build
CNTNAP2	CNTNAP2	ENSG00000174469	ensembl_gene	ENSG00000174469	13830	26047	AUTS15|CASPR2|CDFE|NRXN4|PTHSL1	resolved	mygene.info	pinned_local_build
COA3	COA3	ENSG00000183978	ensembl_gene	ENSG00000183978	24990	28958	CCDC56|COX25|HSPC009|MC4DN14|MITRAC12|hCOA3	resolved	mygene.info	pinned_local_build
COA4	COA4	ENSG00000181924	ensembl_gene	ENSG00000181924	24604	51287	CHCHD8|CMC3|E2IG2	resolved	mygene.info	pinned_local_build
COA5	COA5	ENSG00000183513	ensembl_gene	ENSG00000183513	33848	493753	6330578E17Rik|C2orf64|CEMCOX3|MC4DN9|Pet191	resolved	mygene.info	pinned_local_build
COA7	COA7	ENSG00000162377	ensembl_gene	ENSG00000162377	25716	65260	C1orf163|RESA1|SCAN3|SELRC1	resolved	mygene.info	pinned_local_build
COA8	COA8	ENSG00000256053	ensembl_gene	ENSG00000256053	20492	84334	APOP|APOP1|APOPT1|C14orf153|MC4DN17	resolved	mygene.info	pinned_local_build
COASY	COASY	ENSG00000068120	ensembl_gene	ENSG00000068120	29932	80347	DPCK|NBIA6|NBP|PCH12|PPAT|UKR1|pOV-2	resolved	mygene.info	pinned_local_build
COCH	COCH	ENSG00000100473	ensembl_gene	ENSG00000100473	2180	1690	COCH-5B2|COCH5B2|DFNA9|DFNB110	resolved	mygene.info	pinned_local_build
COG1	COG1	ENSG00000166685	ensembl_gene	ENSG00000166685	6545	9382	CDG2G|LDLB	resolved	mygene.info	pinned_local_build
COG2	COG2	ENSG00000135775	ensembl_gene	ENSG00000135775	6546	22796	CDG2Q|LDLC	resolved	mygene.info	pinned_local_build
COG4	COG4	ENSG00000103051	ensembl_gene	ENSG00000103051	18620	25839	CDG2J|COD1|SWILS	resolved	mygene.info	pinned_local_build
COG5	COG5	ENSG00000164597	ensembl_gene	ENSG00000164597	14857	10466	CDG2I|GOLTC1|GTC90	resolved	mygene.info	pinned_local_build
COG6	COG6	ENSG00000133103	ensembl_gene	ENSG00000133103	18621	57511	CDG2L|COD2|SHNS	resolved	mygene.info	pinned_local_build
COG7	COG7	ENSG00000168434	ensembl_gene	ENSG00000168434	18622	91949	CDG2E	resolved	mygene.info	pinned_local_build
COG8	COG8	ENSG00000213380	ensembl_gene	ENSG00000213380	18623	84342	CDG2H|DOR1	resolved	mygene.info	pinned_local_build
COL11A1	COL11A1	ENSG00000060718	ensembl_gene	ENSG00000060718	2186	1301	CO11A1|COLL6|DFNA37|STL2	resolved	mygene.info	pinned_local_build
COL11A2	COL11A2	ENSG00000230930	ensembl_gene	ENSG00000230930	2187	1302	DFNA13|DFNB53|FBCG2|HKE5|OSMEDA|OSMEDB|PARP|STL3	resolved	mygene.info	pinned_local_build
COL12A1	COL12A1	ENSG00000111799	ensembl_gene	ENSG00000111799	2188	1303	BA209D8.1|BTHLM2|COL12A1L|DJ234P15.1|EDSMYP|UCMD2	resolved	mygene.info	pinned_local_build
COL13A1	COL13A1	ENSG00000197467	ensembl_gene	ENSG00000197467	2190	1305	CMS19|COLXIIIA1	resolved	mygene.info	pinned_local_build
COL17A1	COL17A1	ENSG00000065618	ensembl_gene	ENSG00000065618	2194	1308	BA16H23.2|BP180|BPA-2|BPAG2|ERED|JEB4|LAD-1	resolved	mygene.info	pinned_local_build
COL18A1	COL18A1	ENSG00000292234	ensembl_gene	ENSG00000292234	2195	80781	GLCC|KNO|KNO1|KS	resolved	mygene.info	pinned_local_build
COL1A1	COL1A1	ENSG00000108821	ensembl_gene	ENSG00000108821	2197	1277	CAFYD|EDSARTH1|EDSC|OI1|OI2|OI3|OI4	resolved	mygene.info	pinned_local_build
COL1A2	COL1A2	ENSG00000164692	ensembl_gene	ENSG00000164692	2198	1278	EDSARTH2|EDSCV|OI4	resolved	mygene.info	pinned_local_build
COL25A1	COL25A1	ENSG00000188517	ensembl_gene	ENSG00000188517	18603	84570	AMY|CFEOM5|CLAC|CLAC-P|CLACP	resolved	mygene.info	pinned_local_build
COL26A1	COL26A1	ENSG00000160963	ensembl_gene	ENSG00000160963	18038	136227	EMI6|EMID2|EMU2|SH2B	resolved	mygene.info	pinned_local_build
COL2A1	COL2A1	ENSG00000139219	ensembl_gene	ENSG00000139219	2200	1280	ACG2|ANFH|ANFH1|AOM|COL11A3|EDMMD|LCPD|OSCDP|PLSDT|SEDC|SEDSTN|SEMDSTWK|SMDALG|STL1|VPED	resolved	mygene.info	pinned_local_build
COL3A1	COL3A1	ENSG00000291748	ensembl_gene	ENSG00000291748	2201	1281	EDS4A|EDSVASC|PMGEDSV	resolved	mygene.info	pinned_local_build
COL4A1	COL4A1	ENSG00000187498	ensembl_gene	ENSG00000187498	2202	1282	BSVD|BSVD1|COL4A1s|PADMAL|RATOR	resolved	mygene.info	pinned_local_build
COL4A2	COL4A2	ENSG00000134871	ensembl_gene	ENSG00000134871	2203	1284	BSVD2|BSVD2A|BSVD2B|ICH|POREN2	resolved	mygene.info	pinned_local_build
COL4A3	COL4A3	ENSG00000169031	ensembl_gene	ENSG00000169031	2204	1285	ATS2|ATS3|ATS3A|ATS3B|BFH2	resolved	mygene.info	pinned_local_build
COL4A4	COL4A4	ENSG00000081052	ensembl_gene	ENSG00000081052	2206	1286	ATS2|BFH|BFH1|CA44	resolved	mygene.info	pinned_local_build
COL4A5	COL4A5	ENSG00000188153	ensembl_gene	ENSG00000188153	2207	1287	ASLN|ATS|ATS1|CA54	resolved	mygene.info	pinned_local_build
COL4A6	COL4A6	ENSG00000197565	ensembl_gene	ENSG00000197565	2208	1288	CXDELq22.3|DELXq22.3|DFNX6	resolved	mygene.info	pinned_local_build
COL5A1	COL5A1	ENSG00000130635	ensembl_gene	ENSG00000130635	2209	1289	EDSC|EDSCL1|FMDMF	resolved	mygene.info	pinned_local_build
COL5A2	COL5A2	ENSG00000204262	ensembl_gene	ENSG00000204262	2210	1290	EDSC|EDSCL2	resolved	mygene.info	pinned_local_build
COL6A1	COL6A1	ENSG00000142156	ensembl_gene	ENSG00000142156	2211	1291	BTHLM1|BTHLM1A|OPLL|UCHMD1|UCHMD1A	resolved	mygene.info	pinned_local_build
COL6A2	COL6A2	ENSG00000142173	ensembl_gene	ENSG00000142173	2212	1292	BTHLM1|BTHLM1B|PP3610|UCMD1|UCMD1B	resolved	mygene.info	pinned_local_build
COL6A3	COL6A3	ENSG00000163359	ensembl_gene	ENSG00000163359	2213	1293	BTHLM1|BTHLM1C|DYT27|UCMD1|UCMD1C	resolved	mygene.info	pinned_local_build
COL7A1	COL7A1	ENSG00000114270	ensembl_gene	ENSG00000114270	2214	1294	EBD1|EBDCT|EBR1|NDNC8	resolved	mygene.info	pinned_local_build
COL9A1	COL9A1	ENSG00000112280	ensembl_gene	ENSG00000112280	2217	1297	DJ149L1.1.2|EDM6|MED|STL4	resolved	mygene.info	pinned_local_build
COL9A2	COL9A2	ENSG00000049089	ensembl_gene	ENSG00000049089	2218	1298	DJ39G22.4|EDM2|MED|STL5	resolved	mygene.info	pinned_local_build
COLEC10	COLEC10	ENSG00000184374	ensembl_gene	ENSG00000184374	2220	10584	3MC3|CL-10|CL-34|CLL1	resolved	mygene.info	pinned_local_build
COLEC11	COLEC11	ENSG00000118004	ensembl_gene	ENSG00000118004	17213	78989	3MC2|CL-11|CL-K1-I|CL-K1-II|CL-K1-IIa|CL-K1-IIb|CLK1	resolved	mygene.info	pinned_local_build
COLGALT1	COLGALT1	ENSG00000130309	ensembl_gene	ENSG00000130309	26182	79709	BSVD3|ColGalT 1|GLT25D1	resolved	mygene.info	pinned_local_build
COLQ	COLQ	ENSG00000206561	ensembl_gene	ENSG00000206561	2226	8292	CMS5|EAD	resolved	mygene.info	pinned_local_build
COMT	COMT	ENSG00000093010	ensembl_gene	ENSG00000093010	2228	1312	HEL-S-98n	resolved	mygene.info	pinned_local_build
COPB2	COPB2	ENSG00000184432	ensembl_gene	ENSG00000184432	2232	9276	MCPH19|OPDD|beta'-COP	resolved	mygene.info	pinned_local_build
COQ2	COQ2	ENSG00000173085	ensembl_gene	ENSG00000173085	25223	27235	CL640|COQ10D1|MSA1|PHB:PPT	resolved	mygene.info	pinned_local_build
COQ4	COQ4	ENSG00000167113	ensembl_gene	ENSG00000167113	19693	51117	CGI-92|COQ10D7|SPAX10	resolved	mygene.info	pinned_local_build
COQ5	COQ5	ENSG00000110871	ensembl_gene	ENSG00000110871	28722	84274	COQ10D9	resolved	mygene.info	pinned_local_build
COQ6	COQ6	ENSG00000119723	ensembl_gene	ENSG00000119723	20233	51004	CGI-10|CGI10|COQ10D6	resolved	mygene.info	pinned_local_build
COQ7	COQ7	ENSG00000167186	ensembl_gene	ENSG00000167186	2244	10229	CAT5|COQ10D8|HMNR9	resolved	mygene.info	pinned_local_build
COQ8A	COQ8A	ENSG00000163050	ensembl_gene	ENSG00000163050	16812	56997	ADCK3|ARCA2|CABC1|COQ10D4|COQ8|SCAR9	resolved	mygene.info	pinned_local_build
COQ8B	COQ8B	ENSG00000123815	ensembl_gene	ENSG00000123815	19041	79934	ADCK4|NPHS9	resolved	mygene.info	pinned_local_build
COQ9	COQ9	ENSG00000088682	ensembl_gene	ENSG00000088682	25302	57017	C16orf49|COQ10D5	resolved	mygene.info	pinned_local_build
CORO1A	CORO1A	ENSG00000102879	ensembl_gene	ENSG00000102879	2252	11151	CLABP|CLIPINA|HCORO1|IMD8|TACO|p57	resolved	mygene.info	pinned_local_build
COX10	COX10	ENSG00000006695	ensembl_gene	ENSG00000006695	2260	1352	MC4DN3	resolved	mygene.info	pinned_local_build
COX14	COX14	ENSG00000178449	ensembl_gene	ENSG00000178449	28216	84987	C12orf62|MC4DN10|PCAG1	resolved	mygene.info	pinned_local_build
COX15	COX15	ENSG00000014919	ensembl_gene	ENSG00000014919	2263	1355	CEMCOX2|HAS|MC4DN6	resolved	mygene.info	pinned_local_build
COX17	COX17	ENSG00000138495	ensembl_gene	ENSG00000138495	2264	10063		resolved	mygene.info	pinned_local_build
COX19	COX19	ENSG00000240230	ensembl_gene	ENSG00000240230	28074	90639		resolved	mygene.info	pinned_local_build
COX20	COX20	ENSG00000203667	ensembl_gene	ENSG00000203667	26970	116228	FAM36A|MC4DN11	resolved	mygene.info	pinned_local_build
COX4I1	COX4I1	ENSG00000131143	ensembl_gene	ENSG00000131143	2265	1327	COX IV-1|COX4|COX4-1|COXIV|COXIV-1|MC4DN16	resolved	mygene.info	pinned_local_build
COX4I2	COX4I2	ENSG00000131055	ensembl_gene	ENSG00000131055	16232	84701	COX4|COX4-2|COX4B|COX4L2|COXIV-2|dJ857M17.2	resolved	mygene.info	pinned_local_build
COX5A	COX5A	ENSG00000178741	ensembl_gene	ENSG00000178741	2267	9377	COX|COX-VA|MC4DN20|VA	resolved	mygene.info	pinned_local_build
COX6B1	COX6B1	ENSG00000126267	ensembl_gene	ENSG00000126267	2280	1340	COX6B|COXG|COXVIb1|MC4DN7	resolved	mygene.info	pinned_local_build
COX6B2	COX6B2	ENSG00000160471	ensembl_gene	ENSG00000160471	24380	125965	COXVIB2|CT59	resolved	mygene.info	pinned_local_build
COX7A1	COX7A1	ENSG00000161281	ensembl_gene	ENSG00000161281	2287	1346	COX7A|COX7AH|COX7AM	resolved	mygene.info	pinned_local_build
COX7B	COX7B	ENSG00000131174	ensembl_gene	ENSG00000131174	2291	1349	APLCC|LSDMCA2	resolved	mygene.info	pinned_local_build
COX8A	COX8A	ENSG00000176340	ensembl_gene	ENSG00000176340	2294	1351	COX|COX8|COX8-2|COX8L|MC4DN15|VIII|VIII-L	resolved	mygene.info	pinned_local_build
COXFA4	COXFA4	ENSG00000189043	ensembl_gene	ENSG00000189043	7687	4697	CI-9k|CI-MLRQ|MC4DN21|MISTR1|MLRQ|MRCAF1|NDUFA4	resolved	mygene.info	pinned_local_build
CP	CP	ENSG00000047457	ensembl_gene	ENSG00000047457	2295	1356	AB073614|CP-2	resolved	mygene.info	pinned_local_build
CPA6	CPA6	ENSG00000165078	ensembl_gene	ENSG00000165078	17245	57094	CPAH|ETL5|FEB11	resolved	mygene.info	pinned_local_build
CPAP	CPAP	ENSG00000151849	ensembl_gene	ENSG00000151849	17272	55835	BM032|CENP-J|CENPJ|LAP|LIP1|MCPH6|SASS4|SCKL4|Sas-4	resolved	mygene.info	pinned_local_build
CPE	CPE	ENSG00000109472	ensembl_gene	ENSG00000109472	2303	1363	BDVS|CPH|IDDHH	resolved	mygene.info	pinned_local_build
CPLANE1	CPLANE1	ENSG00000197603	ensembl_gene	ENSG00000197603	25801	65250	C5orf42|Hug|JBTS17|OFD6	resolved	mygene.info	pinned_local_build
CPLX1	CPLX1	ENSG00000168993	ensembl_gene	ENSG00000168993	2309	10815	CPX-I|CPX1|DEE63|EIEE63	resolved	mygene.info	pinned_local_build
CPOX	CPOX	ENSG00000080819	ensembl_gene	ENSG00000080819	2321	1371	COX|CPO|CPX|HARPO|HCP	resolved	mygene.info	pinned_local_build
CPS1	CPS1	ENSG00000021826	ensembl_gene	ENSG00000021826	2323	1373	CPS1D|CPSASE1|GATD6|PHN	resolved	mygene.info	pinned_local_build
CPSF3	CPSF3	ENSG00000119203	ensembl_gene	ENSG00000119203	2326	51692	CPSF-73|CPSF73|NEDMHS|NEDMHSN	resolved	mygene.info	pinned_local_build
CPT1A	CPT1A	ENSG00000110090	ensembl_gene	ENSG00000110090	2328	1374	CPT I|CPT1|CPT1-L|CPTI-L|L-CPT1	resolved	mygene.info	pinned_local_build
CPT1B	CPT1B	ENSG00000205560	ensembl_gene	ENSG00000205560	2329	1375	CPT1-M|CPT1M|CPTI|CPTI-M|M-CPT1|MCCPT1|MCPT1	resolved	mygene.info	pinned_local_build
CPT1C	CPT1C	ENSG00000169169	ensembl_gene	ENSG00000169169	18540	126129	CATL1|CPT I-C|CPT1-B|CPT1P|CPTI-B|CPTIC|SPG73	resolved	mygene.info	pinned_local_build
CPT2	CPT2	ENSG00000157184	ensembl_gene	ENSG00000157184	2330	1376	CPT1|CPTASE|IIAE4	resolved	mygene.info	pinned_local_build
CRADD	CRADD	ENSG00000169372	ensembl_gene	ENSG00000169372	2340	8738	MRT34|RAIDD	resolved	mygene.info	pinned_local_build
CRB2	CRB2	ENSG00000148204	ensembl_gene	ENSG00000148204	18688	286204	FSGS9|VMCKD	resolved	mygene.info	pinned_local_build
CRBN	CRBN	ENSG00000113851	ensembl_gene	ENSG00000113851	30185	51185	MRT2|MRT2A	resolved	mygene.info	pinned_local_build
CREB3L1	CREB3L1	ENSG00000157613	ensembl_gene	ENSG00000157613	18856	90993	C16DELp11.2|DEL16p11.2|OASIS|OI16	resolved	mygene.info	pinned_local_build
CREBBP	CREBBP	ENSG00000005339	ensembl_gene	ENSG00000005339	2348	1387	CBP|KAT3A|MKHK1|RSTS|RSTS1	resolved	mygene.info	pinned_local_build
CRELD1	CRELD1	ENSG00000163703	ensembl_gene	ENSG00000163703	14630	78987	AVSD2|CIRRIN|JELANS	resolved	mygene.info	pinned_local_build
CRH	CRH	ENSG00000147571	ensembl_gene	ENSG00000147571	2355	1392	CRF|CRH1	resolved	mygene.info	pinned_local_build
CRHR1	CRHR1	ENSG00000276191	ensembl_gene	ENSG00000276191	2357	1394	CRF-R|CRF-R-1|CRF-R1|CRF1|CRFR-1|CRFR1|CRH-R-1|CRH-R1|CRHR|CRHR1L	resolved	mygene.info	pinned_local_build
CRIPT	CRIPT	ENSG00000119878	ensembl_gene	ENSG00000119878	14312	9419	HSPC139|RTS3|SSMDF	resolved	mygene.info	pinned_local_build
CRIPTO	CRIPTO	ENSG00000241186	ensembl_gene	ENSG00000241186	11701	6997	CR|CR-1|CRGF|TDGF1	resolved	mygene.info	pinned_local_build
CRKL	CRKL	ENSG00000099942	ensembl_gene	ENSG00000099942	2363	1399		resolved	mygene.info	pinned_local_build
CRLF1	CRLF1	ENSG00000006016	ensembl_gene	ENSG00000006016	2364	9244	CISS|CISS1|CLF|CLF-1|NR6|zcytor5	resolved	mygene.info	pinned_local_build
CRNKL1	CRNKL1	ENSG00000101343	ensembl_gene	ENSG00000101343	15762	51340	CLF|CRN|Clf1|HCRN|MGCH|MSTP021|SYF3	resolved	mygene.info	pinned_local_build
CRPPA	CRPPA	ENSG00000214960	ensembl_gene	ENSG00000214960	37276	729920	ISPD|LGMDR20|MDDGA7|MDDGC7|Nip|hISPD	resolved	mygene.info	pinned_local_build
CRTAP	CRTAP	ENSG00000170275	ensembl_gene	ENSG00000170275	2379	10491	CASP|LEPREL3|OI7|P3H5	resolved	mygene.info	pinned_local_build
CRYAB	CRYAB	ENSG00000109846	ensembl_gene	ENSG00000109846	2389	1410	CMD1II|CRYA2|CTPP2|CTRCT16|HEL-S-101|HSPB5|MFM2|MFM2A|MFM2B	resolved	mygene.info	pinned_local_build
CRYGA	CRYGA	ENSG00000168582	ensembl_gene	ENSG00000168582	2408	1418	CRY-g-A|CRYG1|CRYG5	resolved	mygene.info	pinned_local_build
CRYM	CRYM	ENSG00000103316	ensembl_gene	ENSG00000103316	2418	1428	DFNA40|THBP	resolved	mygene.info	pinned_local_build
CSDE1	CSDE1	ENSG00000009307	ensembl_gene	ENSG00000009307	29905	7812	D1S155E|UNR	resolved	mygene.info	pinned_local_build
CSF1R	CSF1R	ENSG00000182578	ensembl_gene	ENSG00000182578	2433	1436	BANDDOS|C-FMS|CD115|CSF-1R|CSFR|FIM2|FMS|GPSC|HDLS|HDLS1|M-CSF-R	resolved	mygene.info	pinned_local_build
CSF2RA	CSF2RA	ENSG00000292357	ensembl_gene	ENSG00000292357	2435	1438	CD116|CDw116|CSF2R|CSF2RAX|CSF2RAY|CSF2RX|CSF2RY|GM-CSF-R-alpha|GMCSFR|GMCSFR-alpha|GMR|GMR-alpha|SMDP4|alphaGMR	resolved	mygene.info	pinned_local_build
CSF3R	CSF3R	ENSG00000119535	ensembl_gene	ENSG00000119535	2439	1441	CD114|GCSFR|SCN7	resolved	mygene.info	pinned_local_build
CSMD1	CSMD1	ENSG00000183117	ensembl_gene	ENSG00000183117	14026	64478	PPP1R24	resolved	mygene.info	pinned_local_build
CSMD2	CSMD2	ENSG00000121904	ensembl_gene	ENSG00000121904	19290	114784	dJ1007G16.1|dJ1007G16.2|dJ947L8.1	resolved	mygene.info	pinned_local_build
CSNK1E	CSNK1E	ENSG00000213923	ensembl_gene	ENSG00000213923	2453	1454	CKIe|CKIepsilon|HCKIE	resolved	mygene.info	pinned_local_build
CSNK2A1	CSNK2A1	ENSG00000101266	ensembl_gene	ENSG00000101266	2457	1457	CK2A1|CKII|Cka1|Cka2|OCNDS	resolved	mygene.info	pinned_local_build
CSNK2B	CSNK2B	ENSG00000230700	ensembl_gene	ENSG00000230700	2460	1460	CK II beta|CK2B|CK2N|CSK2B|Ckb1|Ckb2|G5A|POBINDS	resolved	mygene.info	pinned_local_build
CSPP1	CSPP1	ENSG00000104218	ensembl_gene	ENSG00000104218	26193	79848	CSPP|CSPP-L|JBTS21	resolved	mygene.info	pinned_local_build
CSRP3	CSRP3	ENSG00000129170	ensembl_gene	ENSG00000129170	2472	8048	CLP|CMD1M|CMH12|CRP3|MLP	resolved	mygene.info	pinned_local_build
CSTA	CSTA	ENSG00000121552	ensembl_gene	ENSG00000121552	2481	1475	AREI|PSS4|STF1|STFA	resolved	mygene.info	pinned_local_build
CSTB	CSTB	ENSG00000160213	ensembl_gene	ENSG00000160213	2482	1476	CPI-B|CST6|EPM1|EPM1A|PME|STFB|ULD	resolved	mygene.info	pinned_local_build
CTBP1	CTBP1	ENSG00000159692	ensembl_gene	ENSG00000159692	2494	1487	BARS|HADDTS	resolved	mygene.info	pinned_local_build
CTC1	CTC1	ENSG00000178971	ensembl_gene	ENSG00000178971	26169	80169	AAF-132|AAF132|C17orf68|CRMCC|tmp494178	resolved	mygene.info	pinned_local_build
CTCF	CTCF	ENSG00000102974	ensembl_gene	ENSG00000102974	13723	10664	CFAP108|FAP108|MRD21	resolved	mygene.info	pinned_local_build
CTDP1	CTDP1	ENSG00000060069	ensembl_gene	ENSG00000060069	2498	9150	CCFDN|FCP1	resolved	mygene.info	pinned_local_build
CTF1	CTF1	ENSG00000150281	ensembl_gene	ENSG00000150281	2499	1489	CT-1|CT1	resolved	mygene.info	pinned_local_build
CTH	CTH	ENSG00000116761	ensembl_gene	ENSG00000116761	2501	1491	CGL|CSE	resolved	mygene.info	pinned_local_build
CTLA4	CTLA4	ENSG00000163599	ensembl_gene	ENSG00000163599	2505	1493	ALPS5|CD|CD152|CELIAC3|CTLA-4|GRD4|GSE|IDDM12	resolved	mygene.info	pinned_local_build
CTNNA2	CTNNA2	ENSG00000066032	ensembl_gene	ENSG00000066032	2510	1496	CAP-R|CAPR|CDCBM9|CT114|CTNR	resolved	mygene.info	pinned_local_build
CTNNA3	CTNNA3	ENSG00000183230	ensembl_gene	ENSG00000183230	2511	29119	ARVD13|VR22	resolved	mygene.info	pinned_local_build
CTNNB1	CTNNB1	ENSG00000168036	ensembl_gene	ENSG00000168036	2514	1499	CTNNB|EVR7|MRD19|NEDSDV|armadillo	resolved	mygene.info	pinned_local_build
CTNND2	CTNND2	ENSG00000169862	ensembl_gene	ENSG00000169862	2516	1501	GT24|NPRAP	resolved	mygene.info	pinned_local_build
CTNS	CTNS	ENSG00000040531	ensembl_gene	ENSG00000040531	2518	1497	CTNS-LSB|PQLC4|SLC66A4	resolved	mygene.info	pinned_local_build
CTR9	CTR9	ENSG00000198730	ensembl_gene	ENSG00000198730	16850	9646	SH2BP1|TSBP|p150|p150TSP	resolved	mygene.info	pinned_local_build
CTSA	CTSA	ENSG00000064601	ensembl_gene	ENSG00000064601	9251	5476	BSVD6|GLB2|GSL|NGBE|PPCA|PPGB	resolved	mygene.info	pinned_local_build
CTSB	CTSB	ENSG00000164733	ensembl_gene	ENSG00000164733	2527	1508	APPS|CPSB|KWE|RECEUP	resolved	mygene.info	pinned_local_build
CTSC	CTSC	ENSG00000109861	ensembl_gene	ENSG00000109861	2528	1075	CPPI|DPP-I|DPP1|DPPI|HMS|JP|JPD|PALS|PDON1|PLS	resolved	mygene.info	pinned_local_build
CTSD	CTSD	ENSG00000117984	ensembl_gene	ENSG00000117984	2529	1509	CLN10|CPSD|HEL-S-130P	resolved	mygene.info	pinned_local_build
CTSF	CTSF	ENSG00000174080	ensembl_gene	ENSG00000174080	2531	8722	CATSF|CLN13	resolved	mygene.info	pinned_local_build
CTSH	CTSH	ENSG00000103811	ensembl_gene	ENSG00000103811	2535	1512	ACC-4|ACC-5|ACC4|ACC5|CPSB	resolved	mygene.info	pinned_local_build
CTSK	CTSK	ENSG00000143387	ensembl_gene	ENSG00000143387	2536	1513	CTS02|CTSO|CTSO1|CTSO2|PKND|PYCD	resolved	mygene.info	pinned_local_build
CTTNBP2	CTTNBP2	ENSG00000077063	ensembl_gene	ENSG00000077063	15679	83992	C7orf8|CORTBP2|Orf4	resolved	mygene.info	pinned_local_build
CTU2	CTU2	ENSG00000174177	ensembl_gene	ENSG00000174177	28005	348180	C16orf84|MFRG|NCS2|UPF0432	resolved	mygene.info	pinned_local_build
CUL3	CUL3	ENSG00000036257	ensembl_gene	ENSG00000036257	2553	8452	CUL-3|NEDAUS|PHA2E	resolved	mygene.info	pinned_local_build
CUL4B	CUL4B	ENSG00000158290	ensembl_gene	ENSG00000158290	2555	8450	CUL-4B|MRXHF2|MRXS15|MRXSC|SFM2	resolved	mygene.info	pinned_local_build
CUL7	CUL7	ENSG00000044090	ensembl_gene	ENSG00000044090	21024	9820	3M1|CUL-7|KIAA0076|dJ20C7.5	resolved	mygene.info	pinned_local_build
CUX1	CUX1	ENSG00000257923	ensembl_gene	ENSG00000257923	2557	1523	CASP|CDP|CDP/Cut|CDP1|COY1|CUTL1|CUX|Clox|Cux/CDP|GDDI|GOLIM6|NEDDMS|Nbla10317|p100|p110|p200|p75	resolved	mygene.info	pinned_local_build
CUX2	CUX2	ENSG00000111249	ensembl_gene	ENSG00000111249	19347	23316	CDP2|CUTL2|DEE67|EIEE67	resolved	mygene.info	pinned_local_build
CWC27	CWC27	ENSG00000153015	ensembl_gene	ENSG00000153015	10664	10283	NY-CO-10|RPSKA|SDCCAG-10|SDCCAG10	resolved	mygene.info	pinned_local_build
CWF19L1	CWF19L1	ENSG00000095485	ensembl_gene	ENSG00000095485	25613	55280	C19L1|SCAR17|hDrn1	resolved	mygene.info	pinned_local_build
CXCR2	CXCR2	ENSG00000180871	ensembl_gene	ENSG00000180871	6027	3579	CD182|CDw128b|CMKAR2|IL8R2|IL8RA|IL8RB|SCN13|WHIMS2	resolved	mygene.info	pinned_local_build
CXCR4	CXCR4	ENSG00000121966	ensembl_gene	ENSG00000121966	2561	7852	CD184|D2S201E|FB22|HM89|HSY3RR|LCR1|LESTR|NPY3R|NPYR|NPYRL|NPYY3R|WHIM|WHIMS|WHIMS1	resolved	mygene.info	pinned_local_build
CYB5R3	CYB5R3	ENSG00000100243	ensembl_gene	ENSG00000100243	2873	1727	B5R|DIA1	resolved	mygene.info	pinned_local_build
CYBA	CYBA	ENSG00000051523	ensembl_gene	ENSG00000051523	2577	1535	CGD4|p22-PHOX	resolved	mygene.info	pinned_local_build
CYBB	CYBB	ENSG00000165168	ensembl_gene	ENSG00000165168	2578	1536	AMCBX2|CGD|CGDX|GP91-1|GP91-PHOX|GP91PHOX|IMD34|NOX2|p91-PHOX	resolved	mygene.info	pinned_local_build
CYC1	CYC1	ENSG00000179091	ensembl_gene	ENSG00000179091	2579	1537	MC3DN6|UQCR4	resolved	mygene.info	pinned_local_build
CYFIP2	CYFIP2	ENSG00000055163	ensembl_gene	ENSG00000055163	13760	26999	DEE65|EIEE65|PIR121	resolved	mygene.info	pinned_local_build
CYP11A1	CYP11A1	ENSG00000140459	ensembl_gene	ENSG00000140459	2590	1583	CYP11A|CYPXIA1|P450SCC	resolved	mygene.info	pinned_local_build
CYP11B1	CYP11B1	ENSG00000160882	ensembl_gene	ENSG00000160882	2591	1584	CPN1|CYP11B|FHI|P450C11	resolved	mygene.info	pinned_local_build
CYP17A1	CYP17A1	ENSG00000148795	ensembl_gene	ENSG00000148795	2593	1586	CPT7|CYP17|P450C17|S17AH	resolved	mygene.info	pinned_local_build
CYP1B1	CYP1B1	ENSG00000138061	ensembl_gene	ENSG00000138061	2597	1545	ASGD6|CP1B|CYPIB1|GLC3A|P4501B1	resolved	mygene.info	pinned_local_build
CYP21A2	CYP21A2	ENSG00000235134	ensembl_gene	ENSG00000235134	2600	1589	CA21H|CAH1|CPS1|CYP21|CYP21B|P450c21B	resolved	mygene.info	pinned_local_build
CYP24A1	CYP24A1	ENSG00000019186	ensembl_gene	ENSG00000019186	2602	1591	CP24|CYP24|HCAI|HCINF1|P450-CC24	resolved	mygene.info	pinned_local_build
CYP27A1	CYP27A1	ENSG00000135929	ensembl_gene	ENSG00000135929	2605	1593	CP27|CTX|CYP27	resolved	mygene.info	pinned_local_build
CYP27B1	CYP27B1	ENSG00000111012	ensembl_gene	ENSG00000111012	2606	1594	CP2B|CYP1|CYP1alpha|CYP27B|P450c1|PDDR|VDD1|VDDR|VDDRI	resolved	mygene.info	pinned_local_build
CYP2C9	CYP2C9	ENSG00000138109	ensembl_gene	ENSG00000138109	2623	1559	CPC9|CYP2C|CYP2C10|CYPIIC9|P450-2C9|P450IIC9	resolved	mygene.info	pinned_local_build
CYP2R1	CYP2R1	ENSG00000186104	ensembl_gene	ENSG00000186104	20580	120227		resolved	mygene.info	pinned_local_build
CYP2U1	CYP2U1	ENSG00000155016	ensembl_gene	ENSG00000155016	20582	113612	P450TEC|SPG49|SPG56	resolved	mygene.info	pinned_local_build
CYP4F22	CYP4F22	ENSG00000171954	ensembl_gene	ENSG00000171954	26820	126410	ARCI5|INLNE|LI3	resolved	mygene.info	pinned_local_build
CYP51A1	CYP51A1	ENSG00000001630	ensembl_gene	ENSG00000001630	2649	1595	CP51|CYP51|CYPL1|LDM|P450-14DM|P450L1	resolved	mygene.info	pinned_local_build
CYP7A1	CYP7A1	ENSG00000167910	ensembl_gene	ENSG00000167910	2651	1581	CP7A|CYP7|CYPVII	resolved	mygene.info	pinned_local_build
CYP7B1	CYP7B1	ENSG00000172817	ensembl_gene	ENSG00000172817	2652	9420	CBAS3|CP7B|SPG5A	resolved	mygene.info	pinned_local_build
D2HGDH	D2HGDH	ENSG00000180902	ensembl_gene	ENSG00000180902	28358	728294	D2HGD	resolved	mygene.info	pinned_local_build
DAAM2	DAAM2	ENSG00000146122	ensembl_gene	ENSG00000146122	18143	23500	NPHS24|dJ90A20A.1	resolved	mygene.info	pinned_local_build
DAG1	DAG1	ENSG00000173402	ensembl_gene	ENSG00000173402	2666	1605	156DAG|A3a|AGRNR|DAG|LGMDR16|MDDGA9|MDDGC7|MDDGC9	resolved	mygene.info	pinned_local_build
DALRD3	DALRD3	ENSG00000178149	ensembl_gene	ENSG00000178149	25536	55152	DEE86|EIEE86	resolved	mygene.info	pinned_local_build
DAO	DAO	ENSG00000110887	ensembl_gene	ENSG00000110887	2671	1610	DAAO|DAMOX|OXDA	resolved	mygene.info	pinned_local_build
DAOA	DAOA	ENSG00000182346	ensembl_gene	ENSG00000182346	21191	267012	LG72|SG72	resolved	mygene.info	pinned_local_build
DARS1	DARS1	ENSG00000115866	ensembl_gene	ENSG00000115866	2678	1615	DARS|HBSL|aspRS	resolved	mygene.info	pinned_local_build
DARS2	DARS2	ENSG00000117593	ensembl_gene	ENSG00000117593	25538	55157	ASPRS|CMT2LL|LBSL|MT-ASPRS|mtAspRS	resolved	mygene.info	pinned_local_build
DBH	DBH	ENSG00000123454	ensembl_gene	ENSG00000123454	2689	1621	DBM|ORTHYP1	resolved	mygene.info	pinned_local_build
DBR1	DBR1	ENSG00000138231	ensembl_gene	ENSG00000138231	15594	51163	XGIP	resolved	mygene.info	pinned_local_build
DBT	DBT	ENSG00000137992	ensembl_gene	ENSG00000137992	2698	1629	BCATE2|BCKAD-E2|BCKADE2|BCKDH-E2|BCOADC-E2|E2|E2B	resolved	mygene.info	pinned_local_build
DCAF17	DCAF17	ENSG00000115827	ensembl_gene	ENSG00000115827	25784	80067	C20orf37|C2orf37	resolved	mygene.info	pinned_local_build
DCC	DCC	ENSG00000187323	ensembl_gene	ENSG00000187323	2701	1630	CRC18|CRCR1|HGPPS2|IGDCC1|MRMV1|NTN1R1	resolved	mygene.info	pinned_local_build
DCDC1	DCDC1	ENSG00000170959	ensembl_gene	ENSG00000170959	20625	341019	DCDC5	resolved	mygene.info	pinned_local_build
DCDC2	DCDC2	ENSG00000146038	ensembl_gene	ENSG00000146038	18141	51473	DCDC2A|DFNB66|NPHP19|NSC|RU2|RU2S	resolved	mygene.info	pinned_local_build
DCHS1	DCHS1	ENSG00000166341	ensembl_gene	ENSG00000166341	13681	8642	CDH25|CDHR6|FIB1|MMVP2|MVP2|PCDH16|VMLDS1	resolved	mygene.info	pinned_local_build
DCLRE1C	DCLRE1C	ENSG00000152457	ensembl_gene	ENSG00000152457	17642	64421	A-SCID|DCLREC1C|RS-SCID|SCIDA|SNM1C	resolved	mygene.info	pinned_local_build
DCTN1	DCTN1	ENSG00000204843	ensembl_gene	ENSG00000204843	2711	1639	DAP-150|DP-150|HMND14|P135	resolved	mygene.info	pinned_local_build
DCX	DCX	ENSG00000077279	ensembl_gene	ENSG00000077279	2714	1641	DBCN|DC|LISX|SCLH|XLIS	resolved	mygene.info	pinned_local_build
DDB2	DDB2	ENSG00000134574	ensembl_gene	ENSG00000134574	2718	1643	DDBB|UV-DDB2|XPE	resolved	mygene.info	pinned_local_build
DDC	DDC	ENSG00000132437	ensembl_gene	ENSG00000132437	2719	1644	AADC	resolved	mygene.info	pinned_local_build
DDHD1	DDHD1	ENSG00000100523	ensembl_gene	ENSG00000100523	19714	80821	PA-PLA1|PAPLA1|SPG28|iPLA1I|iPLA1alpha	resolved	mygene.info	pinned_local_build
DDHD2	DDHD2	ENSG00000085788	ensembl_gene	ENSG00000085788	29106	23259	SAMWD1|SPG54|iPLA(1)gamma|iPLA1A|iPLA1gamma|p125B	resolved	mygene.info	pinned_local_build
DDOST	DDOST	ENSG00000244038	ensembl_gene	ENSG00000244038	2728	1650	AGER1|CDG1R|GATD6|OKSWcl45|OST|OST48|WBP1	resolved	mygene.info	pinned_local_build
DDR2	DDR2	ENSG00000162733	ensembl_gene	ENSG00000162733	2731	4921	DDR2-N|MIG20a|NTRKR3|TKT|TYRO10|WRCN	resolved	mygene.info	pinned_local_build
DDX11	DDX11	ENSG00000013573	ensembl_gene	ENSG00000013573	2736	1663	CHL1|CHLR1|KRG2|WABS	resolved	mygene.info	pinned_local_build
DDX39B	DDX39B	ENSG00000235439	ensembl_gene	ENSG00000235439	13917	7919	BAT1|D6S81E|UAP56	resolved	mygene.info	pinned_local_build
DDX3X	DDX3X	ENSG00000215301	ensembl_gene	ENSG00000215301	2745	1654	CAP-Rf|DBX|DDX14|DDX3|HLP2|MRX102|MRXSSB	resolved	mygene.info	pinned_local_build
DDX53	DDX53	ENSG00000184735	ensembl_gene	ENSG00000184735	20083	168400	CAGE|CT26	resolved	mygene.info	pinned_local_build
DEAF1	DEAF1	ENSG00000177030	ensembl_gene	ENSG00000177030	14677	10522	MRD24|NEDHELS|NUDR|SPN|VSVS|ZMYND5	resolved	mygene.info	pinned_local_build
DEF6	DEF6	ENSG00000023892	ensembl_gene	ENSG00000023892	2760	50619	IBP|IMD87|SLAT|SWAP70L	resolved	mygene.info	pinned_local_build
DEGS1	DEGS1	ENSG00000143753	ensembl_gene	ENSG00000143753	13709	8560	DEGS|DEGS-1|DES1|Des-1|FADS7|HLD18|MIG15|MLD	resolved	mygene.info	pinned_local_build
DENND2B	DENND2B	ENSG00000166444	ensembl_gene	ENSG00000166444	11350	6764	HTS1|ST5|p126	resolved	mygene.info	pinned_local_build
DENND5A	DENND5A	ENSG00000184014	ensembl_gene	ENSG00000184014	19344	23258	DEE49|EIEE49|RAB6IP1	resolved	mygene.info	pinned_local_build
DENND5B	DENND5B	ENSG00000170456	ensembl_gene	ENSG00000170456	28338	160518		resolved	mygene.info	pinned_local_build
DEPDC5	DEPDC5	ENSG00000100150	ensembl_gene	ENSG00000100150	18423	9681	DEE111|DEP.5|FFEVF|FFEVF1|FPEVF	resolved	mygene.info	pinned_local_build
DES	DES	ENSG00000175084	ensembl_gene	ENSG00000175084	2770	1674	CDCD3|CSM1|CSM2|LGMD1D|LGMD1E|LGMD2R	resolved	mygene.info	pinned_local_build
DGAT2	DGAT2	ENSG00000062282	ensembl_gene	ENSG00000062282	16940	84649	ARAT|GS1999FULL|HMFN1045	resolved	mygene.info	pinned_local_build
DGKD	DGKD	ENSG00000077044	ensembl_gene	ENSG00000077044	2851	8527	DGK-delta|DGKdelta|dgkd-2	resolved	mygene.info	pinned_local_build
DGKZ	DGKZ	ENSG00000149091	ensembl_gene	ENSG00000149091	2857	8525	DAGK5|DAGK6|DGK-ZETA|hDGKzeta	resolved	mygene.info	pinned_local_build
DGUOK	DGUOK	ENSG00000114956	ensembl_gene	ENSG00000114956	2858	1716	MTDPS3|NCPH|NCPH1|PEOB4|dGK	resolved	mygene.info	pinned_local_build
DHCR24	DHCR24	ENSG00000116133	ensembl_gene	ENSG00000116133	2859	1718	DCE|Nbla03646|SELADIN1|seladin-1	resolved	mygene.info	pinned_local_build
DHCR7	DHCR7	ENSG00000172893	ensembl_gene	ENSG00000172893	2860	1717	SLOS	resolved	mygene.info	pinned_local_build
DHDDS	DHDDS	ENSG00000117682	ensembl_gene	ENSG00000117682	20603	79947	CIT|CPT|DEDSM|DS|HDS|RP59|hCIT	resolved	mygene.info	pinned_local_build
DHFR	DHFR	ENSG00000228716	ensembl_gene	ENSG00000228716	2861	1719	DHFR1|DYR	resolved	mygene.info	pinned_local_build
DHFR2	DHFR2	ENSG00000178700	ensembl_gene	ENSG00000178700	27309	200895	DHFRL1|DHFRP4	resolved	mygene.info	pinned_local_build
DHODH	DHODH	ENSG00000102967	ensembl_gene	ENSG00000102967	2867	1723	DHOdehase|POADS|URA1	resolved	mygene.info	pinned_local_build
DHPS	DHPS	ENSG00000095059	ensembl_gene	ENSG00000095059	2869	1725	DHS|DS|MIG13|NEDSSWI	resolved	mygene.info	pinned_local_build
DHX16	DHX16	ENSG00000233049	ensembl_gene	ENSG00000233049	2739	8449	DBP2|DDX16|NMOAS|PRO2014|PRP8|PRPF2|Prp2	resolved	mygene.info	pinned_local_build
DHX30	DHX30	ENSG00000132153	ensembl_gene	ENSG00000132153	16716	22907	DDX30|NEDMIAL|RETCOR	resolved	mygene.info	pinned_local_build
DHX32	DHX32	ENSG00000089876	ensembl_gene	ENSG00000089876	16717	55760	DDX32|DHLP1	resolved	mygene.info	pinned_local_build
DHX9	DHX9	ENSG00000135829	ensembl_gene	ENSG00000135829	2750	1660	DDX9|LKP|MRD75|NDH2|NDHII|RHA	resolved	mygene.info	pinned_local_build
DIABLO	DIABLO	ENSG00000184047	ensembl_gene	ENSG00000184047	21528	56616	DFNA64|SMAC	resolved	mygene.info	pinned_local_build
DIAPH1	DIAPH1	ENSG00000131504	ensembl_gene	ENSG00000131504	2876	1729	DFNA1|DIA1|DRF1|LFHL1|SCBMS|hDIA1|mDia1	resolved	mygene.info	pinned_local_build
DIAPH3	DIAPH3	ENSG00000139734	ensembl_gene	ENSG00000139734	15480	81624	AN|AUNA1|DIA2|DRF3|NSDAN|diap3|mDia2	resolved	mygene.info	pinned_local_build
DIP2B	DIP2B	ENSG00000066084	ensembl_gene	ENSG00000066084	29284	57609		resolved	mygene.info	pinned_local_build
DIP2C	DIP2C	ENSG00000151240	ensembl_gene	ENSG00000151240	29150	22982	KIAA0934	resolved	mygene.info	pinned_local_build
DIS3L2	DIS3L2	ENSG00000144535	ensembl_gene	ENSG00000144535	28648	129563	FAM6A|PRLMNS|hDIS3L2	resolved	mygene.info	pinned_local_build
DISP1	DISP1	ENSG00000154309	ensembl_gene	ENSG00000154309	19711	84976	DISPA|HPE10	resolved	mygene.info	pinned_local_build
DKC1	DKC1	ENSG00000130826	ensembl_gene	ENSG00000130826	2890	1736	CBF5|CHINE1|DKC|DKCX|NAP57|NOLA4|XAP101	resolved	mygene.info	pinned_local_build
DLAT	DLAT	ENSG00000150768	ensembl_gene	ENSG00000150768	2896	1737	DLTA|E2|PBC|PDC-E2|PDCE2	resolved	mygene.info	pinned_local_build
DLD	DLD	ENSG00000091140	ensembl_gene	ENSG00000091140	2898	1738	DLDD|DLDH|E3|GCSL|LAD|OGDC-E3|PHE3	resolved	mygene.info	pinned_local_build
DLG1	DLG1	ENSG00000075711	ensembl_gene	ENSG00000075711	2900	1739	DLGH1|SAP-97|SAP97|hdlg	resolved	mygene.info	pinned_local_build
DLG2	DLG2	ENSG00000150672	ensembl_gene	ENSG00000150672	2901	1740	PPP1R58|PSD-93|PSD93|chapsyn-110	resolved	mygene.info	pinned_local_build
DLG3	DLG3	ENSG00000082458	ensembl_gene	ENSG00000082458	2902	1741	MRX|MRX90|NEDLG|PPP1R82|SAP102|XLID90|XLMR	resolved	mygene.info	pinned_local_build
DLG4	DLG4	ENSG00000132535	ensembl_gene	ENSG00000132535	2903	1742	MRD62|PSD95|SAP-90|SAP90	resolved	mygene.info	pinned_local_build
DLGAP2	DLGAP2	ENSG00000198010	ensembl_gene	ENSG00000198010	2906	9228	C8orf68|DAP2|ERICH1-AS1|SAPAP2	resolved	mygene.info	pinned_local_build
DLL1	DLL1	ENSG00000275555	ensembl_gene	ENSG00000275555	2908	28514	DELTA1|DL1|Delta|NEDBAS	resolved	mygene.info	pinned_local_build
DLL4	DLL4	ENSG00000128917	ensembl_gene	ENSG00000128917	2910	54567	AOS6|delta4|hdelta2	resolved	mygene.info	pinned_local_build
DLX3	DLX3	ENSG00000064195	ensembl_gene	ENSG00000064195	2916	1747	AI4|TDO	resolved	mygene.info	pinned_local_build
DLX5	DLX5	ENSG00000105880	ensembl_gene	ENSG00000105880	2918	1749	SHFM1|SHFM1D	resolved	mygene.info	pinned_local_build
DLX6	DLX6	ENSG00000006377	ensembl_gene	ENSG00000006377	2919	1750		resolved	mygene.info	pinned_local_build
DMBX1	DMBX1	ENSG00000197587	ensembl_gene	ENSG00000197587	19026	127343	Atx|MBX|OTX3|PAXB	resolved	mygene.info	pinned_local_build
DMD	DMD	ENSG00000198947	ensembl_gene	ENSG00000198947	2928	1756	BMD|CMD3B|DXS142|DXS164|DXS206|DXS230|DXS239|DXS268|DXS269|DXS270|DXS272|MRX85	resolved	mygene.info	pinned_local_build
DMP1	DMP1	ENSG00000152592	ensembl_gene	ENSG00000152592	2932	1758	ARHP|ARHR|DMP-1	resolved	mygene.info	pinned_local_build
DMRT1	DMRT1	ENSG00000137090	ensembl_gene	ENSG00000137090	2934	1761	CT154|DMT1	resolved	mygene.info	pinned_local_build
DMRT2	DMRT2	ENSG00000173253	ensembl_gene	ENSG00000173253	2935	10655	DSXL-2|SCDO7	resolved	mygene.info	pinned_local_build
DMRTA2	DMRTA2	ENSG00000142700	ensembl_gene	ENSG00000142700	13908	63950	DMRT5	resolved	mygene.info	pinned_local_build
DMXL2	DMXL2	ENSG00000104093	ensembl_gene	ENSG00000104093	2938	23312	DEE81|DFNA71|EIEE81|PEPNS|RC3	resolved	mygene.info	pinned_local_build
DNA2	DNA2	ENSG00000138346	ensembl_gene	ENSG00000138346	2939	1763	DNA2L|RTS4|hDNA2	resolved	mygene.info	pinned_local_build
DNAAF3	DNAAF3	ENSG00000167646	ensembl_gene	ENSG00000167646	30492	352909	C19orf51|CILD2|DAB1|PCD|PF22	resolved	mygene.info	pinned_local_build
DNAAF4	DNAAF4	ENSG00000256061	ensembl_gene	ENSG00000256061	21493	161582	CILD25|DYX1|DYX1C1|DYXC1|EKN1|RD|pf23	resolved	mygene.info	pinned_local_build
DNAH14	DNAH14	ENSG00000185842	ensembl_gene	ENSG00000185842	2945	127602	C1orf67|Dnahc14|HL-18|HL18	resolved	mygene.info	pinned_local_build
DNAH8	DNAH8	ENSG00000124721	ensembl_gene	ENSG00000124721	2952	1769	ATPase|SPGF46|hdhc9	resolved	mygene.info	pinned_local_build
DNAJB2	DNAJB2	ENSG00000135924	ensembl_gene	ENSG00000135924	5228	3300	CMT2T|DSMA5|HMNR5|HSJ-1|HSJ1|HSPF3	resolved	mygene.info	pinned_local_build
DNAJC12	DNAJC12	ENSG00000108176	ensembl_gene	ENSG00000108176	28908	56521	HPANBH4|JDP1	resolved	mygene.info	pinned_local_build
DNAJC13	DNAJC13	ENSG00000138246	ensembl_gene	ENSG00000138246	30343	23317	PARK21|RME8	resolved	mygene.info	pinned_local_build
DNAJC17	DNAJC17	ENSG00000104129	ensembl_gene	ENSG00000104129	25556	55192		resolved	mygene.info	pinned_local_build
DNAJC19	DNAJC19	ENSG00000205981	ensembl_gene	ENSG00000205981	30528	131118	PAM18|TIM14|TIMM14	resolved	mygene.info	pinned_local_build
DNAJC3	DNAJC3	ENSG00000102580	ensembl_gene	ENSG00000102580	9439	5611	ACPHD|ERdj6|HP58|P58|P58IPK|PRKRI|p58(IPK)	resolved	mygene.info	pinned_local_build
DNAJC5	DNAJC5	ENSG00000101152	ensembl_gene	ENSG00000101152	16235	80331	CLN4|CLN4B|CSP|DNAJC5A|mir-941-2|mir-941-3|mir-941-4|mir-941-5	resolved	mygene.info	pinned_local_build
DNAJC6	DNAJC6	ENSG00000116675	ensembl_gene	ENSG00000116675	15469	9829	DJC6|PARK19	resolved	mygene.info	pinned_local_build
DNASE1	DNASE1	ENSG00000213918	ensembl_gene	ENSG00000213918	2956	1773	DNL1|DRNI	resolved	mygene.info	pinned_local_build
DNASE1L3	DNASE1L3	ENSG00000163687	ensembl_gene	ENSG00000163687	2959	1776	D3|DHP2|DNAS1L3|LSD|SLEB16	resolved	mygene.info	pinned_local_build
DNASE2	DNASE2	ENSG00000105612	ensembl_gene	ENSG00000105612	2960	1777	AIPCS|DNASE2A|DNL|DNL2	resolved	mygene.info	pinned_local_build
DNM1	DNM1	ENSG00000106976	ensembl_gene	ENSG00000106976	2972	1759	DEE31|DEE31A|DEE31B|DNM|EIEE31	resolved	mygene.info	pinned_local_build
DNM1L	DNM1L	ENSG00000087470	ensembl_gene	ENSG00000087470	2973	10059	DLP1|DRP1|DVLP|DYMPLE|EMPF|EMPF1|HDYNIV|OPA5	resolved	mygene.info	pinned_local_build
DNM2	DNM2	ENSG00000079805	ensembl_gene	ENSG00000079805	2974	1785	CMT2M|CMTDI1|CMTDIB|DI-CMTB|DYN2|DYNII|LCCS5	resolved	mygene.info	pinned_local_build
DNM3	DNM3	ENSG00000197959	ensembl_gene	ENSG00000197959	29125	26052	Dyna III	resolved	mygene.info	pinned_local_build
DNMT1	DNMT1	ENSG00000130816	ensembl_gene	ENSG00000130816	2976	1786	ADCADN|AIM|CXXC9|DNMT|HSN1E|MCMT|m.HsaI	resolved	mygene.info	pinned_local_build
DNMT3A	DNMT3A	ENSG00000119772	ensembl_gene	ENSG00000119772	2978	1788	DNMT3A2|HESJAS|M.HsaIIIA|TBRS	resolved	mygene.info	pinned_local_build
DNMT3B	DNMT3B	ENSG00000088305	ensembl_gene	ENSG00000088305	2979	1789	FSHD4|ICF|ICF1|M.HsaIIIB	resolved	mygene.info	pinned_local_build
DOCK3	DOCK3	ENSG00000088538	ensembl_gene	ENSG00000088538	2989	1795	MOCA|NEDIDHA|PBP	resolved	mygene.info	pinned_local_build
DOCK6	DOCK6	ENSG00000130158	ensembl_gene	ENSG00000130158	19189	57572	AOS2|ZIR1	resolved	mygene.info	pinned_local_build
DOCK7	DOCK7	ENSG00000116641	ensembl_gene	ENSG00000116641	19190	85440	DEE23|EIEE23|ZIR2	resolved	mygene.info	pinned_local_build
DOCK8	DOCK8	ENSG00000107099	ensembl_gene	ENSG00000107099	19191	81704	HEL-205|HIES2|MRD2|ZIR8	resolved	mygene.info	pinned_local_build
DOHH	DOHH	ENSG00000129932	ensembl_gene	ENSG00000129932	28662	83475	HLRC1|NEDMVIC|hDOHH	resolved	mygene.info	pinned_local_build
DOK7	DOK7	ENSG00000175920	ensembl_gene	ENSG00000175920	26594	285489	C4orf25|CMS10|CMS1B	resolved	mygene.info	pinned_local_build
DOLK	DOLK	ENSG00000175283	ensembl_gene	ENSG00000175283	23406	22845	CDG1M|DK|DK1|SEC59|TMEM15	resolved	mygene.info	pinned_local_build
DONSON	DONSON	ENSG00000159147	ensembl_gene	ENSG00000159147	2993	29980	B17|C21orf60|MGORS10|MIMIS|MISSLA	resolved	mygene.info	pinned_local_build
DPAGT1	DPAGT1	ENSG00000172269	ensembl_gene	ENSG00000172269	2995	1798	ALG7|CDG-Ij|CDG1J|CMS13|CMSTA2|D11S366|DGPT|DPAGT|DPAGT2|G1PT|GPT|UAGT|UGAT	resolved	mygene.info	pinned_local_build
DPF2	DPF2	ENSG00000133884	ensembl_gene	ENSG00000133884	9964	5977	CSS7|REQ|SMARCG2|UBID4|ubi-d4	resolved	mygene.info	pinned_local_build
DPH1	DPH1	ENSG00000108963	ensembl_gene	ENSG00000108963	3003	1801	DEDSSH|DPH2L|DPH2L1|OVCA1	resolved	mygene.info	pinned_local_build
DPM1	DPM1	ENSG00000000419	ensembl_gene	ENSG00000000419	3005	8813	CDGIE|MPDS	resolved	mygene.info	pinned_local_build
DPM2	DPM2	ENSG00000136908	ensembl_gene	ENSG00000136908	3006	8818	CDG1U	resolved	mygene.info	pinned_local_build
DPM3	DPM3	ENSG00000179085	ensembl_gene	ENSG00000179085	3007	54344	CDG1O|MDDGB15|MDDGC15	resolved	mygene.info	pinned_local_build
DPP6	DPP6	ENSG00000130226	ensembl_gene	ENSG00000130226	3010	1804	DPL1|DPPX|MRD33|VF2	resolved	mygene.info	pinned_local_build
DPYD	DPYD	ENSG00000188641	ensembl_gene	ENSG00000188641	3012	1806	DHP|DHPDHASE|DPD|DYPD	resolved	mygene.info	pinned_local_build
DPYS	DPYS	ENSG00000147647	ensembl_gene	ENSG00000147647	3013	1807	DHP|DHPase	resolved	mygene.info	pinned_local_build
DPYSL5	DPYSL5	ENSG00000157851	ensembl_gene	ENSG00000157851	20637	56896	CRAM|CRMP-5|CRMP5|CV2|RTSC4|Ulip6	resolved	mygene.info	pinned_local_build
DRC4	DRC4	ENSG00000141013	ensembl_gene	ENSG00000141013	4166	2622	CILD33|GAS11|GAS8	resolved	mygene.info	pinned_local_build
DROSHA	DROSHA	ENSG00000113360	ensembl_gene	ENSG00000113360	17904	29102	ETOHI2|HSA242976|RANSE3L|RN3|RNASE3L|RNASEN	resolved	mygene.info	pinned_local_build
DRP2	DRP2	ENSG00000102385	ensembl_gene	ENSG00000102385	3032	1821	DRP-2	resolved	mygene.info	pinned_local_build
DSC2	DSC2	ENSG00000134755	ensembl_gene	ENSG00000134755	3036	1824	ARVD11|CDHF2|DG2|DGII/III|DSC3	resolved	mygene.info	pinned_local_build
DSCAM	DSCAM	ENSG00000171587	ensembl_gene	ENSG00000171587	3039	1826	CHD2|CHD2-42|CHD2-52	resolved	mygene.info	pinned_local_build
DSCAML1	DSCAML1	ENSG00000177103	ensembl_gene	ENSG00000177103	14656	57453	DSCAM2	resolved	mygene.info	pinned_local_build
DSG2	DSG2	ENSG00000046604	ensembl_gene	ENSG00000046604	3049	1829	CDHF5|HDGC	resolved	mygene.info	pinned_local_build
DSP	DSP	ENSG00000096696	ensembl_gene	ENSG00000096696	3052	1832	DCWHKTA|DP	resolved	mygene.info	pinned_local_build
DSPP	DSPP	ENSG00000152591	ensembl_gene	ENSG00000152591	3054	1834	DFNA39|DGI1|DMP3|DPP|DSP	resolved	mygene.info	pinned_local_build
DTHD1	DTHD1	ENSG00000197057	ensembl_gene	ENSG00000197057	37261	401124		resolved	mygene.info	pinned_local_build
DTNA	DTNA	ENSG00000134769	ensembl_gene	ENSG00000134769	3057	1837	D18S892E|DRP3|DTN|DTN-A|LVNC1|MMCKR2	resolved	mygene.info	pinned_local_build
DTNBP1	DTNBP1	ENSG00000047579	ensembl_gene	ENSG00000047579	17328	84062	BLOC1S8|DBND|HPS7|My031|SDY	resolved	mygene.info	pinned_local_build
DUOXA2	DUOXA2	ENSG00000140274	ensembl_gene	ENSG00000140274	32698	405753	SIMNIPHOM|TDH5	resolved	mygene.info	pinned_local_build
DUSP6	DUSP6	ENSG00000139318	ensembl_gene	ENSG00000139318	3072	1848	HH19|MKP3|PYST1	resolved	mygene.info	pinned_local_build
DVL1	DVL1	ENSG00000107404	ensembl_gene	ENSG00000107404	3084	1855	DRS2|DVL|DVL1L1	resolved	mygene.info	pinned_local_build
DVL3	DVL3	ENSG00000161202	ensembl_gene	ENSG00000161202	3087	1857	DRS3	resolved	mygene.info	pinned_local_build
DYNC1H1	DYNC1H1	ENSG00000197102	ensembl_gene	ENSG00000197102	2961	1778	CDCBM13|CMT2O|DHC1|DHC1a|DNCH1|DNCL|DNECL|DYHC|Dnchc1|HL-3|SMALED1|p22	resolved	mygene.info	pinned_local_build
DYNC1I1	DYNC1I1	ENSG00000158560	ensembl_gene	ENSG00000158560	2963	1780	DNCI1|DNCIC1	resolved	mygene.info	pinned_local_build
DYNC1I2	DYNC1I2	ENSG00000292102	ensembl_gene	ENSG00000292102	2964	1781	DIC74|DNCI2|IC2|NEDMIBA	resolved	mygene.info	pinned_local_build
DYNC2H1	DYNC2H1	ENSG00000187240	ensembl_gene	ENSG00000187240	2962	79659	ATD3|DHC1b|DHC2|DNCH2|DYH1B|SRPS2B|SRTD3|hdhc11	resolved	mygene.info	pinned_local_build
DYNC2I2	DYNC2I2	ENSG00000119333	ensembl_gene	ENSG00000119333	28296	89891	CFAP133|DIC5|FAP133|SRTD11|WDR34|bA216B9.3	resolved	mygene.info	pinned_local_build
DYRK1A	DYRK1A	ENSG00000157540	ensembl_gene	ENSG00000157540	3091	1859	DYRK|DYRK1|HP86|MNB|MNBH|MRD7	resolved	mygene.info	pinned_local_build
DYSF	DYSF	ENSG00000135636	ensembl_gene	ENSG00000135636	3097	8291	FER1L1|LGMD2B|LGMDR2|MMD1	resolved	mygene.info	pinned_local_build
EARS2	EARS2	ENSG00000103356	ensembl_gene	ENSG00000103356	29419	124454	COXPD12|MSE1|gluRS|mtGlnRS|mtGluRS	resolved	mygene.info	pinned_local_build
EBP	EBP	ENSG00000147155	ensembl_gene	ENSG00000147155	3133	10682	CDPX2|CHO2|CPX|CPXD|D8D7I|MEND	resolved	mygene.info	pinned_local_build
ECE1	ECE1	ENSG00000117298	ensembl_gene	ENSG00000117298	3146	1889	ECE	resolved	mygene.info	pinned_local_build
ECEL1	ECEL1	ENSG00000171551	ensembl_gene	ENSG00000171551	3147	9427	DA5D|DINE|ECEX|XCE	resolved	mygene.info	pinned_local_build
ECHS1	ECHS1	ENSG00000127884	ensembl_gene	ENSG00000127884	3151	1892	ECHS1D|SCEH|mECH|mECH1	resolved	mygene.info	pinned_local_build
ECM1	ECM1	ENSG00000143369	ensembl_gene	ENSG00000143369	3153	1893	URBWD	resolved	mygene.info	pinned_local_build
EDA	EDA	ENSG00000158813	ensembl_gene	ENSG00000158813	3157	1896	ECTD1|ED1|ED1-A1|ED1-A2|EDA-A1|EDA-A2|EDA1|EDA2|HED|HED1|ODT1|STHAGX1|TNLG7C|XHED|XLHED	resolved	mygene.info	pinned_local_build
EDC3	EDC3	ENSG00000179151	ensembl_gene	ENSG00000179151	26114	80153	LSM16|MRT50|YJDC|YJEFN2|hYjeF_N2-15q23	resolved	mygene.info	pinned_local_build
EDN1	EDN1	ENSG00000078401	ensembl_gene	ENSG00000078401	3176	1906	ARCND3|ET1|HDLCQ7|PPET1|QME	resolved	mygene.info	pinned_local_build
EDN3	EDN3	ENSG00000124205	ensembl_gene	ENSG00000124205	3178	1908	ET-3|ET3|HSCR4|PPET3|WS4B	resolved	mygene.info	pinned_local_build
EDNRA	EDNRA	ENSG00000151617	ensembl_gene	ENSG00000151617	3179	1909	ET-A|ETA|ETA-R|ETAR|ETRA|MFDA|hET-AR	resolved	mygene.info	pinned_local_build
EDNRB	EDNRB	ENSG00000136160	ensembl_gene	ENSG00000136160	3180	1910	ABCDS|ET-B|ET-BR|ETB|ETB1|ETBR|ETRB|HSCR|HSCR2|WS4A	resolved	mygene.info	pinned_local_build
EED	EED	ENSG00000074266	ensembl_gene	ENSG00000074266	3188	8726	COGIS|HEED|WAIT1	resolved	mygene.info	pinned_local_build
EEF1A2	EEF1A2	ENSG00000101210	ensembl_gene	ENSG00000101210	3192	1917	DEE33|EEF1AL|EF-1-alpha-2|EF1A|EIEE33|HS1|MRD38|STN|STNL	resolved	mygene.info	pinned_local_build
EEF1B2	EEF1B2	ENSG00000114942	ensembl_gene	ENSG00000114942	3208	1933	EEF1B|EEF1B1|EF1B	resolved	mygene.info	pinned_local_build
EEF2	EEF2	ENSG00000167658	ensembl_gene	ENSG00000167658	3214	1938	EEF-2|EF-2|EF2|SCA26	resolved	mygene.info	pinned_local_build
EFEMP2	EFEMP2	ENSG00000172638	ensembl_gene	ENSG00000172638	3219	30008	ARCL1B|FBLN4|MBP1|UPH1	resolved	mygene.info	pinned_local_build
EFHC1	EFHC1	ENSG00000096093	ensembl_gene	ENSG00000096093	16406	114327	EJM1|POC9|RIB72|dJ304B14.2	resolved	mygene.info	pinned_local_build
EFHC2	EFHC2	ENSG00000183690	ensembl_gene	ENSG00000183690	26233	80258	MRX74|dJ1158H2.1	resolved	mygene.info	pinned_local_build
EFNB1	EFNB1	ENSG00000090776	ensembl_gene	ENSG00000090776	3226	1947	CFND|CFNS|EFB1|EFL3|EPLG2|Elk-L|LERK2	resolved	mygene.info	pinned_local_build
EFNB2	EFNB2	ENSG00000125266	ensembl_gene	ENSG00000125266	3227	1948	EPLG5|HTKL|Htk-L|LERK5|ephrin-B2	resolved	mygene.info	pinned_local_build
EFR3A	EFR3A	ENSG00000132294	ensembl_gene	ENSG00000132294	28970	23167		resolved	mygene.info	pinned_local_build
EFTUD2	EFTUD2	ENSG00000108883	ensembl_gene	ENSG00000108883	30858	9343	MFDGA|MFDM|SNRNP116|Snrp116|Snu114|U5-116KD	resolved	mygene.info	pinned_local_build
EGF	EGF	ENSG00000138798	ensembl_gene	ENSG00000138798	3229	1950	HOMG4|URG	resolved	mygene.info	pinned_local_build
EGR2	EGR2	ENSG00000122877	ensembl_gene	ENSG00000122877	3239	1959	AT591|CMT1D|CMT4E|KROX20	resolved	mygene.info	pinned_local_build
EHHADH	EHHADH	ENSG00000113790	ensembl_gene	ENSG00000113790	3247	1962	ECHD|FRTS3|L-PBE|LBFP|MFE1|PBFE	resolved	mygene.info	pinned_local_build
EHMT1	EHMT1	ENSG00000181090	ensembl_gene	ENSG00000181090	24650	79813	EHMT1-IT1|EUHMTASE1|Eu-HMTase1|FP13812|GLP|GLP1|KLEFS1|KMT1D	resolved	mygene.info	pinned_local_build
EIF2AK2	EIF2AK2	ENSG00000055332	ensembl_gene	ENSG00000055332	9437	5610	PKR|PPP1R83|PRKR	resolved	mygene.info	pinned_local_build
EIF2AK3	EIF2AK3	ENSG00000172071	ensembl_gene	ENSG00000172071	3255	9451	PEK|PERK|WRS	resolved	mygene.info	pinned_local_build
EIF2B1	EIF2B1	ENSG00000111361	ensembl_gene	ENSG00000111361	3257	1967	EIF2B|EIF2BA|EIF2Balpha|VWM1	resolved	mygene.info	pinned_local_build
EIF2B2	EIF2B2	ENSG00000119718	ensembl_gene	ENSG00000119718	3258	8892	EIF-2Bbeta|EIF2B|EIF2Bbeta|VWM2	resolved	mygene.info	pinned_local_build
EIF2B3	EIF2B3	ENSG00000070785	ensembl_gene	ENSG00000070785	3259	8891	EIF-2B|EIF2Bgamma|VWM3	resolved	mygene.info	pinned_local_build
EIF2B4	EIF2B4	ENSG00000115211	ensembl_gene	ENSG00000115211	3260	8890	EIF-2B|EIF2B|EIF2Bdelta|VWM4	resolved	mygene.info	pinned_local_build
EIF2B5	EIF2B5	ENSG00000145191	ensembl_gene	ENSG00000145191	3261	8893	CACH|CLE|EIF-2B|EIF2Bepsilon|LVWM|VWM5	resolved	mygene.info	pinned_local_build
EIF2S3	EIF2S3	ENSG00000130741	ensembl_gene	ENSG00000130741	3267	1968	EIF2|EIF2G|EIF2gamma|MEHMO|MRXSBRK|eIF-2gA|eIF2gX	resolved	mygene.info	pinned_local_build
EIF3F	EIF3F	ENSG00000175390	ensembl_gene	ENSG00000175390	3275	8665	EIF3S5|MRT67|eIF3-p47	resolved	mygene.info	pinned_local_build
EIF4A2	EIF4A2	ENSG00000156976	ensembl_gene	ENSG00000156976	3284	1974	BM-010|DDX2B|EIF4A|EIF4F|NEDHSS|eIF-4A-II|eIF4A-II	resolved	mygene.info	pinned_local_build
EIF4A3	EIF4A3	ENSG00000141543	ensembl_gene	ENSG00000141543	18683	9775	DDX48|Fal1|MUK34|NMP265|NUK34|RCPS|eIF-4A-III|eIF4A-III|eIF4AIII	resolved	mygene.info	pinned_local_build
EIF4E	EIF4E	ENSG00000151247	ensembl_gene	ENSG00000151247	3287	1977	AUTS19|CBP|EIF4E1|EIF4EL1|EIF4F|eIF-4E	resolved	mygene.info	pinned_local_build
EIF4G1	EIF4G1	ENSG00000114867	ensembl_gene	ENSG00000114867	3296	1981	EIF-4G1|EIF4F|EIF4G|EIF4GI|P220|PARK18	resolved	mygene.info	pinned_local_build
ELAC2	ELAC2	ENSG00000006744	ensembl_gene	ENSG00000006744	14198	60528	COXPD17|ELC2|HPC2	resolved	mygene.info	pinned_local_build
ELANE	ELANE	ENSG00000277571	ensembl_gene	ENSG00000277571	3309	1991	ELA2|GE|HLE|HNE|NE|PMN-E|SCN1	resolved	mygene.info	pinned_local_build
ELF4	ELF4	ENSG00000102034	ensembl_gene	ENSG00000102034	3319	2000	AIFBL2|ELFR|MEF	resolved	mygene.info	pinned_local_build
ELMO2	ELMO2	ENSG00000062598	ensembl_gene	ENSG00000062598	17233	63916	CED-12|CED12|Ced-12A|ELMO-2|VMPI	resolved	mygene.info	pinned_local_build
ELMOD2	ELMOD2	ENSG00000179387	ensembl_gene	ENSG00000179387	28111	255520	9830169G11Rik	resolved	mygene.info	pinned_local_build
ELMOD3	ELMOD3	ENSG00000115459	ensembl_gene	ENSG00000115459	26158	84173	DFNA81|DFNB88|LST3|RBED1|RBM29	resolved	mygene.info	pinned_local_build
ELN	ELN	ENSG00000049540	ensembl_gene	ENSG00000049540	3327	2006	ADCL1|SVAS|WBS|WS	resolved	mygene.info	pinned_local_build
ELOVL4	ELOVL4	ENSG00000118402	ensembl_gene	ENSG00000118402	14415	6785	ADMD|CT118|ISQMR|SCA34|STGD2|STGD3	resolved	mygene.info	pinned_local_build
ELOVL5	ELOVL5	ENSG00000012660	ensembl_gene	ENSG00000012660	21308	60481	HELO1|SCA38|dJ483K16.1	resolved	mygene.info	pinned_local_build
ELP1	ELP1	ENSG00000070061	ensembl_gene	ENSG00000070061	5959	8518	DYS|FD|IKAP|IKBKAP|IKI3|TOT1	resolved	mygene.info	pinned_local_build
ELP2	ELP2	ENSG00000134759	ensembl_gene	ENSG00000134759	18248	55250	MRT58|SHINC-2|STATIP1|StIP	resolved	mygene.info	pinned_local_build
ELP4	ELP4	ENSG00000109911	ensembl_gene	ENSG00000109911	1171	26610	AN|AN2|C11orf19|PAX6NEB|PAXNEB|dJ68P15A.1|hELP4	resolved	mygene.info	pinned_local_build
EMC1	EMC1	ENSG00000127463	ensembl_gene	ENSG00000127463	28957	23065	CAVIPMR|KIAA0090	resolved	mygene.info	pinned_local_build
EMC10	EMC10	ENSG00000161671	ensembl_gene	ENSG00000161671	27609	284361	C19orf63|HSM1|HSS1|NEDDFAS	resolved	mygene.info	pinned_local_build
EMD	EMD	ENSG00000102119	ensembl_gene	ENSG00000102119	3331	2010	CMD3C|EDMD|LEMD5|STA	resolved	mygene.info	pinned_local_build
EMG1	EMG1	ENSG00000126749	ensembl_gene	ENSG00000126749	16912	10436	C2F|Grcc2f|NEP1	resolved	mygene.info	pinned_local_build
EML1	EML1	ENSG00000066629	ensembl_gene	ENSG00000066629	3330	2009	BH|ELP79|EMAP|EMAP-1|EMAPL	resolved	mygene.info	pinned_local_build
EMX2	EMX2	ENSG00000170370	ensembl_gene	ENSG00000170370	3341	2018		resolved	mygene.info	pinned_local_build
EN2	EN2	ENSG00000164778	ensembl_gene	ENSG00000164778	3343	2020		resolved	mygene.info	pinned_local_build
ENG	ENG	ENSG00000106991	ensembl_gene	ENSG00000106991	3349	2022	END|HHT1|ORW1	resolved	mygene.info	pinned_local_build
ENO3	ENO3	ENSG00000108515	ensembl_gene	ENSG00000108515	3354	2027	GSD13|MSE	resolved	mygene.info	pinned_local_build
ENPP1	ENPP1	ENSG00000197594	ensembl_gene	ENSG00000197594	3356	5167	ARHR2|COLED|M6S1|NPP1|NPPS|PC-1|PCA1|PDNP1	resolved	mygene.info	pinned_local_build
ENSA	ENSA	ENSG00000143420	ensembl_gene	ENSG00000143420	3360	2029	ARPP-19e	resolved	mygene.info	pinned_local_build
ENTPD1	ENTPD1	ENSG00000138185	ensembl_gene	ENSG00000138185	3363	953	ATP-DPH|ATPDase|CD39|NTPDase-1|SPG64	resolved	mygene.info	pinned_local_build
EOGT	EOGT	ENSG00000163378	ensembl_gene	ENSG00000163378	28526	285203	AER61|AOS4|C3orf64|EOGT1	resolved	mygene.info	pinned_local_build
EOMES	EOMES	ENSG00000163508	ensembl_gene	ENSG00000163508	3372	8320	TBR2	resolved	mygene.info	pinned_local_build
EP300	EP300	ENSG00000100393	ensembl_gene	ENSG00000100393	3373	2033	KAT3B|MKHK2|RSTS2|p300	resolved	mygene.info	pinned_local_build
EP400	EP400	ENSG00000183495	ensembl_gene	ENSG00000183495	11958	57634	CAGH32|P400|TNRC12	resolved	mygene.info	pinned_local_build
EPB41L1	EPB41L1	ENSG00000088367	ensembl_gene	ENSG00000088367	3378	2036	4.1N|MRD11	resolved	mygene.info	pinned_local_build
EPB41L3	EPB41L3	ENSG00000082397	ensembl_gene	ENSG00000082397	3380	23136	4.1B|DAL-1|DAL1	resolved	mygene.info	pinned_local_build
EPG5	EPG5	ENSG00000152223	ensembl_gene	ENSG00000152223	29331	57724	HEEW1|KIAA1632|NEDPAM|VICIS	resolved	mygene.info	pinned_local_build
EPHA4	EPHA4	ENSG00000116106	ensembl_gene	ENSG00000116106	3388	2043	EK8|HEK8|SEK|TYRO1	resolved	mygene.info	pinned_local_build
EPHB4	EPHB4	ENSG00000196411	ensembl_gene	ENSG00000196411	3395	2050	CMAVM2|HFASD|HTK|LMPHM7|MYK1|TYRO11	resolved	mygene.info	pinned_local_build
EPHX2	EPHX2	ENSG00000120915	ensembl_gene	ENSG00000120915	3402	2053	ABHD20|CEH|SEH	resolved	mygene.info	pinned_local_build
EPM2A	EPM2A	ENSG00000112425	ensembl_gene	ENSG00000112425	3413	7957	EPM2|MELF|MELF2	resolved	mygene.info	pinned_local_build
EPS8	EPS8	ENSG00000151491	ensembl_gene	ENSG00000151491	3420	2059	DFNB102	resolved	mygene.info	pinned_local_build
EPS8L2	EPS8L2	ENSG00000177106	ensembl_gene	ENSG00000177106	21296	64787	DFNB106|EPS8R2	resolved	mygene.info	pinned_local_build
ERBB3	ERBB3	ENSG00000065361	ensembl_gene	ENSG00000065361	3431	2065	ErbB-3|FERLK|HER3|LCCS2|MDA-BF-1|VSCN1|c-erbB-3|c-erbB3|erbB3-S|p180-ErbB3|p45-sErbB3|p85-sErbB3	resolved	mygene.info	pinned_local_build
ERBB4	ERBB4	ENSG00000178568	ensembl_gene	ENSG00000178568	3432	2066	ALS19|HER4|p180erbB4	resolved	mygene.info	pinned_local_build
ERBIN	ERBIN	ENSG00000112851	ensembl_gene	ENSG00000112851	15842	55914	ERBB2IP|HEL-S-78|LAP2	resolved	mygene.info	pinned_local_build
ERCC1	ERCC1	ENSG00000012061	ensembl_gene	ENSG00000012061	3433	2067	COFS4|RAD10|UV20	resolved	mygene.info	pinned_local_build
ERCC2	ERCC2	ENSG00000104884	ensembl_gene	ENSG00000104884	3434	2068	COFS2|CXPD|EM9|TFIIH|TTD|TTD1|XPD	resolved	mygene.info	pinned_local_build
ERCC3	ERCC3	ENSG00000163161	ensembl_gene	ENSG00000163161	3435	2071	BTF2|GTF2H|RAD25|Ssl2|TFIIH|TTD2|XPB	resolved	mygene.info	pinned_local_build
ERCC4	ERCC4	ENSG00000175595	ensembl_gene	ENSG00000175595	3436	2072	ERCC11|FANCQ|RAD1|XFEPS|XPF	resolved	mygene.info	pinned_local_build
ERCC5	ERCC5	ENSG00000134899	ensembl_gene	ENSG00000134899	3437	2073	COFS3|ERCC5-201|ERCM2|UVDR|XPG|XPGC	resolved	mygene.info	pinned_local_build
ERCC6	ERCC6	ENSG00000225830	ensembl_gene	ENSG00000225830	3438	2074	ARMD5|CKN2|COFS|COFS1|CSB|CSB-PGBD3|POF11|RAD26|UVSS1	resolved	mygene.info	pinned_local_build
ERCC8	ERCC8	ENSG00000049167	ensembl_gene	ENSG00000049167	3439	1161	CKN1|CSA|UVSS2	resolved	mygene.info	pinned_local_build
ERF	ERF	ENSG00000105722	ensembl_gene	ENSG00000105722	3444	2077	CHYTS|CRS4|PE-2|PE2	resolved	mygene.info	pinned_local_build
ERLIN1	ERLIN1	ENSG00000107566	ensembl_gene	ENSG00000107566	16947	10613	C10orf69|Erlin-1|KE04|KEO4|SPFH1|SPG62	resolved	mygene.info	pinned_local_build
ERLIN2	ERLIN2	ENSG00000147475	ensembl_gene	ENSG00000147475	1356	11160	C8orf2|Erlin-2|NET32|SPFH2|SPG18|SPG18A|SPG18B	resolved	mygene.info	pinned_local_build
ERMARD	ERMARD	ENSG00000130023	ensembl_gene	ENSG00000130023	21056	55780	C6orf70|PVNH6|dJ266L20.3	resolved	mygene.info	pinned_local_build
ESAM	ESAM	ENSG00000149564	ensembl_gene	ENSG00000149564	17474	90952	NEDIHSS|W117m	resolved	mygene.info	pinned_local_build
ESCO2	ESCO2	ENSG00000171320	ensembl_gene	ENSG00000171320	27230	157570	2410004I17Rik|EFO2|EFO2p|JHS|RBS|hEFO2	resolved	mygene.info	pinned_local_build
ESPL1	ESPL1	ENSG00000135476	ensembl_gene	ENSG00000135476	16856	9700	ESP1|SEPA	resolved	mygene.info	pinned_local_build
ESPN	ESPN	ENSG00000187017	ensembl_gene	ENSG00000187017	13281	83715	DFNA91|DFNB36|LP2654|USH1M	resolved	mygene.info	pinned_local_build
ESRRB	ESRRB	ENSG00000119715	ensembl_gene	ENSG00000119715	3473	2103	DFNB35|ERR beta-2|ERR2|ERRb|ERRbeta2|ESRL2|NR3B2	resolved	mygene.info	pinned_local_build
ETFA	ETFA	ENSG00000140374	ensembl_gene	ENSG00000140374	3481	2108	EMA|GA2|MADD	resolved	mygene.info	pinned_local_build
ETFB	ETFB	ENSG00000105379	ensembl_gene	ENSG00000105379	3482	2109	FP585|MADD	resolved	mygene.info	pinned_local_build
ETFDH	ETFDH	ENSG00000171503	ensembl_gene	ENSG00000171503	3483	2110	ETFQO|MADD	resolved	mygene.info	pinned_local_build
ETHE1	ETHE1	ENSG00000105755	ensembl_gene	ENSG00000105755	23287	23474	HSCO|YF13H12	resolved	mygene.info	pinned_local_build
ETV3L	ETV3L	ENSG00000253831	ensembl_gene	ENSG00000253831	33834	440695		resolved	mygene.info	pinned_local_build
EVA1A	EVA1A	ENSG00000115363	ensembl_gene	ENSG00000115363	25816	84141	FAM176A|TMEM166	resolved	mygene.info	pinned_local_build
EVC2	EVC2	ENSG00000173040	ensembl_gene	ENSG00000173040	19747	132884	LBN|WAD	resolved	mygene.info	pinned_local_build
EXO5	EXO5	ENSG00000164002	ensembl_gene	ENSG00000164002	26115	64789	C1orf176|DEM1|Exo V|hExo5	resolved	mygene.info	pinned_local_build
EXOC6B	EXOC6B	ENSG00000144036	ensembl_gene	ENSG00000144036	17085	23233	SEC15B|SEC15L2|SEMDJL3	resolved	mygene.info	pinned_local_build
EXOC7	EXOC7	ENSG00000182473	ensembl_gene	ENSG00000182473	23214	23265	2-5-3p|BLOM4|EX070|EXO70|Exo70p|NEDSEBA|YJL085W	resolved	mygene.info	pinned_local_build
EXOC8	EXOC8	ENSG00000116903	ensembl_gene	ENSG00000116903	24659	149371	EXO84|Exo84p|NEDMISB|SEC84	resolved	mygene.info	pinned_local_build
EXOSC3	EXOSC3	ENSG00000107371	ensembl_gene	ENSG00000107371	17944	51010	CGI-102|PCH1B|RRP40|Rrp40p|bA3J10.7|hRrp-40|p10	resolved	mygene.info	pinned_local_build
EXOSC8	EXOSC8	ENSG00000120699	ensembl_gene	ENSG00000120699	17035	11340	CIP3|EAP2|OIP2|PCH1C|RRP43|Rrp43p|bA421P11.3|p9	resolved	mygene.info	pinned_local_build
EXOSC9	EXOSC9	ENSG00000123737	ensembl_gene	ENSG00000123737	9137	5393	PCH1D|PM/Scl-75|PMSCL1|RRP45|Rrp45p|p5|p6	resolved	mygene.info	pinned_local_build
EXT2	EXT2	ENSG00000151348	ensembl_gene	ENSG00000151348	3513	2132	SOTV|SSMS	resolved	mygene.info	pinned_local_build
EXTL3	EXTL3	ENSG00000012232	ensembl_gene	ENSG00000012232	3518	2137	BOTV|EXTL1L|EXTR1|ISDNA|REGR|RPR	resolved	mygene.info	pinned_local_build
EYA1	EYA1	ENSG00000104313	ensembl_gene	ENSG00000104313	3519	2138	BOP|BOR|BOS1|OFC1|OTFCS	resolved	mygene.info	pinned_local_build
EYA4	EYA4	ENSG00000112319	ensembl_gene	ENSG00000112319	3522	2070	CMD1J|DFNA10	resolved	mygene.info	pinned_local_build
EYS	EYS	ENSG00000188107	ensembl_gene	ENSG00000188107	21555	346007	C6orf178|C6orf179|C6orf180|EGFL10|EGFL11|RP25|SPAM|bA166P24.2|bA307F22.3|bA74E24.1|dJ1018A4.2|dJ22I17.2|dJ303F19.1	resolved	mygene.info	pinned_local_build
EZH2	EZH2	ENSG00000106462	ensembl_gene	ENSG00000106462	3527	2146	ENX-1|ENX1|EZH2b|KMT6|KMT6A|WVS|WVS2	resolved	mygene.info	pinned_local_build
EZR	EZR	ENSG00000092820	ensembl_gene	ENSG00000092820	12691	7430	CVIL|CVL|HEL-S-105|VIL2	resolved	mygene.info	pinned_local_build
F2	F2	ENSG00000180210	ensembl_gene	ENSG00000180210	3535	2147	PT|RPRGL2|THPH1	resolved	mygene.info	pinned_local_build
F5	F5	ENSG00000198734	ensembl_gene	ENSG00000198734	3542	2153	FVL|PCCF|RPRGL1|THPH2|fV	resolved	mygene.info	pinned_local_build
F9	F9	ENSG00000101981	ensembl_gene	ENSG00000101981	3551	2158	F9 p22|FIX|HEMB|P19|PTC|THPH8	resolved	mygene.info	pinned_local_build
FA2H	FA2H	ENSG00000103089	ensembl_gene	ENSG00000103089	21197	79152	FAAH|FAH1|FAXDC1|SCS7|SPG35	resolved	mygene.info	pinned_local_build
FADD	FADD	ENSG00000168040	ensembl_gene	ENSG00000168040	3573	8772	GIG3|IMD90|MORT1	resolved	mygene.info	pinned_local_build
FAH	FAH	ENSG00000103876	ensembl_gene	ENSG00000103876	3579	2184		resolved	mygene.info	pinned_local_build
FAM111A	FAM111A	ENSG00000166801	ensembl_gene	ENSG00000166801	24725	63901	GCLEB|KCS2	resolved	mygene.info	pinned_local_build
FAM131A	FAM131A	ENSG00000175182	ensembl_gene	ENSG00000175182	28308	131408	C3orf40|FLAT715|PRO1378	resolved	mygene.info	pinned_local_build
FAM161A	FAM161A	ENSG00000170264	ensembl_gene	ENSG00000170264	25808	84140	RP28	resolved	mygene.info	pinned_local_build
FAM177A1	FAM177A1	ENSG00000151327	ensembl_gene	ENSG00000151327	19829	283635	C14orf24|NEDWMG	resolved	mygene.info	pinned_local_build
FAM20C	FAM20C	ENSG00000281429	ensembl_gene	ENSG00000281429	22140	56975	DMP-4|DMP4|G-CK|GEF-CK|RNS	resolved	mygene.info	pinned_local_build
FANCA	FANCA	ENSG00000187741	ensembl_gene	ENSG00000187741	3582	2175	FA|FA-H|FA1|FAA|FACA|FAH|FANCH	resolved	mygene.info	pinned_local_build
FANCB	FANCB	ENSG00000181544	ensembl_gene	ENSG00000181544	3583	2187	FA2|FAAP90|FAAP95|FAB|FACB	resolved	mygene.info	pinned_local_build
FANCC	FANCC	ENSG00000158169	ensembl_gene	ENSG00000158169	3584	2176	FA3|FAC|FACC	resolved	mygene.info	pinned_local_build
FANCD2	FANCD2	ENSG00000144554	ensembl_gene	ENSG00000144554	3585	2177	FA-D2|FA4|FACD|FAD|FAD2|FANCD	resolved	mygene.info	pinned_local_build
FANCE	FANCE	ENSG00000112039	ensembl_gene	ENSG00000112039	3586	2178	FACE|FAE	resolved	mygene.info	pinned_local_build
FANCF	FANCF	ENSG00000183161	ensembl_gene	ENSG00000183161	3587	2188	FAF	resolved	mygene.info	pinned_local_build
FANCG	FANCG	ENSG00000221829	ensembl_gene	ENSG00000221829	3588	2189	FAG|XRCC9	resolved	mygene.info	pinned_local_build
FANCI	FANCI	ENSG00000140525	ensembl_gene	ENSG00000140525	25568	55215	KIAA1794	resolved	mygene.info	pinned_local_build
FANCL	FANCL	ENSG00000115392	ensembl_gene	ENSG00000115392	20748	55120	FAAP43|PHF9|POG	resolved	mygene.info	pinned_local_build
FAR1	FAR1	ENSG00000197601	ensembl_gene	ENSG00000197601	26222	84188	CSPSD|MLSTD2|PFCRD|SDR10E1	resolved	mygene.info	pinned_local_build
FARS2	FARS2	ENSG00000145982	ensembl_gene	ENSG00000145982	21062	10667	COXPD14|FARS1|HSPC320|PheRS|SPG77|mtPheRS	resolved	mygene.info	pinned_local_build
FAS	FAS	ENSG00000026103	ensembl_gene	ENSG00000026103	11920	355	ALPS1A|APO-1|APT1|CD95|FAS1|FASTM|TNFRSF6	resolved	mygene.info	pinned_local_build
FASN	FASN	ENSG00000169710	ensembl_gene	ENSG00000169710	3594	2194	FAS|OA-519|SDR27X1	resolved	mygene.info	pinned_local_build
FASTKD2	FASTKD2	ENSG00000118246	ensembl_gene	ENSG00000118246	29160	22868	COXPD44|KIAA0971	resolved	mygene.info	pinned_local_build
FAT1	FAT1	ENSG00000083857	ensembl_gene	ENSG00000083857	3595	2195	CDHF7|CDHR8|FAT|ME5|hFat1	resolved	mygene.info	pinned_local_build
FAT4	FAT4	ENSG00000196159	ensembl_gene	ENSG00000196159	23109	79633	CDHF14|CDHR11|FAT-J|FATJ|HKLLS2|NBLA00548|VMLDS2	resolved	mygene.info	pinned_local_build
FBLN5	FBLN5	ENSG00000140092	ensembl_gene	ENSG00000140092	3602	10516	ADCL2|ARCL1A|ARMD3|CMT1H|DANCE|EVEC|FIBL-5|HNARMD|UP50	resolved	mygene.info	pinned_local_build
FBN1	FBN1	ENSG00000166147	ensembl_gene	ENSG00000166147	3603	2200	ACMICD|ECTOL1|FBN|GPHYSD2|MASS|MFLS|MFS1|OCTD|SGS|SSKS|WMS|WMS2	resolved	mygene.info	pinned_local_build
FBN2	FBN2	ENSG00000138829	ensembl_gene	ENSG00000138829	3604	2201	CCA|DA9|EOMD	resolved	mygene.info	pinned_local_build
FBN3	FBN3	ENSG00000142449	ensembl_gene	ENSG00000142449	18794	84467		resolved	mygene.info	pinned_local_build
FBP1	FBP1	ENSG00000165140	ensembl_gene	ENSG00000165140	3606	2203	FBP	resolved	mygene.info	pinned_local_build
FBXL3	FBXL3	ENSG00000005812	ensembl_gene	ENSG00000005812	13599	26224	FBL3|FBL3A|FBXL3A|IDDSFAS	resolved	mygene.info	pinned_local_build
FBXL4	FBXL4	ENSG00000112234	ensembl_gene	ENSG00000112234	13601	26235	FBL4|FBL5|MTDPS13	resolved	mygene.info	pinned_local_build
FBXO11	FBXO11	ENSG00000138081	ensembl_gene	ENSG00000138081	13590	80204	FBX11|IDDFBA|UBR6|UG063H01|VIT1	resolved	mygene.info	pinned_local_build
FBXO28	FBXO28	ENSG00000143756	ensembl_gene	ENSG00000143756	29046	23219	CENP-30|DEE100|Fbx28	resolved	mygene.info	pinned_local_build
FBXO31	FBXO31	ENSG00000103264	ensembl_gene	ENSG00000103264	16510	79791	FBX14|FBXO14|Fbx31|MRT45|pp2386	resolved	mygene.info	pinned_local_build
FBXO7	FBXO7	ENSG00000100225	ensembl_gene	ENSG00000100225	13586	25793	FBX|FBX07|FBX7|PARK15|PKPS	resolved	mygene.info	pinned_local_build
FBXW11	FBXW11	ENSG00000072803	ensembl_gene	ENSG00000072803	13607	23291	BTRC2|BTRCP2|FBW1B|FBXW1B|Fbw11|Hos|NEDJED	resolved	mygene.info	pinned_local_build
FBXW4	FBXW4	ENSG00000107829	ensembl_gene	ENSG00000107829	10847	6468	DAC|FBW4|FBWD4|SHFM3|SHSF3	resolved	mygene.info	pinned_local_build
FBXW7	FBXW7	ENSG00000109670	ensembl_gene	ENSG00000109670	16712	55294	AGO|CDC4|DEDHIL|FBW6|FBW7|FBX30|FBXW6|SEL-10|SEL10|hAgo|hCdc4	resolved	mygene.info	pinned_local_build
FCGR2A	FCGR2A	ENSG00000143226	ensembl_gene	ENSG00000143226	3616	2212	CD32|CD32A|CDw32|FCG2|FCGR2|FCGR2A1|FcGR|FcgammaRIIa|IGFR2	resolved	mygene.info	pinned_local_build
FCGR2B	FCGR2B	ENSG00000072694	ensembl_gene	ENSG00000072694	3618	2213	CD32|CD32B|FCG2|FCGR2|IGFR2	resolved	mygene.info	pinned_local_build
FCGR3B	FCGR3B	ENSG00000162747	ensembl_gene	ENSG00000162747	3620	2215	CD16|CD16-I|CD16b|FCG3|FCGR3|FCRIIIb|HNA-1	resolved	mygene.info	pinned_local_build
FCN1	FCN1	ENSG00000085265	ensembl_gene	ENSG00000085265	3623	2219	FCNM	resolved	mygene.info	pinned_local_build
FCSK	FCSK	ENSG00000157353	ensembl_gene	ENSG00000157353	29500	197258	1110046B12Rik|CDGF2|FUK	resolved	mygene.info	pinned_local_build
FDFT1	FDFT1	ENSG00000079459	ensembl_gene	ENSG00000079459	3629	2222	DGPT|ERG9|SQS|SQSD|SS	resolved	mygene.info	pinned_local_build
FDX2	FDX2	ENSG00000267673	ensembl_gene	ENSG00000267673	30546	112812	FDX1L|MEOAL	resolved	mygene.info	pinned_local_build
FDXR	FDXR	ENSG00000161513	ensembl_gene	ENSG00000161513	3642	2232	ADR|ADXR|ANOA|MMDS9B	resolved	mygene.info	pinned_local_build
FERMT3	FERMT3	ENSG00000149781	ensembl_gene	ENSG00000149781	23151	83706	KIND3|MIG-2|MIG2B|UNC112C|URP2|URP2SF	resolved	mygene.info	pinned_local_build
FEZF1	FEZF1	ENSG00000128610	ensembl_gene	ENSG00000128610	22788	389549	FEZ|HH22|ZNF312B	resolved	mygene.info	pinned_local_build
FGD1	FGD1	ENSG00000102302	ensembl_gene	ENSG00000102302	3663	2245	AAS|FGDY|MRXS16|ZFYVE3	resolved	mygene.info	pinned_local_build
FGD4	FGD4	ENSG00000139132	ensembl_gene	ENSG00000139132	19125	121512	CMT4H|FRABP|ZFYVE6	resolved	mygene.info	pinned_local_build
FGF10	FGF10	ENSG00000070193	ensembl_gene	ENSG00000070193	3666	2255	LADD3	resolved	mygene.info	pinned_local_build
FGF12	FGF12	ENSG00000114279	ensembl_gene	ENSG00000114279	3668	2257	DEE47|EIEE47|FGF12B|FHF1	resolved	mygene.info	pinned_local_build
FGF13	FGF13	ENSG00000129682	ensembl_gene	ENSG00000129682	3670	2258	DEE90|FGF-13|FGF2|FHF-2|FHF2|LINC00889|XLID110	resolved	mygene.info	pinned_local_build
FGF14	FGF14	ENSG00000102466	ensembl_gene	ENSG00000102466	3671	2259	FGF-14|FHF-4|FHF4|NYS4|SCA27|SCA27A|SCA27B	resolved	mygene.info	pinned_local_build
FGF17	FGF17	ENSG00000158815	ensembl_gene	ENSG00000158815	3673	8822	FGF-13|FGF-17|HH20	resolved	mygene.info	pinned_local_build
FGF21	FGF21	ENSG00000105550	ensembl_gene	ENSG00000105550	3678	26291		resolved	mygene.info	pinned_local_build
FGF23	FGF23	ENSG00000118972	ensembl_gene	ENSG00000118972	3680	8074	ADHR|FGFN|HFTC2|HPDR2|HYPF|PHPTC	resolved	mygene.info	pinned_local_build
FGF3	FGF3	ENSG00000186895	ensembl_gene	ENSG00000186895	3681	2248	HBGF-3|INT2	resolved	mygene.info	pinned_local_build
FGF8	FGF8	ENSG00000107831	ensembl_gene	ENSG00000107831	3686	2253	AIGF|FGF-8|HBGF-8|HH6|KAL6	resolved	mygene.info	pinned_local_build
FGFR1	FGFR1	ENSG00000077782	ensembl_gene	ENSG00000077782	3688	2260	BFGFR|CD331|CEK|ECCL|FGFBR|FGFR-1|FLG|FLT-2|FLT2|HBGFR|HH2|HRTFDS|KAL2|N-SAM|OGD|bFGF-R-1	resolved	mygene.info	pinned_local_build
FGFR2	FGFR2	ENSG00000066468	ensembl_gene	ENSG00000066468	3689	2263	BBDS|BEK|BFR-1|CD332|CEK3|CFD1|ECT1|JWS|K-SAM|KGFR|TK14|TK25	resolved	mygene.info	pinned_local_build
FGFR3	FGFR3	ENSG00000068078	ensembl_gene	ENSG00000068078	3690	2261	ACH|CD333|CEK2|HSFGFR3EX|JTK4	resolved	mygene.info	pinned_local_build
FGFRL1	FGFRL1	ENSG00000127418	ensembl_gene	ENSG00000127418	3693	53834	FGFR-5|FGFR5|FHFR	resolved	mygene.info	pinned_local_build
FH	FH	ENSG00000091483	ensembl_gene	ENSG00000091483	3700	2271	FMRD|HLRCC|HsFH|LRCC|MCL|MCUL1	resolved	mygene.info	pinned_local_build
FHL1	FHL1	ENSG00000022267	ensembl_gene	ENSG00000022267	3702	2273	FCMSU|FHL-1|FHL1A|FHL1B|FLH1A|KYOT|RBMX1A|RBMX1B|SLIM|SLIM-1|SLIM1|SLIMMER|XMPMA	resolved	mygene.info	pinned_local_build
FHOD3	FHOD3	ENSG00000134775	ensembl_gene	ENSG00000134775	26178	80206	CMH28|FHOS2|Formactin2	resolved	mygene.info	pinned_local_build
FIBP	FIBP	ENSG00000172500	ensembl_gene	ENSG00000172500	3705	9158	FGFIBP|FIBP-1|TROFAS	resolved	mygene.info	pinned_local_build
FIG4	FIG4	ENSG00000112367	ensembl_gene	ENSG00000112367	16873	9896	ALS11|BOP|BTOP|CMT4J|KIAA0274|SAC3|YVS|dJ249I4.1	resolved	mygene.info	pinned_local_build
FKBP10	FKBP10	ENSG00000141756	ensembl_gene	ENSG00000141756	18169	60681	BRKS|BRKS1|FKBP65|OI11|OI6|PPIASE|TLH1|hFKBP65	resolved	mygene.info	pinned_local_build
FKBP14	FKBP14	ENSG00000106080	ensembl_gene	ENSG00000106080	18625	55033	EDSKMH|EDSKSCL2|FKBP22|IPBP12	resolved	mygene.info	pinned_local_build
FKRP	FKRP	ENSG00000181027	ensembl_gene	ENSG00000181027	17997	79147	FKTR|LGMD2I|LGMDR9|MDC1C|MDDGA5|MDDGB5|MDDGC5	resolved	mygene.info	pinned_local_build
FKTN	FKTN	ENSG00000106692	ensembl_gene	ENSG00000106692	3622	2218	CMD1X|FCMD|LGMD2M|LGMDR13|MDDGA4|MDDGB4|MDDGC4	resolved	mygene.info	pinned_local_build
FLAD1	FLAD1	ENSG00000160688	ensembl_gene	ENSG00000160688	24671	80308	FAD1|FADS|LSMFLAD|PP591	resolved	mygene.info	pinned_local_build
FLI1	FLI1	ENSG00000151702	ensembl_gene	ENSG00000151702	3749	2313	BDPLT21|EWSR2|FLI-1|SIC-1	resolved	mygene.info	pinned_local_build
FLII	FLII	ENSG00000177731	ensembl_gene	ENSG00000177731	3750	2314	CMD2J|FLI|FLIL|Fli1	resolved	mygene.info	pinned_local_build
FLNA	FLNA	ENSG00000196924	ensembl_gene	ENSG00000196924	3754	2316	ABP-280|ABPX|CSBS|CVD1|FGS2|FLN|FLN-A|FLN1|FMD|MNS|NHBP|OPD|OPD1|OPD2|XLVD|XMVD	resolved	mygene.info	pinned_local_build
FLNB	FLNB	ENSG00000136068	ensembl_gene	ENSG00000136068	3755	2317	ABP-278|ABP-280|FH1|FLN-B|FLN1L|LRS1|TABP|TAP	resolved	mygene.info	pinned_local_build
FLNC	FLNC	ENSG00000128591	ensembl_gene	ENSG00000128591	3756	2318	ABP-280|ABP280A|ABPA|ABPL|ARVC15|CMD1PP|CMH26|FLN2|MFM5|MPD4|RCM5	resolved	mygene.info	pinned_local_build
FLRT1	FLRT1	ENSG00000126500	ensembl_gene	ENSG00000126500	3760	23769	SPG68	resolved	mygene.info	pinned_local_build
FLRT3	FLRT3	ENSG00000125848	ensembl_gene	ENSG00000125848	3762	23767	HH21	resolved	mygene.info	pinned_local_build
FLT4	FLT4	ENSG00000037280	ensembl_gene	ENSG00000037280	3767	2324	CHTD7|FLT-4|FLT41|LMPH1A|LMPHM1|PCL|VEGFR-3|VEGFR3	resolved	mygene.info	pinned_local_build
FLVCR1	FLVCR1	ENSG00000162769	ensembl_gene	ENSG00000162769	24682	28982	AXPC1|FLVCR|MFSD7B|NEDMISH|PCA|PCARP|RETSNS|SLC49A1	resolved	mygene.info	pinned_local_build
FLVCR2	FLVCR2	ENSG00000119686	ensembl_gene	ENSG00000119686	20105	55640	C14orf58|CCT|EPV|FLVCRL14q|MFSD7C|PVHH|SLC49A2	resolved	mygene.info	pinned_local_build
FMN1	FMN1	ENSG00000248905	ensembl_gene	ENSG00000248905	3768	342184	FMN|LD	resolved	mygene.info	pinned_local_build
FMN2	FMN2	ENSG00000155816	ensembl_gene	ENSG00000155816	14074	56776		resolved	mygene.info	pinned_local_build
FMO3	FMO3	ENSG00000007933	ensembl_gene	ENSG00000007933	3771	2328	FMOII|TMAU|dJ127D3.1	resolved	mygene.info	pinned_local_build
FMR1	FMR1	ENSG00000102081	ensembl_gene	ENSG00000102081	3775	2332	FMRP|FRAXA|POF|POF1	resolved	mygene.info	pinned_local_build
FNIP1	FNIP1	ENSG00000217128	ensembl_gene	ENSG00000217128	29418	96459	IMD93	resolved	mygene.info	pinned_local_build
FOLR1	FOLR1	ENSG00000110195	ensembl_gene	ENSG00000110195	3791	2348	FBP|FOLR|FR-alpha|FRalpha|NCFTD	resolved	mygene.info	pinned_local_build
FOXA2	FOXA2	ENSG00000125798	ensembl_gene	ENSG00000125798	5022	3170	HNF-3-beta|HNF3B|TCF3B	resolved	mygene.info	pinned_local_build
FOXC2	FOXC2	ENSG00000176692	ensembl_gene	ENSG00000176692	3801	2303	FKHL14|LD|MFH-1|MFH1	resolved	mygene.info	pinned_local_build
FOXE3	FOXE3	ENSG00000186790	ensembl_gene	ENSG00000186790	3808	2301	AAT11|ASGD2|CATC3|CTRCT34|FKHL12|FREAC8	resolved	mygene.info	pinned_local_build
FOXG1	FOXG1	ENSG00000176165	ensembl_gene	ENSG00000176165	3811	2290	BF1|BF2|FHKL3|FKH2|FKHL1|FKHL2|FKHL3|FKHL4|FOXG1A|FOXG1B|FOXG1C|HBF-1|HBF-2|HBF-3|HBF-G2|HBF2|HFK1|HFK2|HFK3|KHL2|QIN	resolved	mygene.info	pinned_local_build
FOXH1	FOXH1	ENSG00000160973	ensembl_gene	ENSG00000160973	3814	8928	FAST-1|FAST1	resolved	mygene.info	pinned_local_build
FOXI1	FOXI1	ENSG00000168269	ensembl_gene	ENSG00000168269	3815	2299	FKH10|FKHL10|FREAC-6|FREAC6|HFH-3|HFH3	resolved	mygene.info	pinned_local_build
FOXI3	FOXI3	ENSG00000214336	ensembl_gene	ENSG00000214336	35123	344167	CFM2	resolved	mygene.info	pinned_local_build
FOXL2	FOXL2	ENSG00000183770	ensembl_gene	ENSG00000183770	1092	668	BPES|BPES1|PFRK|PINTO|POF3	resolved	mygene.info	pinned_local_build
FOXN1	FOXN1	ENSG00000109101	ensembl_gene	ENSG00000109101	12765	8456	FKHL20|RONU|TIDAND|TIDTA|TLIND|WHN	resolved	mygene.info	pinned_local_build
FOXP1	FOXP1	ENSG00000114861	ensembl_gene	ENSG00000114861	3823	27086	12CC4|HSPC215|MFH|QRF1|hFKH1B	resolved	mygene.info	pinned_local_build
FOXP2	FOXP2	ENSG00000128573	ensembl_gene	ENSG00000128573	13875	93986	CAGH44|SPCH1|TNRC10	resolved	mygene.info	pinned_local_build
FOXP3	FOXP3	ENSG00000049768	ensembl_gene	ENSG00000049768	6106	50943	AIID|DIETER|IPEX|JM2|PIDX|XPID	resolved	mygene.info	pinned_local_build
FOXRED1	FOXRED1	ENSG00000110074	ensembl_gene	ENSG00000110074	26927	55572	FP634|H17|MC1DN19	resolved	mygene.info	pinned_local_build
FPR1	FPR1	ENSG00000171051	ensembl_gene	ENSG00000171051	3826	2357	FMLP|FPR	resolved	mygene.info	pinned_local_build
FRA10AC1	FRA10AC1	ENSG00000148690	ensembl_gene	ENSG00000148690	1162	118924	C10orf4|F26C11.1-like|FRA10A|NEDGFC	resolved	mygene.info	pinned_local_build
FRAS1	FRAS1	ENSG00000138759	ensembl_gene	ENSG00000138759	19185	80144	FRASRS1	resolved	mygene.info	pinned_local_build
FREM2	FREM2	ENSG00000150893	ensembl_gene	ENSG00000150893	25396	341640	CRYPTOP|FRASRS2	resolved	mygene.info	pinned_local_build
FRG1	FRG1	ENSG00000283630	ensembl_gene	ENSG00000283630	3954	2483	FRG1A|FSG1	resolved	mygene.info	pinned_local_build
FRMD4A	FRMD4A	ENSG00000151474	ensembl_gene	ENSG00000151474	25491	55691	CCAFCA|FRMD4|bA295P9.4	resolved	mygene.info	pinned_local_build
FRMD5	FRMD5	ENSG00000171877	ensembl_gene	ENSG00000171877	28214	84978	NEDEMA	resolved	mygene.info	pinned_local_build
FRMPD4	FRMPD4	ENSG00000169933	ensembl_gene	ENSG00000169933	29007	9758	MRX104|PDZD10|PDZK10|XLID104	resolved	mygene.info	pinned_local_build
FRRS1L	FRRS1L	ENSG00000260230	ensembl_gene	ENSG00000260230	1362	23732	C9orf4|CG-6|CG6|DEE37|EIEE37	resolved	mygene.info	pinned_local_build
FRYL	FRYL	ENSG00000075539	ensembl_gene	ENSG00000075539	29127	285527	AF4p12|KIAA0826|MOR2|PCBS	resolved	mygene.info	pinned_local_build
FSD1L	FSD1L	ENSG00000106701	ensembl_gene	ENSG00000106701	13753	83856	CCDC10|CSDUFD1|FSD1CL|FSD1NL|MIR1	resolved	mygene.info	pinned_local_build
FTCD	FTCD	ENSG00000281775	ensembl_gene	ENSG00000281775	3974	10841	LCHC1	resolved	mygene.info	pinned_local_build
FTH1	FTH1	ENSG00000167996	ensembl_gene	ENSG00000167996	3976	2495	FHC|FTH|FTHL6|HFE5|NBIA9|PIG15|PLIF	resolved	mygene.info	pinned_local_build
FTL	FTL	ENSG00000087086	ensembl_gene	ENSG00000087086	3999	2512	FTL1|LFTD|NBIA3	resolved	mygene.info	pinned_local_build
FTO	FTO	ENSG00000140718	ensembl_gene	ENSG00000140718	24678	79068	ALKBH9|BMIQ14|GDFD|IFEX9	resolved	mygene.info	pinned_local_build
FTSJ1	FTSJ1	ENSG00000068438	ensembl_gene	ENSG00000068438	13254	24140	CDLIV|JM23|MRX44|MRX9|SPB1|TRMT7|XLID9	resolved	mygene.info	pinned_local_build
FUCA1	FUCA1	ENSG00000179163	ensembl_gene	ENSG00000179163	4006	2517	FUCA	resolved	mygene.info	pinned_local_build
FUS	FUS	ENSG00000089280	ensembl_gene	ENSG00000089280	4010	2521	ALS6|ETM4|FUS1|HNRNPP2|POMP75|TLS|altFUS	resolved	mygene.info	pinned_local_build
FUT8	FUT8	ENSG00000033170	ensembl_gene	ENSG00000033170	4019	2530	CDGF|CDGF1	resolved	mygene.info	pinned_local_build
FXN	FXN	ENSG00000165060	ensembl_gene	ENSG00000165060	3951	2395	CyaY|FA|FARR|FRDA|X25	resolved	mygene.info	pinned_local_build
FXYD2	FXYD2	ENSG00000137731	ensembl_gene	ENSG00000137731	4026	486	ATP1G1|HOMG2	resolved	mygene.info	pinned_local_build
FZR1	FZR1	ENSG00000105325	ensembl_gene	ENSG00000105325	24824	51343	CDC20C|CDH1|DEE109|FZR|FZR2|HCDH|HCDH1	resolved	mygene.info	pinned_local_build
G6PC1	G6PC1	ENSG00000131482	ensembl_gene	ENSG00000131482	4056	2538	G6PC|G6PT|G6Pase|GSD1|GSD1a	resolved	mygene.info	pinned_local_build
G6PC3	G6PC3	ENSG00000141349	ensembl_gene	ENSG00000141349	24861	92579	SCN4|UGRP	resolved	mygene.info	pinned_local_build
G6PD	G6PD	ENSG00000160211	ensembl_gene	ENSG00000160211	4057	2539	CNSHA1|G6PD1	resolved	mygene.info	pinned_local_build
GAA	GAA	ENSG00000171298	ensembl_gene	ENSG00000171298	4065	2548	IOPD|LOPD|LYAG	resolved	mygene.info	pinned_local_build
GABBR1	GABBR1	ENSG00000204681	ensembl_gene	ENSG00000204681	4070	2550	GABABR1|GABBR1-3|GB1|GPRC3A|NEDLC	resolved	mygene.info	pinned_local_build
GABBR2	GABBR2	ENSG00000136928	ensembl_gene	ENSG00000136928	4507	9568	DEE59|EIEE59|GABABR2|GPR51|GPRC3B|HG20|HRIHFB2099|NDPLHS	resolved	mygene.info	pinned_local_build
GABRA1	GABRA1	ENSG00000022355	ensembl_gene	ENSG00000022355	4075	2554	DEE19|ECA4|EIEE19|EJM|EJM5	resolved	mygene.info	pinned_local_build
GABRA2	GABRA2	ENSG00000151834	ensembl_gene	ENSG00000151834	4076	2555	DEE78|EIEE78	resolved	mygene.info	pinned_local_build
GABRA3	GABRA3	ENSG00000011677	ensembl_gene	ENSG00000011677	4077	2556	EPILX2	resolved	mygene.info	pinned_local_build
GABRA4	GABRA4	ENSG00000109158	ensembl_gene	ENSG00000109158	4078	2557		resolved	mygene.info	pinned_local_build
GABRA5	GABRA5	ENSG00000186297	ensembl_gene	ENSG00000186297	4079	2558	DEE79|EIEE79	resolved	mygene.info	pinned_local_build
GABRA6	GABRA6	ENSG00000145863	ensembl_gene	ENSG00000145863	4080	2559		resolved	mygene.info	pinned_local_build
GABRB1	GABRB1	ENSG00000163288	ensembl_gene	ENSG00000163288	4081	2560	DEE45|EIEE45	resolved	mygene.info	pinned_local_build
GABRB2	GABRB2	ENSG00000145864	ensembl_gene	ENSG00000145864	4082	2561	DEE92|ICEE2	resolved	mygene.info	pinned_local_build
GABRB3	GABRB3	ENSG00000166206	ensembl_gene	ENSG00000166206	4083	2562	DEE43|ECA5|EIEE43	resolved	mygene.info	pinned_local_build
GABRD	GABRD	ENSG00000187730	ensembl_gene	ENSG00000187730	4084	2563	EIG10|EJM7|GABAARdelta|GEFSP5	resolved	mygene.info	pinned_local_build
GABRE	GABRE	ENSG00000102287	ensembl_gene	ENSG00000102287	4085	2564		resolved	mygene.info	pinned_local_build
GABRG2	GABRG2	ENSG00000113327	ensembl_gene	ENSG00000113327	4087	2566	CAE2|DEE74|ECA2|EIEE74|FEB8|GEFSP3	resolved	mygene.info	pinned_local_build
GABRG3	GABRG3	ENSG00000182256	ensembl_gene	ENSG00000182256	4088	2567		resolved	mygene.info	pinned_local_build
GABRQ	GABRQ	ENSG00000268089	ensembl_gene	ENSG00000268089	14454	55879	THETA	resolved	mygene.info	pinned_local_build
GABRR1	GABRR1	ENSG00000146276	ensembl_gene	ENSG00000146276	4090	2569		resolved	mygene.info	pinned_local_build
GABRR3	GABRR3	ENSG00000183185	ensembl_gene	ENSG00000183185	17969	200959		resolved	mygene.info	pinned_local_build
GAD1	GAD1	ENSG00000128683	ensembl_gene	ENSG00000128683	4092	2571	CPSQ1|DEE89|GAD|GAD-67|SCP	resolved	mygene.info	pinned_local_build
GAL	GAL	ENSG00000069482	ensembl_gene	ENSG00000069482	4114	51083	ETL8|GAL-GMAP|GALN|GLNN|GMAP	resolved	mygene.info	pinned_local_build
GALC	GALC	ENSG00000054983	ensembl_gene	ENSG00000054983	4115	2581		resolved	mygene.info	pinned_local_build
GALE	GALE	ENSG00000117308	ensembl_gene	ENSG00000117308	4116	2582	SDR1E1|THC13	resolved	mygene.info	pinned_local_build
GALK1	GALK1	ENSG00000108479	ensembl_gene	ENSG00000108479	4118	2584	GALK|GK1|HEL-S-19	resolved	mygene.info	pinned_local_build
GALNS	GALNS	ENSG00000141012	ensembl_gene	ENSG00000141012	4122	2588	GALNAC6S|GAS|GalN6S|MPS4A	resolved	mygene.info	pinned_local_build
GALNT2	GALNT2	ENSG00000143641	ensembl_gene	ENSG00000143641	4124	2590	CDG2T|GalNAc-T2	resolved	mygene.info	pinned_local_build
GALT	GALT	ENSG00000213930	ensembl_gene	ENSG00000213930	4135	2592		resolved	mygene.info	pinned_local_build
GAMT	GAMT	ENSG00000130005	ensembl_gene	ENSG00000130005	4136	2593	CCDS2|HEL-S-20|PIG2|TP53I2	resolved	mygene.info	pinned_local_build
GAN	GAN	ENSG00000261609	ensembl_gene	ENSG00000261609	4137	8139	GAN1|GIG|KLHL16	resolved	mygene.info	pinned_local_build
GAPVD1	GAPVD1	ENSG00000165219	ensembl_gene	ENSG00000165219	23375	26130	GAPEX5|GAPex-5|RAP6	resolved	mygene.info	pinned_local_build
GARS1	GARS1	ENSG00000106105	ensembl_gene	ENSG00000106105	4162	2617	CMT2D|DSMAV|GARS|GlyRS|HMN5|HMN5A|HMND5|SMAD1|SMAJI	resolved	mygene.info	pinned_local_build
GAS1	GAS1	ENSG00000180447	ensembl_gene	ENSG00000180447	4165	2619		resolved	mygene.info	pinned_local_build
GAS7	GAS7	ENSG00000007237	ensembl_gene	ENSG00000007237	4169	8522		resolved	mygene.info	pinned_local_build
GATA1	GATA1	ENSG00000102145	ensembl_gene	ENSG00000102145	4170	2623	CNSHA9|ERYF1|GATA-1|GF-1|GF1|HAEADA|NF-E1|NFE1|XLANP|XLTDA|XLTT	resolved	mygene.info	pinned_local_build
GATA2	GATA2	ENSG00000179348	ensembl_gene	ENSG00000179348	4171	2624	DCML|IMD21|MONOMAC|NFE1B	resolved	mygene.info	pinned_local_build
GATA3	GATA3	ENSG00000107485	ensembl_gene	ENSG00000107485	4172	2625	HDR|HDRS	resolved	mygene.info	pinned_local_build
GATA4	GATA4	ENSG00000285109	ensembl_gene	ENSG00000285109	4173	2626	ASD2|TACHD|TOF|VSD1	resolved	mygene.info	pinned_local_build
GATA6	GATA6	ENSG00000141448	ensembl_gene	ENSG00000141448	4174	2627		resolved	mygene.info	pinned_local_build
GATAD1	GATAD1	ENSG00000157259	ensembl_gene	ENSG00000157259	29941	57798	CMD2B|ODAG|RG083M05.2	resolved	mygene.info	pinned_local_build
GATAD2B	GATAD2B	ENSG00000261992	ensembl_gene	ENSG00000261992	30778	57459	GANDS|MRD18|P66beta|p68	resolved	mygene.info	pinned_local_build
GATM	GATM	ENSG00000171766	ensembl_gene	ENSG00000171766	4175	2628	AGAT|AT|CCDS3|FRTS|FRTS1|RFS	resolved	mygene.info	pinned_local_build
GBA1	GBA1	ENSG00000177628	ensembl_gene	ENSG00000177628	4177	2629	GBA|GCB|GLUC	resolved	mygene.info	pinned_local_build
GBA2	GBA2	ENSG00000070610	ensembl_gene	ENSG00000070610	18986	57704	AD035|NLGase|SPG46	resolved	mygene.info	pinned_local_build
GBE1	GBE1	ENSG00000114480	ensembl_gene	ENSG00000114480	4180	2632	APBD|GBE|GSD4	resolved	mygene.info	pinned_local_build
GCDH	GCDH	ENSG00000105607	ensembl_gene	ENSG00000105607	4189	2639	ACAD5|GCD	resolved	mygene.info	pinned_local_build
GCGR	GCGR	ENSG00000288269	ensembl_gene	ENSG00000288269	4192	2642	GGR|GL-R|MVAH	resolved	mygene.info	pinned_local_build
GCH1	GCH1	ENSG00000131979	ensembl_gene	ENSG00000131979	4193	2643	DYT14|DYT5|DYT5a|GCH|GTP-CH-1|GTPCH1|HPABH4B	resolved	mygene.info	pinned_local_build
GCK	GCK	ENSG00000106633	ensembl_gene	ENSG00000106633	4195	2645	FGQTL3|GK|GLK|HHF3|HK4|HKIV|HXKP|LGLK|MODY2|PNDM1	resolved	mygene.info	pinned_local_build
GCM2	GCM2	ENSG00000124827	ensembl_gene	ENSG00000124827	4198	9247	FIH2|GCMB|HRPT4|hGCMb	resolved	mygene.info	pinned_local_build
GCSH	GCSH	ENSG00000140905	ensembl_gene	ENSG00000140905	4208	2653	GCE|MMDS7|NKH	resolved	mygene.info	pinned_local_build
GDAP1	GDAP1	ENSG00000104381	ensembl_gene	ENSG00000104381	15968	54332	CMT4|CMT4A|CMTRIA	resolved	mygene.info	pinned_local_build
GDF1	GDF1	ENSG00000130283	ensembl_gene	ENSG00000130283	4214	2657	CHTD6|DORV|DTGA3|RAI	resolved	mygene.info	pinned_local_build
GDF2	GDF2	ENSG00000263761	ensembl_gene	ENSG00000263761	4217	2658	BMP-9|BMP9|HHT5	resolved	mygene.info	pinned_local_build
GDF6	GDF6	ENSG00000156466	ensembl_gene	ENSG00000156466	4221	392255	BMP-13|BMP13|CDMP2|KFM|KFS|KFS1|KFSL|SGM1|SYNS4	resolved	mygene.info	pinned_local_build
GDI1	GDI1	ENSG00000203879	ensembl_gene	ENSG00000203879	4226	2664	1A|GDIL|MRX41|MRX48|OPHN2|RABGD1A|RABGDIA|XAP-4|XLID41	resolved	mygene.info	pinned_local_build
GDNF	GDNF	ENSG00000168621	ensembl_gene	ENSG00000168621	4232	2668	ATF|ATF1|ATF2|HFB1-GDNF|HSCR3	resolved	mygene.info	pinned_local_build
GET3	GET3	ENSG00000198356	ensembl_gene	ENSG00000198356	752	439	ARSA-I|ARSA1|ASNA-I|ASNA1|CMD2H|TRC40	resolved	mygene.info	pinned_local_build
GFAP	GFAP	ENSG00000131095	ensembl_gene	ENSG00000131095	4235	2670	ALXDRD	resolved	mygene.info	pinned_local_build
GFER	GFER	ENSG00000127554	ensembl_gene	ENSG00000127554	4236	2671	ALR|ERV1|HERV1|HPO|HPO1|HPO2|HSS|MMCHD|MPMCD	resolved	mygene.info	pinned_local_build
GFI1	GFI1	ENSG00000162676	ensembl_gene	ENSG00000162676	4237	2672	GFI-1|GFI1A|SCN2|ZNF163	resolved	mygene.info	pinned_local_build
GFM1	GFM1	ENSG00000168827	ensembl_gene	ENSG00000168827	13780	85476	COXPD1|EFG|EFG1|EFGM|EGF1|GFM|hEFG1|mtEF-G1	resolved	mygene.info	pinned_local_build
GFM2	GFM2	ENSG00000164347	ensembl_gene	ENSG00000164347	29682	84340	EF-G2mt|EFG2|MRRF2|MST027|MSTP027|RRF|RRF2|RRF2mt|hEFG2|mEF-G 2	resolved	mygene.info	pinned_local_build
GFPT1	GFPT1	ENSG00000198380	ensembl_gene	ENSG00000198380	4241	2673	CMS12|CMSTA1|GFA|GFAT|GFAT 1|GFAT1|GFAT1m|GFPT|GFPT1L|MSLG	resolved	mygene.info	pinned_local_build
GHR	GHR	ENSG00000112964	ensembl_gene	ENSG00000112964	4263	2690	GHBP|GHIP	resolved	mygene.info	pinned_local_build
GIGYF1	GIGYF1	ENSG00000146830	ensembl_gene	ENSG00000146830	9126	64599	GYF1|PERQ1	resolved	mygene.info	pinned_local_build
GIPC3	GIPC3	ENSG00000179855	ensembl_gene	ENSG00000179855	18183	126326	C19orf64|DFNB15|DFNB72|DFNB95	resolved	mygene.info	pinned_local_build
GJA1	GJA1	ENSG00000152661	ensembl_gene	ENSG00000152661	4274	2697	AVSD3|CMDR|CX43|EKVP|EKVP3|GJAL|HLHS1|HSS|ODDD|PPKCA	resolved	mygene.info	pinned_local_build
GJA5	GJA5	ENSG00000265107	ensembl_gene	ENSG00000265107	4279	2702	ATFB11|CX40	resolved	mygene.info	pinned_local_build
GJB1	GJB1	ENSG00000169562	ensembl_gene	ENSG00000169562	4283	2705	CMTX|CMTX1|CX32	resolved	mygene.info	pinned_local_build
GJB2	GJB2	ENSG00000165474	ensembl_gene	ENSG00000165474	4284	2706	BAPS|CX26|DFNA3|DFNA3A|DFNB1|DFNB1A|HID|KID|NSRD1|PPK	resolved	mygene.info	pinned_local_build
GJB3	GJB3	ENSG00000188910	ensembl_gene	ENSG00000188910	4285	2707	CX31|DFNA2|DFNA2B|EKV|EKVP1	resolved	mygene.info	pinned_local_build
GJB6	GJB6	ENSG00000121742	ensembl_gene	ENSG00000121742	4288	10804	CX30|DFNA3|DFNA3B|DFNB1B|ECTD2|ED2|EDH|HED|HED2	resolved	mygene.info	pinned_local_build
GJC2	GJC2	ENSG00000198835	ensembl_gene	ENSG00000198835	17494	57165	CX46.6|Cx47|GJA12|HLD2|LMPH1C|LMPHM3|PMLDAR|SPG44	resolved	mygene.info	pinned_local_build
GK	GK	ENSG00000198814	ensembl_gene	ENSG00000198814	4289	2710	GK1|GKD	resolved	mygene.info	pinned_local_build
GLA	GLA	ENSG00000102393	ensembl_gene	ENSG00000102393	4296	2717	GALA	resolved	mygene.info	pinned_local_build
GLB1	GLB1	ENSG00000170266	ensembl_gene	ENSG00000170266	4298	2720	EBP|ELNR1|MPS4B	resolved	mygene.info	pinned_local_build
GLDC	GLDC	ENSG00000178445	ensembl_gene	ENSG00000178445	4313	2731	GCE|GCE1|GCSP|HYGN1	resolved	mygene.info	pinned_local_build
GLE1	GLE1	ENSG00000119392	ensembl_gene	ENSG00000119392	4315	2733	CAAHC|CAAHD|GLE1L|LCCS|LCCS1|hGLE1	resolved	mygene.info	pinned_local_build
GLI2	GLI2	ENSG00000074047	ensembl_gene	ENSG00000074047	4318	2736	CJS|HPE9|PHS2|THP1|THP2	resolved	mygene.info	pinned_local_build
GLI3	GLI3	ENSG00000106571	ensembl_gene	ENSG00000106571	4319	2737	ACLS|GCPS|GLI3-190|GLI3FL|PAP-A|PAPA|PAPA1|PAPB|PHS|PPDIV	resolved	mygene.info	pinned_local_build
GLIS3	GLIS3	ENSG00000107249	ensembl_gene	ENSG00000107249	28510	169792	NDH|ZNF515	resolved	mygene.info	pinned_local_build
GLRA1	GLRA1	ENSG00000145888	ensembl_gene	ENSG00000145888	4326	2741	HKPX1|STHE	resolved	mygene.info	pinned_local_build
GLRB	GLRB	ENSG00000109738	ensembl_gene	ENSG00000109738	4329	2743	HKPX2	resolved	mygene.info	pinned_local_build
GLRX5	GLRX5	ENSG00000182512	ensembl_gene	ENSG00000182512	20134	51218	C14orf87|FLB4739|GRX5|PR01238|PRO1238|PRSA|SIDBA3|SPAHGC	resolved	mygene.info	pinned_local_build
GLS	GLS	ENSG00000115419	ensembl_gene	ENSG00000115419	4331	2744	AAD20|CASGID|DEE71|EIEE71|GAC|GAM|GDPAG|GLS1|KGA	resolved	mygene.info	pinned_local_build
GLUD1	GLUD1	ENSG00000148672	ensembl_gene	ENSG00000148672	4335	2746	GDH|GDH1|GLUD|hGDH1	resolved	mygene.info	pinned_local_build
GLUD2	GLUD2	ENSG00000288118	ensembl_gene	ENSG00000288118	4336	2747	GDH2|GLUDP1	resolved	mygene.info	pinned_local_build
GLUL	GLUL	ENSG00000135821	ensembl_gene	ENSG00000135821	4341	2752	DEE116|GLNS|GS|PIG43|PIG59	resolved	mygene.info	pinned_local_build
GLYCTK	GLYCTK	ENSG00000168237	ensembl_gene	ENSG00000168237	24247	132158	HBEBP2|HBEBP4|HBeAgBP4A	resolved	mygene.info	pinned_local_build
GM2A	GM2A	ENSG00000196743	ensembl_gene	ENSG00000196743	4367	2760	GM2-AP|GM2AP|SAP-3	resolved	mygene.info	pinned_local_build
GMDS	GMDS	ENSG00000112699	ensembl_gene	ENSG00000112699	4369	2762	GMD|SDR3E1	resolved	mygene.info	pinned_local_build
GMNN	GMNN	ENSG00000112312	ensembl_gene	ENSG00000112312	17493	51053	Gem|MGORS6	resolved	mygene.info	pinned_local_build
GMPPA	GMPPA	ENSG00000144591	ensembl_gene	ENSG00000144591	22923	29926	AAMR	resolved	mygene.info	pinned_local_build
GMPPB	GMPPB	ENSG00000173540	ensembl_gene	ENSG00000173540	22932	29925	LGMDR19|MDDGA14|MDDGB14|MDDGC14	resolved	mygene.info	pinned_local_build
GNA11	GNA11	ENSG00000088256	ensembl_gene	ENSG00000088256	4379	2767	FBH|FBH2|FHH2|GNA-11|HG1K|HHC2|HYPOC2	resolved	mygene.info	pinned_local_build
GNA14	GNA14	ENSG00000156049	ensembl_gene	ENSG00000156049	4382	9630	HG1I	resolved	mygene.info	pinned_local_build
GNAI1	GNAI1	ENSG00000127955	ensembl_gene	ENSG00000127955	4384	2770	Gi|HG1B|NEDHISB	resolved	mygene.info	pinned_local_build
GNAI3	GNAI3	ENSG00000065135	ensembl_gene	ENSG00000065135	4387	2773	87U6|ARCND1|ARCODS|HG1A	resolved	mygene.info	pinned_local_build
GNAL	GNAL	ENSG00000141404	ensembl_gene	ENSG00000141404	4388	2774	DYT25|HG1O	resolved	mygene.info	pinned_local_build
GNAO1	GNAO1	ENSG00000087258	ensembl_gene	ENSG00000087258	4389	2775	DEE17|EIEE17|G-ALPHA-o|GNAO|HG1G|NEDIM	resolved	mygene.info	pinned_local_build
GNAO1-AS1	GNAO1-AS1		unknown_namespace		24498	26077	DKFZP434H168	symbol_only	mygene.info	pinned_local_build
GNAQ	GNAQ	ENSG00000156052	ensembl_gene	ENSG00000156052	4390	2776	CMAL|G-ALPHA-q|GAQ|SWS	resolved	mygene.info	pinned_local_build
GNAS	GNAS	ENSG00000087460	ensembl_gene	ENSG00000087460	4392	2778	AHO|AIMAH1|C20orf45|GNAS1|GPSA|GSA|GSP|NESP|PITA3|POH|SCG6|SgVI	resolved	mygene.info	pinned_local_build
GNB1	GNB1	ENSG00000078369	ensembl_gene	ENSG00000078369	4396	2782	HG2A|MDS|MRD42	resolved	mygene.info	pinned_local_build
GNB5	GNB5	ENSG00000069966	ensembl_gene	ENSG00000069966	4401	10681	GB5|HG2E|IDDCA|LADCI|LDMLS1|LDMLS2|gbeta5	resolved	mygene.info	pinned_local_build
GNE	GNE	ENSG00000159921	ensembl_gene	ENSG00000159921	23657	10020	DMRV|GLCNE|IBM2|NM|THC12|Uae1	resolved	mygene.info	pinned_local_build
GNPAT	GNPAT	ENSG00000116906	ensembl_gene	ENSG00000116906	4416	8443	DAP-AT|DAPAT|DHAPAT|RCDP2	resolved	mygene.info	pinned_local_build
GNPTAB	GNPTAB	ENSG00000111670	ensembl_gene	ENSG00000111670	29670	79158	GNPTA|ICD	resolved	mygene.info	pinned_local_build
GNPTG	GNPTG	ENSG00000090581	ensembl_gene	ENSG00000090581	23026	84572	C16orf27|GNPTAG|LP2537|RJD9	resolved	mygene.info	pinned_local_build
GNRH1	GNRH1	ENSG00000147437	ensembl_gene	ENSG00000147437	4419	2796	GNRH|GRH|LHRH|LNRH	resolved	mygene.info	pinned_local_build
GNS	GNS	ENSG00000135677	ensembl_gene	ENSG00000135677	4422	2799	G6S	resolved	mygene.info	pinned_local_build
GOLGA2	GOLGA2	ENSG00000167110	ensembl_gene	ENSG00000167110	4425	2801	DEDHMB|GM130	resolved	mygene.info	pinned_local_build
GON7	GON7	ENSG00000275619	ensembl_gene	ENSG00000275619	20356	84520	C14orf142|PNAS-127	resolved	mygene.info	pinned_local_build
GORAB	GORAB	ENSG00000120370	ensembl_gene	ENSG00000120370	25676	92344	GO|NTKLBP1|SCYL1BP1	resolved	mygene.info	pinned_local_build
GOSR2	GOSR2	ENSG00000108433	ensembl_gene	ENSG00000108433	4431	9570	Bos1|EPM6|GS27|MYOS	resolved	mygene.info	pinned_local_build
GOT2	GOT2	ENSG00000125166	ensembl_gene	ENSG00000125166	4433	2806	DEE82|KAT4|KATIV|KYAT4|mitAAT	resolved	mygene.info	pinned_local_build
GP1BB	GP1BB	ENSG00000203618	ensembl_gene	ENSG00000203618	4440	2812	BDPLT1|BS|CD42C|GP-Ib beta|GPIBB|GPIbbeta	resolved	mygene.info	pinned_local_build
GPAA1	GPAA1	ENSG00000197858	ensembl_gene	ENSG00000197858	4446	8733	GAA1|GPIBD15|hGAA1	resolved	mygene.info	pinned_local_build
GPC3	GPC3	ENSG00000147257	ensembl_gene	ENSG00000147257	4451	2719	DGSX|GTR2-2|MXR7|OCI-5|SDYS|SGB|SGBS|SGBS1	resolved	mygene.info	pinned_local_build
GPC4	GPC4	ENSG00000076716	ensembl_gene	ENSG00000076716	4452	2239	K-glypican|KPTS	resolved	mygene.info	pinned_local_build
GPD1L	GPD1L	ENSG00000152642	ensembl_gene	ENSG00000152642	28956	23171	GPD1-L	resolved	mygene.info	pinned_local_build
GPHN	GPHN	ENSG00000171723	ensembl_gene	ENSG00000171723	15465	10243	GEPH|GPH|GPHRYN|HKPX1|MOCODC	resolved	mygene.info	pinned_local_build
GPI	GPI	ENSG00000105220	ensembl_gene	ENSG00000105220	4458	2821	AMF|CNSHA4|GNPI|NLK|PGI|PHI|SA-36|SA36	resolved	mygene.info	pinned_local_build
GPR160	GPR160	ENSG00000173890	ensembl_gene	ENSG00000173890	23693	26996	GPCR1|GPCR150	resolved	mygene.info	pinned_local_build
GPR161	GPR161	ENSG00000143147	ensembl_gene	ENSG00000143147	23694	23432	RE2	resolved	mygene.info	pinned_local_build
GPR45	GPR45	ENSG00000135973	ensembl_gene	ENSG00000135973	4503	11250	PSP24|PSP24(ALPHA)|PSP24-1|PSP24-alpha|PSP24A	resolved	mygene.info	pinned_local_build
GPR88	GPR88	ENSG00000181656	ensembl_gene	ENSG00000181656	4539	54112	COCPMR|STRG	resolved	mygene.info	pinned_local_build
GPSM2	GPSM2	ENSG00000121957	ensembl_gene	ENSG00000121957	29501	29899	CMCS|DFNB82|LGN|PINS	resolved	mygene.info	pinned_local_build
GPT2	GPT2	ENSG00000166123	ensembl_gene	ENSG00000166123	18062	84706	ALT2|GPT 2|MRT49|NEDSPM	resolved	mygene.info	pinned_local_build
GPX4	GPX4	ENSG00000167468	ensembl_gene	ENSG00000167468	4556	2879	GPx-4|GSHPx-4|MCSP|PHGPx|SMDS|snGPx|snPHGPx	resolved	mygene.info	pinned_local_build
GRB10	GRB10	ENSG00000106070	ensembl_gene	ENSG00000106070	4564	2887	GRB-IR|Grb-10|IRBP|MEG1|RSS	resolved	mygene.info	pinned_local_build
GREM1	GREM1	ENSG00000276886	ensembl_gene	ENSG00000276886	2001	26585	C15DUPq|CKTSF1B1|CRAC1|CRCS4|DAND2|DRM|DUP15q|GREMLIN|HMPS|HMPS1|IHG-2|MPSH|PIG2	resolved	mygene.info	pinned_local_build
GRHL2	GRHL2	ENSG00000083307	ensembl_gene	ENSG00000083307	2799	79977	BOM|DFNA28|ECTDS|PPCD4|TFCP2L3	resolved	mygene.info	pinned_local_build
GRHPR	GRHPR	ENSG00000137106	ensembl_gene	ENSG00000137106	4570	9380	GLXR|GLYD|PH2	resolved	mygene.info	pinned_local_build
GRIA1	GRIA1	ENSG00000155511	ensembl_gene	ENSG00000155511	4571	2890	GLUH1|GLUR1|GLURA|GluA1|HBGR1|MRD67|MRT76	resolved	mygene.info	pinned_local_build
GRIA2	GRIA2	ENSG00000120251	ensembl_gene	ENSG00000120251	4572	2891	GLUR2|GLURB|GluA2|GluR-K2|HBGR2|NEDLIB|gluR-2|gluR-B	resolved	mygene.info	pinned_local_build
GRIA3	GRIA3	ENSG00000125675	ensembl_gene	ENSG00000125675	4573	2892	GLUR-C|GLUR-K3|GLUR3|GLURC|GluA3|MRX94|MRXSW|iGluR3	resolved	mygene.info	pinned_local_build
GRIA4	GRIA4	ENSG00000152578	ensembl_gene	ENSG00000152578	4574	2893	GLUR4|GLUR4C|GLURD|GluA4|GluA4-ATD|NEDSGA	resolved	mygene.info	pinned_local_build
GRID2	GRID2	ENSG00000152208	ensembl_gene	ENSG00000152208	4576	2895	GluD2|SCAR18	resolved	mygene.info	pinned_local_build
GRIK2	GRIK2	ENSG00000164418	ensembl_gene	ENSG00000164418	4580	2898	EAA4|GLR6|GLUK6|GLUR6|GluK2|MRT6|NEDLAS	resolved	mygene.info	pinned_local_build
GRIN1	GRIN1	ENSG00000176884	ensembl_gene	ENSG00000176884	4584	2902	DEE101|GluN1|MRD8|NDHMSD|NDHMSR|NMD-R1|NMDA1|NMDAR1|NR1|hNR1	resolved	mygene.info	pinned_local_build
GRIN2A	GRIN2A	ENSG00000183454	ensembl_gene	ENSG00000183454	4585	2903	EPND|FESD|GluN2A|LKS|NMDAR2A|NR2A	resolved	mygene.info	pinned_local_build
GRIN2B	GRIN2B	ENSG00000273079	ensembl_gene	ENSG00000273079	4586	2904	DEE27|EIEE27|GluN2B|MRD6|NMDAR2B|NR2B|NR3|hNR3	resolved	mygene.info	pinned_local_build
GRIN2D	GRIN2D	ENSG00000105464	ensembl_gene	ENSG00000105464	4588	2906	DEE46|EB11|EIEE46|GluN2D|NMDAR2D|NR2D	resolved	mygene.info	pinned_local_build
GRIN3A	GRIN3A	ENSG00000198785	ensembl_gene	ENSG00000198785	16767	116443	GluN3A|NMDAR-L|NMDAR3A|NR3A	resolved	mygene.info	pinned_local_build
GRIN3B	GRIN3B	ENSG00000116032	ensembl_gene	ENSG00000116032	16768	116444	GluN3B|NR3B	resolved	mygene.info	pinned_local_build
GRIP1	GRIP1	ENSG00000155974	ensembl_gene	ENSG00000155974	18708	23426	FRASRS3|GRIP	resolved	mygene.info	pinned_local_build
GRM1	GRM1	ENSG00000152822	ensembl_gene	ENSG00000152822	4593	2911	GPRC1A|MGLU1|MGLUR1|PPP1R85|SCA44|SCAR13	resolved	mygene.info	pinned_local_build
GRM7	GRM7	ENSG00000196277	ensembl_gene	ENSG00000196277	4599	2917	GLUR7|GPRC1G|MGLU7|MGLUR7|NEDSHBA|PPP1R87	resolved	mygene.info	pinned_local_build
GRM8	GRM8	ENSG00000179603	ensembl_gene	ENSG00000179603	4600	2918	GLUR8|GPRC1H|MGLUR8|mGlu8	resolved	mygene.info	pinned_local_build
GRN	GRN	ENSG00000030582	ensembl_gene	ENSG00000030582	4601	2896	CLN11|FTD2|GEP|GP88|PCDGF|PEPI|PGRN	resolved	mygene.info	pinned_local_build
GRWD1	GRWD1	ENSG00000105447	ensembl_gene	ENSG00000105447	21270	83743	CDW4|DIAR14|GRWD|RRB1|WDR28	resolved	mygene.info	pinned_local_build
GRXCR1	GRXCR1	ENSG00000215203	ensembl_gene	ENSG00000215203	31673	389207	DFNB25|PPP1R88	resolved	mygene.info	pinned_local_build
GRXCR2	GRXCR2	ENSG00000204928	ensembl_gene	ENSG00000204928	33862	643226	DFNB101	resolved	mygene.info	pinned_local_build
GSC	GSC	ENSG00000133937	ensembl_gene	ENSG00000133937	4612	145258	GSC1|SAMS	resolved	mygene.info	pinned_local_build
GSDME	GSDME	ENSG00000105928	ensembl_gene	ENSG00000105928	2810	1687	DFNA5|ICERE-1	resolved	mygene.info	pinned_local_build
GSPT2	GSPT2	ENSG00000189369	ensembl_gene	ENSG00000189369	4622	23708	ERF3B|GST2	resolved	mygene.info	pinned_local_build
GSS	GSS	ENSG00000100983	ensembl_gene	ENSG00000100983	4624	2937	CNSHA6|GSHS|HEL-S-64p|HEL-S-88n	resolved	mygene.info	pinned_local_build
GTF2E2	GTF2E2	ENSG00000197265	ensembl_gene	ENSG00000197265	4651	2961	FE|TF2E2|TFIIE-B|TTD6	resolved	mygene.info	pinned_local_build
GTF3C3	GTF3C3	ENSG00000119041	ensembl_gene	ENSG00000119041	4666	9330	NEDFBS|TFIIIC102|TFIIICgamma|TFiiiC2-102	resolved	mygene.info	pinned_local_build
GTPBP2	GTPBP2	ENSG00000172432	ensembl_gene	ENSG00000172432	4670	54676	JABELS	resolved	mygene.info	pinned_local_build
GTPBP3	GTPBP3	ENSG00000130299	ensembl_gene	ENSG00000130299	14880	84705	COXPD23|GTPBG3|MSS1|MTGP1|THDF1	resolved	mygene.info	pinned_local_build
GUCY1A1	GUCY1A1	ENSG00000164116	ensembl_gene	ENSG00000164116	4685	2982	GC-S-alpha-1|GC-SA3|GCS-alpha-3|GUC1A3|GUCA3|GUCSA3|GUCY1A3|MYMY6	resolved	mygene.info	pinned_local_build
GUCY2D	GUCY2D	ENSG00000132518	ensembl_gene	ENSG00000132518	4689	3000	CACD|CACD1|CG-E|CORD5|CORD6|CSNB1I|CYGD|GUC1A4|GUC2D|LCA|LCA1|RCD2|RETGC-1|ROS-GC1|ROSGC|retGC	resolved	mygene.info	pinned_local_build
GUF1	GUF1	ENSG00000151806	ensembl_gene	ENSG00000151806	25799	60558	DEE40|EF-4|EF4|EIEE40	resolved	mygene.info	pinned_local_build
GUSB	GUSB	ENSG00000169919	ensembl_gene	ENSG00000169919	4696	2990	BG|MPS7	resolved	mygene.info	pinned_local_build
GYG1	GYG1	ENSG00000163754	ensembl_gene	ENSG00000163754	4699	2992	GSD15|GYG	resolved	mygene.info	pinned_local_build
GYG2	GYG2	ENSG00000056998	ensembl_gene	ENSG00000056998	4700	8908	GN-2|GN2	resolved	mygene.info	pinned_local_build
GYS1	GYS1	ENSG00000104812	ensembl_gene	ENSG00000104812	4706	2997	GSY|GYS	resolved	mygene.info	pinned_local_build
GYS2	GYS2	ENSG00000111713	ensembl_gene	ENSG00000111713	4707	2998		resolved	mygene.info	pinned_local_build
GZF1	GZF1	ENSG00000125812	ensembl_gene	ENSG00000125812	15808	64412	JLSM|ZBTB23|ZNF336	resolved	mygene.info	pinned_local_build
H19	H19	ENSG00000288237	ensembl_gene	ENSG00000288237	4713	283120	ASM|ASM1|BWS|D11S813E|GMRSP|LINC00008|MIR675HG|NCRNA00008|WT2	resolved	mygene.info	pinned_local_build
H3-3A	H3-3A	ENSG00000163041	ensembl_gene	ENSG00000163041	4764	3020	BRYLIB1|H3.3A|H3F3|H3F3A	resolved	mygene.info	pinned_local_build
H3-3B	H3-3B	ENSG00000132475	ensembl_gene	ENSG00000132475	4765	3021	BRYLIB2|H3.3B|H3F3B	resolved	mygene.info	pinned_local_build
HAAO	HAAO	ENSG00000162882	ensembl_gene	ENSG00000162882	4796	23498	3-HAO|HAO|VCRL1|h3HAO	resolved	mygene.info	pinned_local_build
HACD1	HACD1	ENSG00000165996	ensembl_gene	ENSG00000165996	9639	9200	CAP|CMYO11|CMYP11|MYONP|PTPLA	resolved	mygene.info	pinned_local_build
HACE1	HACE1	ENSG00000085382	ensembl_gene	ENSG00000085382	21033	57531	SPPRS	resolved	mygene.info	pinned_local_build
HADH	HADH	ENSG00000138796	ensembl_gene	ENSG00000138796	4799	3033	HAD|HADH1|HADHSC|HCDH|HHF4|MSCHAD|SCHAD	resolved	mygene.info	pinned_local_build
HADHA	HADHA	ENSG00000084754	ensembl_gene	ENSG00000084754	4801	3030	ECHA|GBP|LCEH|LCHAD|MLCL AT|MTPA|TP-ALPHA	resolved	mygene.info	pinned_local_build
HADHB	HADHB	ENSG00000138029	ensembl_gene	ENSG00000138029	4803	3032	ECHB|MSTP029|MTPB|MTPD|MTPD2|TP-BETA	resolved	mygene.info	pinned_local_build
HAL	HAL	ENSG00000084110	ensembl_gene	ENSG00000084110	4806	3034	HIS|HSTD	resolved	mygene.info	pinned_local_build
HAMP	HAMP	ENSG00000105697	ensembl_gene	ENSG00000105697	15598	57817	HEPC|HFE2B|LEAP1|PLTR	resolved	mygene.info	pinned_local_build
HAND1	HAND1	ENSG00000113196	ensembl_gene	ENSG00000113196	4807	9421	Hxt|Thing1|bHLHa27|eHand	resolved	mygene.info	pinned_local_build
HARS1	HARS1	ENSG00000170445	ensembl_gene	ENSG00000170445	4816	3035	CMT2W|HARS|HRS|USH3B	resolved	mygene.info	pinned_local_build
HARS2	HARS2	ENSG00000112855	ensembl_gene	ENSG00000112855	4817	23438	HARSL|HARSR|HO3|HisRS|PRLTS2	resolved	mygene.info	pinned_local_build
HAX1	HAX1	ENSG00000143575	ensembl_gene	ENSG00000143575	16915	10456	HCLSBP1|HS1BP1|SCN3	resolved	mygene.info	pinned_local_build
HBA1	HBA1	ENSG00000206172	ensembl_gene	ENSG00000206172	4823	3039	ECYT7|HBA-T3|HBH|METHBA	resolved	mygene.info	pinned_local_build
HBA2	HBA2	ENSG00000188536	ensembl_gene	ENSG00000188536	4824	3040	ECYT7|HBA-T2|HBH	resolved	mygene.info	pinned_local_build
HBB	HBB	ENSG00000244734	ensembl_gene	ENSG00000244734	4827	3043	CD113t-C|ECYT6|beta-globin	resolved	mygene.info	pinned_local_build
HCCS	HCCS	ENSG00000004961	ensembl_gene	ENSG00000004961	4837	3052	CCHL|LSDMCA1|MCOPS7|MLS	resolved	mygene.info	pinned_local_build
HCFC1	HCFC1	ENSG00000172534	ensembl_gene	ENSG00000172534	4839	3054	CFF|HCF|HCF-1|HCF1|HFC1|MAHCX|MRX3|PPP1R89|VCAF|XLID3	resolved	mygene.info	pinned_local_build
HCN1	HCN1	ENSG00000164588	ensembl_gene	ENSG00000164588	4845	348980	BCNG-1|BCNG1|DEE24|EIEE24|GEFSP10|HAC-2	resolved	mygene.info	pinned_local_build
HCN2	HCN2	ENSG00000099822	ensembl_gene	ENSG00000099822	4846	610	BCNG-2|BCNG2|EIG17|FEB2|GEFSP11|HAC-1	resolved	mygene.info	pinned_local_build
HCN4	HCN4	ENSG00000138622	ensembl_gene	ENSG00000138622	16882	10021	BRGDA8|EIG18|SSS2	resolved	mygene.info	pinned_local_build
HDAC1	HDAC1	ENSG00000116478	ensembl_gene	ENSG00000116478	4852	3065	GON-10|HD1|KDAC1|RPD3|RPD3L1	resolved	mygene.info	pinned_local_build
HDAC3	HDAC3	ENSG00000171720	ensembl_gene	ENSG00000171720	4854	8841	HD3|KDAC3|RPD3|RPD3-2	resolved	mygene.info	pinned_local_build
HDAC4	HDAC4	ENSG00000068024	ensembl_gene	ENSG00000068024	14063	9759	AHO3|BDMR|HA6116|HD4|HDAC-4|HDAC-A|HDACA|NEDCHF|NEDCHID	resolved	mygene.info	pinned_local_build
HDAC6	HDAC6	ENSG00000094631	ensembl_gene	ENSG00000094631	14064	10013	CPBHM|HD6|JM21|KDAC6|PPP1R90	resolved	mygene.info	pinned_local_build
HDAC8	HDAC8	ENSG00000147099	ensembl_gene	ENSG00000147099	13315	55869	CDA07|CDLS5|HD8|HDACL1|KDAC8|MRXS6|RPD3|WTS	resolved	mygene.info	pinned_local_build
HECTD1	HECTD1	ENSG00000092148	ensembl_gene	ENSG00000092148	20157	25831	EULIR	resolved	mygene.info	pinned_local_build
HECW2	HECW2	ENSG00000138411	ensembl_gene	ENSG00000138411	29853	57520	NDHSAL|NEDL2	resolved	mygene.info	pinned_local_build
HELLS	HELLS	ENSG00000119969	ensembl_gene	ENSG00000119969	4861	3070	ICF4|LSH|Nbla10143|PASG|SALNR|SMARCA6	resolved	mygene.info	pinned_local_build
HEPACAM	HEPACAM	ENSG00000165478	ensembl_gene	ENSG00000165478	26361	220296	GlialCAM|MLC2A|MLC2B	resolved	mygene.info	pinned_local_build
HERC1	HERC1	ENSG00000103657	ensembl_gene	ENSG00000103657	4867	8925	MDFPMR|p532|p619	resolved	mygene.info	pinned_local_build
HERC2	HERC2	ENSG00000276802	ensembl_gene	ENSG00000276802	4868	8924	D15F37S1|MRT38|SHEP1|jdf2|p528	resolved	mygene.info	pinned_local_build
HESX1	HESX1	ENSG00000163666	ensembl_gene	ENSG00000163666	4877	8820	ANF|CPHD5|RPX	resolved	mygene.info	pinned_local_build
HEXA	HEXA	ENSG00000213614	ensembl_gene	ENSG00000213614	4878	3073	TSD	resolved	mygene.info	pinned_local_build
HEXB	HEXB	ENSG00000049860	ensembl_gene	ENSG00000049860	4879	3074	ENC-1AS|HEL-248|HEL-S-111	resolved	mygene.info	pinned_local_build
HFE	HFE	ENSG00000010704	ensembl_gene	ENSG00000010704	4886	3077	HFE1|HH|HLA-H|MVCD7|TFQTL2	resolved	mygene.info	pinned_local_build
HGF	HGF	ENSG00000019991	ensembl_gene	ENSG00000019991	4893	3082	DFNB39|F-TCF|HGFB|HPTA|SF	resolved	mygene.info	pinned_local_build
HGSNAT	HGSNAT	ENSG00000165102	ensembl_gene	ENSG00000165102	26527	138050	HGNAT|MPS3C|RP73|TMEM76	resolved	mygene.info	pinned_local_build
HHAT	HHAT	ENSG00000054392	ensembl_gene	ENSG00000054392	18270	55733	MART2|NNMS|SKI1|Skn	resolved	mygene.info	pinned_local_build
HIBCH	HIBCH	ENSG00000198130	ensembl_gene	ENSG00000198130	4908	26275	HIBYLCOAH	resolved	mygene.info	pinned_local_build
HIC1	HIC1	ENSG00000177374	ensembl_gene	ENSG00000177374	4909	3090	ZBTB29|ZNF901|hic-1	resolved	mygene.info	pinned_local_build
HID1	HID1	ENSG00000167861	ensembl_gene	ENSG00000167861	15736	283987	17orf28|C17orf28|DEE105|DMC1|HID-1	resolved	mygene.info	pinned_local_build
HIKESHI	HIKESHI	ENSG00000149196	ensembl_gene	ENSG00000149196	26938	51501	C11orf73|HLD13|HSPC138|HSPC179|L7RN6|OPI10	resolved	mygene.info	pinned_local_build
HINT1	HINT1	ENSG00000169567	ensembl_gene	ENSG00000169567	4912	3094	HINT|NMAN|PKCI-1|PRKCNH1	resolved	mygene.info	pinned_local_build
HIP1	HIP1	ENSG00000127946	ensembl_gene	ENSG00000127946	4913	3092	HIP-I|ILWEQ|SHON|SHONbeta|SHONgamma	resolved	mygene.info	pinned_local_build
HIRA	HIRA	ENSG00000100084	ensembl_gene	ENSG00000100084	4916	7290	DGCR1|TUP1|TUPLE1	resolved	mygene.info	pinned_local_build
HIVEP2	HIVEP2	ENSG00000010818	ensembl_gene	ENSG00000010818	4921	3097	HIV-EP2|MBP-2|MIBP1|MRD43|SHN2|ZAS2|ZNF40B	resolved	mygene.info	pinned_local_build
HJV	HJV	ENSG00000168509	ensembl_gene	ENSG00000168509	4887	148738	HFE2|HFE2A|JH|RGMC	resolved	mygene.info	pinned_local_build
HK1	HK1	ENSG00000156515	ensembl_gene	ENSG00000156515	4922	3098	CNSHA5|HK|HK1-ta|HK1-tb|HK1-tc|HKD|HKI|HMSNR|HXK1|NEDVIBA|NMSR|RP79|hexokinase	resolved	mygene.info	pinned_local_build
HLA-B	HLA-B	ENSG00000228964	ensembl_gene	ENSG00000228964	4932	3106	AS|B-4901|HLAB	resolved	mygene.info	pinned_local_build
HLA-DPB1	HLA-DPB1	ENSG00000215048	ensembl_gene	ENSG00000215048	4940	3115	DPB1|HLA-DP|HLA-DP1B|HLA-DPB	resolved	mygene.info	pinned_local_build
HLA-DQA1	HLA-DQA1	ENSG00000196735	ensembl_gene	ENSG00000196735	4942	3117	CELIAC1|DQ-A1|DQA1|HLA-DQA|HLA-DQA1*	resolved	mygene.info	pinned_local_build
HLA-DQB1	HLA-DQB1	ENSG00000206237	ensembl_gene	ENSG00000206237	4944	3119	CELIAC1|HLA-DQB|IDDM1	resolved	mygene.info	pinned_local_build
HLA-DRB1	HLA-DRB1	ENSG00000229074	ensembl_gene	ENSG00000229074	4948	3123	DRB1|HLA-DR1B|HLA-DRB|SS1	resolved	mygene.info	pinned_local_build
HLCS	HLCS	ENSG00000159267	ensembl_gene	ENSG00000159267	4976	3141	HCS	resolved	mygene.info	pinned_local_build
HLTF	HLTF	ENSG00000071794	ensembl_gene	ENSG00000071794	11099	6596	HIP116|HIP116A|HLTF1|RNF80|SMARCA3|SNF2L3|ZBU1	resolved	mygene.info	pinned_local_build
HLX	HLX	ENSG00000136630	ensembl_gene	ENSG00000136630	4978	3142	HB24|HLX1	resolved	mygene.info	pinned_local_build
HMBS	HMBS	ENSG00000256269	ensembl_gene	ENSG00000256269	4982	3145	ENCEP|LENCEP|PBG-D|PBGD|PORC|UPS	resolved	mygene.info	pinned_local_build
HMGB1	HMGB1	ENSG00000189403	ensembl_gene	ENSG00000189403	4983	3146	HMG-1|HMG1|HMG3|SBP-1	resolved	mygene.info	pinned_local_build
HMGCL	HMGCL	ENSG00000117305	ensembl_gene	ENSG00000117305	5005	3155	HL|HMGCL1	resolved	mygene.info	pinned_local_build
HMGCS2	HMGCS2	ENSG00000134240	ensembl_gene	ENSG00000134240	5008	3158		resolved	mygene.info	pinned_local_build
HNF1B	HNF1B	ENSG00000275410	ensembl_gene	ENSG00000275410	11630	6928	ADTKD3|FJHN|HNF-1-beta|HNF-1B|HNF1beta|HNF2|HPC11|LF-B3|LFB3|MODY5|RCAD|T2D|TCF-2|TCF2|VHNF1	resolved	mygene.info	pinned_local_build
HNMT	HNMT	ENSG00000150540	ensembl_gene	ENSG00000150540	5028	3176	HMT|HNMT-S1|HNMT-S2|MRT51	resolved	mygene.info	pinned_local_build
HNRNPA1	HNRNPA1	ENSG00000135486	ensembl_gene	ENSG00000135486	5031	3178	ALS19|ALS20|HNRPA1|HNRPA1L3|IBMPFD3|MPD3|UP 1|hnRNP A1|hnRNP-A1	resolved	mygene.info	pinned_local_build
HNRNPA2B1	HNRNPA2B1	ENSG00000122566	ensembl_gene	ENSG00000122566	5033	3181	HNRNPA2|HNRNPB1|HNRPA2|HNRPA2B1|HNRPB1|IBMPFD2|OPDM2|OPMD2|RNPA2|SNRPB1	resolved	mygene.info	pinned_local_build
HNRNPDL	HNRNPDL	ENSG00000152795	ensembl_gene	ENSG00000152795	5037	9987	HNRNP|HNRPDL|JKTBP|JKTBP2|LGMD1G|LGMDD3|laAUF1	resolved	mygene.info	pinned_local_build
HNRNPH1	HNRNPH1	ENSG00000284254	ensembl_gene	ENSG00000284254	5041	3187	HNRPH|HNRPH1|NEDCDS|hnRNPH	resolved	mygene.info	pinned_local_build
HNRNPH2	HNRNPH2	ENSG00000126945	ensembl_gene	ENSG00000126945	5042	3188	FTP3|HNRPH'|HNRPH2|MRXSB|NRPH2|hnRNPH'	resolved	mygene.info	pinned_local_build
HNRNPK	HNRNPK	ENSG00000165119	ensembl_gene	ENSG00000165119	5044	3190	AUKS|CSBP|HNRPK|TUNP	resolved	mygene.info	pinned_local_build
HNRNPL	HNRNPL	ENSG00000282947	ensembl_gene	ENSG00000282947	5045	3191	HNRPL|P/OKcl.14|hnRNP-L	resolved	mygene.info	pinned_local_build
HNRNPR	HNRNPR	ENSG00000282958	ensembl_gene	ENSG00000282958	5047	10236	HNRPR|NEDDFSB|hnRNP-R	resolved	mygene.info	pinned_local_build
HNRNPU	HNRNPU	ENSG00000153187	ensembl_gene	ENSG00000153187	5048	3192	DEE54|EIEE54|GRIP120|HNRNPU-AS1|HNRPU|SAF-A|SAFA|U21.1|hnRNP U|pp120	resolved	mygene.info	pinned_local_build
HOGA1	HOGA1	ENSG00000241935	ensembl_gene	ENSG00000241935	25155	112817	C10orf65|DHDPS2|DHDPSL|HP3|NPL2	resolved	mygene.info	pinned_local_build
HOMER2	HOMER2	ENSG00000103942	ensembl_gene	ENSG00000103942	17513	9455	ACPD|CPD|DFNA68|HOMER-2|VESL-2	resolved	mygene.info	pinned_local_build
HOXA1	HOXA1	ENSG00000105991	ensembl_gene	ENSG00000105991	5099	3198	BSAS|HOX1|HOX1F	resolved	mygene.info	pinned_local_build
HOXA11	HOXA11	ENSG00000005073	ensembl_gene	ENSG00000005073	5101	3207	HOX1|HOX1I|RUSAT1	resolved	mygene.info	pinned_local_build
HOXA2	HOXA2	ENSG00000105996	ensembl_gene	ENSG00000105996	5103	3199	HOX1K|MCOHI	resolved	mygene.info	pinned_local_build
HOXD13	HOXD13	ENSG00000128714	ensembl_gene	ENSG00000128714	5136	3239	BDE|BDSD|HOX4I|SPD|SPD1	resolved	mygene.info	pinned_local_build
HPCA	HPCA	ENSG00000121905	ensembl_gene	ENSG00000121905	5144	3208	BDR2|DYT2	resolved	mygene.info	pinned_local_build
HPD	HPD	ENSG00000158104	ensembl_gene	ENSG00000158104	5147	3242	4-HPPD|4HPPD|GLOD3|HPPD|HPPDASE|PPD	resolved	mygene.info	pinned_local_build
HPDL	HPDL	ENSG00000186603	ensembl_gene	ENSG00000186603	28242	84842	4-HPPD-L|GLOXD1|NEDSWMA|SPG83	resolved	mygene.info	pinned_local_build
HPRT1	HPRT1	ENSG00000165704	ensembl_gene	ENSG00000165704	5157	3251	HGPRT|HPRT	resolved	mygene.info	pinned_local_build
HPS1	HPS1	ENSG00000107521	ensembl_gene	ENSG00000107521	5163	3257	BLOC3S1|HPS	resolved	mygene.info	pinned_local_build
HPS3	HPS3	ENSG00000163755	ensembl_gene	ENSG00000163755	15597	84343	BLOC2S1|SUTAL	resolved	mygene.info	pinned_local_build
HPS4	HPS4	ENSG00000100099	ensembl_gene	ENSG00000100099	15844	89781	BLOC3S2|LE	resolved	mygene.info	pinned_local_build
HPS5	HPS5	ENSG00000110756	ensembl_gene	ENSG00000110756	17022	11234	AIBP63|BLOC2S2	resolved	mygene.info	pinned_local_build
HPS6	HPS6	ENSG00000166189	ensembl_gene	ENSG00000166189	18817	79803	BLOC2S3	resolved	mygene.info	pinned_local_build
HRAS	HRAS	ENSG00000276536	ensembl_gene	ENSG00000276536	5173	3265	C-BAS/HAS|C-H-RAS|C-HA-RAS1|CTLO|H-RASIDX|HAMSV|HRAS1|RASH1|p21ras	resolved	mygene.info	pinned_local_build
HS6ST1	HS6ST1	ENSG00000136720	ensembl_gene	ENSG00000136720	5201	9394	HH15|HS6ST	resolved	mygene.info	pinned_local_build
HSD11B2	HSD11B2	ENSG00000176387	ensembl_gene	ENSG00000176387	5209	3291	AME|AME1|HSD11K|HSD2|SDR9C3	resolved	mygene.info	pinned_local_build
HSD17B10	HSD17B10	ENSG00000072506	ensembl_gene	ENSG00000072506	4800	3028	17b-HSD10|ABAD|CAMR|DUPXp11.22|ERAB|HADH2|HCD2|HSD10MD|MHBD|MRPP2|MRX17|MRX31|MRXS10|SCHAD|SDR5C1	resolved	mygene.info	pinned_local_build
HSD17B4	HSD17B4	ENSG00000133835	ensembl_gene	ENSG00000133835	5213	3295	DBP|MFE-2|MFP-2|MPF-2|PRLTS1|SDR8C1	resolved	mygene.info	pinned_local_build
HSD3B2	HSD3B2	ENSG00000203859	ensembl_gene	ENSG00000203859	5218	3284	HSD3B|HSDB|SDR11E2	resolved	mygene.info	pinned_local_build
HSPB1	HSPB1	ENSG00000106211	ensembl_gene	ENSG00000106211	5246	3315	CMT2F|HEL-S-102|HMN2B|HMND3|HS.76067|HSP27|HSP28|Hsp25|SRP27	resolved	mygene.info	pinned_local_build
HSPB3	HSPB3	ENSG00000169271	ensembl_gene	ENSG00000169271	5248	8988	DHMN2C|HMN2C|HMND4|HSPL27	resolved	mygene.info	pinned_local_build
HSPB8	HSPB8	ENSG00000152137	ensembl_gene	ENSG00000152137	30171	26353	CMT2L|DHMN2|E2IG1|H11|HMN2|HMN2A|HMND2|HSP22|HSPB8-N1|HSPB8-N2|MFM13	resolved	mygene.info	pinned_local_build
HSPD1	HSPD1	ENSG00000144381	ensembl_gene	ENSG00000144381	5261	3329	CPN60|GROEL|HLD4|HSP-60|HSP60|HSP65|HuCHA60|SPG13	resolved	mygene.info	pinned_local_build
HTR1A	HTR1A	ENSG00000178394	ensembl_gene	ENSG00000178394	5286	3350	5-HT-1A|5-HT1A|5HT1a|ADRB2RL1|ADRBRL1|G-21|PFMCD	resolved	mygene.info	pinned_local_build
HTRA1	HTRA1	ENSG00000166033	ensembl_gene	ENSG00000166033	9476	5654	ARMD7|CADASIL2|CARASIL|CARASIL2|HtrA|L56|ORF480|PRSS11	resolved	mygene.info	pinned_local_build
HTRA2	HTRA2	ENSG00000115317	ensembl_gene	ENSG00000115317	14348	27429	MGCA8|OMI|PARK13|PRSS25	resolved	mygene.info	pinned_local_build
HTT	HTT	ENSG00000197386	ensembl_gene	ENSG00000197386	4851	3064	HD|IT15|LOMARS	resolved	mygene.info	pinned_local_build
HUWE1	HUWE1	ENSG00000086758	ensembl_gene	ENSG00000086758	30892	10075	ARF-BP1|HECTH9|HSPC272|Ib772|LASU1|MRXST|MULE|URE-B1|UREB1	resolved	mygene.info	pinned_local_build
HYAL1	HYAL1	ENSG00000114378	ensembl_gene	ENSG00000114378	5320	3373	HYAL-1|LUCA1|MPS9|NAT6	resolved	mygene.info	pinned_local_build
HYCC1	HYCC1	ENSG00000122591	ensembl_gene	ENSG00000122591	24587	84668	DRCTNNB1A|FAM126A|HCC|HLD5	resolved	mygene.info	pinned_local_build
HYLS1	HYLS1	ENSG00000198331	ensembl_gene	ENSG00000198331	26558	219844	HLS	resolved	mygene.info	pinned_local_build
IARS1	IARS1	ENSG00000291356	ensembl_gene	ENSG00000291356	5330	3376	GRIDHH|IARS|ILERS|ILRS|IRS|PRO0785	resolved	mygene.info	pinned_local_build
IARS2	IARS2	ENSG00000067704	ensembl_gene	ENSG00000067704	29685	55699	CAGSSS|ILERS	resolved	mygene.info	pinned_local_build
IBA57	IBA57	ENSG00000181873	ensembl_gene	ENSG00000181873	27302	200205	C1orf69|MMDS3|SPG74	resolved	mygene.info	pinned_local_build
ICOSLG	ICOSLG	ENSG00000160223	ensembl_gene	ENSG00000160223	17087	23308	B7-H2|B7H2|B7RP-1|B7RP1|B7h|CD275|GL50|ICOS-L|ICOSL|IMD119|LICOS	resolved	mygene.info	pinned_local_build
IDH1	IDH1	ENSG00000138413	ensembl_gene	ENSG00000138413	5382	3417	HEL-216|HEL-S-26|IDCD|IDH|IDP|IDPC|PICD	resolved	mygene.info	pinned_local_build
IDH2	IDH2	ENSG00000182054	ensembl_gene	ENSG00000182054	5383	3418	D2HGA2|ICD-M|IDH|IDH-2|IDHM|IDP|IDPM|mNADP-IDH	resolved	mygene.info	pinned_local_build
IDH3A	IDH3A	ENSG00000166411	ensembl_gene	ENSG00000166411	5384	3419	RP90	resolved	mygene.info	pinned_local_build
IDS	IDS	ENSG00000010404	ensembl_gene	ENSG00000010404	5389	3423	ID2S|MPS2|SIDS	resolved	mygene.info	pinned_local_build
IDUA	IDUA	ENSG00000127415	ensembl_gene	ENSG00000127415	5391	3425	IDA|MPS1|MPSI	resolved	mygene.info	pinned_local_build
IER3IP1	IER3IP1	ENSG00000134049	ensembl_gene	ENSG00000134049	18550	51124	HSPC039|MEDS|PRO2309	resolved	mygene.info	pinned_local_build
IFIH1	IFIH1	ENSG00000115267	ensembl_gene	ENSG00000115267	18873	64135	AGS7|Hlcd|IDDM19|IMD95|MDA-5|MDA5|RLR-2|SGMRT1	resolved	mygene.info	pinned_local_build
IFNAR1	IFNAR1	ENSG00000142166	ensembl_gene	ENSG00000142166	5432	3454	AVP|CRF2-1|IFN-R-1|IFN-alpha-REC|IFNAR|IFNBR|IFRC|IMD106	resolved	mygene.info	pinned_local_build
IFNG	IFNG	ENSG00000111537	ensembl_gene	ENSG00000111537	5438	3458	IFG|IFI|IMD69	resolved	mygene.info	pinned_local_build
IFNGR1	IFNGR1	ENSG00000027697	ensembl_gene	ENSG00000027697	5439	3459	CD119|IFNGR|IMD27A|IMD27B	resolved	mygene.info	pinned_local_build
IFNGR2	IFNGR2	ENSG00000159128	ensembl_gene	ENSG00000159128	5440	3460	AF-1|IFGR2|IFNGT1|IMD28	resolved	mygene.info	pinned_local_build
IFT140	IFT140	ENSG00000187535	ensembl_gene	ENSG00000187535	29077	9742	CED5|MZSDS|PKD9|RP80|SRTD9|WDTC2|c305C8.4|c380F5.1|gs114	resolved	mygene.info	pinned_local_build
IFT27	IFT27	ENSG00000100360	ensembl_gene	ENSG00000100360	18626	11020	BBS19|CFAP156|FAP156|RABL4|RAYL	resolved	mygene.info	pinned_local_build
IFT52	IFT52	ENSG00000101052	ensembl_gene	ENSG00000101052	15901	51098	C20orf9|CGI-53|NGD2|NGD5	resolved	mygene.info	pinned_local_build
IFT56	IFT56	ENSG00000105948	ensembl_gene	ENSG00000105948	21882	79989	BRENS|DYF13|TTC26|dyf-13	resolved	mygene.info	pinned_local_build
IFT57	IFT57	ENSG00000114446	ensembl_gene	ENSG00000114446	17367	55081	ESRRBL1|HIPPI|MHS4R2|OFD18	resolved	mygene.info	pinned_local_build
IFT88	IFT88	ENSG00000032742	ensembl_gene	ENSG00000032742	20606	8100	D13S1056E|DAF19|TG737|TTC10|hTg737	resolved	mygene.info	pinned_local_build
IGBP1	IGBP1	ENSG00000089289	ensembl_gene	ENSG00000089289	5461	3476	ALPHA-4|IBP1|MRXS28|alpha4	resolved	mygene.info	pinned_local_build
IGF1	IGF1	ENSG00000017427	ensembl_gene	ENSG00000017427	5464	3479	IGF|IGF-I|IGFI|MGF	resolved	mygene.info	pinned_local_build
IGF1R	IGF1R	ENSG00000140443	ensembl_gene	ENSG00000140443	5465	3480	CD221|IGFIR|IGFR|JTK13	resolved	mygene.info	pinned_local_build
IGF2	IGF2	ENSG00000167244	ensembl_gene	ENSG00000167244	5466	3481	C11orf43|GRDF|IGF-II|PP9974|SRS3	resolved	mygene.info	pinned_local_build
IGHMBP2	IGHMBP2	ENSG00000132740	ensembl_gene	ENSG00000132740	5542	3508	CATF1|CMT2S|HCSA|HMN6|HMNR1|SMARD1|SMUBP2|ZFAND7	resolved	mygene.info	pinned_local_build
IGSF10	IGSF10	ENSG00000152580	ensembl_gene	ENSG00000152580	26384	285313	CMF608	resolved	mygene.info	pinned_local_build
IKBKB	IKBKB	ENSG00000104365	ensembl_gene	ENSG00000104365	5960	3551	IKK-2|IKK-beta|IKK2|IKKB|IMD15|IMD15A|IMD15B|NFKBIKB	resolved	mygene.info	pinned_local_build
IKBKG	IKBKG	ENSG00000269335	ensembl_gene	ENSG00000269335	5961	8517	AMCBX1|EDAID1|FIP-3|FIP3|Fip3p|IKK-gamma|IKKAP1|IKKG|IMD33|IP|IP1|IP2|IPD2|NEMO|SAIDX|ZC2HC9	resolved	mygene.info	pinned_local_build
IKZF2	IKZF2	ENSG00000030419	ensembl_gene	ENSG00000030419	13177	22807	ANF1A2|HELIOS|ICHAD|IMDIA|ZNF1A2|ZNFN1A2	resolved	mygene.info	pinned_local_build
IL10	IL10	ENSG00000136634	ensembl_gene	ENSG00000136634	5962	3586	CSIF|GVHDS|IL-10|IL10A|TGIF	resolved	mygene.info	pinned_local_build
IL12A	IL12A	ENSG00000168811	ensembl_gene	ENSG00000168811	5969	3592	CLMF|IL-12A|NFSK|NKSF1|P35	resolved	mygene.info	pinned_local_build
IL12B	IL12B	ENSG00000113302	ensembl_gene	ENSG00000113302	5970	3593	CLMF|CLMF2|IL-12B|IMD28|IMD29|NKSF|NKSF2	resolved	mygene.info	pinned_local_build
IL12RB1	IL12RB1	ENSG00000096996	ensembl_gene	ENSG00000096996	5971	3594	CD212|IL-12R-BETA1|IL12RB|IMD30	resolved	mygene.info	pinned_local_build
IL12RB2	IL12RB2	ENSG00000081985	ensembl_gene	ENSG00000081985	5972	3595		resolved	mygene.info	pinned_local_build
IL17F	IL17F	ENSG00000112116	ensembl_gene	ENSG00000112116	16404	112744	CANDF6|IL-17F|ML-1|ML1	resolved	mygene.info	pinned_local_build
IL17RA	IL17RA	ENSG00000177663	ensembl_gene	ENSG00000177663	5985	23765	CANDF5|CD217|CDw217|IL-17RA|IL17R|IMD51|hIL-17R	resolved	mygene.info	pinned_local_build
IL17RC	IL17RC	ENSG00000163702	ensembl_gene	ENSG00000163702	18358	84818	CANDF9|IL17-RL|IL17RL	resolved	mygene.info	pinned_local_build
IL17RD	IL17RD	ENSG00000144730	ensembl_gene	ENSG00000144730	17616	54756	HH18|IL-17RD|IL17RLM|SEF	resolved	mygene.info	pinned_local_build
IL1RAPL1	IL1RAPL1	ENSG00000169306	ensembl_gene	ENSG00000169306	5996	11141	IL-1-RAPL-1|IL-1RAPL-1|IL1R8|IL1RAPL|IL1RAPL-1|MRX10|MRX21|MRX34|OPHN4|TIGIRR-2	resolved	mygene.info	pinned_local_build
IL23R	IL23R	ENSG00000162594	ensembl_gene	ENSG00000162594	19100	149233	PSORS7	resolved	mygene.info	pinned_local_build
IL27RA	IL27RA	ENSG00000288185	ensembl_gene	ENSG00000288185	17290	9466	CRL1|IL-27RA|IL27R|TCCR|WSX1|zcytor1	resolved	mygene.info	pinned_local_build
IL2RA	IL2RA	ENSG00000134460	ensembl_gene	ENSG00000134460	6008	3559	CD25|IDDM10|IL2R|IMD41|TCGFR|p55	resolved	mygene.info	pinned_local_build
IL2RG	IL2RG	ENSG00000147168	ensembl_gene	ENSG00000147168	6010	3561	CD132|CIDX|IL-2RG|IMD4|P64|SCIDX|SCIDX1	resolved	mygene.info	pinned_local_build
IL7R	IL7R	ENSG00000168685	ensembl_gene	ENSG00000168685	6024	3575	CD127|CDW127|IL-7R-alpha|IL-7Ralpha|IL7RA|IL7Ralpha|ILRA|IMD104|lnc-IL7R|sIL-7R	resolved	mygene.info	pinned_local_build
ILDR1	ILDR1	ENSG00000145103	ensembl_gene	ENSG00000145103	28741	286676	DFNB42|ILDR1alpha|ILDR1alpha'|ILDR1beta	resolved	mygene.info	pinned_local_build
ILK	ILK	ENSG00000166333	ensembl_gene	ENSG00000166333	6040	3611	HEL-S-28|ILK-1|ILK-2|P59|p59ILK	resolved	mygene.info	pinned_local_build
IMPA1	IMPA1	ENSG00000133731	ensembl_gene	ENSG00000133731	6050	3612	IMP|IMPA|MRT59	resolved	mygene.info	pinned_local_build
INF2	INF2	ENSG00000203485	ensembl_gene	ENSG00000203485	23791	64423	C14orf151|C14orf173|CMTDIE|FSGS5|pp9484	resolved	mygene.info	pinned_local_build
INO80	INO80	ENSG00000128908	ensembl_gene	ENSG00000128908	26956	54617	INO80A|INOC1	resolved	mygene.info	pinned_local_build
INPP4A	INPP4A	ENSG00000040933	ensembl_gene	ENSG00000040933	6074	3631	INPP4|NEDGQS|TVAS1	resolved	mygene.info	pinned_local_build
INPP5B	INPP5B	ENSG00000204084	ensembl_gene	ENSG00000204084	6077	3633	5PTase	resolved	mygene.info	pinned_local_build
INPP5E	INPP5E	ENSG00000148384	ensembl_gene	ENSG00000148384	21474	56623	CORS1|CPD4|JBTS1|MORMS|PPI5PIV|pharbin	resolved	mygene.info	pinned_local_build
INPP5K	INPP5K	ENSG00000132376	ensembl_gene	ENSG00000132376	33882	51763	MDCCAID|PPS|SKIP	resolved	mygene.info	pinned_local_build
INS	INS	ENSG00000254647	ensembl_gene	ENSG00000254647	6081	3630	IDDM|IDDM1|IDDM2|ILPR|IRDN|MODY10|PNDM4	resolved	mygene.info	pinned_local_build
INSR	INSR	ENSG00000171105	ensembl_gene	ENSG00000171105	6091	3643	CD220|HHF5	resolved	mygene.info	pinned_local_build
INTS11	INTS11	ENSG00000127054	ensembl_gene	ENSG00000127054	26052	54973	CPSF3L|CPSF73L|INT11|NEDMLOB|PSF3L|RC-68|RC68	resolved	mygene.info	pinned_local_build
INTS15	INTS15	ENSG00000146576	ensembl_gene	ENSG00000146576	21702	79034	C7orf26	resolved	mygene.info	pinned_local_build
INTS8	INTS8	ENSG00000164941	ensembl_gene	ENSG00000164941	26048	55656	C8orf52|INT8|NEDCHS	resolved	mygene.info	pinned_local_build
INVS	INVS	ENSG00000119509	ensembl_gene	ENSG00000119509	17870	27130	INV|NPH2|NPHP2	resolved	mygene.info	pinned_local_build
IQCB1	IQCB1	ENSG00000173226	ensembl_gene	ENSG00000173226	28949	9657	NPHP5|PIQ|SLSN5	resolved	mygene.info	pinned_local_build
IQSEC1	IQSEC1	ENSG00000144711	ensembl_gene	ENSG00000144711	29112	9922	ARF-GEP100|ARFGEP100|BRAG2|GEP100|IDDSSBA	resolved	mygene.info	pinned_local_build
IQSEC2	IQSEC2	ENSG00000124313	ensembl_gene	ENSG00000124313	29059	23096	BRAG1|IQ-ArfGEF|MRX1|MRX18|MRX78|NEDXSB|XLID1	resolved	mygene.info	pinned_local_build
IRF2BPL	IRF2BPL	ENSG00000119669	ensembl_gene	ENSG00000119669	14282	64207	C14orf4|EAP1|NEDAMSS	resolved	mygene.info	pinned_local_build
IRF3	IRF3	ENSG00000126456	ensembl_gene	ENSG00000126456	6118	3661	IIAE7	resolved	mygene.info	pinned_local_build
IRF6	IRF6	ENSG00000117595	ensembl_gene	ENSG00000117595	6121	3664	LPS|OFC6|PIT|PPS|PPS1|VWS|VWS1	resolved	mygene.info	pinned_local_build
IRF8	IRF8	ENSG00000140968	ensembl_gene	ENSG00000140968	5358	3394	H-ICSBP|ICSBP|ICSBP1|IMD32A|IMD32B|IRF-8	resolved	mygene.info	pinned_local_build
IRX5	IRX5	ENSG00000176842	ensembl_gene	ENSG00000176842	14361	10265	HMMS|IRX-2a|IRXB2	resolved	mygene.info	pinned_local_build
ISCA1	ISCA1	ENSG00000135070	ensembl_gene	ENSG00000135070	28660	81689	HBLD2|ISA1|MMDS5|hIscA|hIscA1	resolved	mygene.info	pinned_local_build
ISCA2	ISCA2	ENSG00000165898	ensembl_gene	ENSG00000165898	19857	122961	HBLD1|ISA2|MMDS4|c14_5557	resolved	mygene.info	pinned_local_build
ISCU	ISCU	ENSG00000136003	ensembl_gene	ENSG00000136003	29882	23479	2310020H20Rik|HML|ISU2|NIFU|NIFUN|hnifU	resolved	mygene.info	pinned_local_build
ISG15	ISG15	ENSG00000187608	ensembl_gene	ENSG00000187608	4053	9636	G1P2|IFI15|IMD38|IP17|UCRP|hUCRP	resolved	mygene.info	pinned_local_build
ITCH	ITCH	ENSG00000078747	ensembl_gene	ENSG00000078747	13890	83737	ADMFD|AIF4|AIP4|NAPP1	resolved	mygene.info	pinned_local_build
ITGA2	ITGA2	ENSG00000164171	ensembl_gene	ENSG00000164171	6137	3673	BR|CD49B|FMAIT3|GPIa|HPA-5|VLA-2|VLAA2	resolved	mygene.info	pinned_local_build
ITGA3	ITGA3	ENSG00000005884	ensembl_gene	ENSG00000005884	6139	3675	CD49C|FRP-2|GAP-B3|GAPB3|ILNEB|JEB7|MSK18|VCA-2|VL3A|VLA3a	resolved	mygene.info	pinned_local_build
ITGA7	ITGA7	ENSG00000135424	ensembl_gene	ENSG00000135424	6143	3679		resolved	mygene.info	pinned_local_build
ITGAM	ITGAM	ENSG00000169896	ensembl_gene	ENSG00000169896	6149	3684	CD11B|CR3A|HNA-4|MAC-1|MAC1A|MO1A|SLEB6	resolved	mygene.info	pinned_local_build
ITGAV	ITGAV	ENSG00000138448	ensembl_gene	ENSG00000138448	6150	3685	CD51|IDNDC|MSK8|VNRA|VTNR	resolved	mygene.info	pinned_local_build
ITGB2	ITGB2	ENSG00000160255	ensembl_gene	ENSG00000160255	6155	3689	CD18|LAD|LCAMB|LFA-1|MAC-1|MF17|MFI7	resolved	mygene.info	pinned_local_build
ITGB4	ITGB4	ENSG00000132470	ensembl_gene	ENSG00000132470	6158	3691	CD104|GP150|JEB5A|JEB5B	resolved	mygene.info	pinned_local_build
ITGB6	ITGB6	ENSG00000115221	ensembl_gene	ENSG00000115221	6161	3694	AI1H	resolved	mygene.info	pinned_local_build
ITIH4	ITIH4	ENSG00000055955	ensembl_gene	ENSG00000055955	6169	3700	GP120|H4P|IHRP|ITI-HC4|ITIHL1|PK-120|PK120	resolved	mygene.info	pinned_local_build
ITPA	ITPA	ENSG00000125877	ensembl_gene	ENSG00000125877	6176	3704	C20orf37|DEE35|HLC14-06-P|ITPase|My049|NTPase|dJ794I6.3	resolved	mygene.info	pinned_local_build
ITPR1	ITPR1	ENSG00000150995	ensembl_gene	ENSG00000150995	6180	3708	ACV|CLA4|INSP3R1|IP3R|IP3R1|PPP1R94|SCA15|SCA16|SCA29	resolved	mygene.info	pinned_local_build
ITSN1	ITSN1	ENSG00000205726	ensembl_gene	ENSG00000205726	6183	6453	ITSN|SH3D1A|SH3P17	resolved	mygene.info	pinned_local_build
ITSN2	ITSN2	ENSG00000198399	ensembl_gene	ENSG00000198399	6184	50618	PRO2015|SH3D1B|SH3P18|SWA|SWAP	resolved	mygene.info	pinned_local_build
IVD	IVD	ENSG00000128928	ensembl_gene	ENSG00000128928	6186	3712	ACAD2|IVDH	resolved	mygene.info	pinned_local_build
JAG1	JAG1	ENSG00000101384	ensembl_gene	ENSG00000101384	6188	182	AGS|AGS1|AHD|AWS|CD339|CMT2HH|DCHE|HJ1|JAGL1	resolved	mygene.info	pinned_local_build
JAGN1	JAGN1	ENSG00000171135	ensembl_gene	ENSG00000171135	26926	84522	GL009|SCN6	resolved	mygene.info	pinned_local_build
JAK2	JAK2	ENSG00000096968	ensembl_gene	ENSG00000096968	6192	3717	JTK10	resolved	mygene.info	pinned_local_build
JAK3	JAK3	ENSG00000105639	ensembl_gene	ENSG00000105639	6193	3718	JAK-3|JAK3_HUMAN|JAKL|L-JAK|LJAK	resolved	mygene.info	pinned_local_build
JAM3	JAM3	ENSG00000166086	ensembl_gene	ENSG00000166086	15532	83700	JAM-2|JAM-3|JAM-C|JAMC	resolved	mygene.info	pinned_local_build
JARID2	JARID2	ENSG00000008083	ensembl_gene	ENSG00000008083	6196	3720	DIDDF|JMJ	resolved	mygene.info	pinned_local_build
JKAMP	JKAMP	ENSG00000050130	ensembl_gene	ENSG00000050130	20184	51528	C14orf100|C24orf100|CDA06|HSPC213|HSPC327|JAMP|NEDSIL	resolved	mygene.info	pinned_local_build
JMJD1C	JMJD1C	ENSG00000171988	ensembl_gene	ENSG00000171988	12313	221037	KDM3C|TRIP-8|TRIP8	resolved	mygene.info	pinned_local_build
JPH2	JPH2	ENSG00000149596	ensembl_gene	ENSG00000149596	14202	57158	CMD2E|CMH17|JP-2|JP2	resolved	mygene.info	pinned_local_build
JPH3	JPH3	ENSG00000154118	ensembl_gene	ENSG00000154118	14203	57338	CAGL237|HDL2|JP-3|JP3|TNRC22	resolved	mygene.info	pinned_local_build
JRK	JRK	ENSG00000234616	ensembl_gene	ENSG00000234616	6199	8629	JH8|jerky	resolved	mygene.info	pinned_local_build
JUP	JUP	ENSG00000173801	ensembl_gene	ENSG00000173801	6207	3728	CTNNG|DP3|DPIII|PDGB|PG|PKGB	resolved	mygene.info	pinned_local_build
KANK1	KANK1	ENSG00000107104	ensembl_gene	ENSG00000107104	19309	23189	ANKRD15|CPSQ2|KANK	resolved	mygene.info	pinned_local_build
KANK4	KANK4	ENSG00000132854	ensembl_gene	ENSG00000132854	27263	163782	ANKRD38|dJ1078M7.1	resolved	mygene.info	pinned_local_build
KANSL1	KANSL1	ENSG00000275867	ensembl_gene	ENSG00000275867	24565	284058	C17DELq21.31|CENP-36|DEL17Q21.31|KDVS|KIAA1267|MSL1v1|NSL1|hMSL1v1	resolved	mygene.info	pinned_local_build
KANSL1-AS1	KANSL1-AS1	ENSG00000281569	ensembl_gene	ENSG00000281569	43740	644246		resolved	mygene.info	pinned_local_build
KARS1	KARS1	ENSG00000065427	ensembl_gene	ENSG00000065427	6215	3735	CMTRIB|DEAPLE|DFNB89|KARS|KARS2|KRS|LEPID	resolved	mygene.info	pinned_local_build
KAT2B	KAT2B	ENSG00000114166	ensembl_gene	ENSG00000114166	8638	8850	CAF|P/CAF|PCAF	resolved	mygene.info	pinned_local_build
KAT5	KAT5	ENSG00000172977	ensembl_gene	ENSG00000172977	5275	10524	ESA1|HTATIP|HTATIP1|NEDFASB|PLIP|TIP|TIP60|ZC2HC5|cPLA2	resolved	mygene.info	pinned_local_build
KAT6A	KAT6A	ENSG00000083168	ensembl_gene	ENSG00000083168	13013	7994	ARTHS|MOZ|MRD32|MYST-3|MYST3|RUNXBP2|ZC2HC6A|ZNF220	resolved	mygene.info	pinned_local_build
KAT6B	KAT6B	ENSG00000281813	ensembl_gene	ENSG00000281813	17582	23522	GTPTS|MORF|MOZ2|MYST4|ZC2HC6B|qkf|querkopf	resolved	mygene.info	pinned_local_build
KAT8	KAT8	ENSG00000103510	ensembl_gene	ENSG00000103510	17933	84148	LIGOWS|MOF|MYST1|ZC2HC8|hMOF	resolved	mygene.info	pinned_local_build
KATNAL2	KATNAL2	ENSG00000167216	ensembl_gene	ENSG00000167216	25387	83473		resolved	mygene.info	pinned_local_build
KATNB1	KATNB1	ENSG00000140854	ensembl_gene	ENSG00000140854	6217	10300	KAT|LIS6	resolved	mygene.info	pinned_local_build
KATNIP	KATNIP	ENSG00000047578	ensembl_gene	ENSG00000047578	29068	23247	JBTS26|KIAA0556	resolved	mygene.info	pinned_local_build
KBTBD13	KBTBD13	ENSG00000234438	ensembl_gene	ENSG00000234438	37227	390594	HCG1645727|NEM6	resolved	mygene.info	pinned_local_build
KCNA1	KCNA1	ENSG00000111262	ensembl_gene	ENSG00000111262	6218	3736	AEMK|EA1|HBK1|HUK1|KV1.1|MBK1|MK1|RBK1	resolved	mygene.info	pinned_local_build
KCNA2	KCNA2	ENSG00000177301	ensembl_gene	ENSG00000177301	6220	3737	DEE32|EIEE32|HBK5|HK4|HUKIV|KV1.2|MK2|NGK1|RBK2	resolved	mygene.info	pinned_local_build
KCNA3	KCNA3	ENSG00000177272	ensembl_gene	ENSG00000177272	6221	3738	HGK5|HLK3|HPCN3|HUKIII|KV1.3|MK3|PCN3	resolved	mygene.info	pinned_local_build
KCNA4	KCNA4	ENSG00000182255	ensembl_gene	ENSG00000182255	6222	3739	HBK4|HK1|HPCN2|HUKII|KCNA4L|KCNA8|KV1.4|MCIDDS|PCN2	resolved	mygene.info	pinned_local_build
KCNA5	KCNA5	ENSG00000130037	ensembl_gene	ENSG00000130037	6224	3741	ATFB7|HCK1|HK2|HPCN1|KV1.5|PCN1	resolved	mygene.info	pinned_local_build
KCNA6	KCNA6	ENSG00000151079	ensembl_gene	ENSG00000151079	6225	3742	HBK2|KV1.6|PPP1R96	resolved	mygene.info	pinned_local_build
KCNAB1	KCNAB1	ENSG00000169282	ensembl_gene	ENSG00000169282	6228	7881	AKR6A3|KCNA1B|KV-BETA-1|Kvb1.3|hKvBeta3|hKvb3	resolved	mygene.info	pinned_local_build
KCNAB2	KCNAB2	ENSG00000069424	ensembl_gene	ENSG00000069424	6229	8514	AKR6A5|HKvbeta2|HKvbeta2.1|HKvbeta2.2|KCNA2B|KV-BETA-2	resolved	mygene.info	pinned_local_build
KCNB1	KCNB1	ENSG00000158445	ensembl_gene	ENSG00000158445	6231	3745	DEE26|DRK1|Kv2.1	resolved	mygene.info	pinned_local_build
KCNB2	KCNB2	ENSG00000182674	ensembl_gene	ENSG00000182674	6232	9312	KV2.2	resolved	mygene.info	pinned_local_build
KCNC1	KCNC1	ENSG00000129159	ensembl_gene	ENSG00000129159	6233	3746	EPM7|KV3.1|KV4|NGK2	resolved	mygene.info	pinned_local_build
KCNC2	KCNC2	ENSG00000166006	ensembl_gene	ENSG00000166006	6234	3747	DEE103|KV3.2	resolved	mygene.info	pinned_local_build
KCNC3	KCNC3	ENSG00000131398	ensembl_gene	ENSG00000131398	6235	3748	KSHIIID|KV3.3|SCA13	resolved	mygene.info	pinned_local_build
KCND1	KCND1	ENSG00000102057	ensembl_gene	ENSG00000102057	6237	3750	KV4.1	resolved	mygene.info	pinned_local_build
KCND2	KCND2	ENSG00000184408	ensembl_gene	ENSG00000184408	6238	3751	KV4.2|RK5	resolved	mygene.info	pinned_local_build
KCND3	KCND3	ENSG00000171385	ensembl_gene	ENSG00000171385	6239	3752	BRGDA9|KCND3L|KCND3S|KSHIVB|KV4.3|SCA19|SCA22	resolved	mygene.info	pinned_local_build
KCNE1	KCNE1	ENSG00000180509	ensembl_gene	ENSG00000180509	6240	3753	ISK|JLNS|JLNS2|LQT2/5|LQT5|MinK	resolved	mygene.info	pinned_local_build
KCNE2	KCNE2	ENSG00000159197	ensembl_gene	ENSG00000159197	6242	9992	ATFB4|LQT5|LQT6|MIRP1	resolved	mygene.info	pinned_local_build
KCNE3	KCNE3	ENSG00000175538	ensembl_gene	ENSG00000175538	6243	10008	BRGDA6|HOKPP|HYPP|MiRP2	resolved	mygene.info	pinned_local_build
KCNE5	KCNE5	ENSG00000176076	ensembl_gene	ENSG00000176076	6241	23630	KCNE1L	resolved	mygene.info	pinned_local_build
KCNH1	KCNH1	ENSG00000143473	ensembl_gene	ENSG00000143473	6250	3756	EAG|EAG1|K(V)10.1|Kv10.1|TMBTS|ZLS1|h-eag|hEAG|hEAG1	resolved	mygene.info	pinned_local_build
KCNH2	KCNH2	ENSG00000055118	ensembl_gene	ENSG00000055118	6251	3757	ERG-1|ERG1|H-ERG|HERG|HERG1|Kv11.1|LQT2|SQT1	resolved	mygene.info	pinned_local_build
KCNH5	KCNH5	ENSG00000140015	ensembl_gene	ENSG00000140015	6254	27133	DEE112|EAG2|H-EAG2|Kv10.2|hEAG2	resolved	mygene.info	pinned_local_build
KCNH7	KCNH7	ENSG00000184611	ensembl_gene	ENSG00000184611	18863	90134	ERG3|HERG3|Kv11.3	resolved	mygene.info	pinned_local_build
KCNH8	KCNH8	ENSG00000183960	ensembl_gene	ENSG00000183960	18864	131096	ELK|ELK1|Kv12.1|elk3|hElk-1	resolved	mygene.info	pinned_local_build
KCNJ1	KCNJ1	ENSG00000151704	ensembl_gene	ENSG00000151704	6255	3758	KIR1.1|ROMK|ROMK1	resolved	mygene.info	pinned_local_build
KCNJ10	KCNJ10	ENSG00000177807	ensembl_gene	ENSG00000177807	6256	3766	BIRK-10|KCNJ13-PEN|KIR1.2|KIR4.1|SESAME	resolved	mygene.info	pinned_local_build
KCNJ11	KCNJ11	ENSG00000187486	ensembl_gene	ENSG00000187486	6257	3767	BIR|HHF2|IKATP|KIR6.2|MODY13|PHHI|PNDM2|TNDM3	resolved	mygene.info	pinned_local_build
KCNJ13	KCNJ13	ENSG00000115474	ensembl_gene	ENSG00000115474	6259	3769	KIR1.4|KIR7.1|LCA16|SVD	resolved	mygene.info	pinned_local_build
KCNJ2	KCNJ2	ENSG00000123700	ensembl_gene	ENSG00000123700	6263	3759	ATFB9|HHBIRK1|HHIRK1|IRK1|KIR2.1|LQT7|SQT3	resolved	mygene.info	pinned_local_build
KCNJ5	KCNJ5	ENSG00000120457	ensembl_gene	ENSG00000120457	6266	3762	CIR|GIRK4|KATP1|KIR3.4|LQT13	resolved	mygene.info	pinned_local_build
KCNJ6	KCNJ6	ENSG00000157542	ensembl_gene	ENSG00000157542	6267	3763	BIR1|GIRK-2|GIRK2|KATP-2|KATP2|KCNJ7|KIR3.2|KPLBS|hiGIRK2	resolved	mygene.info	pinned_local_build
KCNJ8	KCNJ8	ENSG00000121361	ensembl_gene	ENSG00000121361	6269	3764	KIR6.1|uKATP-1	resolved	mygene.info	pinned_local_build
KCNK4	KCNK4	ENSG00000182450	ensembl_gene	ENSG00000182450	6279	50801	FHEIG|K2p4.1|TRAAK|TRAAK1	resolved	mygene.info	pinned_local_build
KCNK9	KCNK9	ENSG00000169427	ensembl_gene	ENSG00000169427	6283	51305	BIBARS|K2p9.1|KT3.2|TASK-3|TASK3|TASK32	resolved	mygene.info	pinned_local_build
KCNMA1	KCNMA1	ENSG00000156113	ensembl_gene	ENSG00000156113	6284	3778	BKTM|CADEDS|IEG16|KCa1.1|LIWAS|MaxiK|PNKD3|SAKCA|SLO|SLO-ALPHA|SLO1|bA205K10.1|hSlo|mSLO1	resolved	mygene.info	pinned_local_build
KCNN2	KCNN2	ENSG00000080709	ensembl_gene	ENSG00000080709	6291	3781	DYT34|KCa2.2|NEDMAB|SK2|SKCA2|SKCa 2|hSK2	resolved	mygene.info	pinned_local_build
KCNQ1	KCNQ1	ENSG00000053918	ensembl_gene	ENSG00000053918	6294	3784	ATFB1|ATFB3|JLNS1|KCNA8|KCNA9|KVLQT1|Kv1.9|Kv7.1|LQT|LQT1|RWS|SQT2|WRS	resolved	mygene.info	pinned_local_build
KCNQ2	KCNQ2	ENSG00000281151	ensembl_gene	ENSG00000281151	6296	3785	BFNC|DEE7|EBN|EBN1|ENB1|HNSPC|KCNA11|KV7.2	resolved	mygene.info	pinned_local_build
KCNQ3	KCNQ3	ENSG00000184156	ensembl_gene	ENSG00000184156	6297	3786	BFNC2|EBN2|KV7.3	resolved	mygene.info	pinned_local_build
KCNQ4	KCNQ4	ENSG00000117013	ensembl_gene	ENSG00000117013	6298	9132	DFNA2|DFNA2A|KV7.4	resolved	mygene.info	pinned_local_build
KCNQ5	KCNQ5	ENSG00000185760	ensembl_gene	ENSG00000185760	6299	56479	Kv7.5|MRD46	resolved	mygene.info	pinned_local_build
KCNT1	KCNT1	ENSG00000107147	ensembl_gene	ENSG00000107147	18865	57582	DEE14|EIEE14|ENFL5|KCa4.1|KNa1.1|SLACK|Slo2.2|bA100C15.2	resolved	mygene.info	pinned_local_build
KCNT2	KCNT2	ENSG00000162687	ensembl_gene	ENSG00000162687	18866	343450	DEE57|EIEE57|KCa4.2|KNa1.2|SLICK|SLO2.1	resolved	mygene.info	pinned_local_build
KCNV2	KCNV2	ENSG00000168263	ensembl_gene	ENSG00000168263	19698	169522	CDSRR|KV11.1|Kv8.2|RCD3B	resolved	mygene.info	pinned_local_build
KCTD17	KCTD17	ENSG00000100379	ensembl_gene	ENSG00000100379	25705	79734		resolved	mygene.info	pinned_local_build
KCTD3	KCTD3	ENSG00000136636	ensembl_gene	ENSG00000136636	21305	51133	NY-REN-45	resolved	mygene.info	pinned_local_build
KCTD7	KCTD7	ENSG00000243335	ensembl_gene	ENSG00000243335	21957	154881	CLN14|EPM3	resolved	mygene.info	pinned_local_build
KDM1A	KDM1A	ENSG00000004487	ensembl_gene	ENSG00000004487	29079	23028	AIMAH3|AOF2|BHC110|CPRF|KDM1|LSD1	resolved	mygene.info	pinned_local_build
KDM2A	KDM2A	ENSG00000173120	ensembl_gene	ENSG00000173120	13606	22992	CXXC8|FBL11|FBL7|FBXL11|JHDM1A|LILINA	resolved	mygene.info	pinned_local_build
KDM2B	KDM2B	ENSG00000089094	ensembl_gene	ENSG00000089094	13610	84678	CXXC2|FBXL10|Fbl10|JHDM1B|NEDCRO|PCCX2	resolved	mygene.info	pinned_local_build
KDM4B	KDM4B	ENSG00000127663	ensembl_gene	ENSG00000127663	29136	23030	JMJD2B|MRD65|TDRD14B	resolved	mygene.info	pinned_local_build
KDM5A	KDM5A	ENSG00000073614	ensembl_gene	ENSG00000073614	9886	5927	NEDEHC|RBBP-2|RBBP2|RBP2	resolved	mygene.info	pinned_local_build
KDM5B	KDM5B	ENSG00000117139	ensembl_gene	ENSG00000117139	18039	10765	CT31|JARID1B|MRT65|PLU-1|PLU1|PPP1R98|PUT1|RBBP2H1A|RBP2-H1	resolved	mygene.info	pinned_local_build
KDM5C	KDM5C	ENSG00000126012	ensembl_gene	ENSG00000126012	11114	8242	DXS1272E|JARID1C|MRX13|MRXJ|MRXS16|MRXSCJ|MRXSJ|SMCX|XE169	resolved	mygene.info	pinned_local_build
KDM6A	KDM6A	ENSG00000147050	ensembl_gene	ENSG00000147050	12637	7403	KABUK2|UTX|bA386N14.2	resolved	mygene.info	pinned_local_build
KIAA0586	KIAA0586	ENSG00000100578	ensembl_gene	ENSG00000100578	19960	9786	JBTS23|SRTD14|Talpid3	resolved	mygene.info	pinned_local_build
KIAA0753	KIAA0753	ENSG00000198920	ensembl_gene	ENSG00000198920	29110	9851	JBTS38|MNR|OFIP|SRTD21	resolved	mygene.info	pinned_local_build
KICS2	KICS2	ENSG00000174206	ensembl_gene	ENSG00000174206	26517	144577	C12orf66|MRT83	resolved	mygene.info	pinned_local_build
KIF11	KIF11	ENSG00000138160	ensembl_gene	ENSG00000138160	6388	3832	EG5|HKSP|KNSL1|MCLMR|TRIP5	resolved	mygene.info	pinned_local_build
KIF12	KIF12	ENSG00000136883	ensembl_gene	ENSG00000136883	21495	113220	PFIC8	resolved	mygene.info	pinned_local_build
KIF14	KIF14	ENSG00000118193	ensembl_gene	ENSG00000118193	19181	9928	MCPH20|MKS12	resolved	mygene.info	pinned_local_build
KIF1A	KIF1A	ENSG00000130294	ensembl_gene	ENSG00000130294	888	547	ATSV|C2orf20|HSN2C|MRD9|NESCAVS|SPG30|SPG30A|SPG30B|UNC104	resolved	mygene.info	pinned_local_build
KIF1C	KIF1C	ENSG00000129250	ensembl_gene	ENSG00000129250	6317	10749	LTXS1|SATX2|SAX2|SPAX2|SPG58	resolved	mygene.info	pinned_local_build
KIF21A	KIF21A	ENSG00000139116	ensembl_gene	ENSG00000139116	19349	55605	CFEOM1|FEOM1|FEOM3A	resolved	mygene.info	pinned_local_build
KIF23	KIF23	ENSG00000137807	ensembl_gene	ENSG00000137807	6392	9493	CDA3|CDAIII|CDAN3|CDAN3A|CHO1|KNSL5|MKLP-1|MKLP1	resolved	mygene.info	pinned_local_build
KIF24	KIF24	ENSG00000186638	ensembl_gene	ENSG00000186638	19916	347240	C9orf48|bA571F15.4	resolved	mygene.info	pinned_local_build
KIF2A	KIF2A	ENSG00000068796	ensembl_gene	ENSG00000068796	6318	3796	CDCBM3|HK2|KIF2	resolved	mygene.info	pinned_local_build
KIF4A	KIF4A	ENSG00000090889	ensembl_gene	ENSG00000090889	13339	24137	KIF4|KIF4G1|MRX100|TMDI|XLID100	resolved	mygene.info	pinned_local_build
KIF5A	KIF5A	ENSG00000155980	ensembl_gene	ENSG00000155980	6323	3798	ALS25|D12S1889|MY050|NEIMY|NKHC|SPG10	resolved	mygene.info	pinned_local_build
KIF5B	KIF5B	ENSG00000170759	ensembl_gene	ENSG00000170759	6324	3799	HEL-S-61|KINH|KNS|KNS1|UKHC	resolved	mygene.info	pinned_local_build
KIF5C	KIF5C	ENSG00000276734	ensembl_gene	ENSG00000276734	6325	3800	CDCBM2|KINN|NKHC|NKHC-2|NKHC2	resolved	mygene.info	pinned_local_build
KIF7	KIF7	ENSG00000166813	ensembl_gene	ENSG00000166813	30497	374654	ACLS|AGBK|HLS2|JBTS12|MMEDF|UNQ340	resolved	mygene.info	pinned_local_build
KIFBP	KIFBP	ENSG00000198954	ensembl_gene	ENSG00000198954	23419	26128	KBP|KIAA1279|KIF1BP|TTC20	resolved	mygene.info	pinned_local_build
KIRREL1	KIRREL1	ENSG00000183853	ensembl_gene	ENSG00000183853	15734	55243	KIRREL|NEPH1|NPHS23	resolved	mygene.info	pinned_local_build
KIRREL3	KIRREL3	ENSG00000149571	ensembl_gene	ENSG00000149571	23204	84623	KIRRE|MRD4|NEPH2|PRO4502	resolved	mygene.info	pinned_local_build
KISS1	KISS1	ENSG00000170498	ensembl_gene	ENSG00000170498	6341	3814	HH13|KiSS-1	resolved	mygene.info	pinned_local_build
KITLG	KITLG	ENSG00000049130	ensembl_gene	ENSG00000049130	6343	4254	DCUA|DFNA69|FPH2|FPHH|KL-1|Kitl|MGF|SCF|SF|SHEP7|SLF|WS2F	resolved	mygene.info	pinned_local_build
KLB	KLB	ENSG00000134962	ensembl_gene	ENSG00000134962	15527	152831	BKL	resolved	mygene.info	pinned_local_build
KLC4	KLC4	ENSG00000137171	ensembl_gene	ENSG00000137171	21624	89953	CONDRHN|KNSL8|bA387M24.3	resolved	mygene.info	pinned_local_build
KLF13	KLF13	ENSG00000275746	ensembl_gene	ENSG00000275746	13672	51621	BTEB3|FKLF2|NSLP1|RFLAT-1|RFLAT1	resolved	mygene.info	pinned_local_build
KLF2	KLF2	ENSG00000127528	ensembl_gene	ENSG00000127528	6347	10365	LKLF	resolved	mygene.info	pinned_local_build
KLF8	KLF8	ENSG00000102349	ensembl_gene	ENSG00000102349	6351	11279	BKLF3|ZNF741	resolved	mygene.info	pinned_local_build
KLHL15	KLHL15	ENSG00000174010	ensembl_gene	ENSG00000174010	29347	80311	HEL-S-305|XLID103	resolved	mygene.info	pinned_local_build
KLHL20	KLHL20	ENSG00000076321	ensembl_gene	ENSG00000076321	25056	27252	KHLHX|KLEIP|KLHLX|NEDSZFB	resolved	mygene.info	pinned_local_build
KLHL21	KLHL21	ENSG00000162413	ensembl_gene	ENSG00000162413	29041	9903		resolved	mygene.info	pinned_local_build
KLHL40	KLHL40	ENSG00000157119	ensembl_gene	ENSG00000157119	30372	131377	KBTBD5|NEM8|SRYP|SYRP	resolved	mygene.info	pinned_local_build
KLHL41	KLHL41	ENSG00000239474	ensembl_gene	ENSG00000239474	16905	10324	KBTBD10|Krp1|SARCOSIN	resolved	mygene.info	pinned_local_build
KLHL7	KLHL7	ENSG00000122550	ensembl_gene	ENSG00000122550	15646	55975	CISS3|KLHL6|PERCHING|SBBI26	resolved	mygene.info	pinned_local_build
KLHL9	KLHL9	ENSG00000198642	ensembl_gene	ENSG00000198642	18732	55958		resolved	mygene.info	pinned_local_build
KLLN	KLLN	ENSG00000283059	ensembl_gene	ENSG00000283059	37212	100144748	CWS4|KILLIN	resolved	mygene.info	pinned_local_build
KLRC4	KLRC4	ENSG00000183542	ensembl_gene	ENSG00000183542	6377	8302	NKG2-F|NKG2F	resolved	mygene.info	pinned_local_build
KMT2A	KMT2A	ENSG00000118058	ensembl_gene	ENSG00000118058	7132	4297	ALL-1|ALL1|CXXC7|GAS7|HRX|HTRX|HTRX1|MLL|MLL1|MLL1A|TRX1|WDSTS	resolved	mygene.info	pinned_local_build
KMT2B	KMT2B	ENSG00000272333	ensembl_gene	ENSG00000272333	15840	9757	CXXC10|DYT28|HRX2|MLL1B|MLL2|MLL4|MRD68|TRX2|WBP-7|WBP7	resolved	mygene.info	pinned_local_build
KMT2C	KMT2C	ENSG00000055609	ensembl_gene	ENSG00000055609	13726	58508	HALR|KLEFS2|MLL3	resolved	mygene.info	pinned_local_build
KMT2D	KMT2D	ENSG00000167548	ensembl_gene	ENSG00000167548	7133	8085	AAD10|ALR|BCAHH|CAGL114|KABUK1|KMS|MLL2|MLL4|TNRC21	resolved	mygene.info	pinned_local_build
KMT2E	KMT2E	ENSG00000005483	ensembl_gene	ENSG00000005483	18541	55904	HDCMC04P|MLL5|NKp44L|ODLURO|SETD5B	resolved	mygene.info	pinned_local_build
KMT5B	KMT5B	ENSG00000110066	ensembl_gene	ENSG00000110066	24283	51111	CGI-85|CGI85|MRD51|SUV420H1	resolved	mygene.info	pinned_local_build
KNL1	KNL1	ENSG00000137812	ensembl_gene	ENSG00000137812	24054	57082	AF15Q14|CASC5|CT29|D40|MCPH4|PPP1R55|Spc7|hKNL-1|hSpc105	resolved	mygene.info	pinned_local_build
KPNA7	KPNA7	ENSG00000185467	ensembl_gene	ENSG00000185467	21839	402569	IPOA8|OZEMA17	resolved	mygene.info	pinned_local_build
KPTN	KPTN	ENSG00000118162	ensembl_gene	ENSG00000118162	6404	11133	2E4|KICS4|MRT41	resolved	mygene.info	pinned_local_build
KRAS	KRAS	ENSG00000133703	ensembl_gene	ENSG00000133703	6407	3845	'C-K-RAS|C-K-RAS|CFC2|K-RAS2A|K-RAS2B|K-RAS4A|K-RAS4B|K-Ras|K-Ras 2|KI-RAS|KRAS1|KRAS2|NS|NS3|OES|RALD|RALD2|RASK2|c-Ki-ras|c-Ki-ras2	resolved	mygene.info	pinned_local_build
KRIT1	KRIT1	ENSG00000001631	ensembl_gene	ENSG00000001631	1573	889	CAM|CCM1	resolved	mygene.info	pinned_local_build
KRT8	KRT8	ENSG00000170421	ensembl_gene	ENSG00000170421	6446	3856	CARD2|CK-8|CK8|CYK8|K2C8|K8|KO	resolved	mygene.info	pinned_local_build
KRT83	KRT83	ENSG00000170523	ensembl_gene	ENSG00000170523	6460	3889	EKVP5|HB3|Hb-3|KRTHB3|MNLIX|MNLIX3	resolved	mygene.info	pinned_local_build
KSR2	KSR2	ENSG00000171435	ensembl_gene	ENSG00000171435	18610	283455		resolved	mygene.info	pinned_local_build
KYNU	KYNU	ENSG00000115919	ensembl_gene	ENSG00000115919	6469	8942	KYNUU|VCRL2	resolved	mygene.info	pinned_local_build
L1CAM	L1CAM	ENSG00000198910	ensembl_gene	ENSG00000198910	6470	3897	CAML1|CD171|HSAS|HSAS1|HYCX|MASA|MIC5|N-CAM-L1|N-CAML1|NCAM-L1|S10|SPG1	resolved	mygene.info	pinned_local_build
L2HGDH	L2HGDH	ENSG00000087299	ensembl_gene	ENSG00000087299	20499	79944	C14orf160|L2HGA	resolved	mygene.info	pinned_local_build
LAGE3	LAGE3	ENSG00000196976	ensembl_gene	ENSG00000196976	26058	8270	CVG5|DXS9879E|DXS9951E|ESO3|GAMOS2|ITBA2|Pcc1	resolved	mygene.info	pinned_local_build
LAMA1	LAMA1	ENSG00000101680	ensembl_gene	ENSG00000101680	6481	284217	LAMA|PTBHS|S-LAM-alpha	resolved	mygene.info	pinned_local_build
LAMA2	LAMA2	ENSG00000196569	ensembl_gene	ENSG00000196569	6482	3908	LAMM|MDC1A	resolved	mygene.info	pinned_local_build
LAMA3	LAMA3	ENSG00000053747	ensembl_gene	ENSG00000053747	6483	3909	BM600|E170|JEB2A|JEB2B|JEB2C|LAMNA|LOCS	resolved	mygene.info	pinned_local_build
LAMA4	LAMA4	ENSG00000112769	ensembl_gene	ENSG00000112769	6484	3910	CMD1JJ|LAMA3|LAMA4*-1	resolved	mygene.info	pinned_local_build
LAMA5	LAMA5	ENSG00000130702	ensembl_gene	ENSG00000130702	6485	3911	BBDS2|NPHS26	resolved	mygene.info	pinned_local_build
LAMB1	LAMB1	ENSG00000091136	ensembl_gene	ENSG00000091136	6486	3912	CLM|LIS5|LKBMH|LUCAO	resolved	mygene.info	pinned_local_build
LAMB3	LAMB3	ENSG00000196878	ensembl_gene	ENSG00000196878	6490	3914	AI1A|BM600-125KDA|JEB1A|JEB1B|LAM5|LAMNB1	resolved	mygene.info	pinned_local_build
LAMC2	LAMC2	ENSG00000058085	ensembl_gene	ENSG00000058085	6493	3918	B2T|BM600|CSF|EBR2|EBR2A|JEB3A|JEB3B|LAMB2T|LAMNB2	resolved	mygene.info	pinned_local_build
LAMC3	LAMC3	ENSG00000050555	ensembl_gene	ENSG00000050555	6494	10319	OCCM	resolved	mygene.info	pinned_local_build
LAMP2	LAMP2	ENSG00000005893	ensembl_gene	ENSG00000005893	6501	3920	CD107b|DND|LAMP-2|LAMPB|LGP-96|LGP110	resolved	mygene.info	pinned_local_build
LAMTOR2	LAMTOR2	ENSG00000116586	ensembl_gene	ENSG00000116586	29796	28956	ENDAP|HSPC003|MAPBPIP|MAPKSP1AP|ROBLD3|Ragulator2|p14	resolved	mygene.info	pinned_local_build
LARGE1	LARGE1	ENSG00000133424	ensembl_gene	ENSG00000133424	6511	9215	LARGE|MDC1D|MDDGA6|MDDGB6	resolved	mygene.info	pinned_local_build
LARP7	LARP7	ENSG00000174720	ensembl_gene	ENSG00000174720	24912	51574	ALAZS|HDCMA18P|PIP7S|hLARP7	resolved	mygene.info	pinned_local_build
LARS1	LARS1	ENSG00000133706	ensembl_gene	ENSG00000133706	6512	51520	HSPC192|ILFS1|LARS|LEURS|LEUS|LFIS|LRS|PIG44|RNTLS|cLRS|hr025Cl	resolved	mygene.info	pinned_local_build
LARS2	LARS2	ENSG00000011376	ensembl_gene	ENSG00000011376	17095	23395	HLASA|LEURS|PRLTS4|mtLeuRS	resolved	mygene.info	pinned_local_build
LAS1L	LAS1L	ENSG00000001497	ensembl_gene	ENSG00000001497	25726	81887	Las1|Las1-like|MRXSWTS|WTS|dJ475B7.2	resolved	mygene.info	pinned_local_build
LBR	LBR	ENSG00000143815	ensembl_gene	ENSG00000143815	6518	3930	C14SR|DHCR14B|LMN2R|PHA|PHASK|TDRD18	resolved	mygene.info	pinned_local_build
LCA5	LCA5	ENSG00000135338	ensembl_gene	ENSG00000135338	31923	167691	C6orf152	resolved	mygene.info	pinned_local_build
LCK	LCK	ENSG00000182866	ensembl_gene	ENSG00000182866	6524	3932	IMD22|LSK|YT16|p56lck|pp58lck	resolved	mygene.info	pinned_local_build
LDB3	LDB3	ENSG00000122367	ensembl_gene	ENSG00000122367	15710	11155	CMD1C|CMD2L|CMH24|CMPD3|CYPHER|LDB3Z1|LDB3Z4|LVNC3|MFM4|ORACLE|PDLIM6|ZASP	resolved	mygene.info	pinned_local_build
LDHA	LDHA	ENSG00000134333	ensembl_gene	ENSG00000134333	6535	3939	GSD11|HEL-S-133P|LDHM|PIG19	resolved	mygene.info	pinned_local_build
LDHB	LDHB	ENSG00000111716	ensembl_gene	ENSG00000111716	6541	3945	HEL-S-281|LDH-B|LDH-H|LDHBD|TRG-5	resolved	mygene.info	pinned_local_build
LDLR	LDLR	ENSG00000130164	ensembl_gene	ENSG00000130164	6547	3949	LDLCQ2	resolved	mygene.info	pinned_local_build
LDLRAP1	LDLRAP1	ENSG00000157978	ensembl_gene	ENSG00000157978	18640	26119	ARH|ARH1|ARH2|FHCB1|FHCB2|FHCL4	resolved	mygene.info	pinned_local_build
LEFTY2	LEFTY2	ENSG00000143768	ensembl_gene	ENSG00000143768	3122	7044	EBAF|LEFTA|LEFTYA|TGFB4	resolved	mygene.info	pinned_local_build
LEMD3	LEMD3	ENSG00000174106	ensembl_gene	ENSG00000174106	28887	23592	MAN1	resolved	mygene.info	pinned_local_build
LENG8	LENG8	ENSG00000274305	ensembl_gene	ENSG00000274305	15500	114823	pp13842	resolved	mygene.info	pinned_local_build
LEP	LEP	ENSG00000174697	ensembl_gene	ENSG00000174697	6553	3952	LEPD|OB|OBS	resolved	mygene.info	pinned_local_build
LETM1	LETM1	ENSG00000168924	ensembl_gene	ENSG00000168924	6556	3954	CONDMIM|KHE|Mdm38|SLC55A1	resolved	mygene.info	pinned_local_build
LGI1	LGI1	ENSG00000108231	ensembl_gene	ENSG00000108231	6572	9211	ADLTE|ADPAEF|ADPEAF|DEE121|EPITEMPIN|EPT|ETL1|IB1099	resolved	mygene.info	pinned_local_build
LGI4	LGI4	ENSG00000153902	ensembl_gene	ENSG00000153902	18712	163175	AMC1|AMCNMY|LGIL3	resolved	mygene.info	pinned_local_build
LHFPL5	LHFPL5	ENSG00000197753	ensembl_gene	ENSG00000197753	21253	222662	DFNB67|TMHS|dJ510O8.8	resolved	mygene.info	pinned_local_build
LHX1	LHX1	ENSG00000274577	ensembl_gene	ENSG00000274577	6593	3975	LIM-1|LIM1	resolved	mygene.info	pinned_local_build
LHX2	LHX2	ENSG00000106689	ensembl_gene	ENSG00000106689	6594	9355	LH2|hLhx2	resolved	mygene.info	pinned_local_build
LHX3	LHX3	ENSG00000107187	ensembl_gene	ENSG00000107187	6595	8022	CPHD3|LIM3|M2-LHX3	resolved	mygene.info	pinned_local_build
LHX4	LHX4	ENSG00000121454	ensembl_gene	ENSG00000121454	21734	89884	CPHD4	resolved	mygene.info	pinned_local_build
LIAS	LIAS	ENSG00000121897	ensembl_gene	ENSG00000121897	16429	11019	HGCLAS|HUSSY-01|LAS|LIP1|LS|PDHLD	resolved	mygene.info	pinned_local_build
LIFR	LIFR	ENSG00000113594	ensembl_gene	ENSG00000113594	6597	3977	CD118|LIF-R|SJS2|STWS|SWS	resolved	mygene.info	pinned_local_build
LIG1	LIG1	ENSG00000105486	ensembl_gene	ENSG00000105486	6598	3978	IMD96|LIGI|hLig1	resolved	mygene.info	pinned_local_build
LIG3	LIG3	ENSG00000005156	ensembl_gene	ENSG00000005156	6600	3980	LIG2|LIG3alpha|MTDPS20	resolved	mygene.info	pinned_local_build
LIG4	LIG4	ENSG00000174405	ensembl_gene	ENSG00000174405	6601	3981	LIG4S	resolved	mygene.info	pinned_local_build
LINS1	LINS1	ENSG00000140471	ensembl_gene	ENSG00000140471	30922	55180	LINS|MRT27|WINS1	resolved	mygene.info	pinned_local_build
LIPA	LIPA	ENSG00000107798	ensembl_gene	ENSG00000107798	6617	3988	CESD|LAL	resolved	mygene.info	pinned_local_build
LIPN	LIPN	ENSG00000204020	ensembl_gene	ENSG00000204020	23452	643418	ARCI8|LI4|LIPL4|bA186O14.3	resolved	mygene.info	pinned_local_build
LIPT1	LIPT1	ENSG00000144182	ensembl_gene	ENSG00000144182	29569	51601	LIPT1D	resolved	mygene.info	pinned_local_build
LIPT2	LIPT2	ENSG00000175536	ensembl_gene	ENSG00000175536	37216	387787		resolved	mygene.info	pinned_local_build
LITAF	LITAF	ENSG00000189067	ensembl_gene	ENSG00000189067	16841	9516	PIG7|SIMPLE|TP53I7	resolved	mygene.info	pinned_local_build
LMAN2L	LMAN2L	ENSG00000114988	ensembl_gene	ENSG00000114988	19263	81562	MRD69|MRT52|VIPL	resolved	mygene.info	pinned_local_build
LMBR1	LMBR1	ENSG00000105983	ensembl_gene	ENSG00000105983	13243	64327	ACHP|C7orf2|DIF14|PPD2|THYP|TPT|TPTPS|ZRS	resolved	mygene.info	pinned_local_build
LMBRD1	LMBRD1	ENSG00000168216	ensembl_gene	ENSG00000168216	23038	55788	C6orf209|LMBD1|MAHCF|NESI	resolved	mygene.info	pinned_local_build
LMBRD2	LMBRD2	ENSG00000164187	ensembl_gene	ENSG00000164187	25287	92255	DENBA	resolved	mygene.info	pinned_local_build
LMNA	LMNA	ENSG00000160789	ensembl_gene	ENSG00000160789	6636	4000	CDCD1|CDDC|CMD1A|CMT2B1|EMD2|FPL|FPLD|FPLD2|HGPS|IDC|LDP1|LFP|LGMD1B|LMN1|LMNC|LMNL1|MADA|PRO1	resolved	mygene.info	pinned_local_build
LMNB1	LMNB1	ENSG00000113368	ensembl_gene	ENSG00000113368	6637	4001	ADLD|LMN|LMN2|LMNB|MCPH26	resolved	mygene.info	pinned_local_build
LMNB2	LMNB2	ENSG00000176619	ensembl_gene	ENSG00000176619	6638	84823	EPM9|LAMB2|LMN2|MCPH27	resolved	mygene.info	pinned_local_build
LMO7	LMO7	ENSG00000136153	ensembl_gene	ENSG00000136153	6646	4008	FBX20|FBXO20|LMO7b|LOMP	resolved	mygene.info	pinned_local_build
LMOD3	LMOD3	ENSG00000163380	ensembl_gene	ENSG00000163380	6649	56203	NEM10	resolved	mygene.info	pinned_local_build
LMX1B	LMX1B	ENSG00000136944	ensembl_gene	ENSG00000136944	6654	4010	FSGS10|LMX1.2|NPS1	resolved	mygene.info	pinned_local_build
LNPK	LNPK	ENSG00000144320	ensembl_gene	ENSG00000144320	21610	80856	KIAA1715|LNP|LNP1|NEDEHCC|Ul|ulnaless	resolved	mygene.info	pinned_local_build
LONP1	LONP1	ENSG00000196365	ensembl_gene	ENSG00000196365	9479	9361	CODASS|LON|LONP|LonHS|PIM1|PRSS15|hLON	resolved	mygene.info	pinned_local_build
LOX	LOX	ENSG00000113083	ensembl_gene	ENSG00000113083	6664	4015	AAT10	resolved	mygene.info	pinned_local_build
LOXHD1	LOXHD1	ENSG00000167210	ensembl_gene	ENSG00000167210	26521	125336	DFNB77|LH2D1	resolved	mygene.info	pinned_local_build
LOXL3	LOXL3	ENSG00000115318	ensembl_gene	ENSG00000115318	13869	84695	LOXL|MYP28	resolved	mygene.info	pinned_local_build
LPL	LPL	ENSG00000175445	ensembl_gene	ENSG00000175445	6677	4023	HDLCQ11|LIPD	resolved	mygene.info	pinned_local_build
LRAT	LRAT	ENSG00000121207	ensembl_gene	ENSG00000121207	6685	9227	LCA14	resolved	mygene.info	pinned_local_build
LRBA	LRBA	ENSG00000198589	ensembl_gene	ENSG00000198589	1742	987	BGL|CDC4L|CVID8|LAB300|LBA|uc.147	resolved	mygene.info	pinned_local_build
LRFN2	LRFN2	ENSG00000156564	ensembl_gene	ENSG00000156564	21226	57497	FIGLER2|KIAA1246|SALM1	resolved	mygene.info	pinned_local_build
LRP1	LRP1	ENSG00000123384	ensembl_gene	ENSG00000123384	6692	4035	A2MR|APOER|APR|CD91|DDH3|IGFBP-3R|IGFBP3R|IGFBP3R1|KPA|LRP|LRP1A|TGFBR5	resolved	mygene.info	pinned_local_build
LRP10	LRP10	ENSG00000197324	ensembl_gene	ENSG00000197324	14553	26020	LRP-10|LRP9|MST087|MSTP087	resolved	mygene.info	pinned_local_build
LRP2	LRP2	ENSG00000081479	ensembl_gene	ENSG00000081479	6694	4036	DBS|GP330|LRP-2	resolved	mygene.info	pinned_local_build
LRP4	LRP4	ENSG00000134569	ensembl_gene	ENSG00000134569	6696	4038	CLSS|CMS17|LRP-4|LRP10|MEGF7|SOST2	resolved	mygene.info	pinned_local_build
LRP5	LRP5	ENSG00000162337	ensembl_gene	ENSG00000162337	6697	4041	BMND1|EVR1|EVR4|HBM|LR3|LRP-5|LRP-7|LRP7|OPPG|OPS|OPTA1|PCLD4|VBCH2	resolved	mygene.info	pinned_local_build
LRPPRC	LRPPRC	ENSG00000138095	ensembl_gene	ENSG00000138095	15714	10128	CLONE-23970|GP130|LRP130|LSFC|MC4DN5	resolved	mygene.info	pinned_local_build
LRRC7	LRRC7	ENSG00000033122	ensembl_gene	ENSG00000033122	18531	57554	DENSIN|MRD77	resolved	mygene.info	pinned_local_build
LRRK1	LRRK1	ENSG00000154237	ensembl_gene	ENSG00000154237	18608	79705	OSMD|RIPK6|Roco1	resolved	mygene.info	pinned_local_build
LRRK2	LRRK2	ENSG00000188906	ensembl_gene	ENSG00000188906	18618	120892	AURA17|DARDARIN|PARK8|RIPK7|ROCO2	resolved	mygene.info	pinned_local_build
LRSAM1	LRSAM1	ENSG00000148356	ensembl_gene	ENSG00000148356	25135	90678	CMT2P|RIFLE|TAL	resolved	mygene.info	pinned_local_build
LRTOMT	LRTOMT	ENSG00000284922	ensembl_gene	ENSG00000284922	25033	220074	CFAP111|DFNB63|LRRC51|LRRC51-TOMT	resolved	mygene.info	pinned_local_build
LSR	LSR	ENSG00000105699	ensembl_gene	ENSG00000105699	29572	51599	ILDR3|LISCH7	resolved	mygene.info	pinned_local_build
LSS	LSS	ENSG00000160285	ensembl_gene	ENSG00000160285	6708	4047	APMR4|CTRCT44|HYPT14|OSC	resolved	mygene.info	pinned_local_build
LTBP4	LTBP4	ENSG00000090006	ensembl_gene	ENSG00000090006	6717	8425	ARCL1C|LTBP-4|LTBP4L|LTBP4S	resolved	mygene.info	pinned_local_build
LYN	LYN	ENSG00000254087	ensembl_gene	ENSG00000254087	6735	4067	JTK8|SAIDV|p53Lyn|p56Lyn	resolved	mygene.info	pinned_local_build
LYRM7	LYRM7	ENSG00000186687	ensembl_gene	ENSG00000186687	28072	90624	C5orf31|MC3DN8|MZM1L	resolved	mygene.info	pinned_local_build
LYST	LYST	ENSG00000143669	ensembl_gene	ENSG00000143669	1968	1130	CHS|CHS1|Mauve	resolved	mygene.info	pinned_local_build
LZTFL1	LZTFL1	ENSG00000163818	ensembl_gene	ENSG00000163818	6741	54585	BBS17	resolved	mygene.info	pinned_local_build
LZTR1	LZTR1	ENSG00000099949	ensembl_gene	ENSG00000099949	6742	8216	BTBD29|LZTR-1|NS10|NS2|SWNTS2	resolved	mygene.info	pinned_local_build
MACF1	MACF1	ENSG00000127603	ensembl_gene	ENSG00000127603	13664	23499	ABP620|ACF7|KIAA0754|LIS9|Lnc-PMIF|MACF|OFC4	resolved	mygene.info	pinned_local_build
MADD	MADD	ENSG00000110514	ensembl_gene	ENSG00000110514	6766	8567	DEEAH|DENN|IG20|NEDDISH|RAB3GEP|RabGEF	resolved	mygene.info	pinned_local_build
MAF	MAF	ENSG00000178573	ensembl_gene	ENSG00000178573	6776	4094	AYGRP|CCA4|CTRCT21|c-MAF	resolved	mygene.info	pinned_local_build
MAFA	MAFA	ENSG00000182759	ensembl_gene	ENSG00000182759	23145	389692	INSDM|RIPE3b1|hMafA	resolved	mygene.info	pinned_local_build
MAFB	MAFB	ENSG00000204103	ensembl_gene	ENSG00000204103	6408	9935	DURS3|KRML|MCTO	resolved	mygene.info	pinned_local_build
MAG	MAG	ENSG00000105695	ensembl_gene	ENSG00000105695	6783	4099	GMA|S-MAG|SIGLEC-4A|SIGLEC4|SIGLEC4A|SPG75	resolved	mygene.info	pinned_local_build
MAGEL2	MAGEL2	ENSG00000288188	ensembl_gene	ENSG00000288188	6814	54551	NDNL1|PWLS|SHFYNG|nM15	resolved	mygene.info	pinned_local_build
MAGI2	MAGI2	ENSG00000187391	ensembl_gene	ENSG00000187391	18957	9863	ACVRIP1|AIP-1|AIP1|ARIP1|MAGI-2|NPHS15|SSCAM	resolved	mygene.info	pinned_local_build
MAGT1	MAGT1	ENSG00000102158	ensembl_gene	ENSG00000102158	28880	84061	CDG1CC|IAP|MRX95|OST3B|PRO0756|SLC58A1|XMEN|bA217H1.1	resolved	mygene.info	pinned_local_build
MAK	MAK	ENSG00000111837	ensembl_gene	ENSG00000111837	6816	4117	RP62	resolved	mygene.info	pinned_local_build
MALT1	MALT1	ENSG00000172175	ensembl_gene	ENSG00000172175	6819	10892	IMD12|MLT|MLT1|PCASP1	resolved	mygene.info	pinned_local_build
MAN1B1	MAN1B1	ENSG00000177239	ensembl_gene	ENSG00000177239	6823	11253	ERMAN1|ERManI|MANA-ER|MRT15	resolved	mygene.info	pinned_local_build
MAN1C1	MAN1C1	ENSG00000117643	ensembl_gene	ENSG00000117643	19080	57134	HMIC|MAN1A3|MAN1C|pp6318	resolved	mygene.info	pinned_local_build
MAN2B1	MAN2B1	ENSG00000104774	ensembl_gene	ENSG00000104774	6826	4125	LAMAN|MANB	resolved	mygene.info	pinned_local_build
MANBA	MANBA	ENSG00000109323	ensembl_gene	ENSG00000109323	6831	4126	MANB1	resolved	mygene.info	pinned_local_build
MAOA	MAOA	ENSG00000189221	ensembl_gene	ENSG00000189221	6833	4128	BRNRS|MAO-A	resolved	mygene.info	pinned_local_build
MAP1B	MAP1B	ENSG00000131711	ensembl_gene	ENSG00000131711	6836	4131	DFNA83|FUTSCH|MAP5|PPP1R102|PVNH9	resolved	mygene.info	pinned_local_build
MAP2K1	MAP2K1	ENSG00000169032	ensembl_gene	ENSG00000169032	6840	5604	CFC3|MAPKK1|MEK1|MEL|MKK1|PRKMK1	resolved	mygene.info	pinned_local_build
MAP2K2	MAP2K2	ENSG00000126934	ensembl_gene	ENSG00000126934	6842	5605	CFC4|MAPKK2|MEK2|MKK2|PRKMK2	resolved	mygene.info	pinned_local_build
MAP3K1	MAP3K1	ENSG00000095015	ensembl_gene	ENSG00000095015	6848	4214	MAPKKK1|MEKK|MEKK 1|MEKK1|SRXY6	resolved	mygene.info	pinned_local_build
MAP3K14	MAP3K14	ENSG00000006062	ensembl_gene	ENSG00000006062	6853	9020	FTDCR1B|HS|HSNIK|IMD112|NIK	resolved	mygene.info	pinned_local_build
MAP3K15	MAP3K15	ENSG00000180815	ensembl_gene	ENSG00000180815	31689	389840	ASK3|bA723P2.3	resolved	mygene.info	pinned_local_build
MAP3K3	MAP3K3	ENSG00000198909	ensembl_gene	ENSG00000198909	6855	4215	CCM5|MAPKKK3|MEKK3	resolved	mygene.info	pinned_local_build
MAP6D1	MAP6D1	ENSG00000180834	ensembl_gene	ENSG00000180834	25753	79929	MAPO6D1|SL21	resolved	mygene.info	pinned_local_build
MAPK1	MAPK1	ENSG00000100030	ensembl_gene	ENSG00000100030	6871	5594	ERK|ERK-2|ERK2|ERT1|MAPK2|NS13|P42MAPK|PRKM1|PRKM2|p38|p40|p41|p41mapk|p42-MAPK	resolved	mygene.info	pinned_local_build
MAPK10	MAPK10	ENSG00000109339	ensembl_gene	ENSG00000109339	6872	5602	JNK3|JNK3A|PRKM10|SAPK1b|p493F12|p54bSAPK	resolved	mygene.info	pinned_local_build
MAPK3	MAPK3	ENSG00000102882	ensembl_gene	ENSG00000102882	6877	5595	ERK-1|ERK1|ERT2|HS44KDAP|HUMKER1A|P44ERK1|P44MAPK|PRKM3|p44-ERK1|p44-MAPK	resolved	mygene.info	pinned_local_build
MAPK8IP1	MAPK8IP1	ENSG00000121653	ensembl_gene	ENSG00000121653	6882	9479	IB1|JIP-1|JIP1|PRKM8IP	resolved	mygene.info	pinned_local_build
MAPK8IP2	MAPK8IP2	ENSG00000008735	ensembl_gene	ENSG00000008735	6883	23542	IB-2|IB2|JIP2|PRKM8IPL	resolved	mygene.info	pinned_local_build
MAPK8IP3	MAPK8IP3	ENSG00000138834	ensembl_gene	ENSG00000138834	6884	23162	JIP-3|JIP3|JSAP1|NEDBA|SYD2|syd	resolved	mygene.info	pinned_local_build
MAPRE2	MAPRE2	ENSG00000166974	ensembl_gene	ENSG00000166974	6891	10982	CSCSC2|EB1|EB2|RP1	resolved	mygene.info	pinned_local_build
MAPT	MAPT	ENSG00000276155	ensembl_gene	ENSG00000276155	6893	4137	DDPAC|FTD1|FTDP-17|MAPTL|MSTD|MTBT1|MTBT2|PPND|PPP1R103|TAU|Tau-PHF6|tau-40	resolved	mygene.info	pinned_local_build
MARCHF6	MARCHF6	ENSG00000145495	ensembl_gene	ENSG00000145495	30550	10299	DOA10|FAME3|FCMTE3|MARCH-VI|MARCH6|RNF176|TEB4	resolved	mygene.info	pinned_local_build
MARK2	MARK2	ENSG00000072518	ensembl_gene	ENSG00000072518	3332	2011	EMK-1|EMK1|MRD76|PAR-1|Par-1b|Par1b	resolved	mygene.info	pinned_local_build
MARS1	MARS1	ENSG00000166986	ensembl_gene	ENSG00000166986	6898	4141	CMT2U|ILFS2|ILLD|MARS|METRS|MRS|MTRNS|SPG70|TTD9	resolved	mygene.info	pinned_local_build
MARS2	MARS2	ENSG00000247626	ensembl_gene	ENSG00000247626	25133	92935	COXPD25|MetRS|mtMetRS	resolved	mygene.info	pinned_local_build
MARVELD2	MARVELD2	ENSG00000274671	ensembl_gene	ENSG00000274671	26401	153562	DFNB49|MARVD2|MRVLDC2|Tric	resolved	mygene.info	pinned_local_build
MASP1	MASP1	ENSG00000127241	ensembl_gene	ENSG00000127241	6901	5648	3MC1|CRARF|CRARF1|MAP-1|MAP1|MASP|MASP-3|MASP3|MAp44|PRSS5|RaRF	resolved	mygene.info	pinned_local_build
MAST1	MAST1	ENSG00000105613	ensembl_gene	ENSG00000105613	19034	22983	MCCCHCM|SAST	resolved	mygene.info	pinned_local_build
MAST3	MAST3	ENSG00000099308	ensembl_gene	ENSG00000099308	19036	23031	DEE108	resolved	mygene.info	pinned_local_build
MAST4	MAST4	ENSG00000069020	ensembl_gene	ENSG00000069020	19037	375449		resolved	mygene.info	pinned_local_build
MAT1A	MAT1A	ENSG00000151224	ensembl_gene	ENSG00000151224	6903	4143	MAT|MATA1|SAMS|SAMS1	resolved	mygene.info	pinned_local_build
MAT2A	MAT2A	ENSG00000168906	ensembl_gene	ENSG00000168906	6904	4144	MATA2|MATII|SAMS2	resolved	mygene.info	pinned_local_build
MATN3	MATN3	ENSG00000132031	ensembl_gene	ENSG00000132031	6909	4148	DIPOA|EDM5|HOA|OADIP|OS2|SEMDBCD	resolved	mygene.info	pinned_local_build
MATN4	MATN4	ENSG00000124159	ensembl_gene	ENSG00000124159	6910	8785		resolved	mygene.info	pinned_local_build
MATR3	MATR3	ENSG00000015479	ensembl_gene	ENSG00000015479	6912	9782	ALS21|MPD2|VCPDM	resolved	mygene.info	pinned_local_build
MBD4	MBD4	ENSG00000129071	ensembl_gene	ENSG00000129071	6919	8930	MED1|TPDS2|UVM1	resolved	mygene.info	pinned_local_build
MBD5	MBD5	ENSG00000204406	ensembl_gene	ENSG00000204406	20444	55777	C2DELq23.1|DEL2Q23.1|MRD1	resolved	mygene.info	pinned_local_build
MBOAT7	MBOAT7	ENSG00000277025	ensembl_gene	ENSG00000277025	15505	79143	BB1|LENG4|LPIAT|LPIAT1|LPLAT|LPLAT11|LRC4|MBOA7|MRT57|OACT7|hMBOA-7	resolved	mygene.info	pinned_local_build
MBTPS2	MBTPS2	ENSG00000012174	ensembl_gene	ENSG00000012174	15455	51360	BRESEK|IFAP|KFSD|KFSDX|OI19|OLMSX|S2P	resolved	mygene.info	pinned_local_build
MC2R	MC2R	ENSG00000185231	ensembl_gene	ENSG00000185231	6930	4158	ACTHR	resolved	mygene.info	pinned_local_build
MC3R	MC3R	ENSG00000124089	ensembl_gene	ENSG00000124089	6931	4159	BMIQ9|MC3|MC3-R|OB20|OQTL	resolved	mygene.info	pinned_local_build
MCCC1	MCCC1	ENSG00000078070	ensembl_gene	ENSG00000078070	6936	56922	MCC-B|MCCA|MCCCalpha	resolved	mygene.info	pinned_local_build
MCCC2	MCCC2	ENSG00000275300	ensembl_gene	ENSG00000275300	6937	64087	MCCB|MCCCbeta	resolved	mygene.info	pinned_local_build
MCEE	MCEE	ENSG00000124370	ensembl_gene	ENSG00000124370	16732	84693	GLOD2|MCE|MMCE	resolved	mygene.info	pinned_local_build
MCHR1	MCHR1	ENSG00000128285	ensembl_gene	ENSG00000128285	4479	2847	GPR24|MCH-1R|MCH1R|SLC-1|SLC1	resolved	mygene.info	pinned_local_build
MCM2	MCM2	ENSG00000073111	ensembl_gene	ENSG00000073111	6944	4171	BM28|CCNL1|CDCL1|D3S3194|DFNA70|MITOTIN|cdc19	resolved	mygene.info	pinned_local_build
MCM3AP	MCM3AP	ENSG00000160294	ensembl_gene	ENSG00000160294	6946	8888	GANP|MAP80|PNRIID|SAC3	resolved	mygene.info	pinned_local_build
MCM4	MCM4	ENSG00000104738	ensembl_gene	ENSG00000104738	6947	4173	CDC21|CDC54|IMD54|NKCD|NKGCD|P1-CDC21|hCdc21	resolved	mygene.info	pinned_local_build
MCOLN1	MCOLN1	ENSG00000090674	ensembl_gene	ENSG00000090674	13356	57192	LECD|MG-2|ML1|ML4|MLIV|MST080|MSTP080|TRP-ML1|TRPM-L1|TRPML1	resolved	mygene.info	pinned_local_build
MCPH1	MCPH1	ENSG00000147316	ensembl_gene	ENSG00000147316	6954	79648	BRIT1|MCT	resolved	mygene.info	pinned_local_build
MCTP2	MCTP2	ENSG00000140563	ensembl_gene	ENSG00000140563	25636	55784		resolved	mygene.info	pinned_local_build
MDGA2	MDGA2	ENSG00000139915	ensembl_gene	ENSG00000139915	19835	161357	DEE122|MAMDC1|c14_5286	resolved	mygene.info	pinned_local_build
MDH1	MDH1	ENSG00000014641	ensembl_gene	ENSG00000014641	6970	4190	DEE88|EIEE88|HEL-S-32|KAR|MDH-s|MDHA|MGC:1375|MOR2	resolved	mygene.info	pinned_local_build
MDH1B	MDH1B	ENSG00000138400	ensembl_gene	ENSG00000138400	17836	130752	RP11-95H11	resolved	mygene.info	pinned_local_build
MDH2	MDH2	ENSG00000146701	ensembl_gene	ENSG00000146701	6971	4191	DEE51|EIEE51|M-MDH|MDH|MGC:3559|MOR1	resolved	mygene.info	pinned_local_build
ME2	ME2	ENSG00000082212	ensembl_gene	ENSG00000082212	6984	4200	ODS1	resolved	mygene.info	pinned_local_build
MECOM	MECOM	ENSG00000085276	ensembl_gene	ENSG00000085276	3498	2122	AML1-EVI-1|EVI1|KMT8E|MDS1|MDS1-EVI1|PRDM3|RUSAT2	resolved	mygene.info	pinned_local_build
MECP2	MECP2	ENSG00000169057	ensembl_gene	ENSG00000169057	6990	4204	AUTSX3|MRX16|MRX79|MRXS13|MRXSL|PPMX|RS|RTS|RTT	resolved	mygene.info	pinned_local_build
MED11	MED11	ENSG00000161920	ensembl_gene	ENSG00000161920	32687	400569	HSPC296|NDDRSB	resolved	mygene.info	pinned_local_build
MED12	MED12	ENSG00000184634	ensembl_gene	ENSG00000184634	11957	9968	ARC240|CAGH45|FGS1|HDKR|HOPA|Kto|MED12S|OHDOX|OKS|OPA1|TNRC11|TRAP230	resolved	mygene.info	pinned_local_build
MED13L	MED13L	ENSG00000123066	ensembl_gene	ENSG00000123066	22962	23389	MRFACD|PROSIT240|THRAP2|TRAP240L	resolved	mygene.info	pinned_local_build
MED17	MED17	ENSG00000042429	ensembl_gene	ENSG00000042429	2375	9440	CRSP6|CRSP77|DRIP80|SRB4|TRAP80	resolved	mygene.info	pinned_local_build
MED20	MED20	ENSG00000124641	ensembl_gene	ENSG00000124641	16840	9477	PRO0213|SRB2|TRFP	resolved	mygene.info	pinned_local_build
MED23	MED23	ENSG00000112282	ensembl_gene	ENSG00000112282	2372	9439	ARC130|CRSP130|CRSP133|CRSP3|DRIP130|MRT18|SUR-2|SUR2	resolved	mygene.info	pinned_local_build
MED25	MED25	ENSG00000104973	ensembl_gene	ENSG00000104973	28845	81857	ACID1|ARC92|BVSYS|CMT2B2|P78|PTOV2|TCBAP0758	resolved	mygene.info	pinned_local_build
MED27	MED27	ENSG00000160563	ensembl_gene	ENSG00000160563	2377	9442	CRAP34|CRSP34|CRSP8|MED3|NEDSCAC|TRAP37	resolved	mygene.info	pinned_local_build
MEF2C	MEF2C	ENSG00000081189	ensembl_gene	ENSG00000081189	6996	4208	C5DELq14.3|DEL5q14.3|NEDHSIL	resolved	mygene.info	pinned_local_build
MEFV	MEFV	ENSG00000103313	ensembl_gene	ENSG00000103313	6998	4210	FMF|MEF|PAAND|TRIM20	resolved	mygene.info	pinned_local_build
MEGF10	MEGF10	ENSG00000145794	ensembl_gene	ENSG00000145794	29634	84466	CMYO10A|CMYO10B|CMYP10A|CMYP10B|EMARDD|SR-F3	resolved	mygene.info	pinned_local_build
MEGF8	MEGF8	ENSG00000105429	ensembl_gene	ENSG00000105429	3233	1954	C19orf49|CRPT2|EGFL4|SBP1	resolved	mygene.info	pinned_local_build
MEIS1	MEIS1	ENSG00000143995	ensembl_gene	ENSG00000143995	7000	4211		resolved	mygene.info	pinned_local_build
MEIS2	MEIS2	ENSG00000134138	ensembl_gene	ENSG00000134138	7001	4212	CPCMR|HsT18361|MRG1	resolved	mygene.info	pinned_local_build
MEOX1	MEOX1	ENSG00000005102	ensembl_gene	ENSG00000005102	7013	4222	KFS2|MOX1	resolved	mygene.info	pinned_local_build
MEPE	MEPE	ENSG00000152595	ensembl_gene	ENSG00000152595	13361	56955	OF45	resolved	mygene.info	pinned_local_build
MESP2	MESP2	ENSG00000188095	ensembl_gene	ENSG00000188095	29659	145873	SCDO2|bHLHc6	resolved	mygene.info	pinned_local_build
MET	MET	ENSG00000105976	ensembl_gene	ENSG00000105976	7029	4233	AUTS9|DA11|DFNB97|HGFR|RCCP2|c-Met	resolved	mygene.info	pinned_local_build
METTL23	METTL23	ENSG00000181038	ensembl_gene	ENSG00000181038	26988	124512	C17orf95|MRT44	resolved	mygene.info	pinned_local_build
METTL5	METTL5	ENSG00000138382	ensembl_gene	ENSG00000138382	25006	29081	HSPC133|MRT72	resolved	mygene.info	pinned_local_build
MFAP5	MFAP5	ENSG00000197614	ensembl_gene	ENSG00000197614	29673	8076	AAT9|MAGP-2|MAGP2|MFAP-5|MP25	resolved	mygene.info	pinned_local_build
MFF	MFF	ENSG00000168958	ensembl_gene	ENSG00000168958	24858	56947	C2orf33|EMPF2|GL004	resolved	mygene.info	pinned_local_build
MFN2	MFN2	ENSG00000116688	ensembl_gene	ENSG00000116688	16877	9927	CMT2A|CMT2A2|CMT2A2A|CMT2A2B|CPRP1|HMSN6A|HSG|MARF|MSL	resolved	mygene.info	pinned_local_build
MFSD2A	MFSD2A	ENSG00000168389	ensembl_gene	ENSG00000168389	25897	84879	HsMFSD2A|MCPH15|MFSD2|NEDMISBA|NLS1|SLC59A1	resolved	mygene.info	pinned_local_build
MFSD8	MFSD8	ENSG00000164073	ensembl_gene	ENSG00000164073	28486	256471	CCMD|CLN7|SLC74A1	resolved	mygene.info	pinned_local_build
MGAM	MGAM	ENSG00000282607	ensembl_gene	ENSG00000282607	7043	8972	MG|MGA	resolved	mygene.info	pinned_local_build
MGAT2	MGAT2	ENSG00000168282	ensembl_gene	ENSG00000168282	7045	4247	CDG2A|CDGS2|GLCNACTII|GNT-II|GNT2	resolved	mygene.info	pinned_local_build
MGME1	MGME1	ENSG00000125871	ensembl_gene	ENSG00000125871	16205	92667	C20orf72|DDK1|MTDPS11|bA504H3.4	resolved	mygene.info	pinned_local_build
MGP	MGP	ENSG00000111341	ensembl_gene	ENSG00000111341	7060	4256	GIG36|MGLAP|NTI	resolved	mygene.info	pinned_local_build
MIA3	MIA3	ENSG00000154305	ensembl_gene	ENSG00000154305	24008	375056	D320|ODCD2|TANGO|TANGO1|UNQ6077	resolved	mygene.info	pinned_local_build
MICAL1	MICAL1	ENSG00000135596	ensembl_gene	ENSG00000135596	20619	64780	MICAL|MICAL-1|NICAL	resolved	mygene.info	pinned_local_build
MICU1	MICU1	ENSG00000107745	ensembl_gene	ENSG00000107745	1530	10367	CALC|CBARA1|EFHA3|MPXPS|ara CALC	resolved	mygene.info	pinned_local_build
MID1	MID1	ENSG00000101871	ensembl_gene	ENSG00000101871	7095	4281	BBBG1|FXY|GBBB|GBBB1|MIDIN|OGS1|OS|OSX|RNF59|TRIM18|XPRF|ZNFXY	resolved	mygene.info	pinned_local_build
MID2	MID2	ENSG00000080561	ensembl_gene	ENSG00000080561	7096	11043	FXY2|MRX101|RNF60|TRIM1|XLID101	resolved	mygene.info	pinned_local_build
MINPP1	MINPP1	ENSG00000107789	ensembl_gene	ENSG00000107789	7102	9562	HIPER1|MINPP2|MIPP|PCH16	resolved	mygene.info	pinned_local_build
MIPEP	MIPEP	ENSG00000027001	ensembl_gene	ENSG00000027001	7104	4285	COXPD31|HMIP|MIP	resolved	mygene.info	pinned_local_build
MIR182	MIR182	ENSG00000207990	ensembl_gene	ENSG00000207990	31553	406958	MIRN182|miRNA182|mir-182	resolved	mygene.info	pinned_local_build
MIR96	MIR96	ENSG00000199158	ensembl_gene	ENSG00000199158	31648	407053	DFNA50|MIRN96|hsa-mir-96|miR-96|miRNA96	resolved	mygene.info	pinned_local_build
MITF	MITF	ENSG00000187098	ensembl_gene	ENSG00000187098	7105	4286	CMM8|COMMAD|MI|MITF-A|WS2|WS2A|bHLHe32	resolved	mygene.info	pinned_local_build
MKKS	MKKS	ENSG00000125863	ensembl_gene	ENSG00000125863	7108	8195	BBS6|HMCS|KMS|MKS	resolved	mygene.info	pinned_local_build
MKS1	MKS1	ENSG00000011143	ensembl_gene	ENSG00000011143	7121	54903	BBS13|JBTS28|MES|MKS|POC12	resolved	mygene.info	pinned_local_build
MLC1	MLC1	ENSG00000100427	ensembl_gene	ENSG00000100427	17082	23209	LVM|MLC|VL	resolved	mygene.info	pinned_local_build
MLH1	MLH1	ENSG00000076242	ensembl_gene	ENSG00000076242	7127	4292	COCA2|FCC2|HNPCC|HNPCC2|LYNCH2|MLH-1|MMRCS1|hMLH1	resolved	mygene.info	pinned_local_build
MLLT3	MLLT3	ENSG00000171843	ensembl_gene	ENSG00000171843	7136	4300	AF9|YEATS3	resolved	mygene.info	pinned_local_build
MLPH	MLPH	ENSG00000115648	ensembl_gene	ENSG00000115648	29643	79083	SLAC2-A	resolved	mygene.info	pinned_local_build
MLX	MLX	ENSG00000108788	ensembl_gene	ENSG00000108788	11645	6945	MAD7|MXD7|TCFL4|TF4|bHLHd13	resolved	mygene.info	pinned_local_build
MLYCD	MLYCD	ENSG00000103150	ensembl_gene	ENSG00000103150	7150	23417	MCD	resolved	mygene.info	pinned_local_build
MMAA	MMAA	ENSG00000151611	ensembl_gene	ENSG00000151611	18871	166785	cblA	resolved	mygene.info	pinned_local_build
MMAB	MMAB	ENSG00000139428	ensembl_gene	ENSG00000139428	19331	326625	ATR|CFAP23|cblB|cob	resolved	mygene.info	pinned_local_build
MMACHC	MMACHC	ENSG00000132763	ensembl_gene	ENSG00000132763	24525	25974	cblC	resolved	mygene.info	pinned_local_build
MMADHC	MMADHC	ENSG00000168288	ensembl_gene	ENSG00000168288	25221	27249	C2orf25|CL25022|HMAD|MACD|MAHCD|cblD	resolved	mygene.info	pinned_local_build
MMP1	MMP1	ENSG00000196611	ensembl_gene	ENSG00000196611	7155	4312	CLG	resolved	mygene.info	pinned_local_build
MMUT	MMUT	ENSG00000146085	ensembl_gene	ENSG00000146085	7526	4594	MCM|MUT	resolved	mygene.info	pinned_local_build
MN1	MN1	ENSG00000169184	ensembl_gene	ENSG00000169184	7180	4330	CEBALID|MGCR|MGCR1|MGCR1-PEN|dJ353E16.2	resolved	mygene.info	pinned_local_build
MNX1	MNX1	ENSG00000130675	ensembl_gene	ENSG00000130675	4979	3110	HB9|HLXB9|HOXHB9|SCRA1	resolved	mygene.info	pinned_local_build
MOCS1	MOCS1	ENSG00000124615	ensembl_gene	ENSG00000124615	7190	4337	MIG11|MOCOD|MOCS1A|MOCS1B	resolved	mygene.info	pinned_local_build
MOCS2	MOCS2	ENSG00000164172	ensembl_gene	ENSG00000164172	7193	4338	MCBPE|MOCO1|MOCODB|MOCODB1|MPTS	resolved	mygene.info	pinned_local_build
MOCS3	MOCS3	ENSG00000124217	ensembl_gene	ENSG00000124217	15765	27304	MOCODB2|UBA4	resolved	mygene.info	pinned_local_build
MOGS	MOGS	ENSG00000115275	ensembl_gene	ENSG00000115275	24862	7841	CDG2B|CWH41|DER7|GCS1	resolved	mygene.info	pinned_local_build
MORC2	MORC2	ENSG00000133422	ensembl_gene	ENSG00000133422	23573	22880	CMT2Z|DIGFAN|ZCW3|ZCWCC1	resolved	mygene.info	pinned_local_build
MPC1	MPC1	ENSG00000060762	ensembl_gene	ENSG00000060762	21606	51660	BRP44L|CGI-129|MPYCD|SLC54A1	resolved	mygene.info	pinned_local_build
MPDU1	MPDU1	ENSG00000129255	ensembl_gene	ENSG00000129255	7207	9526	CDGIF|HBEBP2BPA|Lec35|My008|PP3958|PQLC5|SL15|SLC66A5	resolved	mygene.info	pinned_local_build
MPDZ	MPDZ	ENSG00000107186	ensembl_gene	ENSG00000107186	7208	8777	HYC2|MUPP1	resolved	mygene.info	pinned_local_build
MPI	MPI	ENSG00000178802	ensembl_gene	ENSG00000178802	7216	4351	CDG1B|PMI|PMI1	resolved	mygene.info	pinned_local_build
MPL	MPL	ENSG00000117400	ensembl_gene	ENSG00000117400	7217	4352	C-MPL|CD110|MPLV|THCYT2|THPOR|TPOR	resolved	mygene.info	pinned_local_build
MPO	MPO	ENSG00000005381	ensembl_gene	ENSG00000005381	7218	4353		resolved	mygene.info	pinned_local_build
MPP7	MPP7	ENSG00000150054	ensembl_gene	ENSG00000150054	26542	143098		resolved	mygene.info	pinned_local_build
MPRIP	MPRIP	ENSG00000133030	ensembl_gene	ENSG00000133030	30321	23164	M-RIP|MRIP|RHOIP3|RIP3|p116Rip	resolved	mygene.info	pinned_local_build
MPV17	MPV17	ENSG00000115204	ensembl_gene	ENSG00000115204	7224	4358	CMT2EE|MTDPS6|SYM1	resolved	mygene.info	pinned_local_build
MPZ	MPZ	ENSG00000158887	ensembl_gene	ENSG00000158887	7225	4359	CMT1|CMT1B|CMT2I|CMT2J|CMT4E|CMTDI3|CMTDID|DSS|HMSNIB|MPP|P0	resolved	mygene.info	pinned_local_build
MR1	MR1	ENSG00000153029	ensembl_gene	ENSG00000153029	4975	3140	HLALS	resolved	mygene.info	pinned_local_build
MRAP	MRAP	ENSG00000170262	ensembl_gene	ENSG00000170262	1304	56246	B27|C21orf61|FALP|GCCD2|MRAP1	resolved	mygene.info	pinned_local_build
MRAP2	MRAP2	ENSG00000135324	ensembl_gene	ENSG00000135324	21232	112609	C6orf117|bA51G5.2	resolved	mygene.info	pinned_local_build
MRAS	MRAS	ENSG00000158186	ensembl_gene	ENSG00000158186	7227	22808	M-RAs|NS11|R-RAS3|RRAS3	resolved	mygene.info	pinned_local_build
MRE11	MRE11	ENSG00000020922	ensembl_gene	ENSG00000020922	7230	4361	ATLD|HNGS1|MRE11A|MRE11B	resolved	mygene.info	pinned_local_build
MRI1	MRI1	ENSG00000037757	ensembl_gene	ENSG00000037757	28469	84245	M1Pi|MRDI|MTNA|Ypr118w	resolved	mygene.info	pinned_local_build
MRPL12	MRPL12	ENSG00000262814	ensembl_gene	ENSG00000262814	10378	6182	5c5-2|L12mt|MRP-L31/34|MRPL7|MRPL7/L12|RPML12|bL12m	resolved	mygene.info	pinned_local_build
MRPL3	MRPL3	ENSG00000114686	ensembl_gene	ENSG00000114686	10379	11222	COXPD9|MRL3|RPML3|uL3m	resolved	mygene.info	pinned_local_build
MRPL40	MRPL40	ENSG00000185608	ensembl_gene	ENSG00000185608	14491	64976	L40mt|MRP-L22|MRP-L40|NLVCF|URIM|mL40	resolved	mygene.info	pinned_local_build
MRPL43	MRPL43	ENSG00000055950	ensembl_gene	ENSG00000055950	14517	84545	L43mt|MRP-L43|bMRP36a|mL43	resolved	mygene.info	pinned_local_build
MRPL44	MRPL44	ENSG00000135900	ensembl_gene	ENSG00000135900	16650	65080	COXPD16|L44MT|MRP-L44|mL44	resolved	mygene.info	pinned_local_build
MRPS16	MRPS16	ENSG00000182180	ensembl_gene	ENSG00000182180	14048	51021	CGI-132|COXPD2|MRP-S16|RPMS16|S16mt|bS16m	resolved	mygene.info	pinned_local_build
MRPS22	MRPS22	ENSG00000175110	ensembl_gene	ENSG00000175110	14508	56945	C3orf5|COXPD5|GIBT|GK002|MRP-S22|ODG7|RPMS22|mS22	resolved	mygene.info	pinned_local_build
MRPS23	MRPS23	ENSG00000181610	ensembl_gene	ENSG00000181610	14509	51649	CGI-138|COXPD46|HSPC329|MRP-S23|mS23	resolved	mygene.info	pinned_local_build
MRPS34	MRPS34	ENSG00000074071	ensembl_gene	ENSG00000074071	16618	65993	COXPD32|MRP-S12|MRP-S34|mS34	resolved	mygene.info	pinned_local_build
MRPS7	MRPS7	ENSG00000125445	ensembl_gene	ENSG00000125445	14499	51081	COXPD34|MRP-S|MRP-S7|RP-S7|RPMS7|S7mt|bMRP27a|uS7m	resolved	mygene.info	pinned_local_build
MRRF	MRRF	ENSG00000148187	ensembl_gene	ENSG00000148187	7234	92399	MRFF|MTRRF|RRF	resolved	mygene.info	pinned_local_build
MRS2	MRS2	ENSG00000124532	ensembl_gene	ENSG00000124532	13785	57380	HPT|MRS2L	resolved	mygene.info	pinned_local_build
MSH2	MSH2	ENSG00000095002	ensembl_gene	ENSG00000095002	7325	4436	COCA1|FCC1|HNPCC|HNPCC1|LCFS2|LYNCH1|MMRCS2|MSH-2|hMSH2	resolved	mygene.info	pinned_local_build
MSH6	MSH6	ENSG00000116062	ensembl_gene	ENSG00000116062	7329	2956	GTBP|GTMBP|HNPCC5|HSAP|LYNCH5|MMRCS3|MSH-6|p160	resolved	mygene.info	pinned_local_build
MSL2	MSL2	ENSG00000174579	ensembl_gene	ENSG00000174579	25544	55167	KBHS|MSL-2|MSL2L1|RNF184	resolved	mygene.info	pinned_local_build
MSMO1	MSMO1	ENSG00000052802	ensembl_gene	ENSG00000052802	10545	6307	DESP4|ERG25|MCCPD|SC4MOL	resolved	mygene.info	pinned_local_build
MSRA	MSRA	ENSG00000285250	ensembl_gene	ENSG00000285250	7377	4482	PMSR	resolved	mygene.info	pinned_local_build
MSRB3	MSRB3	ENSG00000174099	ensembl_gene	ENSG00000174099	27375	253827	DFNB74	resolved	mygene.info	pinned_local_build
MSTN	MSTN	ENSG00000138379	ensembl_gene	ENSG00000138379	4223	2660	GDF8|MSLHP	resolved	mygene.info	pinned_local_build
MSX2	MSX2	ENSG00000120149	ensembl_gene	ENSG00000120149	7392	4488	CRS2|FPP|HOX8|MSH|PFM|PFM1	resolved	mygene.info	pinned_local_build
MT-ATP6	MT-ATP6	ENSG00000198899	ensembl_gene	ENSG00000198899	7414	4508	ATPase6|MTATP6	resolved	mygene.info	pinned_local_build
MT-ATP8	MT-ATP8	ENSG00000228253	ensembl_gene	ENSG00000228253	7415	4509	ATPase8|MTATP8	resolved	mygene.info	pinned_local_build
MT-CO1	MT-CO1	ENSG00000198804	ensembl_gene	ENSG00000198804	7419	4512	COI|MTCO1	resolved	mygene.info	pinned_local_build
MT-CO2	MT-CO2	ENSG00000198712	ensembl_gene	ENSG00000198712	7421	4513	COII|MTCO2	resolved	mygene.info	pinned_local_build
MT-CO3	MT-CO3	ENSG00000198938	ensembl_gene	ENSG00000198938	7422	4514	COIII|MTCO3	resolved	mygene.info	pinned_local_build
MT-CYB	MT-CYB	ENSG00000198727	ensembl_gene	ENSG00000198727	7427	4519	MTCYB	resolved	mygene.info	pinned_local_build
MT-ND1	MT-ND1	ENSG00000198888	ensembl_gene	ENSG00000198888	7455	4535	MTND1	resolved	mygene.info	pinned_local_build
MT-ND2	MT-ND2	ENSG00000198763	ensembl_gene	ENSG00000198763	7456	4536	MTND2	resolved	mygene.info	pinned_local_build
MT-ND3	MT-ND3	ENSG00000198840	ensembl_gene	ENSG00000198840	7458	4537	MTND3	resolved	mygene.info	pinned_local_build
MT-ND4	MT-ND4	ENSG00000198886	ensembl_gene	ENSG00000198886	7459	4538	MTND4	resolved	mygene.info	pinned_local_build
MT-ND4L	MT-ND4L	ENSG00000212907	ensembl_gene	ENSG00000212907	7460	4539	MTND4L	resolved	mygene.info	pinned_local_build
MT-ND5	MT-ND5	ENSG00000198786	ensembl_gene	ENSG00000198786	7461	4540	MTND5	resolved	mygene.info	pinned_local_build
MT-ND6	MT-ND6	ENSG00000198695	ensembl_gene	ENSG00000198695	7462	4541	MTND6	resolved	mygene.info	pinned_local_build
MT-RNR1	MT-RNR1	ENSG00000211459	ensembl_gene	ENSG00000211459	7470	4549	MTRNR1	resolved	mygene.info	pinned_local_build
MT-RNR2	MT-RNR2	ENSG00000210082	ensembl_gene	ENSG00000210082	7471	4550	MTRNR2	resolved	mygene.info	pinned_local_build
MT-TA	MT-TA	ENSG00000210127	ensembl_gene	ENSG00000210127	7475	4553	MTTA	resolved	mygene.info	pinned_local_build
MT-TC	MT-TC	ENSG00000210140	ensembl_gene	ENSG00000210140	7477	4511	MTTC	resolved	mygene.info	pinned_local_build
MT-TD	MT-TD	ENSG00000210154	ensembl_gene	ENSG00000210154	7478	4555	MTTD	resolved	mygene.info	pinned_local_build
MT-TE	MT-TE	ENSG00000210194	ensembl_gene	ENSG00000210194	7479	4556	MTTE	resolved	mygene.info	pinned_local_build
MT-TF	MT-TF	ENSG00000210049	ensembl_gene	ENSG00000210049	7481	4558		resolved	mygene.info	pinned_local_build
MT-TG	MT-TG	ENSG00000210164	ensembl_gene	ENSG00000210164	7486	4563	MTTG	resolved	mygene.info	pinned_local_build
MT-TH	MT-TH	ENSG00000210176	ensembl_gene	ENSG00000210176	7487	4564	MTTH	resolved	mygene.info	pinned_local_build
MT-TI	MT-TI	ENSG00000210100	ensembl_gene	ENSG00000210100	7488	4565	MTTI	resolved	mygene.info	pinned_local_build
MT-TK	MT-TK	ENSG00000210156	ensembl_gene	ENSG00000210156	7489	4566	MTTK	resolved	mygene.info	pinned_local_build
MT-TL1	MT-TL1	ENSG00000209082	ensembl_gene	ENSG00000209082	7490	4567	MTTL1	resolved	mygene.info	pinned_local_build
MT-TL2	MT-TL2	ENSG00000210191	ensembl_gene	ENSG00000210191	7491	4568	MTTL2	resolved	mygene.info	pinned_local_build
MT-TM	MT-TM	ENSG00000210112	ensembl_gene	ENSG00000210112	7492	4569	MTTM	resolved	mygene.info	pinned_local_build
MT-TN	MT-TN	ENSG00000210135	ensembl_gene	ENSG00000210135	7493	4570	MTTN	resolved	mygene.info	pinned_local_build
MT-TP	MT-TP	ENSG00000210196	ensembl_gene	ENSG00000210196	7494	4571	MTTP	resolved	mygene.info	pinned_local_build
MT-TQ	MT-TQ	ENSG00000210107	ensembl_gene	ENSG00000210107	7495	4572	MTTQ	resolved	mygene.info	pinned_local_build
MT-TR	MT-TR	ENSG00000210174	ensembl_gene	ENSG00000210174	7496	4573	MTTR	resolved	mygene.info	pinned_local_build
MT-TS1	MT-TS1		unknown_namespace		7497	4574	MTTS1	symbol_only	mygene.info	pinned_local_build
MT-TS2	MT-TS2	ENSG00000210184	ensembl_gene	ENSG00000210184	7498	4575	MTTS2	resolved	mygene.info	pinned_local_build
MT-TT	MT-TT	ENSG00000210195	ensembl_gene	ENSG00000210195	7499	4576	MTTT	resolved	mygene.info	pinned_local_build
MT-TV	MT-TV	ENSG00000210077	ensembl_gene	ENSG00000210077	7500	4577	MTTV	resolved	mygene.info	pinned_local_build
MT-TW	MT-TW	ENSG00000210117	ensembl_gene	ENSG00000210117	7501	4578	MTTW	resolved	mygene.info	pinned_local_build
MT-TY	MT-TY	ENSG00000210144	ensembl_gene	ENSG00000210144	7502	4579	MTTY	resolved	mygene.info	pinned_local_build
MTFMT	MTFMT	ENSG00000103707	ensembl_gene	ENSG00000103707	29666	123263	COXPD15|FMT1|MC1DN27	resolved	mygene.info	pinned_local_build
MTHFD1	MTHFD1	ENSG00000100714	ensembl_gene	ENSG00000100714	7432	4522	CIMAH|MTHFC|MTHFD	resolved	mygene.info	pinned_local_build
MTHFR	MTHFR	ENSG00000177000	ensembl_gene	ENSG00000177000	7436	4524		resolved	mygene.info	pinned_local_build
MTHFS	MTHFS	ENSG00000136371	ensembl_gene	ENSG00000136371	7437	10588	HsT19268|NEDMEHM	resolved	mygene.info	pinned_local_build
MTM1	MTM1	ENSG00000171100	ensembl_gene	ENSG00000171100	7448	4534	CNM|CNMX|MTMX|XLMTM	resolved	mygene.info	pinned_local_build
MTMR14	MTMR14	ENSG00000163719	ensembl_gene	ENSG00000163719	26190	64419	C3orf29	resolved	mygene.info	pinned_local_build
MTMR2	MTMR2	ENSG00000087053	ensembl_gene	ENSG00000087053	7450	8898	CMT4B|CMT4B1	resolved	mygene.info	pinned_local_build
MTMR7	MTMR7	ENSG00000003987	ensembl_gene	ENSG00000003987	7454	9108		resolved	mygene.info	pinned_local_build
MTNAP1	MTNAP1	ENSG00000141219	ensembl_gene	ENSG00000141219	29601	55028	C17orf80|HLC-8|MIG3|SPEP1	resolved	mygene.info	pinned_local_build
MTO1	MTO1	ENSG00000135297	ensembl_gene	ENSG00000135297	19261	25821	CGI-02|COXPD10	resolved	mygene.info	pinned_local_build
MTOR	MTOR	ENSG00000198793	ensembl_gene	ENSG00000198793	3942	2475	FRAP|FRAP1|FRAP2|RAFT1|RAPT1|SKS	resolved	mygene.info	pinned_local_build
MTPAP	MTPAP	ENSG00000107951	ensembl_gene	ENSG00000107951	25532	55149	PAPD1|SPAX4|TENT6	resolved	mygene.info	pinned_local_build
MTR	MTR	ENSG00000116984	ensembl_gene	ENSG00000116984	7468	4548	HMAG|MS|cblG	resolved	mygene.info	pinned_local_build
MTRFR	MTRFR	ENSG00000130921	ensembl_gene	ENSG00000130921	26784	91574	C12orf65|COXPD7|SPG55|mtRF-R	resolved	mygene.info	pinned_local_build
MTRR	MTRR	ENSG00000124275	ensembl_gene	ENSG00000124275	7473	4552	MSR|cblE	resolved	mygene.info	pinned_local_build
MTTP	MTTP	ENSG00000138823	ensembl_gene	ENSG00000138823	7467	4547	ABL|MTP	resolved	mygene.info	pinned_local_build
MUSK	MUSK	ENSG00000030304	ensembl_gene	ENSG00000030304	7525	4593	CMS9|FADS	resolved	mygene.info	pinned_local_build
MVK	MVK	ENSG00000110921	ensembl_gene	ENSG00000110921	7530	4598	LRBP|MK|MVLK|POROK3	resolved	mygene.info	pinned_local_build
MXRA8	MXRA8	ENSG00000162576	ensembl_gene	ENSG00000162576	7542	54587	ASP3	resolved	mygene.info	pinned_local_build
MYBPC1	MYBPC1	ENSG00000196091	ensembl_gene	ENSG00000196091	7549	4604	CMYO16|CMYP16|LCCS4|MYBPCC|MYBPCS|MYOTREM|ssMyBP-C	resolved	mygene.info	pinned_local_build
MYBPC3	MYBPC3	ENSG00000134571	ensembl_gene	ENSG00000134571	7551	4607	CMD1MM|CMH4|FHC|LVNC10|MYBP-C|cMyBP-C	resolved	mygene.info	pinned_local_build
MYCBP2	MYCBP2	ENSG00000005810	ensembl_gene	ENSG00000005810	23386	23077	Myc-bp2|PAM|PHR1|Phr	resolved	mygene.info	pinned_local_build
MYCN	MYCN	ENSG00000134323	ensembl_gene	ENSG00000134323	7559	4613	FGLDS1|MODED|MPAPA|MYCNsORF|MYCNsPEP|N-myc|NMYC|ODED|bHLHe37	resolved	mygene.info	pinned_local_build
MYF6	MYF6	ENSG00000111046	ensembl_gene	ENSG00000111046	7566	4618	CNM3|MRF4|bHLHc4|myf-6	resolved	mygene.info	pinned_local_build
MYH1	MYH1	ENSG00000109061	ensembl_gene	ENSG00000109061	7567	4619	HEL71|MYHSA1|MYHa|MyHC-2X/D|MyHC-2x	resolved	mygene.info	pinned_local_build
MYH10	MYH10	ENSG00000133026	ensembl_gene	ENSG00000133026	7568	4628	NMMHC-IIB|NMMHCB	resolved	mygene.info	pinned_local_build
MYH11	MYH11	ENSG00000133392	ensembl_gene	ENSG00000133392	7569	4629	AAT4|FAA4|SMHC|SMMHC|SMMS-1|VSCM2	resolved	mygene.info	pinned_local_build
MYH14	MYH14	ENSG00000105357	ensembl_gene	ENSG00000105357	23212	79784	DFNA4|DFNA4A|FP17425|MHC16|MYH17|NMHC II-C|NMHC-II-C|PNMHH|myosin	resolved	mygene.info	pinned_local_build
MYH2	MYH2	ENSG00000125414	ensembl_gene	ENSG00000125414	7572	4620	CMYO6|CMYP6|IBM3|MYH2A|MYHSA2|MYHas8|MyHC-2A|MyHC-IIa	resolved	mygene.info	pinned_local_build
MYH3	MYH3	ENSG00000109063	ensembl_gene	ENSG00000109063	7573	4621	CPSFS1A|CPSFS1B|CPSKF1A|CPSKF1B|DA2A|DA2B|DA2B3|DA8|HEMHC|MYHC-EMB|MYHSE1|SMHCE	resolved	mygene.info	pinned_local_build
MYH6	MYH6	ENSG00000197616	ensembl_gene	ENSG00000197616	7576	4624	ASD3|CMD1EE|CMH14|MYHC|MYHCA|SSS3|alpha-MHC	resolved	mygene.info	pinned_local_build
MYH7	MYH7	ENSG00000092054	ensembl_gene	ENSG00000092054	7577	4625	CMD1S|CMH1|CMYO7A|CMYO7B|CMYP7A|CMYP7B|MPD1|MYHCB|SPMD|SPMM	resolved	mygene.info	pinned_local_build
MYH7B	MYH7B	ENSG00000078814	ensembl_gene	ENSG00000078814	15906	57644	MHC14|MYH14|lncMYH7b	resolved	mygene.info	pinned_local_build
MYH8	MYH8	ENSG00000133020	ensembl_gene	ENSG00000133020	7578	4626	DA7|MyHC-peri|MyHC-pn|gtMHC-F	resolved	mygene.info	pinned_local_build
MYH9	MYH9	ENSG00000100345	ensembl_gene	ENSG00000100345	7579	4627	BDPLT6|DFNA17|EPSTS|FTNS|MATINS|MHA|NMHC-II-A|NMMHC-IIA|NMMHCA	resolved	mygene.info	pinned_local_build
MYL2	MYL2	ENSG00000111245	ensembl_gene	ENSG00000111245	7583	4633	CMH10|MFM12|MLC-2|MLC-2s/v|MLC-2v|MLC2	resolved	mygene.info	pinned_local_build
MYL3	MYL3	ENSG00000160808	ensembl_gene	ENSG00000160808	7584	4634	CMH8|MLC-lV/sb|MLC1SB|MLC1V|VLC1|VLCl	resolved	mygene.info	pinned_local_build
MYLK	MYLK	ENSG00000065534	ensembl_gene	ENSG00000065534	7590	4638	AAT7|KRP|MLCK|MLCK1|MLCK108|MLCK210|MMIHS|MMIHS1|MSTP083|MYLK-L|MYLK1|smMLCK	resolved	mygene.info	pinned_local_build
MYLK2	MYLK2	ENSG00000101306	ensembl_gene	ENSG00000101306	16243	85366	KMLC|MLCK|MLCK2|skMLCK	resolved	mygene.info	pinned_local_build
MYLK3	MYLK3	ENSG00000140795	ensembl_gene	ENSG00000140795	29826	91807	MLCK|MLCK2|caMLCK	resolved	mygene.info	pinned_local_build
MYO15A	MYO15A	ENSG00000091536	ensembl_gene	ENSG00000091536	7594	51168	DFNB3|MYO15	resolved	mygene.info	pinned_local_build
MYO1A	MYO1A	ENSG00000166866	ensembl_gene	ENSG00000166866	7595	4640	BBMI|DFNA48|DIAR15|MIHC|MYHL	resolved	mygene.info	pinned_local_build
MYO3A	MYO3A	ENSG00000095777	ensembl_gene	ENSG00000095777	7601	53904	DFNA90|DFNB30	resolved	mygene.info	pinned_local_build
MYO5A	MYO5A	ENSG00000197535	ensembl_gene	ENSG00000197535	7602	4644	GS1|MYH12|MYO5|MYR12	resolved	mygene.info	pinned_local_build
MYO6	MYO6	ENSG00000196586	ensembl_gene	ENSG00000196586	7605	4646	DFNA22|DFNB37	resolved	mygene.info	pinned_local_build
MYO7A	MYO7A	ENSG00000137474	ensembl_gene	ENSG00000137474	7606	4647	DFNA11|DFNB2|MYOVIIA|MYU7A|NSRD2|USH1B	resolved	mygene.info	pinned_local_build
MYO7B	MYO7B	ENSG00000169994	ensembl_gene	ENSG00000169994	7607	4648		resolved	mygene.info	pinned_local_build
MYO9A	MYO9A	ENSG00000066933	ensembl_gene	ENSG00000066933	7608	4649	CMS24	resolved	mygene.info	pinned_local_build
MYOCD	MYOCD	ENSG00000141052	ensembl_gene	ENSG00000141052	16067	93649	MGBL|MYCD	resolved	mygene.info	pinned_local_build
MYOM1	MYOM1	ENSG00000101605	ensembl_gene	ENSG00000101605	7613	8736	SKELEMIN	resolved	mygene.info	pinned_local_build
MYOT	MYOT	ENSG00000120729	ensembl_gene	ENSG00000120729	12399	9499	LGMD1|LGMD1A|MFM3|TTID|TTOD	resolved	mygene.info	pinned_local_build
MYOZ2	MYOZ2	ENSG00000172399	ensembl_gene	ENSG00000172399	1330	51778	C4orf5|CMH16|CS-1|FATZ-2	resolved	mygene.info	pinned_local_build
MYPN	MYPN	ENSG00000138347	ensembl_gene	ENSG00000138347	23246	84665	CMD1DD|CMH22|CMYO24|CMYP24|MYOP|NEM11|RCM4	resolved	mygene.info	pinned_local_build
MYT1L	MYT1L	ENSG00000186487	ensembl_gene	ENSG00000186487	7623	23040	MRD39|NZF1|ZC2H2C2|ZC2HC4B|myT1-L	resolved	mygene.info	pinned_local_build
MZT2B	MZT2B	ENSG00000292119	ensembl_gene	ENSG00000292119	25886	80097	FAM128B|MOZART2B	resolved	mygene.info	pinned_local_build
NAA10	NAA10	ENSG00000102030	ensembl_gene	ENSG00000102030	18704	8260	ARD1|ARD1A|ARD1P|DXS707|LZMS|MAA|MCOPS1|NATD|OGDNS|TE2|hARD1	resolved	mygene.info	pinned_local_build
NAA15	NAA15	ENSG00000164134	ensembl_gene	ENSG00000164134	30782	80155	Ga19|MRD50|NARG1|NAT1P|NATH|TBDN|TBDN100	resolved	mygene.info	pinned_local_build
NAA35	NAA35	ENSG00000135040	ensembl_gene	ENSG00000135040	24340	60560	EGAP|MAK10|MAK10P|bA379P1.1	resolved	mygene.info	pinned_local_build
NAA50	NAA50	ENSG00000121579	ensembl_gene	ENSG00000121579	29533	80218	MAK3|NAT13|NAT13P|NAT5|NAT5P|SAN|hNaa50p	resolved	mygene.info	pinned_local_build
NACC1	NACC1	ENSG00000160877	ensembl_gene	ENSG00000160877	20967	112939	BEND8|BTBD14B|BTBD30|NAC-1|NAC1|NECFM	resolved	mygene.info	pinned_local_build
NADK2	NADK2	ENSG00000152620	ensembl_gene	ENSG00000152620	26404	133686	C5orf33|DECRD|MNADK|NADKD1	resolved	mygene.info	pinned_local_build
NAF1	NAF1	ENSG00000145414	ensembl_gene	ENSG00000145414	25126	92345	PFBMFT7	resolved	mygene.info	pinned_local_build
NAGA	NAGA	ENSG00000198951	ensembl_gene	ENSG00000198951	7631	4668	D22S674|GALB	resolved	mygene.info	pinned_local_build
NAGLU	NAGLU	ENSG00000108784	ensembl_gene	ENSG00000108784	7632	4669	CMT2V|MPS-IIIB|MPS3B|NAG|UFHSD	resolved	mygene.info	pinned_local_build
NAGS	NAGS	ENSG00000161653	ensembl_gene	ENSG00000161653	17996	162417	AGAS|ARGA	resolved	mygene.info	pinned_local_build
NALCN	NALCN	ENSG00000102452	ensembl_gene	ENSG00000102452	19082	259232	CLIFAHDD|CanIon|IHPRF|IHPRF1|INNFD|VGCNL1|bA430M15.1	resolved	mygene.info	pinned_local_build
NANS	NANS	ENSG00000095380	ensembl_gene	ENSG00000095380	19237	54187	HEL-S-100|SAS|SEMDCG|SEMDG	resolved	mygene.info	pinned_local_build
NAPB	NAPB	ENSG00000125814	ensembl_gene	ENSG00000125814	15751	63908	DEE107|SNAP-BETA|SNAPB	resolved	mygene.info	pinned_local_build
NARS1	NARS1	ENSG00000134440	ensembl_gene	ENSG00000134440	7643	4677	ASNRS|NARS|NEDMILEG|NEDMILG	resolved	mygene.info	pinned_local_build
NARS2	NARS2	ENSG00000137513	ensembl_gene	ENSG00000137513	26274	79731	DFNB94|SLM5|asnRS	resolved	mygene.info	pinned_local_build
NAT8L	NAT8L		unknown_namespace					unresolved	mygene.info	pinned_local_build
NAXD	NAXD	ENSG00000213995	ensembl_gene	ENSG00000213995	25576	55739	CARKD|LP3298|PEBEL2	resolved	mygene.info	pinned_local_build
NAXE	NAXE	ENSG00000163382	ensembl_gene	ENSG00000163382	18453	128240	AIBP|APOA1BP|PEBEL|YJEFN1	resolved	mygene.info	pinned_local_build
NBAS	NBAS	ENSG00000151779	ensembl_gene	ENSG00000151779	15625	51594	ILFS2|NAG|SOPH	resolved	mygene.info	pinned_local_build
NBEA	NBEA	ENSG00000172915	ensembl_gene	ENSG00000172915	7648	26960	BCL8B|LYST2|NEDEGE	resolved	mygene.info	pinned_local_build
NBN	NBN	ENSG00000104320	ensembl_gene	ENSG00000104320	7652	4683	AT-V1|AT-V2|ATV|NBS|NBS1|P95|hNbs1	resolved	mygene.info	pinned_local_build
NCDN	NCDN	ENSG00000020129	ensembl_gene	ENSG00000020129	17597	23154	NEDIES	resolved	mygene.info	pinned_local_build
NCF1	NCF1	ENSG00000158517	ensembl_gene	ENSG00000158517	7660	653361	CGD1|NCF-1|NCF-47K|NCF1A|NOXO2|SH3PXD1A|p47-phox|p47phox	resolved	mygene.info	pinned_local_build
NCF2	NCF2	ENSG00000116701	ensembl_gene	ENSG00000116701	7661	4688	NCF-2|NOXA2|P67-PHOX|P67PHOX	resolved	mygene.info	pinned_local_build
NCF4	NCF4	ENSG00000100365	ensembl_gene	ENSG00000100365	7662	4689	CGD3|NCF|P40PHOX|SH3PXD4	resolved	mygene.info	pinned_local_build
NCKAP1	NCKAP1	ENSG00000061676	ensembl_gene	ENSG00000061676	7666	10787	HEM2|NAP1|NAP125|p125Nap1	resolved	mygene.info	pinned_local_build
NCOA1	NCOA1	ENSG00000084676	ensembl_gene	ENSG00000084676	7668	8648	F-SRC-1|KAT13A|RIP160|SRC1|bHLHe42|bHLHe74	resolved	mygene.info	pinned_local_build
NDE1	NDE1	ENSG00000275911	ensembl_gene	ENSG00000275911	17619	54820	HOM-TES-87|LIS4|MHAC|NDE|NUDE|NUDE1	resolved	mygene.info	pinned_local_build
NDN	NDN	ENSG00000288364	ensembl_gene	ENSG00000288364	7675	4692	HsT16328|PWCR	resolved	mygene.info	pinned_local_build
NDP	NDP	ENSG00000124479	ensembl_gene	ENSG00000124479	7678	4693	EVR2|FEVR|ND	resolved	mygene.info	pinned_local_build
NDRG1	NDRG1	ENSG00000104419	ensembl_gene	ENSG00000104419	7679	10397	CAP43|CMT4D|DRG-1|DRG1|GC4|HMSNL|NDR1|NMSL|PROXY1|RIT42|RTP|TARG1|TDD5	resolved	mygene.info	pinned_local_build
NDRG4	NDRG4	ENSG00000103034	ensembl_gene	ENSG00000103034	14466	65009	BDM1|SMAP-8|SMAP8	resolved	mygene.info	pinned_local_build
NDST1	NDST1	ENSG00000070614	ensembl_gene	ENSG00000070614	7680	3340	HSST|MRT46|NST1	resolved	mygene.info	pinned_local_build
NDUFA1	NDUFA1	ENSG00000125356	ensembl_gene	ENSG00000125356	7683	4694	CI-MWFE|MC1DN12|MWFE|ZNF183	resolved	mygene.info	pinned_local_build
NDUFA10	NDUFA10	ENSG00000130414	ensembl_gene	ENSG00000130414	7684	4705	CI-42KD|CI-42k|MC1DN22	resolved	mygene.info	pinned_local_build
NDUFA11	NDUFA11	ENSG00000174886	ensembl_gene	ENSG00000174886	20371	126328	B14.7|CI-B14.7|MC1DN14	resolved	mygene.info	pinned_local_build
NDUFA12	NDUFA12	ENSG00000184752	ensembl_gene	ENSG00000184752	23987	55967	B17.2|DAP13|MC1DN23	resolved	mygene.info	pinned_local_build
NDUFA13	NDUFA13	ENSG00000186010	ensembl_gene	ENSG00000186010	17194	51079	B16.6|CDA016|CGI-39|GRIM-19|GRIM19|MC1DN28	resolved	mygene.info	pinned_local_build
NDUFA2	NDUFA2	ENSG00000131495	ensembl_gene	ENSG00000131495	7685	4695	B8|CIB8|MC1DN13	resolved	mygene.info	pinned_local_build
NDUFA6	NDUFA6	ENSG00000281013	ensembl_gene	ENSG00000281013	7690	4700	B14|CI-B14|LYRM6|MC1DN33|NADHB14	resolved	mygene.info	pinned_local_build
NDUFA7	NDUFA7	ENSG00000267855	ensembl_gene	ENSG00000267855	7691	4701	B14.5a|CI-B14.5a	resolved	mygene.info	pinned_local_build
NDUFA8	NDUFA8	ENSG00000119421	ensembl_gene	ENSG00000119421	7692	4702	CI-19KD|CI-PGIV|MC1DN37|PGIV	resolved	mygene.info	pinned_local_build
NDUFA9	NDUFA9	ENSG00000139180	ensembl_gene	ENSG00000139180	7693	4704	CC6|CI-39k|CI39k|COQ11|MC1DN26|NDUFS2L|SDR22E1	resolved	mygene.info	pinned_local_build
NDUFAF1	NDUFAF1	ENSG00000137806	ensembl_gene	ENSG00000137806	18828	51103	CGI-65|CGI65|CIA30|MC1DN11	resolved	mygene.info	pinned_local_build
NDUFAF2	NDUFAF2	ENSG00000164182	ensembl_gene	ENSG00000164182	28086	91942	B17.2L|MC1DN10|MMTN|NDUFA12L|mimitin	resolved	mygene.info	pinned_local_build
NDUFAF3	NDUFAF3	ENSG00000178057	ensembl_gene	ENSG00000178057	29918	25915	2P1|C3orf60|E3-3|MC1DN18	resolved	mygene.info	pinned_local_build
NDUFAF4	NDUFAF4	ENSG00000123545	ensembl_gene	ENSG00000123545	21034	29078	C6orf66|HRPAP20|HSPC125|MC1DN15|My013|bA22L21.1	resolved	mygene.info	pinned_local_build
NDUFAF5	NDUFAF5	ENSG00000101247	ensembl_gene	ENSG00000101247	15899	79133	C20orf7|MC1DN16|bA526K24.2|dJ842G6.1	resolved	mygene.info	pinned_local_build
NDUFAF6	NDUFAF6	ENSG00000156170	ensembl_gene	ENSG00000156170	28625	137682	C8orf38|FRTS5|MC1DN17|lncREST	resolved	mygene.info	pinned_local_build
NDUFAF7	NDUFAF7	ENSG00000003509	ensembl_gene	ENSG00000003509	28816	55471	C2orf56|MidA|PRO1853	resolved	mygene.info	pinned_local_build
NDUFB10	NDUFB10	ENSG00000291930	ensembl_gene	ENSG00000291930	7696	4716	MC1DN35|PDSW	resolved	mygene.info	pinned_local_build
NDUFB11	NDUFB11	ENSG00000147123	ensembl_gene	ENSG00000147123	20372	54539	CI-ESSS|ESSS|MC1DN30|NP17.3|Np15|P17.3	resolved	mygene.info	pinned_local_build
NDUFB3	NDUFB3	ENSG00000119013	ensembl_gene	ENSG00000119013	7698	4709	B12|CI-B12|MC1DN25	resolved	mygene.info	pinned_local_build
NDUFB6	NDUFB6	ENSG00000165264	ensembl_gene	ENSG00000165264	7701	4712	B17|CI	resolved	mygene.info	pinned_local_build
NDUFB9	NDUFB9	ENSG00000147684	ensembl_gene	ENSG00000147684	7704	4715	B22|CI-B22|LYRM3|MC1DN24|UQOR22	resolved	mygene.info	pinned_local_build
NDUFS1	NDUFS1	ENSG00000023228	ensembl_gene	ENSG00000023228	7707	4719	CI-75Kd|CI-75k|MC1DN5|PRO1304	resolved	mygene.info	pinned_local_build
NDUFS2	NDUFS2	ENSG00000158864	ensembl_gene	ENSG00000158864	7708	4720	CI-49|LHONAR2|MC1DN6	resolved	mygene.info	pinned_local_build
NDUFS3	NDUFS3	ENSG00000213619	ensembl_gene	ENSG00000213619	7710	4722	CI-30|MC1DN8	resolved	mygene.info	pinned_local_build
NDUFS4	NDUFS4	ENSG00000164258	ensembl_gene	ENSG00000164258	7711	4724	AQDQ|CI-18|CI-18 kDa|CI-AQDQ|MC1DN1	resolved	mygene.info	pinned_local_build
NDUFS5	NDUFS5	ENSG00000168653	ensembl_gene	ENSG00000168653	7712	4725	CI-15k|CI15K	resolved	mygene.info	pinned_local_build
NDUFS6	NDUFS6	ENSG00000145494	ensembl_gene	ENSG00000145494	7713	4726	CI-13kA|CI-13kD-A|CI13KDA|MC1DN9	resolved	mygene.info	pinned_local_build
NDUFS7	NDUFS7	ENSG00000115286	ensembl_gene	ENSG00000115286	7714	374291	CI-20|CI-20KD|MC1DN3|MY017|PSST	resolved	mygene.info	pinned_local_build
NDUFS8	NDUFS8	ENSG00000110717	ensembl_gene	ENSG00000110717	7715	4728	CI-23k|CI23KD|MC1DN2|TYKY	resolved	mygene.info	pinned_local_build
NDUFV1	NDUFV1	ENSG00000167792	ensembl_gene	ENSG00000167792	7716	4723	CI-51K|CI51KD|MC1DN4|UQOR1	resolved	mygene.info	pinned_local_build
NDUFV2	NDUFV2	ENSG00000178127	ensembl_gene	ENSG00000178127	7717	4729	CI-24k|MC1DN7	resolved	mygene.info	pinned_local_build
NDUFV3	NDUFV3	ENSG00000160194	ensembl_gene	ENSG00000160194	7719	4731	CI-10k|CI-9KD	resolved	mygene.info	pinned_local_build
NEB	NEB	ENSG00000183091	ensembl_gene	ENSG00000183091	7720	4703	AMC6|NEB177D|NEM2	resolved	mygene.info	pinned_local_build
NEBL	NEBL	ENSG00000078114	ensembl_gene	ENSG00000078114	16932	10529	C10orf113|LASP2|LNEBL|bA165O3.1	resolved	mygene.info	pinned_local_build
NECAP1	NECAP1	ENSG00000089818	ensembl_gene	ENSG00000089818	24539	25977	DEE21|EIEE21	resolved	mygene.info	pinned_local_build
NECTIN1	NECTIN1	ENSG00000110400	ensembl_gene	ENSG00000110400	9706	5818	CD111|CLPED1|ED4|HIgR|HV1S|HVEC|OFC7|PRR|PRR1|PVRL1|PVRR|PVRR1|SK-12|nectin-1	resolved	mygene.info	pinned_local_build
NECTIN2	NECTIN2	ENSG00000130202	ensembl_gene	ENSG00000130202	9707	5819	CD112|HVEB|PRR2|PVRL2|PVRR2	resolved	mygene.info	pinned_local_build
NECTIN3	NECTIN3	ENSG00000177707	ensembl_gene	ENSG00000177707	17664	25945	CD113|CDW113|NECTIN-3|PPR3|PRR3|PVRL3|PVRR3	resolved	mygene.info	pinned_local_build
NEDD4L	NEDD4L	ENSG00000049759	ensembl_gene	ENSG00000049759	7728	23327	NEDD4-2|NEDD4.2|PVNH7|RSP5|hNEDD4-2	resolved	mygene.info	pinned_local_build
NEFH	NEFH	ENSG00000100285	ensembl_gene	ENSG00000100285	7737	4744	CMT2CC|NFH	resolved	mygene.info	pinned_local_build
NEFL	NEFL	ENSG00000277586	ensembl_gene	ENSG00000277586	7739	4747	CMT1F|CMT2E|CMTDIG|NF-L|NF68|NFL|PPP1R110	resolved	mygene.info	pinned_local_build
NEK8	NEK8	ENSG00000160602	ensembl_gene	ENSG00000160602	13387	284086	JCK|NEK12A|NPHP9|PKD8|RHPD2	resolved	mygene.info	pinned_local_build
NEK9	NEK9	ENSG00000119638	ensembl_gene	ENSG00000119638	18591	91754	APUG|LCCS10|NC|NERCC|NERCC1	resolved	mygene.info	pinned_local_build
NELFA	NELFA	ENSG00000185049	ensembl_gene	ENSG00000185049	12768	7469	NELF-A|P/OKcl.15|WHSC2	resolved	mygene.info	pinned_local_build
NEU1	NEU1	ENSG00000227315	ensembl_gene	ENSG00000227315	7758	4758	NANH|NEU|SIAL1	resolved	mygene.info	pinned_local_build
NEUROD2	NEUROD2	ENSG00000171532	ensembl_gene	ENSG00000171532	7763	4761	DEE72|EIEE72|NDRF|bHLHa1	resolved	mygene.info	pinned_local_build
NEXMIF	NEXMIF	ENSG00000050030	ensembl_gene	ENSG00000050030	29433	340533	KIAA2022|KIDLIA|MRX98|XLID98|XPN	resolved	mygene.info	pinned_local_build
NEXN	NEXN	ENSG00000162614	ensembl_gene	ENSG00000162614	29557	91624	CDM2M|CMH20|NELIN	resolved	mygene.info	pinned_local_build
NF1	NF1	ENSG00000196712	ensembl_gene	ENSG00000196712	7765	4763	NFNS|VRNF|WSS	resolved	mygene.info	pinned_local_build
NF2	NF2	ENSG00000186575	ensembl_gene	ENSG00000186575	7773	4771	ACN|BANF|SCH|SWNV|merlin-1	resolved	mygene.info	pinned_local_build
NFAT5	NFAT5	ENSG00000102908	ensembl_gene	ENSG00000102908	7774	10725	NF-AT5|NFATL1|NFATZ|OREBP|TONEBP	resolved	mygene.info	pinned_local_build
NFATC2IP	NFATC2IP	ENSG00000176953	ensembl_gene	ENSG00000176953	25906	84901	ESC2|NIP45|RAD60	resolved	mygene.info	pinned_local_build
NFIA	NFIA	ENSG00000162599	ensembl_gene	ENSG00000162599	7784	4774	BRMUTD|C1DELp32p31|CTF|DEL1P32P31|NF-I/A|NF1-A|NFI-A|NFI-L	resolved	mygene.info	pinned_local_build
NFIB	NFIB	ENSG00000147862	ensembl_gene	ENSG00000147862	7785	4781	CTF|HMGIC/NFIB|MACID|NF-I/B|NF1-B|NFI-B|NFI-RED|NFIB2|NFIB3	resolved	mygene.info	pinned_local_build
NFIX	NFIX	ENSG00000008441	ensembl_gene	ENSG00000008441	7788	4784	CTF|MALNS|MRSHSS|NF-I/X|NF1-X|NF1A|SOTOS2	resolved	mygene.info	pinned_local_build
NFKB2	NFKB2	ENSG00000077150	ensembl_gene	ENSG00000077150	7795	4791	CVID10|H2TF1|LYT-10|LYT10|NF-kB2|p100|p49/p100|p52	resolved	mygene.info	pinned_local_build
NFS1	NFS1	ENSG00000244005	ensembl_gene	ENSG00000244005	15910	9054	COXPD52|HUSSY-08|IscS|NIFS	resolved	mygene.info	pinned_local_build
NFU1	NFU1	ENSG00000169599	ensembl_gene	ENSG00000169599	16287	27247	CGI-33|HIRIP|HIRIP5|MMDFS|MMDS1|NIFUC|Nfu|NifU|SPG93	resolved	mygene.info	pinned_local_build
NGLY1	NGLY1	ENSG00000151092	ensembl_gene	ENSG00000151092	17646	55768	CDDG|CDG1V|PNG-1|PNG1|PNGase	resolved	mygene.info	pinned_local_build
NHEJ1	NHEJ1	ENSG00000187736	ensembl_gene	ENSG00000187736	25737	79840	IMD124|MCOPCB13|XLF	resolved	mygene.info	pinned_local_build
NHLRC1	NHLRC1	ENSG00000187566	ensembl_gene	ENSG00000187566	21576	378884	EPM2B|MALIN|MELF2|bA204B7.2	resolved	mygene.info	pinned_local_build
NHLRC2	NHLRC2	ENSG00000196865	ensembl_gene	ENSG00000196865	24731	374354	FINCA	resolved	mygene.info	pinned_local_build
NHP2	NHP2	ENSG00000145912	ensembl_gene	ENSG00000145912	14377	55651	DKCB2|NHP2P|NOLA2	resolved	mygene.info	pinned_local_build
NHS	NHS	ENSG00000188158	ensembl_gene	ENSG00000188158	7820	4810	CTRCT40|CXN	resolved	mygene.info	pinned_local_build
NID1	NID1	ENSG00000116962	ensembl_gene	ENSG00000116962	7821	4811	NID	resolved	mygene.info	pinned_local_build
NIN	NIN	ENSG00000100503	ensembl_gene	ENSG00000100503	14906	51199	SCKL7	resolved	mygene.info	pinned_local_build
NIPA1	NIPA1	ENSG00000170113	ensembl_gene	ENSG00000170113	17043	123606	FSP3|SLC57A1|SPG6	resolved	mygene.info	pinned_local_build
NIPA2	NIPA2	ENSG00000140157	ensembl_gene	ENSG00000140157	17044	81614	SLC57A2	resolved	mygene.info	pinned_local_build
NIPAL3	NIPAL3	ENSG00000001461	ensembl_gene	ENSG00000001461	25233	57185	DJ462O23.2|NPAL3|SLC57A5	resolved	mygene.info	pinned_local_build
NIPAL4	NIPAL4	ENSG00000172548	ensembl_gene	ENSG00000172548	28018	348938	ARCI6|ICHTHYIN|ICHYN|NIPA4|SLC57A6	resolved	mygene.info	pinned_local_build
NIPBL	NIPBL	ENSG00000164190	ensembl_gene	ENSG00000164190	28862	25836	CDLS|CDLS1|IDN3|IDN3-B|Scc2	resolved	mygene.info	pinned_local_build
NKAIN2	NKAIN2	ENSG00000188580	ensembl_gene	ENSG00000188580	16443	154215	FAM77B|NKAIP2|TCBA|TCBA1	resolved	mygene.info	pinned_local_build
NKX2-1	NKX2-1	ENSG00000136352	ensembl_gene	ENSG00000136352	11825	7080	BCH|BHC|NK-2|NKX2.1|NKX2A|NMTC1|T/EBP|TEBP|TITF1|TTF-1|TTF1	resolved	mygene.info	pinned_local_build
NKX2-2	NKX2-2	ENSG00000125820	ensembl_gene	ENSG00000125820	7835	4821	NKX2.2|NKX2B	resolved	mygene.info	pinned_local_build
NKX2-5	NKX2-5	ENSG00000183072	ensembl_gene	ENSG00000183072	2488	1482	CHNG5|CSX|CSX1|HLHS2|NKX2.5|NKX2E|NKX4-1|VSD3	resolved	mygene.info	pinned_local_build
NKX2-6	NKX2-6	ENSG00000180053	ensembl_gene	ENSG00000180053	32940	137814	CSX2|CTHM|NKX2F|NKX4-2	resolved	mygene.info	pinned_local_build
NLGN1	NLGN1	ENSG00000169760	ensembl_gene	ENSG00000169760	14291	22871	NL1|NLG1	resolved	mygene.info	pinned_local_build
NLGN2	NLGN2	ENSG00000169992	ensembl_gene	ENSG00000169992	14290	57555		resolved	mygene.info	pinned_local_build
NLGN3	NLGN3	ENSG00000196338	ensembl_gene	ENSG00000196338	14289	54413	HNL3	resolved	mygene.info	pinned_local_build
NLGN4X	NLGN4X	ENSG00000146938	ensembl_gene	ENSG00000146938	14287	57502	ASPGX2|AUTSX2|HLNX|HNL4X|NLGN4	resolved	mygene.info	pinned_local_build
NLRP3	NLRP3	ENSG00000162711	ensembl_gene	ENSG00000162711	16400	114548	AGTAVPRL|AII|AVP|C1orf7|CIAS1|CLR1.1|DFNA34|FCAS|FCAS1|FCU|KEFH|MWS|NALP3|PYPAF1	resolved	mygene.info	pinned_local_build
NME1	NME1	ENSG00000239672	ensembl_gene	ENSG00000239672	7849	4830	AWD|GAAD|NB|NBS|NDK1|NDKA|NDPK A|NDPK-A|NDPKA|NM23|NM23-H1	resolved	mygene.info	pinned_local_build
NMNAT1	NMNAT1	ENSG00000173614	ensembl_gene	ENSG00000173614	17877	64802	LCA9|NMNAT|PNAT1|SHILCA	resolved	mygene.info	pinned_local_build
NNT	NNT	ENSG00000112992	ensembl_gene	ENSG00000112992	7863	23530	GCCD4	resolved	mygene.info	pinned_local_build
NODAL	NODAL	ENSG00000156574	ensembl_gene	ENSG00000156574	7865	4838	HTX5	resolved	mygene.info	pinned_local_build
NOG	NOG	ENSG00000183691	ensembl_gene	ENSG00000183691	7866	9241	SYM1|SYNS1|SYNS1A	resolved	mygene.info	pinned_local_build
NOL3	NOL3	ENSG00000140939	ensembl_gene	ENSG00000140939	7869	8996	ARC|FCM|MYOCL1|MYP|NOP|NOP30	resolved	mygene.info	pinned_local_build
NONO	NONO	ENSG00000147140	ensembl_gene	ENSG00000147140	7871	4841	MRXS34|NMT55|NRB54|P54|P54NRB|PPP1R114	resolved	mygene.info	pinned_local_build
NOP10	NOP10	ENSG00000182117	ensembl_gene	ENSG00000182117	14378	55505	CHINE2|DKCB1|NOLA3|NOP10P|PFBMFT9	resolved	mygene.info	pinned_local_build
NOP56	NOP56	ENSG00000101361	ensembl_gene	ENSG00000101361	15911	10528	NOL5A|SCA36	resolved	mygene.info	pinned_local_build
NOS1	NOS1	ENSG00000089250	ensembl_gene	ENSG00000089250	7872	4842	IHPS1|N-NOS|NC-NOS|NOS|bNOS|nNOS	resolved	mygene.info	pinned_local_build
NOS1AP	NOS1AP	ENSG00000198929	ensembl_gene	ENSG00000198929	16859	9722	6330408P19Rik|CAPON|NPHS22	resolved	mygene.info	pinned_local_build
NOTCH1	NOTCH1	ENSG00000148400	ensembl_gene	ENSG00000148400	7881	4851	AOS5|AOVD1|TAN1|hN1	resolved	mygene.info	pinned_local_build
NOTCH2	NOTCH2	ENSG00000134250	ensembl_gene	ENSG00000134250	7882	4853	AGS2|HJCYS|hN2	resolved	mygene.info	pinned_local_build
NOTCH3	NOTCH3	ENSG00000074181	ensembl_gene	ENSG00000074181	7883	4854	CADASIL|CADASIL1|CARASIL1|CASIL|FPLD1|IMF2|LMNS	resolved	mygene.info	pinned_local_build
NOVA2	NOVA2	ENSG00000104967	ensembl_gene	ENSG00000104967	7887	4858	ANOVA|NEDASB|NOVA-2|NOVA3	resolved	mygene.info	pinned_local_build
NOX1	NOX1	ENSG00000007952	ensembl_gene	ENSG00000007952	7889	27035	GP91-2|MOX1|NOH-1|NOH-1L|NOH1	resolved	mygene.info	pinned_local_build
NPAP1	NPAP1	ENSG00000185823	ensembl_gene	ENSG00000185823	1190	23742	C15orf2	resolved	mygene.info	pinned_local_build
NPAT	NPAT	ENSG00000149308	ensembl_gene	ENSG00000149308	7896	4863	E14|E14/NPAT|p220	resolved	mygene.info	pinned_local_build
NPC1	NPC1	ENSG00000141458	ensembl_gene	ENSG00000141458	7897	4864	NPC|POGZ|SLC65A1	resolved	mygene.info	pinned_local_build
NPC2	NPC2	ENSG00000119655	ensembl_gene	ENSG00000119655	14537	10577	EDDM1|HE1	resolved	mygene.info	pinned_local_build
NPHP1	NPHP1	ENSG00000144061	ensembl_gene	ENSG00000144061	7905	4867	JBTS4|NPH1|SLSN1	resolved	mygene.info	pinned_local_build
NPHP3	NPHP3	ENSG00000113971	ensembl_gene	ENSG00000113971	7907	27031	CFAP31|MKS7|NPH3|RHPD|RHPD1|SLSN3	resolved	mygene.info	pinned_local_build
NPHP4	NPHP4	ENSG00000131697	ensembl_gene	ENSG00000131697	19104	261734	POC10|SLSN4	resolved	mygene.info	pinned_local_build
NPHS1	NPHS1	ENSG00000161270	ensembl_gene	ENSG00000161270	7908	4868	CNF|NPHN|nephrin	resolved	mygene.info	pinned_local_build
NPHS2	NPHS2	ENSG00000116218	ensembl_gene	ENSG00000116218	13394	7827	PDCN|SRN1	resolved	mygene.info	pinned_local_build
NPPA	NPPA	ENSG00000175206	ensembl_gene	ENSG00000175206	7939	4878	ANF|ANP|ATFB6|ATRST2|CDD|CDD-ANF|CDP|PND	resolved	mygene.info	pinned_local_build
NPPC	NPPC	ENSG00000163273	ensembl_gene	ENSG00000163273	7941	4880	CNP|CNP2	resolved	mygene.info	pinned_local_build
NPR2	NPR2	ENSG00000159899	ensembl_gene	ENSG00000159899	7944	4882	AMDM|ANPRB|ANPb|ECDM|GC-B|GCB|GUC2B|GUCY2B|NPRB|NPRBi|SNSK	resolved	mygene.info	pinned_local_build
NPR3	NPR3	ENSG00000113389	ensembl_gene	ENSG00000113389	7945	4883	ANP-C|ANPR-C|ANPRC|BOMOS|C5orf23|GUCY2B|NPR-C|NPRC	resolved	mygene.info	pinned_local_build
NPRL2	NPRL2	ENSG00000114388	ensembl_gene	ENSG00000114388	24969	10641	FFEVF2|NPR2|NPR2L|TUSC4	resolved	mygene.info	pinned_local_build
NPRL3	NPRL3	ENSG00000103148	ensembl_gene	ENSG00000103148	14124	8131	C16orf35|CGTHBA|FFEVF3|HS-40|MARE|NPR3|RMD11	resolved	mygene.info	pinned_local_build
NPY	NPY	ENSG00000122585	ensembl_gene	ENSG00000122585	7955	4852	PYY4	resolved	mygene.info	pinned_local_build
NR0B1	NR0B1	ENSG00000169297	ensembl_gene	ENSG00000169297	7960	190	AHC|AHCH|AHX|DAX-1|DAX1|DSS|GTD|HHG|NROB1|SRXY2	resolved	mygene.info	pinned_local_build
NR1H4	NR1H4	ENSG00000012504	ensembl_gene	ENSG00000012504	7967	9971	BAR|FXR|HRR-1|HRR1|PFIC5|RIP14	resolved	mygene.info	pinned_local_build
NR2F1	NR2F1	ENSG00000175745	ensembl_gene	ENSG00000175745	7975	7025	BBOAS|BBSOAS|COUP-TFI|COUPTF1|EAR-3|EAR3|ERBAL3|SVP44|TCFCOUP1|TFCOUP1	resolved	mygene.info	pinned_local_build
NR2F2	NR2F2	ENSG00000185551	ensembl_gene	ENSG00000185551	7976	7026	ARP-1|ARP1|CHTD4|COUPTF2|COUPTFB|COUPTFII|NF-E3|SRXX5|SVP40|TFCOUP2	resolved	mygene.info	pinned_local_build
NR3C1	NR3C1	ENSG00000113580	ensembl_gene	ENSG00000113580	7978	2908	GCCR|GCR|GCRST|GR|GRL	resolved	mygene.info	pinned_local_build
NR4A2	NR4A2	ENSG00000153234	ensembl_gene	ENSG00000153234	7981	4929	HZF-3|IDLDP|NOT|NURR1|RNR1|TINUR	resolved	mygene.info	pinned_local_build
NR5A1	NR5A1	ENSG00000136931	ensembl_gene	ENSG00000136931	7983	2516	AD4BP|ELP|FTZ1|FTZF1|POF7|SF-1|SF1|SPGF8|SRXX4|SRXY3|hSF-1	resolved	mygene.info	pinned_local_build
NRAS	NRAS	ENSG00000213281	ensembl_gene	ENSG00000213281	7989	4893	ALPS4|CMNS|N-ras|NCMS|NRAS1|NS6|RALD1	resolved	mygene.info	pinned_local_build
NRDC	NRDC	ENSG00000078618	ensembl_gene	ENSG00000078618	7995	4898	NRD1|hNRD1|hNRD2	resolved	mygene.info	pinned_local_build
NRROS	NRROS	ENSG00000174004	ensembl_gene	ENSG00000174004	24613	375387	ELLP3030|GARPL1|LRRC33|SENEBAC|UNQ3030	resolved	mygene.info	pinned_local_build
NRTN	NRTN	ENSG00000171119	ensembl_gene	ENSG00000171119	8007	4902	NTN	resolved	mygene.info	pinned_local_build
NRXN1	NRXN1	ENSG00000179915	ensembl_gene	ENSG00000179915	8008	9378	Hs.22998|PTHSL2|SCZD17	resolved	mygene.info	pinned_local_build
NRXN2	NRXN2	ENSG00000110076	ensembl_gene	ENSG00000110076	8009	9379		resolved	mygene.info	pinned_local_build
NRXN3	NRXN3	ENSG00000021645	ensembl_gene	ENSG00000021645	8010	9369	C14orf60	resolved	mygene.info	pinned_local_build
NSD1	NSD1	ENSG00000165671	ensembl_gene	ENSG00000165671	14234	64324	ARA267|KMT3B|SOTOS|SOTOS1|STO	resolved	mygene.info	pinned_local_build
NSD2	NSD2	ENSG00000109685	ensembl_gene	ENSG00000109685	12766	7468	KMT3F|KMT3G|MMSET|RAUST|REIIBP|TRX5|WHS|WHSC1	resolved	mygene.info	pinned_local_build
NSDHL	NSDHL	ENSG00000147383	ensembl_gene	ENSG00000147383	13398	50814	H105E3|SDR31E1|XAP104	resolved	mygene.info	pinned_local_build
NSF	NSF	ENSG00000276262	ensembl_gene	ENSG00000276262	8016	4905	DEE96|SEC18|SKD2	resolved	mygene.info	pinned_local_build
NSRP1	NSRP1	ENSG00000126653	ensembl_gene	ENSG00000126653	25305	84081	CCDC55|HSPC095|NEDSSBA|NSrp70	resolved	mygene.info	pinned_local_build
NSUN2	NSUN2	ENSG00000037474	ensembl_gene	ENSG00000037474	25994	54888	MISU|MRT5|SAKI|TRM4	resolved	mygene.info	pinned_local_build
NSUN3	NSUN3	ENSG00000178694	ensembl_gene	ENSG00000178694	26208	63899	COXPD48|MST077|MSTP077	resolved	mygene.info	pinned_local_build
NT5C2	NT5C2	ENSG00000076685	ensembl_gene	ENSG00000076685	8022	22978	GMP|NT5B|PNT5|SPG45|SPG65|cN-II	resolved	mygene.info	pinned_local_build
NTNG1	NTNG1	ENSG00000162631	ensembl_gene	ENSG00000162631	23319	22854	Lmnt1|NetG1|NetrinG1	resolved	mygene.info	pinned_local_build
NTRK1	NTRK1	ENSG00000198400	ensembl_gene	ENSG00000198400	8031	4914	MTC|TRK|TRK1|TRKA|Trk-A|p140-TrkA	resolved	mygene.info	pinned_local_build
NTRK2	NTRK2	ENSG00000148053	ensembl_gene	ENSG00000148053	8032	4915	DEE58|EIEE58|GP145-TrkB|OBHD|TRKB|trk-B	resolved	mygene.info	pinned_local_build
NUBPL	NUBPL	ENSG00000151413	ensembl_gene	ENSG00000151413	20278	80224	C14orf127|IND1|MC1DN21|huInd1	resolved	mygene.info	pinned_local_build
NUP107	NUP107	ENSG00000111581	ensembl_gene	ENSG00000111581	29914	57122	GAMOS7|NPHS11|NUP84|ODG6|ODG6; GAMOS7	resolved	mygene.info	pinned_local_build
NUP133	NUP133	ENSG00000069248	ensembl_gene	ENSG00000069248	18016	55746	GAMOS8|NPHS18|hNUP133	resolved	mygene.info	pinned_local_build
NUP214	NUP214	ENSG00000126883	ensembl_gene	ENSG00000126883	8064	8021	CAIN|CAN|IIAE9	resolved	mygene.info	pinned_local_build
NUP62	NUP62	ENSG00000213024	ensembl_gene	ENSG00000213024	8066	23636	IBSN|SNDI|p62	resolved	mygene.info	pinned_local_build
NUS1	NUS1	ENSG00000153989	ensembl_gene	ENSG00000153989	21042	116150	C6orf68|CDG1AA|MGC:7199|MRD55|NgBR|TANGO14	resolved	mygene.info	pinned_local_build
NUTF2	NUTF2	ENSG00000102898	ensembl_gene	ENSG00000102898	13722	10204	NTF-2|NTF2|PP15	resolved	mygene.info	pinned_local_build
NXF5	NXF5	ENSG00000290798	ensembl_gene	ENSG00000290798	8075	55998		resolved	mygene.info	pinned_local_build
NXNL1	NXNL1	ENSG00000171773	ensembl_gene	ENSG00000171773	25179	115861	RDCVF|TXNL6	resolved	mygene.info	pinned_local_build
NYNRIN	NYNRIN	ENSG00000205978	ensembl_gene	ENSG00000205978	20165	57523	CGIN1|KIAA1305	resolved	mygene.info	pinned_local_build
OAS1	OAS1	ENSG00000089127	ensembl_gene	ENSG00000089127	8086	4938	E18/E16|IFI-4|IMD100|OIAS|OIASI	resolved	mygene.info	pinned_local_build
OAT	OAT	ENSG00000065154	ensembl_gene	ENSG00000065154	8091	4942	GACR|HOGA|OATASE|OKT	resolved	mygene.info	pinned_local_build
OBSL1	OBSL1	ENSG00000124006	ensembl_gene	ENSG00000124006	29092	23363		resolved	mygene.info	pinned_local_build
OCA2	OCA2	ENSG00000104044	ensembl_gene	ENSG00000104044	8101	4948	BEY|BEY1|BEY2|BOCA|D15S12|EYCL|EYCL2|EYCL3|HCL3|P|PED|SHEP1|SLC13B1	resolved	mygene.info	pinned_local_build
OCLN	OCLN	ENSG00000197822	ensembl_gene	ENSG00000197822	8104	100506658	BLCPMG|PPP1R115|PTORCH1	resolved	mygene.info	pinned_local_build
OCRL	OCRL	ENSG00000122126	ensembl_gene	ENSG00000122126	8108	4952	DENT2|Dent-2|LOCR|OCRL-1|OCRL1	resolved	mygene.info	pinned_local_build
OFD1	OFD1	ENSG00000046651	ensembl_gene	ENSG00000046651	2567	8481	71-7A|CXorf5|JBTS10|RP23|SGBS2	resolved	mygene.info	pinned_local_build
OGDHL	OGDHL	ENSG00000197444	ensembl_gene	ENSG00000197444	25590	55753	YOBELN	resolved	mygene.info	pinned_local_build
OGT	OGT	ENSG00000147162	ensembl_gene	ENSG00000147162	8127	8473	HINCUT-1|HRNT1|MRX106|O-GLCNAC|OGT1|XLID106	resolved	mygene.info	pinned_local_build
OMG	OMG	ENSG00000291720	ensembl_gene	ENSG00000291720	8135	4974	OMGP	resolved	mygene.info	pinned_local_build
OPA1	OPA1	ENSG00000198836	ensembl_gene	ENSG00000198836	8140	4976	BERHS|MGM1|MTDPS14|MTDPS14A|MTDPS14B|NPG|NTG|largeG	resolved	mygene.info	pinned_local_build
OPA3	OPA3	ENSG00000125741	ensembl_gene	ENSG00000125741	8142	80207	MGA3	resolved	mygene.info	pinned_local_build
OPHN1	OPHN1	ENSG00000079482	ensembl_gene	ENSG00000079482	8148	4983	ARHGAP41|MRX60|MRXSBL|OPN1	resolved	mygene.info	pinned_local_build
OPTC	OPTC	ENSG00000188770	ensembl_gene	ENSG00000188770	8158	26254	OPT	resolved	mygene.info	pinned_local_build
OPTN	OPTN	ENSG00000123240	ensembl_gene	ENSG00000123240	17142	10133	ALS12|FIP2|GLC1E|HIP7|HYPL|NRP|TFIIIA-INTP	resolved	mygene.info	pinned_local_build
OR2W3	OR2W3	ENSG00000238243	ensembl_gene	ENSG00000238243	15021	343171	OR2W3P|OR2W8P|OST718	resolved	mygene.info	pinned_local_build
ORAI1	ORAI1	ENSG00000276045	ensembl_gene	ENSG00000276045				resolved	mygene.info	pinned_local_build
ORC1	ORC1	ENSG00000085840	ensembl_gene	ENSG00000085840	8487	4998	HSORC1|ORC1L|PARC1	resolved	mygene.info	pinned_local_build
ORC4	ORC4	ENSG00000115947	ensembl_gene	ENSG00000115947	8490	5000	ORC4L|ORC4P	resolved	mygene.info	pinned_local_build
ORC6	ORC6	ENSG00000091651	ensembl_gene	ENSG00000091651	17151	23594	ORC6L	resolved	mygene.info	pinned_local_build
OSBPL2	OSBPL2	ENSG00000130703	ensembl_gene	ENSG00000130703	15761	9885	DFNA67|DIDA|DNFA67|ORP-2|ORP2	resolved	mygene.info	pinned_local_build
OSGEP	OSGEP	ENSG00000291794	ensembl_gene	ENSG00000291794	18028	55644	GAMOS3|GCPL1|KAE1|OSGEP1|PRSMG1|TCS3	resolved	mygene.info	pinned_local_build
OSTM1	OSTM1	ENSG00000081087	ensembl_gene	ENSG00000081087	21652	28962	GIPN|GL|HSPC019|OPTB5	resolved	mygene.info	pinned_local_build
OTC	OTC	ENSG00000036473	ensembl_gene	ENSG00000036473	8512	5009	OCTD|OTC1|OTCD|OTCase	resolved	mygene.info	pinned_local_build
OTOA	OTOA	ENSG00000284559	ensembl_gene	ENSG00000284559	16378	146183	CT108|DFNB22	resolved	mygene.info	pinned_local_build
OTOF	OTOF	ENSG00000115155	ensembl_gene	ENSG00000115155	8515	9381	AUNB1|DFNB6|DFNB9|FER1L2|NSRD9	resolved	mygene.info	pinned_local_build
OTOG	OTOG	ENSG00000188162	ensembl_gene	ENSG00000188162	8516	340990	DFNB18B|MLEMP|OTGN	resolved	mygene.info	pinned_local_build
OTOGL	OTOGL	ENSG00000165899	ensembl_gene	ENSG00000165899	26901	283310	C12orf64|DFNB84B	resolved	mygene.info	pinned_local_build
OTUD5	OTUD5	ENSG00000068308	ensembl_gene	ENSG00000068308	25402	55593	DUBA|MCAND	resolved	mygene.info	pinned_local_build
OTUD6B	OTUD6B	ENSG00000155100	ensembl_gene	ENSG00000155100	24281	51633	CGI-77|DUBA-5|DUBA5|IDDFSDA	resolved	mygene.info	pinned_local_build
OTX2	OTX2	ENSG00000165588	ensembl_gene	ENSG00000165588	8522	5015	CPHD6|MCOPS5	resolved	mygene.info	pinned_local_build
OXA1L	OXA1L	ENSG00000155463	ensembl_gene	ENSG00000155463	8526	5018	OXA1|OXA1L1	resolved	mygene.info	pinned_local_build
OXCT1	OXCT1	ENSG00000083720	ensembl_gene	ENSG00000083720	8527	5019	OXCT|SCOT	resolved	mygene.info	pinned_local_build
OXR1	OXR1	ENSG00000164830	ensembl_gene	ENSG00000164830	15822	55074	CHEGDD|Nbla00307|TLDC3	resolved	mygene.info	pinned_local_build
P2RX2	P2RX2	ENSG00000187848	ensembl_gene	ENSG00000187848	15459	22953	DFNA41|P2X2	resolved	mygene.info	pinned_local_build
P3H1	P3H1	ENSG00000117385	ensembl_gene	ENSG00000117385	19316	64175	GROS1|LEPRE1|OI8	resolved	mygene.info	pinned_local_build
P4HA1	P4HA1	ENSG00000122884	ensembl_gene	ENSG00000122884	8546	5033	P4HA	resolved	mygene.info	pinned_local_build
P4HTM	P4HTM	ENSG00000178467	ensembl_gene	ENSG00000178467	28858	54681	EGLN4|HIDEA|HIFPH4|P4H-TM|PH-4|PH4|PHD4	resolved	mygene.info	pinned_local_build
PABPN1	PABPN1	ENSG00000100836	ensembl_gene	ENSG00000100836	8565	8106	OPMD|PAB2|PABII|PABP-2|PABP2	resolved	mygene.info	pinned_local_build
PACS1	PACS1	ENSG00000175115	ensembl_gene	ENSG00000175115	30032	55690	MRD17|SHMS	resolved	mygene.info	pinned_local_build
PACS2	PACS2	ENSG00000179364	ensembl_gene	ENSG00000179364	23794	23241	DEE66|EIEE66|PACS-2|PACS1L	resolved	mygene.info	pinned_local_build
PAFAH1B1	PAFAH1B1	ENSG00000007168	ensembl_gene	ENSG00000007168	8574	5048	LIS1|LIS2|MDCR|MDS|NudF|PAFAH	resolved	mygene.info	pinned_local_build
PAH	PAH	ENSG00000171759	ensembl_gene	ENSG00000171759	8582	5053	PH|PKU|PKU1	resolved	mygene.info	pinned_local_build
PAK1	PAK1	ENSG00000149269	ensembl_gene	ENSG00000149269	8590	5058	IDDMSSD|PAKalpha|alpha-PAK|p65-PAK	resolved	mygene.info	pinned_local_build
PAK2	PAK2	ENSG00000180370	ensembl_gene	ENSG00000180370	8591	5062	KNO2|PAK65|PAKgamma	resolved	mygene.info	pinned_local_build
PAK3	PAK3	ENSG00000077264	ensembl_gene	ENSG00000077264	8592	5063	ARA|MRX30|MRX47|OPHN3|PAK-3|PAK3beta|XLID30|bPAK|beta-PAK	resolved	mygene.info	pinned_local_build
PALB2	PALB2	ENSG00000083093	ensembl_gene	ENSG00000083093	26144	79728	BROVCA5|FANCN|PNCA3	resolved	mygene.info	pinned_local_build
PALM	PALM	ENSG00000099864	ensembl_gene	ENSG00000099864	8594	5064	PALM1	resolved	mygene.info	pinned_local_build
PANK2	PANK2	ENSG00000125779	ensembl_gene	ENSG00000125779	15894	80025	C20orf48|HARP|HSS|NBIA1|PKAN	resolved	mygene.info	pinned_local_build
PARK7	PARK7	ENSG00000116288	ensembl_gene	ENSG00000116288	16369	11315	DJ-1|DJ1|GATD2|HEL-S-67p	resolved	mygene.info	pinned_local_build
PARN	PARN	ENSG00000274829	ensembl_gene	ENSG00000274829	8609	5073	DAN|DKCB6|PFBMFT4	resolved	mygene.info	pinned_local_build
PARP6	PARP6	ENSG00000137817	ensembl_gene	ENSG00000137817	26921	56965	ARTD17|PARP-6-B1|PARP-6-C|pART17	resolved	mygene.info	pinned_local_build
PARS2	PARS2	ENSG00000162396	ensembl_gene	ENSG00000162396	30563	25973	DEE75|EIEE75|MT-PRORS|proRS	resolved	mygene.info	pinned_local_build
PAX1	PAX1	ENSG00000125813	ensembl_gene	ENSG00000125813	8615	5075	HUP48|OFC2|OTFCS2	resolved	mygene.info	pinned_local_build
PAX2	PAX2	ENSG00000075891	ensembl_gene	ENSG00000075891	8616	5076	FSGS7|PAPRS|PAX-2	resolved	mygene.info	pinned_local_build
PAX3	PAX3	ENSG00000135903	ensembl_gene	ENSG00000135903	8617	5077	CDHS|HUP2|PAX-3|WS1|WS3	resolved	mygene.info	pinned_local_build
PAX6	PAX6	ENSG00000007372	ensembl_gene	ENSG00000007372	8620	5080	AN|AN1|AN2|ASGD5|D11S812E|FVH1|MGDA|WAGR	resolved	mygene.info	pinned_local_build
PBX1	PBX1	ENSG00000185630	ensembl_gene	ENSG00000185630	8632	5087	CAKUHED	resolved	mygene.info	pinned_local_build
PC	PC	ENSG00000173599	ensembl_gene	ENSG00000173599	8636	5091	PCB	resolved	mygene.info	pinned_local_build
PCBD1	PCBD1	ENSG00000166228	ensembl_gene	ENSG00000166228	8646	5092	DCOH|PCBD|PCD|PHS	resolved	mygene.info	pinned_local_build
PCCA	PCCA	ENSG00000175198	ensembl_gene	ENSG00000175198	8653	5095		resolved	mygene.info	pinned_local_build
PCCB	PCCB	ENSG00000114054	ensembl_gene	ENSG00000114054	8654	5096		resolved	mygene.info	pinned_local_build
PCDH12	PCDH12	ENSG00000113555	ensembl_gene	ENSG00000113555	8657	51294	DMJDS1|VE-cadherin-2|VECAD2	resolved	mygene.info	pinned_local_build
PCDH15	PCDH15	ENSG00000150275	ensembl_gene	ENSG00000150275	14674	65217	CDHR15|DFNB23|USH1F	resolved	mygene.info	pinned_local_build
PCDH19	PCDH19	ENSG00000165194	ensembl_gene	ENSG00000165194	14270	57526	DEE9|EFMR|EIEE9	resolved	mygene.info	pinned_local_build
PCDH7	PCDH7	ENSG00000169851	ensembl_gene	ENSG00000169851	8659	5099	BH-Pcdh|BHPCDH|PPP1R120	resolved	mygene.info	pinned_local_build
PCDHB4	PCDHB4	ENSG00000291676	ensembl_gene	ENSG00000291676	8689	56131	PCDH-BETA4	resolved	mygene.info	pinned_local_build
PCDHGC4	PCDHGC4	ENSG00000242419	ensembl_gene	ENSG00000242419	8717	56098	NEDGS|PCDH-GAMMA-C4	resolved	mygene.info	pinned_local_build
PCK1	PCK1	ENSG00000124253	ensembl_gene	ENSG00000124253	8724	5105	PCKDC|PEPCK-C|PEPCK1|PEPCKC	resolved	mygene.info	pinned_local_build
PCK2	PCK2	ENSG00000285241	ensembl_gene	ENSG00000285241	8725	5106	PEPCK|PEPCK-M|PEPCK2|mtPCK2	resolved	mygene.info	pinned_local_build
PCLO	PCLO	ENSG00000186472	ensembl_gene	ENSG00000186472	13406	27445	ACZ|PCH3	resolved	mygene.info	pinned_local_build
PCNA	PCNA	ENSG00000132646	ensembl_gene	ENSG00000132646	8729	5111	ATLD2	resolved	mygene.info	pinned_local_build
PCNT	PCNT	ENSG00000160299	ensembl_gene	ENSG00000160299	16068	5116	KEN|MOPD2|PCN|PCNT2|PCNTB|PCTN2|SCKL4	resolved	mygene.info	pinned_local_build
PCSK1	PCSK1	ENSG00000175426	ensembl_gene	ENSG00000175426	8743	5122	BMIQ12|NEC1|PC1|PC1/3|PC3|SPC3	resolved	mygene.info	pinned_local_build
PCSK5	PCSK5	ENSG00000099139	ensembl_gene	ENSG00000099139	8747	5125	PC5|PC6|PC6A|SPC6	resolved	mygene.info	pinned_local_build
PCSK9	PCSK9	ENSG00000169174	ensembl_gene	ENSG00000169174	20001	255738	FH3|FHCL3|HCHOLA3|LDLCQ1|NARC-1|NARC1|PC9	resolved	mygene.info	pinned_local_build
PCYT2	PCYT2	ENSG00000185813	ensembl_gene	ENSG00000185813	8756	5833	ET|SPG82	resolved	mygene.info	pinned_local_build
PDCD1	PDCD1	ENSG00000188389	ensembl_gene	ENSG00000188389	8760	5133	ADMIO4|AIMTBS|CD279|PD-1|PD1|SLEB2|hPD-1|hPD-l|hSLE1	resolved	mygene.info	pinned_local_build
PDCD10	PDCD10	ENSG00000114209	ensembl_gene	ENSG00000114209	8761	11235	CCM3|TFAR15	resolved	mygene.info	pinned_local_build
PDE10A	PDE10A	ENSG00000112541	ensembl_gene	ENSG00000112541	8772	10846	ADSD2|HSPDE10A|IOLOD|PDE10A19	resolved	mygene.info	pinned_local_build
PDE2A	PDE2A	ENSG00000186642	ensembl_gene	ENSG00000186642	8777	5138	CGS-PDE|IDDPADS|PDE2A1|PED2A4|cGSPDE	resolved	mygene.info	pinned_local_build
PDE4D	PDE4D	ENSG00000113448	ensembl_gene	ENSG00000113448	8783	5144	ACRDYS2|DPDE3|HSPDE4D|PDE43|PDE4DN2|STRK1	resolved	mygene.info	pinned_local_build
PDE6D	PDE6D	ENSG00000156973	ensembl_gene	ENSG00000156973	8788	5147	JBTS22|PDED	resolved	mygene.info	pinned_local_build
PDE8B	PDE8B	ENSG00000284762	ensembl_gene	ENSG00000284762	8794	8622	ADSD|PPNAD3	resolved	mygene.info	pinned_local_build
PDGFB	PDGFB	ENSG00000100311	ensembl_gene	ENSG00000100311	8800	5155	IBGC5|PDGF-2|PDGF2|SIS|SSV|c-sis	resolved	mygene.info	pinned_local_build
PDGFRB	PDGFRB	ENSG00000113721	ensembl_gene	ENSG00000113721	8804	5159	CD140B|IBGC4|IMF1|JTK12|KOGS|OPDKD|PDGFR|PDGFR-1|PDGFR1|PENTT	resolved	mygene.info	pinned_local_build
PDHA1	PDHA1	ENSG00000131828	ensembl_gene	ENSG00000131828	8806	5160	E1alpha|PDHA|PDHAD|PDHCE1A|PHE1A	resolved	mygene.info	pinned_local_build
PDHB	PDHB	ENSG00000168291	ensembl_gene	ENSG00000168291	8808	5162	E1beta|PDHBD|PDHE1-B|PDHE1B|PHE1B	resolved	mygene.info	pinned_local_build
PDHX	PDHX	ENSG00000110435	ensembl_gene	ENSG00000110435	21350	8050	DLDBP|E3BP|OPDX|PDHXD|PDX1|proX	resolved	mygene.info	pinned_local_build
PDLIM3	PDLIM3	ENSG00000154553	ensembl_gene	ENSG00000154553	20767	27295	ALP	resolved	mygene.info	pinned_local_build
PDP1	PDP1	ENSG00000164951	ensembl_gene	ENSG00000164951	9279	54704	PDH|PDP|PDPC|PDPC 1|PPM2A|PPM2C	resolved	mygene.info	pinned_local_build
PDSS1	PDSS1	ENSG00000148459	ensembl_gene	ENSG00000148459	17759	23590	COQ1|COQ10D2|COQ1A|DPS|SPS|TPRT|TPT|TPT 1|hDPS1	resolved	mygene.info	pinned_local_build
PDSS2	PDSS2	ENSG00000164494	ensembl_gene	ENSG00000164494	23041	57107	C6orf210|COQ10D3|COQ1B|DLP1|bA59I9.3|hDLP1	resolved	mygene.info	pinned_local_build
PDX1	PDX1	ENSG00000139515	ensembl_gene	ENSG00000139515	6107	3651	GSF|IDX-1|IPF1|IUF1|MODY4|PAGEN1|PDX-1|STF-1	resolved	mygene.info	pinned_local_build
PDYN	PDYN	ENSG00000101327	ensembl_gene	ENSG00000101327	8820	5173	ADCA|PENKB|SCA23	resolved	mygene.info	pinned_local_build
PDZD7	PDZD7	ENSG00000186862	ensembl_gene	ENSG00000186862	26257	79955	DFNB57|PDZK7	resolved	mygene.info	pinned_local_build
PEAK1	PEAK1	ENSG00000173517	ensembl_gene	ENSG00000173517	29431	79834	SGK269	resolved	mygene.info	pinned_local_build
PEPD	PEPD	ENSG00000124299	ensembl_gene	ENSG00000124299	8840	5184	PROLIDASE	resolved	mygene.info	pinned_local_build
PET100	PET100	ENSG00000229833	ensembl_gene	ENSG00000229833	40038	100131801	C19orf79|MC4DN12	resolved	mygene.info	pinned_local_build
PET117	PET117	ENSG00000232838	ensembl_gene	ENSG00000232838	40045	100303755	CSRP2BP|MC4DN19	resolved	mygene.info	pinned_local_build
PEX1	PEX1	ENSG00000127980	ensembl_gene	ENSG00000127980	8850	5189	HMLR1|PBD1A|PBD1B|ZWS|ZWS1	resolved	mygene.info	pinned_local_build
PEX10	PEX10	ENSG00000157911	ensembl_gene	ENSG00000157911	8851	5192	NALD|PBD6A|PBD6B|RNF69	resolved	mygene.info	pinned_local_build
PEX11B	PEX11B	ENSG00000131779	ensembl_gene	ENSG00000131779	8853	8799	PEX11-BETA|PEX11beta|PEX14B	resolved	mygene.info	pinned_local_build
PEX12	PEX12	ENSG00000108733	ensembl_gene	ENSG00000108733	8854	5193	PAF-3|PBD3A	resolved	mygene.info	pinned_local_build
PEX13	PEX13	ENSG00000162928	ensembl_gene	ENSG00000162928	8855	5194	NALD|PBD11A|PBD11B|ZWS	resolved	mygene.info	pinned_local_build
PEX14	PEX14	ENSG00000142655	ensembl_gene	ENSG00000142655	8856	5195	NAPP2|PBD13A|Pex14p|dJ734G22.2	resolved	mygene.info	pinned_local_build
PEX16	PEX16	ENSG00000121680	ensembl_gene	ENSG00000121680	8857	9409	PBD8A|PBD8B	resolved	mygene.info	pinned_local_build
PEX19	PEX19	ENSG00000162735	ensembl_gene	ENSG00000162735	9713	5824	D1S2223E|HK33|PBD12A|PMP1|PMPI|PXF|PXMP1	resolved	mygene.info	pinned_local_build
PEX2	PEX2	ENSG00000164751	ensembl_gene	ENSG00000164751	9717	5828	PAF1|PBD5A|PBD5B|PMP3|PMP35|PXMP3|RNF72|ZWS3	resolved	mygene.info	pinned_local_build
PEX26	PEX26	ENSG00000215193	ensembl_gene	ENSG00000215193	22965	55670	PBD7A|PBD7B|PEX26M1T|Pex26pM1T	resolved	mygene.info	pinned_local_build
PEX3	PEX3	ENSG00000034693	ensembl_gene	ENSG00000034693	8858	8504	PBD10A|PBD10B|TRG18	resolved	mygene.info	pinned_local_build
PEX5	PEX5	ENSG00000139197	ensembl_gene	ENSG00000139197	9719	5830	PBD2A|PBD2B|PTS1-BP|PTS1R|PXR1|RCDP5	resolved	mygene.info	pinned_local_build
PEX6	PEX6	ENSG00000124587	ensembl_gene	ENSG00000124587	8859	5190	HMLR2|PAF-2|PAF2|PBD4A|PDB4B|PXAAA1	resolved	mygene.info	pinned_local_build
PEX7	PEX7	ENSG00000112357	ensembl_gene	ENSG00000112357	8860	5191	PBD9B|PTS2R|RCDP1|RD	resolved	mygene.info	pinned_local_build
PFKL	PFKL	ENSG00000141959	ensembl_gene	ENSG00000141959	8876	5211	ATP-PFK|PFK-B|PFK-L	resolved	mygene.info	pinned_local_build
PFKM	PFKM	ENSG00000152556	ensembl_gene	ENSG00000152556	8877	5213	ATP-PFK|GSD7|PFK-1|PFK-A|PFK1|PFKA|PFKX|PPP1R122	resolved	mygene.info	pinned_local_build
PFN1	PFN1	ENSG00000108518	ensembl_gene	ENSG00000108518	8881	5216	ALS18|PDB7	resolved	mygene.info	pinned_local_build
PGAM2	PGAM2	ENSG00000164708	ensembl_gene	ENSG00000164708	8889	5224	GSD10|PGAM-M|PGAMM	resolved	mygene.info	pinned_local_build
PGAP1	PGAP1	ENSG00000197121	ensembl_gene	ENSG00000197121	25712	80055	Bst1|ISPD3024|MRT42|NEDDSBA|SPG67	resolved	mygene.info	pinned_local_build
PGAP2	PGAP2	ENSG00000148985	ensembl_gene	ENSG00000148985	17893	27315	CWH43-N|FRAG1|HPMRS3|MRT17|MRT21	resolved	mygene.info	pinned_local_build
PGAP3	PGAP3	ENSG00000161395	ensembl_gene	ENSG00000161395	23719	93210	AGLA546|CAB2|PERLD1|PP1498|hCOS16	resolved	mygene.info	pinned_local_build
PGBD3	PGBD3		unknown_namespace		19400	267004		symbol_only	mygene.info	pinned_local_build
PGK1	PGK1	ENSG00000102144	ensembl_gene	ENSG00000102144	8896	5230	HEL-S-68p|MIG10|PGKA	resolved	mygene.info	pinned_local_build
PGM1	PGM1	ENSG00000079739	ensembl_gene	ENSG00000079739	8905	5236	CDG1T|GSD14	resolved	mygene.info	pinned_local_build
PGM2L1	PGM2L1	ENSG00000165434	ensembl_gene	ENSG00000165434	20898	283209	BM32A|NEDHFS|PMMLP	resolved	mygene.info	pinned_local_build
PGM3	PGM3	ENSG00000013375	ensembl_gene	ENSG00000013375	8907	5238	AGM1|IMD23|PAGM|PGM 3	resolved	mygene.info	pinned_local_build
PHACTR1	PHACTR1	ENSG00000112137	ensembl_gene	ENSG00000112137	20990	221692	DEE70|EIEE70|RPEL|RPEL1|dJ257A7.2	resolved	mygene.info	pinned_local_build
PHC1	PHC1	ENSG00000111752	ensembl_gene	ENSG00000111752	3182	1911	EDR1|HPH1|MCPH11|RAE28	resolved	mygene.info	pinned_local_build
PHF21A	PHF21A	ENSG00000135365	ensembl_gene	ENSG00000135365	24156	51317	BHC80|BM-006|IDDBCS|NEDMS	resolved	mygene.info	pinned_local_build
PHF3	PHF3	ENSG00000118482	ensembl_gene	ENSG00000118482	8921	23469		resolved	mygene.info	pinned_local_build
PHF6	PHF6	ENSG00000156531	ensembl_gene	ENSG00000156531	18145	84295	BFLS|BORJ|CENP-31	resolved	mygene.info	pinned_local_build
PHF8	PHF8	ENSG00000172943	ensembl_gene	ENSG00000172943	20672	23133	JHDM1F|KDM7B|MRXSSD|ZNF422	resolved	mygene.info	pinned_local_build
PHGDH	PHGDH	ENSG00000092621	ensembl_gene	ENSG00000092621	8923	26227	3-PGDH|3PGDH|HEL-S-113|NLS|NLS1|PDG|PGAD|PGD|PGDH|PHGDHD|SERA	resolved	mygene.info	pinned_local_build
PHIP	PHIP	ENSG00000146247	ensembl_gene	ENSG00000146247	15673	55023	BRWD2|CHUJANS|DCAF14|DIDOD|RepID|WDR11|ndrp	resolved	mygene.info	pinned_local_build
PHKA1	PHKA1	ENSG00000067177	ensembl_gene	ENSG00000067177	8925	5255	PHKA	resolved	mygene.info	pinned_local_build
PHKA2	PHKA2	ENSG00000044446	ensembl_gene	ENSG00000044446	8926	5256	GSD9A|PHK|PYK|PYKL|XLG|XLG2	resolved	mygene.info	pinned_local_build
PHKB	PHKB	ENSG00000102893	ensembl_gene	ENSG00000102893	8927	5257		resolved	mygene.info	pinned_local_build
PHKG2	PHKG2	ENSG00000156873	ensembl_gene	ENSG00000156873	8931	5261	GSD9C	resolved	mygene.info	pinned_local_build
PHOX2B	PHOX2B	ENSG00000109132	ensembl_gene	ENSG00000109132	9143	8929	CCHS|NBLST2|NBPhox|PMX2B	resolved	mygene.info	pinned_local_build
PHYH	PHYH	ENSG00000107537	ensembl_gene	ENSG00000107537	8940	5264	LN1|LNAP1|PAHX|PHYH1|RD	resolved	mygene.info	pinned_local_build
PI4K2A	PI4K2A	ENSG00000155252	ensembl_gene	ENSG00000155252	30031	55361	NEDMSB|PI4KII|PIK42A	resolved	mygene.info	pinned_local_build
PI4KA	PI4KA	ENSG00000241973	ensembl_gene	ENSG00000241973	8983	5297	GIDID2|PI4K-ALPHA|PIK4CA|PMGYCHA|SPG84|pi4K230	resolved	mygene.info	pinned_local_build
PIBF1	PIBF1	ENSG00000083535	ensembl_gene	ENSG00000083535	23352	10464	C13orf24|CEP90|JBTS33|PIBF	resolved	mygene.info	pinned_local_build
PIDD1	PIDD1	ENSG00000177595	ensembl_gene	ENSG00000177595	16491	55367	LRDD|MRT75|PIDD|altPIDD1	resolved	mygene.info	pinned_local_build
PIEZO1	PIEZO1	ENSG00000103335	ensembl_gene	ENSG00000103335	28993	9780	DHS|ER|FAM38A|LMPH3|LMPHM6|Mib	resolved	mygene.info	pinned_local_build
PIEZO2	PIEZO2	ENSG00000154864	ensembl_gene	ENSG00000154864	26270	63895	C18orf30|C18orf58|DA3|DA5|DAIPT|FAM38B|FAM38B2|HsT748|HsT771|MWKS	resolved	mygene.info	pinned_local_build
PIGA	PIGA	ENSG00000165195	ensembl_gene	ENSG00000165195	8957	5277	GPI3|MCAHS2|NEDEPH|PIG-A|PNH1	resolved	mygene.info	pinned_local_build
PIGB	PIGB	ENSG00000069943	ensembl_gene	ENSG00000069943	8959	9488	DEE80|EIEE80|GPI-MT-III|PIG-B	resolved	mygene.info	pinned_local_build
PIGC	PIGC	ENSG00000135845	ensembl_gene	ENSG00000135845	8960	5279	GPI2|GPIBD16|MRT62	resolved	mygene.info	pinned_local_build
PIGF	PIGF	ENSG00000151665	ensembl_gene	ENSG00000151665	8962	5281	OORS	resolved	mygene.info	pinned_local_build
PIGG	PIGG	ENSG00000174227	ensembl_gene	ENSG00000174227	25985	54872	EMM|GPI7|LAS21|MRT53|NEDHSCA|PRO4405|RLGS1930	resolved	mygene.info	pinned_local_build
PIGH	PIGH	ENSG00000100564	ensembl_gene	ENSG00000100564	8964	5283	GPI-H	resolved	mygene.info	pinned_local_build
PIGK	PIGK	ENSG00000142892	ensembl_gene	ENSG00000142892	8965	10026	GPI8|NEDHCAS	resolved	mygene.info	pinned_local_build
PIGL	PIGL	ENSG00000108474	ensembl_gene	ENSG00000108474	8966	9487	CHIME	resolved	mygene.info	pinned_local_build
PIGM	PIGM	ENSG00000143315	ensembl_gene	ENSG00000143315	18858	93183	GPI-MT-I	resolved	mygene.info	pinned_local_build
PIGN	PIGN	ENSG00000197563	ensembl_gene	ENSG00000197563	8967	23556	GPI-ETI|MCAHS|MCAHS1|MCD4|MDC4|PIG-N	resolved	mygene.info	pinned_local_build
PIGO	PIGO	ENSG00000165282	ensembl_gene	ENSG00000165282	23215	84720	HPMRS2|hGPCR43	resolved	mygene.info	pinned_local_build
PIGP	PIGP	ENSG00000185808	ensembl_gene	ENSG00000185808	3046	51227	DCRC|DCRC-S|DEE55|DSCR5|DSRC|EIEE55|PIG-P	resolved	mygene.info	pinned_local_build
PIGQ	PIGQ	ENSG00000007541	ensembl_gene	ENSG00000007541	14135	9091	DEE77|EIEE77|GPI1|GPIBD19|MCAHS4|c407A10.1	resolved	mygene.info	pinned_local_build
PIGS	PIGS	ENSG00000087111	ensembl_gene	ENSG00000087111	14937	94005	DEE95|GPIBD18|PIG-S	resolved	mygene.info	pinned_local_build
PIGT	PIGT	ENSG00000124155	ensembl_gene	ENSG00000124155	14938	51604	CGI-06|MCAHS3|NDAP|PIG-T|PNH2	resolved	mygene.info	pinned_local_build
PIGU	PIGU	ENSG00000101464	ensembl_gene	ENSG00000101464	15791	128869	CDC91L1|GAB1|GPIBD21|NEDBSS|PIG-U	resolved	mygene.info	pinned_local_build
PIGV	PIGV	ENSG00000060642	ensembl_gene	ENSG00000060642	26031	55650	GPI-MT-II|HPMRS1|PIG-V	resolved	mygene.info	pinned_local_build
PIGW	PIGW	ENSG00000275600	ensembl_gene	ENSG00000275600	23213	284098	Gwt1|HPMRS5	resolved	mygene.info	pinned_local_build
PIGX	PIGX	ENSG00000163964	ensembl_gene	ENSG00000163964	26046	54965	PIG-X	resolved	mygene.info	pinned_local_build
PIGY	PIGY	ENSG00000255072	ensembl_gene	ENSG00000255072	28213	84992	HPMRS6|PIG-Y	resolved	mygene.info	pinned_local_build
PIK3AP1	PIK3AP1	ENSG00000155629	ensembl_gene	ENSG00000155629	30034	118788	BCAP	resolved	mygene.info	pinned_local_build
PIK3C2B	PIK3C2B	ENSG00000133056	ensembl_gene	ENSG00000133056	8972	5287	C2-PI3K	resolved	mygene.info	pinned_local_build
PIK3CA	PIK3CA	ENSG00000121879	ensembl_gene	ENSG00000121879	8975	5290	CCM4|CLAPO|CLOVE|CWS5|HMH|MCAP|MCM|MCMTC|PI3K|PI3K-alpha|p110-alpha	resolved	mygene.info	pinned_local_build
PIK3CD	PIK3CD	ENSG00000171608	ensembl_gene	ENSG00000171608	8977	5293	APDS|IMD14|IMD14A|IMD14B|P110DELTA|PI3K|PI3Kdelta|ROCHIS|p110D	resolved	mygene.info	pinned_local_build
PIK3R1	PIK3R1	ENSG00000145675	ensembl_gene	ENSG00000145675	8979	5295	AGM7|GRB1|IMD36|p85|p85-ALPHA|p85alpha	resolved	mygene.info	pinned_local_build
PIK3R2	PIK3R2	ENSG00000105647	ensembl_gene	ENSG00000105647	8980	5296	MPPH|MPPH1|P85B|p85|p85-BETA|p85beta	resolved	mygene.info	pinned_local_build
PIK3R5	PIK3R5	ENSG00000141506	ensembl_gene	ENSG00000141506	30035	23533	F730038I15Rik|FOAP-2|P101-PI3K|p101	resolved	mygene.info	pinned_local_build
PINK1	PINK1	ENSG00000158828	ensembl_gene	ENSG00000158828	14581	65018	BRPK|PARK6	resolved	mygene.info	pinned_local_build
PIP5K1C	PIP5K1C	ENSG00000186111	ensembl_gene	ENSG00000186111	8996	23396	LCCS3|PIP5K-GAMMA|PIP5K1-gamma|PIP5Kgamma	resolved	mygene.info	pinned_local_build
PITRM1	PITRM1	ENSG00000107959	ensembl_gene	ENSG00000107959	17663	10531	MP1|PreP|SCAR30	resolved	mygene.info	pinned_local_build
PITX1	PITX1	ENSG00000069011	ensembl_gene	ENSG00000069011	9004	5307	BFT|CCF|POTX|PTX1	resolved	mygene.info	pinned_local_build
PITX2	PITX2	ENSG00000164093	ensembl_gene	ENSG00000164093	9005	5308	ARP1|ASGD4|Brx1|IDG2|IGDS|IGDS2|IHG2|IRID2|Otlx2|PTX2|RGS|RIEG|RIEG1|RS	resolved	mygene.info	pinned_local_build
PJVK	PJVK	ENSG00000204311	ensembl_gene	ENSG00000204311	29502	494513	DFNB59	resolved	mygene.info	pinned_local_build
PKD1	PKD1	ENSG00000008710	ensembl_gene	ENSG00000008710	9008	5310	PBP|PC1|Pc-1|TRPP1|eliosin	resolved	mygene.info	pinned_local_build
PKD2	PKD2	ENSG00000118762	ensembl_gene	ENSG00000118762	9009	5311	APKD2|PC2|PKD4|Pc-2|TRPP2	resolved	mygene.info	pinned_local_build
PKDCC	PKDCC	ENSG00000162878	ensembl_gene	ENSG00000162878	25123	91461	RLSDF|SGK493|Vlk	resolved	mygene.info	pinned_local_build
PKHD1	PKHD1	ENSG00000170927	ensembl_gene	ENSG00000170927	9016	5314	ARPKD|FCYT|FPC|PCYT|PKD4|TIGM1	resolved	mygene.info	pinned_local_build
PKHD1L1	PKHD1L1	ENSG00000205038	ensembl_gene	ENSG00000205038	20313	93035	DFNB124|PKHDL1	resolved	mygene.info	pinned_local_build
PKLR	PKLR	ENSG00000262785	ensembl_gene	ENSG00000262785	9020	5313	CNSHA2|PK1|PKL|PKRL|RPK	resolved	mygene.info	pinned_local_build
PKM	PKM	ENSG00000067225	ensembl_gene	ENSG00000067225	9021	5315	CTHBP|HEL-S-30|OIP3|PK3|PKM2|TCB|THBP1|p58	resolved	mygene.info	pinned_local_build
PKP2	PKP2	ENSG00000057294	ensembl_gene	ENSG00000057294	9024	5318	ARVD9	resolved	mygene.info	pinned_local_build
PLA2G6	PLA2G6	ENSG00000184381	ensembl_gene	ENSG00000184381	9039	8398	CaI-PLA2|GVI|INAD1|IPLA2-VIA|NBIA2|NBIA2A|NBIA2B|PARK14|PLA2|PNPLA9|iPLA2|iPLA2beta	resolved	mygene.info	pinned_local_build
PLAA	PLAA	ENSG00000137055	ensembl_gene	ENSG00000137055	9043	9373	DOA1|NDMSBA|PLA2P|PLAP	resolved	mygene.info	pinned_local_build
PLAGL1	PLAGL1	ENSG00000118495	ensembl_gene	ENSG00000118495	9046	5325	LOT1|ZAC|ZAC1	resolved	mygene.info	pinned_local_build
PLCB1	PLCB1	ENSG00000182621	ensembl_gene	ENSG00000182621	15917	23236	DEE12|EIEE12|PI-PLC|PLC-154|PLC-I|PLC-beta-1|PLC154|PLCB1A|PLCB1B	resolved	mygene.info	pinned_local_build
PLCB4	PLCB4	ENSG00000101333	ensembl_gene	ENSG00000101333	9059	5332	ARCND2|ARCND2A|ARCND2B|PI-PLC	resolved	mygene.info	pinned_local_build
PLCG1	PLCG1	ENSG00000124181	ensembl_gene	ENSG00000124181	9065	5335	IDAA|NCKAP3|PLC-II|PLC1|PLC148|PLCgamma1	resolved	mygene.info	pinned_local_build
PLEC	PLEC	ENSG00000178209	ensembl_gene	ENSG00000178209	9069	5339	EBS1|EBS5A|EBS5B|EBS5C|EBS5D|EBSMD|EBSND|EBSO|EBSOG|EBSPA|HD1|LGMD2Q|LGMDR17|PCN|PLEC1|PLEC1b|PLTN	resolved	mygene.info	pinned_local_build
PLEKHG2	PLEKHG2	ENSG00000090924	ensembl_gene	ENSG00000090924	29515	64857	ARHGEF42|CLG|CTB-60E11.4|LDAMD	resolved	mygene.info	pinned_local_build
PLEKHG5	PLEKHG5	ENSG00000171680	ensembl_gene	ENSG00000171680	29105	57449	ARHGEF45|CMTRIC|DSMA4|GEF720|HMNR4|Syx|Tech	resolved	mygene.info	pinned_local_build
PLG	PLG	ENSG00000122194	ensembl_gene	ENSG00000122194	9071	5340	HAE4	resolved	mygene.info	pinned_local_build
PLK1	PLK1	ENSG00000166851	ensembl_gene	ENSG00000166851	9077	5347	PLK|STPK13	resolved	mygene.info	pinned_local_build
PLK4	PLK4	ENSG00000142731	ensembl_gene	ENSG00000142731	11397	10733	MCCRP2|SAK|STK18	resolved	mygene.info	pinned_local_build
PLN	PLN	ENSG00000198523	ensembl_gene	ENSG00000198523	9080	5350	CMD1P|CMH18|PLB	resolved	mygene.info	pinned_local_build
PLOD1	PLOD1	ENSG00000083444	ensembl_gene	ENSG00000083444	9081	5351	EDS6|EDSKCL1|LH|LH1|LLH|PLOD	resolved	mygene.info	pinned_local_build
PLOD2	PLOD2	ENSG00000152952	ensembl_gene	ENSG00000152952	9082	5352	BRKS2|LH2|TLH	resolved	mygene.info	pinned_local_build
PLP1	PLP1	ENSG00000123560	ensembl_gene	ENSG00000123560	9086	5354	GPM6C|HLD1|MMPL|PLP|PLP/DM20|PMD|SPG2	resolved	mygene.info	pinned_local_build
PLPBP	PLPBP	ENSG00000147471	ensembl_gene	ENSG00000147471	9457	11212	EPEO1|EPVB6D|PROSC	resolved	mygene.info	pinned_local_build
PLPP6	PLPP6	ENSG00000205808	ensembl_gene	ENSG00000205808	23682	403313	LPRP-B|PA-PSP|PDP1|PPAPDC2|PSDP|bA6J24.6	resolved	mygene.info	pinned_local_build
PLS1	PLS1	ENSG00000120756	ensembl_gene	ENSG00000120756	9090	5357	DFNA76	resolved	mygene.info	pinned_local_build
PLXNA1	PLXNA1	ENSG00000114554	ensembl_gene	ENSG00000114554	9099	5361	DWOPNED|NOV|NOVP|PLEXIN-A1|PLXN1	resolved	mygene.info	pinned_local_build
PLXNA2	PLXNA2	ENSG00000076356	ensembl_gene	ENSG00000076356	9100	5362	OCT|PLXN2	resolved	mygene.info	pinned_local_build
PLXNC1	PLXNC1	ENSG00000136040	ensembl_gene	ENSG00000136040	9106	10154	CD232|PLXN-C1|VESPR	resolved	mygene.info	pinned_local_build
PLXND1	PLXND1	ENSG00000004399	ensembl_gene	ENSG00000004399	9107	23129	CHTD9|PLEXD1	resolved	mygene.info	pinned_local_build
PMM2	PMM2	ENSG00000140650	ensembl_gene	ENSG00000140650	9115	5373	CDG1|CDG1a|CDGS|PMI|PMI1|PMM 2	resolved	mygene.info	pinned_local_build
PMP22	PMP22	ENSG00000109099	ensembl_gene	ENSG00000109099	9118	5376	CIDP|CMT1A|CMT1E|DSS|GAS-3|GAS3|HMSNIA|HNPP|Sp110	resolved	mygene.info	pinned_local_build
PMPCA	PMPCA	ENSG00000165688	ensembl_gene	ENSG00000165688	18667	23203	Alpha-MPP|CLA1|CPD3|INPP5E|MAS2|P-55|SCAR2	resolved	mygene.info	pinned_local_build
PMPCB	PMPCB	ENSG00000105819	ensembl_gene	ENSG00000105819	9119	9512	Beta-MPP|MAS1|MPP11|MPPB|MPPP52|P-52	resolved	mygene.info	pinned_local_build
PMS2	PMS2	ENSG00000122512	ensembl_gene	ENSG00000122512	9122	5395	HNPCC4|LYNCH4|MLH4|MMRCS4|PMS-2|PMSL2	resolved	mygene.info	pinned_local_build
PNKD	PNKD	ENSG00000127838	ensembl_gene	ENSG00000127838	9153	25953	BRP17|DYT8|FKSG19|FPD1|KIPP1184|MR-1|MR-1S|MR1|PDC|PKND1|PNKD1|R1|TAHCCP2	resolved	mygene.info	pinned_local_build
PNKP	PNKP	ENSG00000039650	ensembl_gene	ENSG00000039650	9154	11284	AOA4|CMT2B2|EIEE10|MCSZ|PNK	resolved	mygene.info	pinned_local_build
PNP	PNP	ENSG00000198805	ensembl_gene	ENSG00000198805	7892	4860	NP|PRO1837|PUNP	resolved	mygene.info	pinned_local_build
PNPLA1	PNPLA1	ENSG00000180316	ensembl_gene	ENSG00000180316	21246	285848	ARCI10|dJ50J22.1	resolved	mygene.info	pinned_local_build
PNPLA2	PNPLA2	ENSG00000177666	ensembl_gene	ENSG00000177666	30802	57104	1110001C14Rik|ATGL|FP17548|PEDF-R|TTS-2.2|TTS2|iPLA2zeta	resolved	mygene.info	pinned_local_build
PNPLA4	PNPLA4	ENSG00000006757	ensembl_gene	ENSG00000006757	24887	8228	DXS1283E|GS2|iPLA2eta	resolved	mygene.info	pinned_local_build
PNPLA6	PNPLA6	ENSG00000032444	ensembl_gene	ENSG00000032444	16268	10908	BNHS|LNMS|NTE|NTEMND|OMCS|SPG39|iPLA2delta|sws	resolved	mygene.info	pinned_local_build
PNPLA8	PNPLA8	ENSG00000135241	ensembl_gene	ENSG00000135241	28900	50640	IPLA2-2|IPLA2G|MMLA|PNPLA-gamma|iPLA2gamma	resolved	mygene.info	pinned_local_build
PNPO	PNPO	ENSG00000108439	ensembl_gene	ENSG00000108439	30260	55163	HEL-S-302|PDXPO	resolved	mygene.info	pinned_local_build
PNPT1	PNPT1	ENSG00000138035	ensembl_gene	ENSG00000138035	23166	87178	COXPD13|DFNB70|OLD35|PNPASE|SCA25|old-35	resolved	mygene.info	pinned_local_build
POC1A	POC1A	ENSG00000164087	ensembl_gene	ENSG00000164087	24488	25886	PIX2|SOFT|WDR51A	resolved	mygene.info	pinned_local_build
POC5	POC5	ENSG00000152359	ensembl_gene	ENSG00000152359	26658	134359	C5orf37	resolved	mygene.info	pinned_local_build
PODXL	PODXL	ENSG00000128567	ensembl_gene	ENSG00000128567	9171	5420	Gp200|PC|PCLP|PCLP-1|PDX|PODXL1|gp135	resolved	mygene.info	pinned_local_build
POGZ	POGZ	ENSG00000143442	ensembl_gene	ENSG00000143442	18801	23126	MRD37|WHSUS|ZNF280E|ZNF635|ZNF635m	resolved	mygene.info	pinned_local_build
POLA1	POLA1	ENSG00000101868	ensembl_gene	ENSG00000101868	9173	5422	NSX|PDR|POLA|VEODS|p180	resolved	mygene.info	pinned_local_build
POLD1	POLD1	ENSG00000062822	ensembl_gene	ENSG00000062822	9175	5424	CDC2|CRCS10|IMD120|MDPL|POLD	resolved	mygene.info	pinned_local_build
POLD2	POLD2	ENSG00000106628	ensembl_gene	ENSG00000106628	9176	5425		resolved	mygene.info	pinned_local_build
POLD3	POLD3	ENSG00000077514	ensembl_gene	ENSG00000077514	20932	10714	IMD122|P66|P68|PPP1R128	resolved	mygene.info	pinned_local_build
POLE2	POLE2	ENSG00000100479	ensembl_gene	ENSG00000100479	9178	5427	DPE2	resolved	mygene.info	pinned_local_build
POLG	POLG	ENSG00000140521	ensembl_gene	ENSG00000140521	9179	5428	MIRAS|MTDPS4A|MTDPS4B|PEO|POLG1|POLGA|PolG-alpha|SANDO|SCAE	resolved	mygene.info	pinned_local_build
POLG2	POLG2	ENSG00000256525	ensembl_gene	ENSG00000256525	9180	11232	HP55|MTDPS16|MTDPS16A|MTDPS16B|MTPOLB|PEOA4|POLG-BETA|POLGB	resolved	mygene.info	pinned_local_build
POLH	POLH	ENSG00000170734	ensembl_gene	ENSG00000170734	9181	5429	RAD30|RAD30A|XP-V|XPV	resolved	mygene.info	pinned_local_build
POLR1A	POLR1A	ENSG00000068654	ensembl_gene	ENSG00000068654	17264	25885	A190|AFDCIN|HLD27|RPA1|RPA190|RPA194|RPO1-4|RPO14	resolved	mygene.info	pinned_local_build
POLR1C	POLR1C	ENSG00000171453	ensembl_gene	ENSG00000171453	20194	9533	AC40|HLD11|RPA39|RPA40|RPA5|RPAC1|RPC40|TCS3	resolved	mygene.info	pinned_local_build
POLR1D	POLR1D	ENSG00000186184	ensembl_gene	ENSG00000186184	20422	51082	AC19|RPA16|RPA9|RPAC2|RPC16|RPO1-3|TCS2	resolved	mygene.info	pinned_local_build
POLR2C	POLR2C	ENSG00000102978	ensembl_gene	ENSG00000102978	9189	5432	RPB3|RPB31|hRPB33|hsRPB3	resolved	mygene.info	pinned_local_build
POLR3A	POLR3A	ENSG00000148606	ensembl_gene	ENSG00000148606	30074	11128	ADDH|C160|HLD7|RPC1|RPC155|WDRTS|hRPC155	resolved	mygene.info	pinned_local_build
POLR3B	POLR3B	ENSG00000013503	ensembl_gene	ENSG00000013503	30348	55703	C128|CMT1I|HLD8|INMAP|RPC2	resolved	mygene.info	pinned_local_build
POLR3F	POLR3F	ENSG00000132664	ensembl_gene	ENSG00000132664	15763	10621	C34|IMD101|RPC39|RPC6	resolved	mygene.info	pinned_local_build
POMGNT1	POMGNT1	ENSG00000085998	ensembl_gene	ENSG00000085998	19139	55624	GNTI.2|GnT I.2|LGMD2O|LGMDR15|MEB|MGAT1.2|RP76|gnT-I.2	resolved	mygene.info	pinned_local_build
POMGNT2	POMGNT2	ENSG00000144647	ensembl_gene	ENSG00000144647	25902	84892	AGO61|C3orf39|GTDC2|MDDGA8|MDDGC8	resolved	mygene.info	pinned_local_build
POMK	POMK	ENSG00000185900	ensembl_gene	ENSG00000185900	26267	84197	MDDGA12|MDDGC12|SGK196	resolved	mygene.info	pinned_local_build
POMT1	POMT1	ENSG00000130714	ensembl_gene	ENSG00000130714	9202	10585	LGMD2K|LGMDR11|MDDGA1|MDDGB1|MDDGC1|RT	resolved	mygene.info	pinned_local_build
POMT2	POMT2	ENSG00000009830	ensembl_gene	ENSG00000009830	19743	29954	LGMD2N|LGMDR14|MDDGA2|MDDGB2|MDDGC2	resolved	mygene.info	pinned_local_build
PON2	PON2	ENSG00000105854	ensembl_gene	ENSG00000105854	9205	5445		resolved	mygene.info	pinned_local_build
POP1	POP1	ENSG00000104356	ensembl_gene	ENSG00000104356	30129	10940	ANXD2	resolved	mygene.info	pinned_local_build
POPDC1	POPDC1	ENSG00000112276	ensembl_gene	ENSG00000112276	1152	11149	BVES|CARICK|HBVES|LGMD2X|LGMDR25|POP1	resolved	mygene.info	pinned_local_build
POR	POR	ENSG00000127948	ensembl_gene	ENSG00000127948	9208	5447	CPR|CYPOR|P450R	resolved	mygene.info	pinned_local_build
PORCN	PORCN	ENSG00000102312	ensembl_gene	ENSG00000102312	17652	64840	DHOF|FODH|MG61|PORC|PPN	resolved	mygene.info	pinned_local_build
POU1F1	POU1F1	ENSG00000064835	ensembl_gene	ENSG00000064835	9210	5449	CPHD1|GHF-1|PIT1|POU1F1a|Pit-1	resolved	mygene.info	pinned_local_build
POU3F3	POU3F3	ENSG00000198914	ensembl_gene	ENSG00000198914	9216	5455	BRN1|OTF8|SNIBFIS|brain-1|oct-8	resolved	mygene.info	pinned_local_build
POU3F4	POU3F4	ENSG00000196767	ensembl_gene	ENSG00000196767	9217	5456	BRAIN-4|BRN-4|BRN4|DFN3|DFNX2|OCT-9|OTF-9|OTF9	resolved	mygene.info	pinned_local_build
POU4F3	POU4F3	ENSG00000091010	ensembl_gene	ENSG00000091010	9220	5459	BRN3C|DFNA15|DFNA42|DFNA52	resolved	mygene.info	pinned_local_build
PPA2	PPA2	ENSG00000138777	ensembl_gene	ENSG00000138777	28883	27068	HSPC124|SCFAI|SCFI|SID6-306	resolved	mygene.info	pinned_local_build
PPARA	PPARA	ENSG00000186951	ensembl_gene	ENSG00000186951	9232	5465	NR1C1|PPAR|PPAR-alpha|PPARalpha|hPPAR	resolved	mygene.info	pinned_local_build
PPARD	PPARD	ENSG00000112033	ensembl_gene	ENSG00000112033	9235	5467	FAAR|NR1C2|NUC1|NUCI|NUCII|PPARB	resolved	mygene.info	pinned_local_build
PPARG	PPARG	ENSG00000132170	ensembl_gene	ENSG00000132170	9236	5468	CIMT1|FPLD3|GLM1|NR1C3|PPARG1|PPARG2|PPARG5|PPARgamma	resolved	mygene.info	pinned_local_build
PPARGC1A	PPARGC1A	ENSG00000109819	ensembl_gene	ENSG00000109819	9237	10891	LEM6|PGC-1(alpha)|PGC-1alpha|PGC-1v|PGC1|PGC1A|PPARGC1	resolved	mygene.info	pinned_local_build
PPFIA3	PPFIA3	ENSG00000177380	ensembl_gene	ENSG00000177380	9247	8541	LPNA3|NEDPACH	resolved	mygene.info	pinned_local_build
PPFIBP1	PPFIBP1	ENSG00000110841	ensembl_gene	ENSG00000110841	9249	8496	L2|NEDSMBA|SGT2|hSGT2|hSgt2p	resolved	mygene.info	pinned_local_build
PPIB	PPIB	ENSG00000166794	ensembl_gene	ENSG00000166794	9255	5479	CYP-S1|CYPB|HEL-S-39|OI9|SCYLP	resolved	mygene.info	pinned_local_build
PPIL1	PPIL1	ENSG00000137168	ensembl_gene	ENSG00000137168	9260	51645	CGI-124|CYPL1|PCH14|PPIase|hCyPX	resolved	mygene.info	pinned_local_build
PPM1B	PPM1B	ENSG00000138032	ensembl_gene	ENSG00000138032	9276	5495	PP2C-beta|PP2C-beta-X|PP2CB|PP2CBETA|PPC2BETAX	resolved	mygene.info	pinned_local_build
PPM1D	PPM1D	ENSG00000170836	ensembl_gene	ENSG00000170836	9277	8493	IDDGIP|JDVS|PP2C-DELTA|WIP1	resolved	mygene.info	pinned_local_build
PPM1F	PPM1F	ENSG00000100034	ensembl_gene	ENSG00000100034	19388	9647	CAMKP|CaMKPase|FEM-2|POPX2|hFEM-2	resolved	mygene.info	pinned_local_build
PPM1K	PPM1K	ENSG00000163644	ensembl_gene	ENSG00000163644	25415	152926	BCKDH|BDP|MSUDMV|PP2Ckappa|PP2Cm|PTMP|UG0882E07	resolved	mygene.info	pinned_local_build
PPOX	PPOX	ENSG00000143224	ensembl_gene	ENSG00000143224	9280	5498	PPO|V290M|VP|VPCO	resolved	mygene.info	pinned_local_build
PPP1CB	PPP1CB	ENSG00000213639	ensembl_gene	ENSG00000213639	9282	5500	HEL-S-80p|MP|NSLH2|PP-1B|PP1B|PP1Cbeta|PP1Cdelta|PP1beta|PP1c|PPP1CD|PPP1beta	resolved	mygene.info	pinned_local_build
PPP1R12A	PPP1R12A	ENSG00000058272	ensembl_gene	ENSG00000058272	7618	4659	GUBS|M130|MBS|MYPT1	resolved	mygene.info	pinned_local_build
PPP1R15B	PPP1R15B	ENSG00000158615	ensembl_gene	ENSG00000158615	14951	84919	CREP|MSSGM2	resolved	mygene.info	pinned_local_build
PPP1R17	PPP1R17	ENSG00000106341	ensembl_gene	ENSG00000106341	16973	10842	C7orf16|GSBS	resolved	mygene.info	pinned_local_build
PPP1R3C	PPP1R3C	ENSG00000119938	ensembl_gene	ENSG00000119938	9293	5507	PPP1R5|PTG	resolved	mygene.info	pinned_local_build
PPP2CA	PPP2CA	ENSG00000113575	ensembl_gene	ENSG00000113575	9299	5515	HJS3|NEDLBA|PP2Ac|PP2CA|PP2Calpha|RP-C	resolved	mygene.info	pinned_local_build
PPP2R1A	PPP2R1A	ENSG00000105568	ensembl_gene	ENSG00000105568	9302	5518	HJS2|MRD36|PP2A-Aalpha|PP2AA|PP2AAALPHA|PR65A	resolved	mygene.info	pinned_local_build
PPP2R2B	PPP2R2B	ENSG00000156475	ensembl_gene	ENSG00000156475	9305	5521	B55BETA|PP2AB55BETA|PP2ABBETA|PP2APR55B|PP2APR55BETA|PR2AB55BETA|PR2ABBETA|PR2APR55BETA|PR52B|PR55-BETA|PR55BETA|SCA12	resolved	mygene.info	pinned_local_build
PPP2R5B	PPP2R5B	ENSG00000068971	ensembl_gene	ENSG00000068971	9310	5526	B56B|B56beta|PR61B	resolved	mygene.info	pinned_local_build
PPP2R5C	PPP2R5C	ENSG00000078304	ensembl_gene	ENSG00000078304	9311	5527	B56G|B56gamma|HJS4|PR61G	resolved	mygene.info	pinned_local_build
PPP2R5D	PPP2R5D	ENSG00000112640	ensembl_gene	ENSG00000112640	9312	5528	B56D|B56delta|HJS1|MRD35	resolved	mygene.info	pinned_local_build
PPP3CA	PPP3CA	ENSG00000138814	ensembl_gene	ENSG00000138814	9314	5530	ACCIID|CALN|CALNA|CALNA1|CNA1|DEE91|IECEE|IECEE1|PPP2B	resolved	mygene.info	pinned_local_build
PPT1	PPT1	ENSG00000131238	ensembl_gene	ENSG00000131238	9325	5538	CLN1|INCL|PPT	resolved	mygene.info	pinned_local_build
PPT2	PPT2	ENSG00000221988	ensembl_gene	ENSG00000221988	9326	9374	C6orf8|G14|PPT-2	resolved	mygene.info	pinned_local_build
PQBP1	PQBP1	ENSG00000102103	ensembl_gene	ENSG00000102103	9330	10084	MRX2|MRX55|MRXS3|MRXS8|NPW38|RENS1|SHS	resolved	mygene.info	pinned_local_build
PRCD	PRCD	ENSG00000214140	ensembl_gene	ENSG00000214140	32528	768206	RP36	resolved	mygene.info	pinned_local_build
PRDM13	PRDM13	ENSG00000112238	ensembl_gene	ENSG00000112238	13998	59336	CDIDHH|MU-MB-20.220|PCH17|PFM10	resolved	mygene.info	pinned_local_build
PRDM16	PRDM16	ENSG00000142611	ensembl_gene	ENSG00000142611	14000	63976	CMD1LL|KMT8F|LVNC8|MEL1|PFM13	resolved	mygene.info	pinned_local_build
PRDM5	PRDM5	ENSG00000138738	ensembl_gene	ENSG00000138738	9349	11107	BCS2|PFM2	resolved	mygene.info	pinned_local_build
PRDM8	PRDM8	ENSG00000152784	ensembl_gene	ENSG00000152784	13993	56978	EPM10|KMT8D|PFM5	resolved	mygene.info	pinned_local_build
PRDX1	PRDX1	ENSG00000117450	ensembl_gene	ENSG00000117450	9352	5052	MSP23|NKEF-A|NKEFA|PAG|PAGA|PAGB|PRX1|PRXI|TDPX2	resolved	mygene.info	pinned_local_build
PREPL	PREPL	ENSG00000138078	ensembl_gene	ENSG00000138078	30228	9581	CMS22	resolved	mygene.info	pinned_local_build
PRF1	PRF1	ENSG00000180644	ensembl_gene	ENSG00000180644	9360	5551	HPLH2|P1|PFP	resolved	mygene.info	pinned_local_build
PRICKLE1	PRICKLE1	ENSG00000139174	ensembl_gene	ENSG00000139174	17019	144165	EPM1B|RILP	resolved	mygene.info	pinned_local_build
PRICKLE2	PRICKLE2	ENSG00000163637	ensembl_gene	ENSG00000163637	20340	166336	EPM5	resolved	mygene.info	pinned_local_build
PRIMA1	PRIMA1	ENSG00000274089	ensembl_gene	ENSG00000274089	18319	145270	PRIMA	resolved	mygene.info	pinned_local_build
PRKACA	PRKACA	ENSG00000288516	ensembl_gene	ENSG00000288516	9380	5566	CAFD1|PKACA|PPNAD4	resolved	mygene.info	pinned_local_build
PRKAG2	PRKAG2	ENSG00000106617	ensembl_gene	ENSG00000106617	9386	51422	AAKG|AAKG2|CMH6|GSDH|H91620p|WPWS	resolved	mygene.info	pinned_local_build
PRKAG3	PRKAG3	ENSG00000115592	ensembl_gene	ENSG00000115592	9387	53632	AMPKG3|SMGMQTL	resolved	mygene.info	pinned_local_build
PRKAR1A	PRKAR1A	ENSG00000108946	ensembl_gene	ENSG00000108946	9388	5573	ACRDYS1|ADOHR|CAR|CNC|CNC1|PKR1|PPNAD1|PRKAR1|Prkar1alpha|TSE1	resolved	mygene.info	pinned_local_build
PRKAR1B	PRKAR1B	ENSG00000188191	ensembl_gene	ENSG00000188191	9390	5575	MASNS|PRKAR1	resolved	mygene.info	pinned_local_build
PRKCG	PRKCG	ENSG00000126583	ensembl_gene	ENSG00000126583	9402	5582	PKC-gamma|PKCC|PKCG|PKCI(3)|PKCgamma|SCA14	resolved	mygene.info	pinned_local_build
PRKCH	PRKCH	ENSG00000027075	ensembl_gene	ENSG00000027075	9403	5583	PKC-L|PKCL|PRKCL|nPKC-eta|uORF2	resolved	mygene.info	pinned_local_build
PRKCI	PRKCI	ENSG00000163558	ensembl_gene	ENSG00000163558	9404	5584	DXS1179E|PKCI|nPKC-iota	resolved	mygene.info	pinned_local_build
PRKD1	PRKD1	ENSG00000184304	ensembl_gene	ENSG00000184304	9407	5587	CHDED|PKC-MU|PKCM|PKD|PKD1|PRKCM	resolved	mygene.info	pinned_local_build
PRKDC	PRKDC	ENSG00000253729	ensembl_gene	ENSG00000253729	9413	5591	DNA-PKC|DNA-PKcs|DNAPK|DNAPKc|DNPK1|HYRC|HYRC1|IMD26|S473K|XRCC7|p350	resolved	mygene.info	pinned_local_build
PRKG1	PRKG1	ENSG00000185532	ensembl_gene	ENSG00000185532	9414	5592	AAT8|PKG|PKG1|PRKG1B|PRKGR1B|cGK|cGK 1|cGK1|cGKI|cGKI-BETA|cGKI-alpha	resolved	mygene.info	pinned_local_build
PRKN	PRKN	ENSG00000185345	ensembl_gene	ENSG00000185345	8607	5071	AR-JP|LPRS2|PARK2|PDJ	resolved	mygene.info	pinned_local_build
PRKRA	PRKRA	ENSG00000180228	ensembl_gene	ENSG00000180228	9438	8575	DYT16|HSD14|PACT|RAX	resolved	mygene.info	pinned_local_build
PRMT7	PRMT7	ENSG00000132600	ensembl_gene	ENSG00000132600	25557	54496	SBIDDS	resolved	mygene.info	pinned_local_build
PRMT9	PRMT9	ENSG00000164169	ensembl_gene	ENSG00000164169	25099	90826	PRMT10	resolved	mygene.info	pinned_local_build
PRNP	PRNP	ENSG00000171867	ensembl_gene	ENSG00000171867	9449	5621	ASCR|AltPrP|CD230|CJD|GSS|KURU|PRIP|PrP|PrP27-30|PrP33-35C|PrPc|p27-30	resolved	mygene.info	pinned_local_build
PROC	PROC	ENSG00000115718	ensembl_gene	ENSG00000115718	9451	5624	APC|PC|PROC1|THPH3|THPH4	resolved	mygene.info	pinned_local_build
PRODH	PRODH	ENSG00000100033	ensembl_gene	ENSG00000100033	9453	5625	HSPOX2|PIG6|POX|PRODH1|TP53I6	resolved	mygene.info	pinned_local_build
PROK2	PROK2	ENSG00000163421	ensembl_gene	ENSG00000163421	18455	60675	BV8|HH4|KAL4|MIT1|PK2	resolved	mygene.info	pinned_local_build
PROKR2	PROKR2	ENSG00000101292	ensembl_gene	ENSG00000101292	15836	128674	GPR73L1|GPR73b|GPRg2|HH3|KAL3|PKR2|dJ680N4.3	resolved	mygene.info	pinned_local_build
PROP1	PROP1	ENSG00000175325	ensembl_gene	ENSG00000175325	9455	5626	CPHD2|PROP-1	resolved	mygene.info	pinned_local_build
PROX1	PROX1	ENSG00000117707	ensembl_gene	ENSG00000117707	9459	5629		resolved	mygene.info	pinned_local_build
PRPF8	PRPF8	ENSG00000274442	ensembl_gene	ENSG00000274442	17340	10594	HPRP8|PRP8|PRPC8|RP13|SNRNP220	resolved	mygene.info	pinned_local_build
PRPH	PRPH	ENSG00000135406	ensembl_gene	ENSG00000135406	9461	5630	NEF4|PRPH1	resolved	mygene.info	pinned_local_build
PRPS1	PRPS1	ENSG00000147224	ensembl_gene	ENSG00000147224	9462	5631	ARTS|CMTX5|DFN2|DFNX1|PPRibP|PRS-I|PRSI	resolved	mygene.info	pinned_local_build
PRR12	PRR12	ENSG00000126464	ensembl_gene	ENSG00000126464	29217	57479	KIAA1205|NOC	resolved	mygene.info	pinned_local_build
PRRT2	PRRT2	ENSG00000167371	ensembl_gene	ENSG00000167371	30500	112476	BFIC2|BFIS2|DSPB3|DYT10|EKD1|FICCA|ICCA|IFITMD1|PKC	resolved	mygene.info	pinned_local_build
PRRX1	PRRX1	ENSG00000116132	ensembl_gene	ENSG00000116132	9142	5396	AGOTC|PHOX1|PMX1|PRX-1|PRX1	resolved	mygene.info	pinned_local_build
PRSS1	PRSS1	ENSG00000204983	ensembl_gene	ENSG00000204983	9475	5644	TRP1|TRY1|TRY4|TRYP1	resolved	mygene.info	pinned_local_build
PRSS12	PRSS12	ENSG00000164099	ensembl_gene	ENSG00000164099	9477	8492	BSSP-3|BSSP3|MRT1	resolved	mygene.info	pinned_local_build
PRTN3	PRTN3	ENSG00000277804	ensembl_gene	ENSG00000277804	9495	5657	ACPA|AGP7|C-ANCA|CANCA|MBN|MBT|NP-4|NP4|P29|PR-3|PR3	resolved	mygene.info	pinned_local_build
PRUNE1	PRUNE1	ENSG00000143363	ensembl_gene	ENSG00000143363	13420	58497	DRES-17|DRES17|H-PRUNE|HTCD37|NMIHBA|PRUNE	resolved	mygene.info	pinned_local_build
PRX	PRX	ENSG00000105227	ensembl_gene	ENSG00000105227	13797	57716	CMT4F	resolved	mygene.info	pinned_local_build
PSAP	PSAP	ENSG00000197746	ensembl_gene	ENSG00000197746	9498	5660	GLBA|PARK24|PSAPD|SAP1|SAP2	resolved	mygene.info	pinned_local_build
PSAT1	PSAT1	ENSG00000135069	ensembl_gene	ENSG00000135069	19129	29968	EPIP|NLS2|PSA|PSAT|PSATD	resolved	mygene.info	pinned_local_build
PSEN1	PSEN1	ENSG00000080815	ensembl_gene	ENSG00000080815	9508	5663	ACNINV3|AD3|CMD1U|FAD|PS-1|PS1|PSNL1|S182	resolved	mygene.info	pinned_local_build
PSEN2	PSEN2	ENSG00000143801	ensembl_gene	ENSG00000143801	9509	5664	AD3L|AD4|CMD1V|PS2|STM2	resolved	mygene.info	pinned_local_build
PSMA3	PSMA3	ENSG00000100567	ensembl_gene	ENSG00000100567	9532	5684	HC8|PSC3	resolved	mygene.info	pinned_local_build
PSMC5	PSMC5	ENSG00000087191	ensembl_gene	ENSG00000087191	9552	5705	RPT6|S8|SUG-1|SUG1|TBP10|TRIP1|YKNS|p45|p45/SUG	resolved	mygene.info	pinned_local_build
PSMG2	PSMG2	ENSG00000128789	ensembl_gene	ENSG00000128789	24929	56984	CLAST3|HCCA3|HsT1707|MDS003|PAC2|PRAAS4|TNFSF5IP1	resolved	mygene.info	pinned_local_build
PSPH	PSPH	ENSG00000146733	ensembl_gene	ENSG00000146733	9577	5723	PSP|PSPHD	resolved	mygene.info	pinned_local_build
PTBP1	PTBP1	ENSG00000011304	ensembl_gene	ENSG00000011304	9583	5725	HNRNP-I|HNRNPI|HNRPI|PTB|PTB-1|PTB-T|PTB2|PTB3|PTB4|STADS|pPTB	resolved	mygene.info	pinned_local_build
PTCD1	PTCD1	ENSG00000106246	ensembl_gene	ENSG00000106246	22198	26024		resolved	mygene.info	pinned_local_build
PTCD3	PTCD3	ENSG00000132300	ensembl_gene	ENSG00000132300	24717	55037	COXPD51|MRP-S39|mS39	resolved	mygene.info	pinned_local_build
PTCH1	PTCH1	ENSG00000185920	ensembl_gene	ENSG00000185920	9585	5727	BCNS|BCNS1|NBCCS|PTC|PTC1|PTCH|SLC65B1	resolved	mygene.info	pinned_local_build
PTCH2	PTCH2	ENSG00000117425	ensembl_gene	ENSG00000117425	9586	8643	PTC2|SLC65B2	resolved	mygene.info	pinned_local_build
PTCHD1	PTCHD1	ENSG00000165186	ensembl_gene	ENSG00000165186	26392	139411	AUTSX4|CXDELp22.11|DELXP22.11|SLC65C1	resolved	mygene.info	pinned_local_build
PTEN	PTEN	ENSG00000284792	ensembl_gene	ENSG00000284792	9588	5728	10q23del|BZS|CWS1|DEC|GLM2|MHAM|MMAC1|PTEN1|PTENbeta|PTENgama|TEP1	resolved	mygene.info	pinned_local_build
PTF1A	PTF1A	ENSG00000168267	ensembl_gene	ENSG00000168267	23734	256297	PACA|PAGEN2|PTF1-p48|bHLHa29|p48	resolved	mygene.info	pinned_local_build
PTH	PTH	ENSG00000152266	ensembl_gene	ENSG00000152266	9606	5741	FIH1|PTH1	resolved	mygene.info	pinned_local_build
PTPMT1	PTPMT1	ENSG00000110536	ensembl_gene	ENSG00000110536	26965	114971	DUSP23|MOSP|NEDAXBA|PLIP|PNAS-129	resolved	mygene.info	pinned_local_build
PTPN11	PTPN11	ENSG00000179295	ensembl_gene	ENSG00000179295	9644	5781	BPTP3|CFC|JMML|METCDS|NS1|PTP-1D|PTP2C|SH-PTP2|SH-PTP3|SHP2	resolved	mygene.info	pinned_local_build
PTPN14	PTPN14	ENSG00000152104	ensembl_gene	ENSG00000152104	9647	5784	CATLPH|PEZ|PTP36|PTPD2	resolved	mygene.info	pinned_local_build
PTPN22	PTPN22	ENSG00000134242	ensembl_gene	ENSG00000134242	9652	26191	LYP|LYP1|LYP2|PEP|PTPN22.5|PTPN22.6|PTPN8	resolved	mygene.info	pinned_local_build
PTPN23	PTPN23	ENSG00000076201	ensembl_gene	ENSG00000076201	14406	25930	HD-PTP|HDPTP|NEDBASS|PTP-TD14	resolved	mygene.info	pinned_local_build
PTPRC	PTPRC	ENSG00000262418	ensembl_gene	ENSG00000262418	9666	5788	B220|CD45|CD45R|GP180|IMD105|L-CA|LCA|LY5|T200	resolved	mygene.info	pinned_local_build
PTPRD	PTPRD	ENSG00000153707	ensembl_gene	ENSG00000153707	9668	5789	HPTP|HPTPD|HPTPDELTA|PTPD|R-PTP-delta|RPTPDELTA	resolved	mygene.info	pinned_local_build
PTPRQ	PTPRQ	ENSG00000139304	ensembl_gene	ENSG00000139304	9679	374462	DFNA73|DFNB84|DFNB84A|PTPGMC1|R-PTP-Q	resolved	mygene.info	pinned_local_build
PTPRU	PTPRU	ENSG00000060656	ensembl_gene	ENSG00000060656	9683	10076	FMI|PCP-2|PTP|PTP-J|PTP-PI|PTP-RO|PTPPSI|PTPRO|PTPU2|R-PTP-PSI|R-PTP-U|hPTP-J	resolved	mygene.info	pinned_local_build
PTRH2	PTRH2	ENSG00000141378	ensembl_gene	ENSG00000141378	24265	51651	BIT1|CFAP37|CGI-147|IMNEPD|PTH 2|PTH2	resolved	mygene.info	pinned_local_build
PTS	PTS	ENSG00000150787	ensembl_gene	ENSG00000150787	9689	5805	PTPS	resolved	mygene.info	pinned_local_build
PUF60	PUF60	ENSG00000179950	ensembl_gene	ENSG00000179950	17042	22827	FIR|RoBPI|SIAHBP1|VRJS	resolved	mygene.info	pinned_local_build
PUM1	PUM1	ENSG00000134644	ensembl_gene	ENSG00000134644	14957	9698	HSPUM|NEDMSF|PUMH|PUMH1|PUML1|SCA47	resolved	mygene.info	pinned_local_build
PURA	PURA	ENSG00000185129	ensembl_gene	ENSG00000185129	9701	5813	MRD31|NEDRIHF|PUR-ALPHA|PUR1|PURALPHA	resolved	mygene.info	pinned_local_build
PUS1	PUS1	ENSG00000177192	ensembl_gene	ENSG00000177192	15508	80324	MLASA1	resolved	mygene.info	pinned_local_build
PUS3	PUS3	ENSG00000110060	ensembl_gene	ENSG00000110060	25461	83480	2610020J05Rik|DEG1|FKSG32|MRT55|NEDMIGS	resolved	mygene.info	pinned_local_build
PYCR1	PYCR1	ENSG00000183010	ensembl_gene	ENSG00000183010	9721	5831	ARCL2B|ARCL3B|P5C|P5CR|PIG45|PP222|PRO3|PYCR	resolved	mygene.info	pinned_local_build
PYCR2	PYCR2	ENSG00000143811	ensembl_gene	ENSG00000143811	30262	29920	HLD10|P5CR2	resolved	mygene.info	pinned_local_build
PYGL	PYGL	ENSG00000100504	ensembl_gene	ENSG00000100504	9725	5836	GSD6	resolved	mygene.info	pinned_local_build
PYGM	PYGM	ENSG00000068976	ensembl_gene	ENSG00000068976	9726	5837	GSD5	resolved	mygene.info	pinned_local_build
PYROXD1	PYROXD1	ENSG00000121350	ensembl_gene	ENSG00000121350	26162	79912	MFM8	resolved	mygene.info	pinned_local_build
QARS1	QARS1	ENSG00000172053	ensembl_gene	ENSG00000172053	9751	5859	GLNRS|MSCCA|PRO2195|QARS	resolved	mygene.info	pinned_local_build
QDPR	QDPR	ENSG00000151552	ensembl_gene	ENSG00000151552	9752	5860	DHPR|HDHPR|PKU2|SDR33C1	resolved	mygene.info	pinned_local_build
QRICH1	QRICH1	ENSG00000198218	ensembl_gene	ENSG00000198218	24713	54870	AB-DIP|VERBRAS|VERBRAS1	resolved	mygene.info	pinned_local_build
RAB11A	RAB11A	ENSG00000103769	ensembl_gene	ENSG00000103769	9760	8766	YL8	resolved	mygene.info	pinned_local_build
RAB11B	RAB11B	ENSG00000185236	ensembl_gene	ENSG00000185236	9761	9230	H-YPT3|NDAGSCW	resolved	mygene.info	pinned_local_build
RAB18	RAB18	ENSG00000099246	ensembl_gene	ENSG00000099246	14244	22931	RAB18LI1|WARBM3	resolved	mygene.info	pinned_local_build
RAB23	RAB23	ENSG00000112210	ensembl_gene	ENSG00000112210	14263	51715	CRPT1|HSPC137	resolved	mygene.info	pinned_local_build
RAB27A	RAB27A	ENSG00000069974	ensembl_gene	ENSG00000069974	9766	5873	GS2|HsT18676|RAB27|RAM	resolved	mygene.info	pinned_local_build
RAB29	RAB29	ENSG00000117280	ensembl_gene	ENSG00000117280	9789	8934	RAB7L|RAB7L1	resolved	mygene.info	pinned_local_build
RAB39B	RAB39B	ENSG00000155961	ensembl_gene	ENSG00000155961	16499	116442	BGMR|MRX72|WSMN|WSN|XLID72	resolved	mygene.info	pinned_local_build
RAB3GAP1	RAB3GAP1	ENSG00000115839	ensembl_gene	ENSG00000115839	17063	22930	MARTS2|P130|RAB3GAP|RAB3GAP130|WARBM1	resolved	mygene.info	pinned_local_build
RAB3GAP2	RAB3GAP2	ENSG00000118873	ensembl_gene	ENSG00000118873	17168	25782	MARTS1|RAB3-GAP150|RAB3GAP150|SPG69|WARBM2|p150	resolved	mygene.info	pinned_local_build
RAB40AL	RAB40AL	ENSG00000102128	ensembl_gene	ENSG00000102128	25410	282808	MRXSMP|RAR2|RLGP	resolved	mygene.info	pinned_local_build
RAB5C	RAB5C	ENSG00000108774	ensembl_gene	ENSG00000108774	9785	5878	L1880|RAB5CL|RAB5L|RABL	resolved	mygene.info	pinned_local_build
RAB7A	RAB7A	ENSG00000075785	ensembl_gene	ENSG00000075785	9788	7879	CMT2B|PRO2706|RAB7	resolved	mygene.info	pinned_local_build
RABGAP1	RABGAP1	ENSG00000011454	ensembl_gene	ENSG00000011454	17155	23637	GAPCENA|TBC1D11	resolved	mygene.info	pinned_local_build
RAC1	RAC1	ENSG00000136238	ensembl_gene	ENSG00000136238	9801	5879	MIG5|MRD48|Rac-1|TC-25|p21-Rac1	resolved	mygene.info	pinned_local_build
RAC2	RAC2	ENSG00000128340	ensembl_gene	ENSG00000128340	9802	5880	EN-7|Gx|HSPC022|IMD73A|IMD73B|IMD73C|p21-Rac2	resolved	mygene.info	pinned_local_build
RAC3	RAC3	ENSG00000169750	ensembl_gene	ENSG00000169750	9803	5881		resolved	mygene.info	pinned_local_build
RAD21	RAD21	ENSG00000164754	ensembl_gene	ENSG00000164754	9811	5885	CDLS4|HR21|HRAD21|MCD1|MGS|NXP1|SCC1|hHR21	resolved	mygene.info	pinned_local_build
RAD23B	RAD23B	ENSG00000119318	ensembl_gene	ENSG00000119318	9813	5887	HHR23B|HR23B|P58	resolved	mygene.info	pinned_local_build
RAD50	RAD50	ENSG00000113522	ensembl_gene	ENSG00000113522	9816	10111	NBSLD|RAD502|hRad50	resolved	mygene.info	pinned_local_build
RAD51	RAD51	ENSG00000051180	ensembl_gene	ENSG00000051180	9817	5888	BRCC5|FANCR|HRAD51|HsRad51|HsT16930|MRMV2|RAD51A|RECA	resolved	mygene.info	pinned_local_build
RAF1	RAF1	ENSG00000132155	ensembl_gene	ENSG00000132155	9829	5894	CMD1NN|CRAF|NS5|Raf-1|c-Raf	resolved	mygene.info	pinned_local_build
RAG1	RAG1	ENSG00000166349	ensembl_gene	ENSG00000166349	9831	5896	RAG-1|RNF74	resolved	mygene.info	pinned_local_build
RAG2	RAG2	ENSG00000175097	ensembl_gene	ENSG00000175097	9832	5897	RAG-2	resolved	mygene.info	pinned_local_build
RAI1	RAI1	ENSG00000108557	ensembl_gene	ENSG00000108557	9834	10743	SMCR|SMS	resolved	mygene.info	pinned_local_build
RALA	RALA	ENSG00000006451	ensembl_gene	ENSG00000006451	9839	5898	HINCONS|RAL	resolved	mygene.info	pinned_local_build
RALGAPA1	RALGAPA1	ENSG00000174373	ensembl_gene	ENSG00000174373	17770	253959	GARNL1|GRIPE|NEDHRIT|RalGAPalpha1|TULIP1|p240	resolved	mygene.info	pinned_local_build
RANBP2	RANBP2	ENSG00000153201	ensembl_gene	ENSG00000153201	9848	5903	ADANE|ANE1|IIAE3|NUP358|TRP1|TRP2	resolved	mygene.info	pinned_local_build
RANGRF	RANGRF	ENSG00000108961	ensembl_gene	ENSG00000108961	17679	29098	HSPC165|HSPC236|MOG1|RANGNRF	resolved	mygene.info	pinned_local_build
RAP1A	RAP1A	ENSG00000116473	ensembl_gene	ENSG00000116473	9855	5906	C21KG|G-22K|KREV-1|KREV1|RAP1|SMGP21	resolved	mygene.info	pinned_local_build
RAP1B	RAP1B	ENSG00000127314	ensembl_gene	ENSG00000127314	9857	5908	K-REV|RAL1B|THC11	resolved	mygene.info	pinned_local_build
RAPGEF2	RAPGEF2	ENSG00000109756	ensembl_gene	ENSG00000109756	16854	9693	CNrasGEF|NRAPGEP|PDZ-GEF1|PDZGEF1|RA-GEF|RA-GEF-1|RAGEF|Rap-GEP|nRap GEP	resolved	mygene.info	pinned_local_build
RAPSN	RAPSN	ENSG00000165917	ensembl_gene	ENSG00000165917	9863	5913	CMS11|CMS4C|FADS|RAPSYN|RNF205	resolved	mygene.info	pinned_local_build
RARB	RARB	ENSG00000077092	ensembl_gene	ENSG00000077092	9865	5915	HAP|MCOPS12|NR1B2|RARbeta|RARbeta1|RRB2	resolved	mygene.info	pinned_local_build
RARS1	RARS1	ENSG00000113643	ensembl_gene	ENSG00000113643	9870	5917	ArgRS|DALRD1|HLD9|RARS	resolved	mygene.info	pinned_local_build
RARS2	RARS2	ENSG00000146282	ensembl_gene	ENSG00000146282	21406	57038	ArgRS|DALRD2|PCH6|PRO1992|RARSL	resolved	mygene.info	pinned_local_build
RASA1	RASA1	ENSG00000145715	ensembl_gene	ENSG00000145715	9871	5921	CM-AVM|CMAVM|CMAVM1|GAP|PKWS|RASA|RASGAP|p120|p120GAP|p120RASGAP	resolved	mygene.info	pinned_local_build
RASA2	RASA2	ENSG00000155903	ensembl_gene	ENSG00000155903	9872	5922	GAP1M	resolved	mygene.info	pinned_local_build
RB1	RB1	ENSG00000139687	ensembl_gene	ENSG00000139687	9884	5925	OSRC|PPP1R130|RB|p105-Rb|p110-RB1|pRb|pp110	resolved	mygene.info	pinned_local_build
RBBP8	RBBP8	ENSG00000101773	ensembl_gene	ENSG00000101773	9891	5932	COM1|CTIP|JAWAD|JWDS|RIM|SAE2|SCKL2	resolved	mygene.info	pinned_local_build
RBFOX1	RBFOX1	ENSG00000078328	ensembl_gene	ENSG00000078328	18222	54715	2BP1|A2BP1|FOX-1|FOX1|HRNBP1	resolved	mygene.info	pinned_local_build
RBFOX3	RBFOX3	ENSG00000167281	ensembl_gene	ENSG00000167281	27097	146713	FOX-3|FOX3|HRNBP3|NEUN	resolved	mygene.info	pinned_local_build
RBL2	RBL2	ENSG00000103479	ensembl_gene	ENSG00000103479	9894	5934	BRUWAG|P130|Rb2	resolved	mygene.info	pinned_local_build
RBM10	RBM10	ENSG00000182872	ensembl_gene	ENSG00000182872	9896	8241	DXS8237E|GPATC9|GPATCH9|MINAS-60|S1-1|TARPS|ZRANB5	resolved	mygene.info	pinned_local_build
RBM20	RBM20	ENSG00000203867	ensembl_gene	ENSG00000203867	27424	282996		resolved	mygene.info	pinned_local_build
RBM8A	RBM8A	ENSG00000265241	ensembl_gene	ENSG00000265241	9905	9939	BOV-1A|BOV-1B|BOV-1C|C1DELq21.1|DEL1q21.1|MDS014|RBM8|TAR|Y14|ZNRP|ZRNP1	resolved	mygene.info	pinned_local_build
RBMS3	RBMS3	ENSG00000144642	ensembl_gene	ENSG00000144642	13427	27303		resolved	mygene.info	pinned_local_build
RBMX	RBMX	ENSG00000147274	ensembl_gene	ENSG00000147274	9910	27316	HNRNPG|HNRPG|MRXS11|MRXSG|MRXSH|RBMXRT|RNMX|hnRNP-G	resolved	mygene.info	pinned_local_build
RBPJ	RBPJ	ENSG00000168214	ensembl_gene	ENSG00000168214	5724	3516	AOS3|CBF-1|CBF1|IGKJRB|IGKJRB1|KBF2|RBP-J|RBP-J kappa|RBP-JK|RBPJK|RBPSUH|SUH|csl	resolved	mygene.info	pinned_local_build
RCBTB1	RCBTB1	ENSG00000136144	ensembl_gene	ENSG00000136144	18243	55213	CLLD7|CLLL7|GLP|RDEOA	resolved	mygene.info	pinned_local_build
RD3	RD3	ENSG00000198570	ensembl_gene	ENSG00000198570	19689	343035	C1orf36|LCA12	resolved	mygene.info	pinned_local_build
RDH11	RDH11	ENSG00000072042	ensembl_gene	ENSG00000072042	17964	51109	ARSDR1|CGI82|HCBP12|MDT1|PSDR1|RALR1|RDJCSS|SCALD|SDR7C1	resolved	mygene.info	pinned_local_build
RDH12	RDH12	ENSG00000139988	ensembl_gene	ENSG00000139988	19977	145226	LCA13|RP53|SDR7C2	resolved	mygene.info	pinned_local_build
RDX	RDX	ENSG00000137710	ensembl_gene	ENSG00000137710	9944	5962	DFNB24	resolved	mygene.info	pinned_local_build
RECQL4	RECQL4	ENSG00000160957	ensembl_gene	ENSG00000160957	9949	9401	RECQ4	resolved	mygene.info	pinned_local_build
REEP1	REEP1	ENSG00000068615	ensembl_gene	ENSG00000068615	25786	65055	C2orf23|DSMA6|HMN5B|HMND12|HMNR6|SPG31|Yip2a	resolved	mygene.info	pinned_local_build
REEP2	REEP2	ENSG00000132563	ensembl_gene	ENSG00000132563	17975	51308	C5orf19|SGC32445|SPG72|SPG72A|SPG72B|Yip2d	resolved	mygene.info	pinned_local_build
REL	REL	ENSG00000162924	ensembl_gene	ENSG00000162924	9954	5966	C-Rel|HIVEN86A|IMD92	resolved	mygene.info	pinned_local_build
RELN	RELN	ENSG00000189056	ensembl_gene	ENSG00000189056	9957	5649	ETL7|LIS2|PRO1598|RL	resolved	mygene.info	pinned_local_build
RERE	RERE	ENSG00000142599	ensembl_gene	ENSG00000142599	9965	473	ARG|ARP|ATN1L|DNB1|NEDBEH	resolved	mygene.info	pinned_local_build
RETREG1	RETREG1	ENSG00000154153	ensembl_gene	ENSG00000154153	25964	54463	FAM134B|JK-1|JK1	resolved	mygene.info	pinned_local_build
REV3L	REV3L	ENSG00000009413	ensembl_gene	ENSG00000009413	9968	5980	POLZ|REV3	resolved	mygene.info	pinned_local_build
RFC1	RFC1	ENSG00000035928	ensembl_gene	ENSG00000035928	9969	5981	A1|CANVAS|MHCBFB|PO-GA|RECC1|RFC|RFC140	resolved	mygene.info	pinned_local_build
RFT1	RFT1	ENSG00000163933	ensembl_gene	ENSG00000163933	30220	91869	CDG1N|SLC76A1	resolved	mygene.info	pinned_local_build
RFX3	RFX3	ENSG00000080298	ensembl_gene	ENSG00000080298	9984	5991		resolved	mygene.info	pinned_local_build
RFX5	RFX5	ENSG00000143390	ensembl_gene	ENSG00000143390	9986	5993	MHC2D3|MHC2D5	resolved	mygene.info	pinned_local_build
RFXANK	RFXANK	ENSG00000064490	ensembl_gene	ENSG00000064490	9987	8625	ANKRA1|BLS|F14150_1|MHC2D2|RFX-B	resolved	mygene.info	pinned_local_build
RFXAP	RFXAP	ENSG00000133111	ensembl_gene	ENSG00000133111	9988	5994	MHC2D4	resolved	mygene.info	pinned_local_build
RGS6	RGS6	ENSG00000182732	ensembl_gene	ENSG00000182732	10002	9628	GAP|HA117|S914	resolved	mygene.info	pinned_local_build
RHEX	RHEX	ENSG00000263961	ensembl_gene	ENSG00000263961	25341	440712	C1orf186	resolved	mygene.info	pinned_local_build
RHOBTB2	RHOBTB2	ENSG00000008853	ensembl_gene	ENSG00000008853	18756	23221	DBC2|DEE64|EIEE64|p83	resolved	mygene.info	pinned_local_build
RILP	RILP	ENSG00000274145	ensembl_gene	ENSG00000274145	30266	83547	PP10141	resolved	mygene.info	pinned_local_build
RIMS1	RIMS1	ENSG00000079841	ensembl_gene	ENSG00000079841	17282	22999	CORD7|RAB3IP2|RIM|RIM1	resolved	mygene.info	pinned_local_build
RIPK4	RIPK4	ENSG00000183421	ensembl_gene	ENSG00000183421	496	54101	ANKK2|ANKRD3|CHANDS|DIK|NKRD3|PKK|PPS2|RIP4	resolved	mygene.info	pinned_local_build
RIPOR2	RIPOR2	ENSG00000111913	ensembl_gene	ENSG00000111913	13872	9750	C6orf32|DFNA21|DFNB104|DIFF40|DIFF48|FAM65B|MYONAP|PL48	resolved	mygene.info	pinned_local_build
RIT1	RIT1	ENSG00000143622	ensembl_gene	ENSG00000143622	10023	6016	NS8|RIBB|RIT|ROC1	resolved	mygene.info	pinned_local_build
RLBP1	RLBP1	ENSG00000140522	ensembl_gene	ENSG00000140522	10024	6017	CRALBP	resolved	mygene.info	pinned_local_build
RLIM	RLIM	ENSG00000131263	ensembl_gene	ENSG00000131263	13429	51132	MRX61|NY-REN-43|RNF12|TOKAS	resolved	mygene.info	pinned_local_build
RMND1	RMND1	ENSG00000155906	ensembl_gene	ENSG00000155906	21176	55005	C6orf96|COXPD11|RMD1|bA351K16|bA351K16.3	resolved	mygene.info	pinned_local_build
RMRP	RMRP	ENSG00000277027	ensembl_gene	ENSG00000277027	10031	6023	CHH|NME1|RMRPR|RRP2	resolved	mygene.info	pinned_local_build
RNASEH1	RNASEH1	ENSG00000171865	ensembl_gene	ENSG00000171865	18466	246243	H1RNA|PEOB2|RNH1	resolved	mygene.info	pinned_local_build
RNASEH2A	RNASEH2A	ENSG00000104889	ensembl_gene	ENSG00000104889	18518	10535	AGS4|RNASEHI|RNHIA|RNHL	resolved	mygene.info	pinned_local_build
RNASEH2B	RNASEH2B	ENSG00000136104	ensembl_gene	ENSG00000136104	25671	79621	AGS2|DLEU8	resolved	mygene.info	pinned_local_build
RNASEH2C	RNASEH2C	ENSG00000172922	ensembl_gene	ENSG00000172922	24116	84153	AGS3|AYP1	resolved	mygene.info	pinned_local_build
RNASET2	RNASET2	ENSG00000026297	ensembl_gene	ENSG00000026297	21686	8635	RNASE6PL|bA514O12.3	resolved	mygene.info	pinned_local_build
RNF113A	RNF113A	ENSG00000125352	ensembl_gene	ENSG00000125352	12974	7737	Cwc24|RNF113|TTD5|ZNF183	resolved	mygene.info	pinned_local_build
RNF125	RNF125	ENSG00000101695	ensembl_gene	ENSG00000101695	21150	54941	TNORS|TRAC-1|TRAC1	resolved	mygene.info	pinned_local_build
RNF13	RNF13	ENSG00000082996	ensembl_gene	ENSG00000082996	10057	11342	DEE73|EIEE73|RZF	resolved	mygene.info	pinned_local_build
RNF135	RNF135	ENSG00000181481	ensembl_gene	ENSG00000181481	21158	84282	L13|MMFD|REUL|Riplet	resolved	mygene.info	pinned_local_build
RNF170	RNF170	ENSG00000120925	ensembl_gene	ENSG00000120925	25358	81790	ADSA|SNAX1|SPG85	resolved	mygene.info	pinned_local_build
RNF216	RNF216	ENSG00000011275	ensembl_gene	ENSG00000011275	21698	54476	CAHH|TRIAD3|U7I1|UBCE7IP1|ZIN	resolved	mygene.info	pinned_local_build
RNF31	RNF31	ENSG00000092098	ensembl_gene	ENSG00000092098	16031	55072	HOIP|IMD115|Paul|ZIBRA	resolved	mygene.info	pinned_local_build
RNLS	RNLS	ENSG00000184719	ensembl_gene	ENSG00000184719	25641	55328	C10orf59|RENALASE	resolved	mygene.info	pinned_local_build
RNU2-2	RNU2-2		unknown_namespace		10152	26855	DEE119|RNU2-2P|RNU2B|U2	symbol_only	mygene.info	pinned_local_build
RNU4-2	RNU4-2	ENSG00000202538	ensembl_gene	ENSG00000202538	10193	26834	NEDHAFA|RENU|RNU4-1B|RNU4B1|RNU4C|RP102|U4A|U4b|U4c	resolved	mygene.info	pinned_local_build
RNU4ATAC	RNU4ATAC	ENSG00000264229	ensembl_gene	ENSG00000264229	34016	100151683	LWS|MOPD1|RFMN|RNU4ATAC1|TALS|U4ATAC	resolved	mygene.info	pinned_local_build
ROBO1	ROBO1	ENSG00000169855	ensembl_gene	ENSG00000169855	10249	6091	CPHD8|DUTT1|NORS|NYS8|SAX3	resolved	mygene.info	pinned_local_build
ROBO3	ROBO3	ENSG00000154134	ensembl_gene	ENSG00000154134	13433	64221	HGPPS|HGPPS1|HGPS|RBIG1|RIG1	resolved	mygene.info	pinned_local_build
ROGDI	ROGDI	ENSG00000067836	ensembl_gene	ENSG00000067836	29478	79641	KTZS|RAV2|ROGD1	resolved	mygene.info	pinned_local_build
ROR2	ROR2	ENSG00000169071	ensembl_gene	ENSG00000169071	10257	4920	BDB|BDB1|NTRKR2|RRS1	resolved	mygene.info	pinned_local_build
RORA	RORA	ENSG00000069667	ensembl_gene	ENSG00000069667	10258	6095	IDDECA|NR1F1|ROR1|ROR2|ROR3|RORa1|RORalpha|RZR-ALPHA|RZRA	resolved	mygene.info	pinned_local_build
RORB	RORB	ENSG00000198963	ensembl_gene	ENSG00000198963	10259	6096	EIG15|NR1F2|ROR-BETA|RORbeta|RZR-BETA|RZRB|bA133M9.1	resolved	mygene.info	pinned_local_build
RP2	RP2	ENSG00000102218	ensembl_gene	ENSG00000102218	10274	6102	DELXp11.3|NM23-H10|NME10|TBCCD2|XRP2	resolved	mygene.info	pinned_local_build
RPE65	RPE65	ENSG00000116745	ensembl_gene	ENSG00000116745	10294	6121	BCO3|LCA2|RP20|mRPE65|p63|rd12|sRPE65	resolved	mygene.info	pinned_local_build
RPGR	RPGR	ENSG00000156313	ensembl_gene	ENSG00000156313	10295	6103	COD1|CORDX1|CRD|PCDX|RP15|RP3|XLRP3|orf15	resolved	mygene.info	pinned_local_build
RPGRIP1	RPGRIP1	ENSG00000092200	ensembl_gene	ENSG00000092200	13436	57096	CORD13|LCA6|RGI1|RGRIP|RPGRIP|RPGRIP1d	resolved	mygene.info	pinned_local_build
RPGRIP1L	RPGRIP1L	ENSG00000103494	ensembl_gene	ENSG00000103494	29168	23322	COACH3|CORS3|FTM|JBTS7|MKS5|NPHP8|PPP1R134	resolved	mygene.info	pinned_local_build
RPH3A	RPH3A	ENSG00000089169	ensembl_gene	ENSG00000089169	17056	22895		resolved	mygene.info	pinned_local_build
RPIA	RPIA	ENSG00000153574	ensembl_gene	ENSG00000153574	10297	22934	RPI|RPIAD	resolved	mygene.info	pinned_local_build
RPL10	RPL10	ENSG00000147403	ensembl_gene	ENSG00000147403	10298	6134	AUTSX5|DXS648|DXS648E|L10|MRXS35|NOV|QM|uL16	resolved	mygene.info	pinned_local_build
RPL11	RPL11	ENSG00000142676	ensembl_gene	ENSG00000142676	10301	6135	DBA7|GIG34|L11|uL5	resolved	mygene.info	pinned_local_build
RPL17	RPL17	ENSG00000265681	ensembl_gene	ENSG00000265681	10307	6139	DBA22|L17|PD-1|RPL23|uL22	resolved	mygene.info	pinned_local_build
RPL19	RPL19	ENSG00000108298	ensembl_gene	ENSG00000108298	10312	6143	L19|eL19	resolved	mygene.info	pinned_local_build
RPL23	RPL23	ENSG00000125691	ensembl_gene	ENSG00000125691	10316	9349	L23|rpL17|uL14	resolved	mygene.info	pinned_local_build
RPL31	RPL31	ENSG00000071082	ensembl_gene	ENSG00000071082	10334	6160	L31|eL31	resolved	mygene.info	pinned_local_build
RPL9	RPL9	ENSG00000163682	ensembl_gene	ENSG00000163682	10369	6133	L9|NPC-A-16|uL6	resolved	mygene.info	pinned_local_build
RPN2	RPN2	ENSG00000291973	ensembl_gene	ENSG00000291973	10382	6185	RIBIIR|RPN-II|RPNII|SWP1	resolved	mygene.info	pinned_local_build
RPS17	RPS17	ENSG00000182774	ensembl_gene	ENSG00000182774	10397	6218	DBA4|RPS17L|RPS17L1|RPS17L2|S17|eS17	resolved	mygene.info	pinned_local_build
RPS20	RPS20	ENSG00000008988	ensembl_gene	ENSG00000008988	10405	6224	S20|uS10	resolved	mygene.info	pinned_local_build
RPS23	RPS23	ENSG00000186468	ensembl_gene	ENSG00000186468	10410	6228	BTDD|MABAS|MCINS|PAMAS|S23|uS12	resolved	mygene.info	pinned_local_build
RPS26	RPS26	ENSG00000197728	ensembl_gene	ENSG00000197728	10414	6231	DBA10|S26|eS26	resolved	mygene.info	pinned_local_build
RPS28	RPS28	ENSG00000233927	ensembl_gene	ENSG00000233927	10418	6234	DBA15|S28|eS28	resolved	mygene.info	pinned_local_build
RPS6	RPS6	ENSG00000137154	ensembl_gene	ENSG00000137154	10429	6194	S6|eS6	resolved	mygene.info	pinned_local_build
RPS6KA3	RPS6KA3	ENSG00000177189	ensembl_gene	ENSG00000177189	10432	6197	CLS|HU-3|ISPK-1|MAPKAPK1B|MRX19|RSK|RSK2|S6K-alpha3|XLID19|p90-RSK2|pp90RSK2	resolved	mygene.info	pinned_local_build
RPS6KC1	RPS6KC1	ENSG00000136643	ensembl_gene	ENSG00000136643	10439	26750	NEDSCW|RPK118|RSKL1|S6K-delta-1|S6PKh1|humS6PKh1	resolved	mygene.info	pinned_local_build
RRAGA	RRAGA	ENSG00000155876	ensembl_gene	ENSG00000155876	16963	10670	FIP-1|FIP1|RAGA	resolved	mygene.info	pinned_local_build
RRAS	RRAS	ENSG00000126458	ensembl_gene	ENSG00000126458	10447	6237	R-Ras|RRAS1	resolved	mygene.info	pinned_local_build
RREB1	RREB1	ENSG00000124782	ensembl_gene	ENSG00000124782	10449	6239	FINB|HNT|LZ321|RREB-1|Zep-1	resolved	mygene.info	pinned_local_build
RRM2B	RRM2B	ENSG00000048392	ensembl_gene	ENSG00000048392	17296	50484	MTDPS8A|MTDPS8B|P53R2|RCDFRD	resolved	mygene.info	pinned_local_build
RS1	RS1	ENSG00000102104	ensembl_gene	ENSG00000102104	10457	6247	RS|XLRS1	resolved	mygene.info	pinned_local_build
RSF1	RSF1	ENSG00000048649	ensembl_gene	ENSG00000048649	18118	51773	HBXAP|RSF-1|XAP8|p325	resolved	mygene.info	pinned_local_build
RSPRY1	RSPRY1	ENSG00000159579	ensembl_gene	ENSG00000159579	29420	89970	SEMDFA	resolved	mygene.info	pinned_local_build
RTBDN	RTBDN	ENSG00000132026	ensembl_gene	ENSG00000132026	30310	83546		resolved	mygene.info	pinned_local_build
RTEL1	RTEL1	ENSG00000258366	ensembl_gene	ENSG00000258366	15888	51750	C20orf41|DKCA4|DKCB5|NHL|PFBMFT3|RTEL	resolved	mygene.info	pinned_local_build
RTN2	RTN2	ENSG00000125744	ensembl_gene	ENSG00000125744	10468	6253	HMNR11|NSP2|NSPL1|NSPLI|SPG12	resolved	mygene.info	pinned_local_build
RTN4IP1	RTN4IP1	ENSG00000130347	ensembl_gene	ENSG00000130347	18647	84816	NIMP|OPA10|Yim1	resolved	mygene.info	pinned_local_build
RTN4R	RTN4R	ENSG00000040608	ensembl_gene	ENSG00000040608	18601	65078	NGR|NOGOR|NgR1	resolved	mygene.info	pinned_local_build
RTTN	RTTN	ENSG00000176225	ensembl_gene	ENSG00000176225	18654	25914	MSSP	resolved	mygene.info	pinned_local_build
RUBCN	RUBCN	ENSG00000145016	ensembl_gene	ENSG00000145016	28991	9711	KIAA0226|RUBICON|SCAR15	resolved	mygene.info	pinned_local_build
RUNX2	RUNX2	ENSG00000124813	ensembl_gene	ENSG00000124813	10472	860	AML3|CBF-alpha-1|CBFA1|CCD|CCD1|CLCD|OSF-2|OSF2|PEA2aA|PEBP2aA	resolved	mygene.info	pinned_local_build
RUSC2	RUSC2	ENSG00000198853	ensembl_gene	ENSG00000198853	23625	9853	Iporin|MRT61	resolved	mygene.info	pinned_local_build
RXYLT1	RXYLT1	ENSG00000118600	ensembl_gene	ENSG00000118600	13530	10329	HP10481|MDDGA10|TMEM5	resolved	mygene.info	pinned_local_build
RYR1	RYR1	ENSG00000196218	ensembl_gene	ENSG00000196218	10483	6261	CCO|CMYO1A|CMYO1B|CMYP1A|CMYP1B|KDS|MHS|MHS1|PPP1R137|RYDR|RYR|RYR-1|SKRR	resolved	mygene.info	pinned_local_build
RYR2	RYR2	ENSG00000198626	ensembl_gene	ENSG00000198626	10484	6262	ARVC2|ARVD2|RYR-2|RyR|VACRDS|VTSIP	resolved	mygene.info	pinned_local_build
RYR3	RYR3	ENSG00000198838	ensembl_gene	ENSG00000198838	10485	6263	CMYO20|CMYP20|RYR-3	resolved	mygene.info	pinned_local_build
S1PR2	S1PR2	ENSG00000267534	ensembl_gene	ENSG00000267534	3169	9294	AGR16|DFNB68|EDG-5|EDG5|Gpcr13|H218|LPB2|S1P2	resolved	mygene.info	pinned_local_build
SACS	SACS	ENSG00000151835	ensembl_gene	ENSG00000151835	10519	26278	ARSACS|DNAJC29|PPP1R138|SPAX6	resolved	mygene.info	pinned_local_build
SALL1	SALL1	ENSG00000103449	ensembl_gene	ENSG00000103449	10524	6299	HEL-S-89|HSAL1|Sal-1|TBS|ZNF794	resolved	mygene.info	pinned_local_build
SALL4	SALL4	ENSG00000101115	ensembl_gene	ENSG00000101115	15924	57167	DRRS|HSAL4|IVIC|ZNF797	resolved	mygene.info	pinned_local_build
SAMD11	SAMD11	ENSG00000187634	ensembl_gene	ENSG00000187634	28706	148398	MRS	resolved	mygene.info	pinned_local_build
SAMD12	SAMD12	ENSG00000177570	ensembl_gene	ENSG00000177570	31750	401474	BAFME|BAFME1|FAME|FAME1|FCMTE1|MEBA	resolved	mygene.info	pinned_local_build
SAMD14	SAMD14	ENSG00000167100	ensembl_gene	ENSG00000167100	27312	201191		resolved	mygene.info	pinned_local_build
SAMD9	SAMD9	ENSG00000205413	ensembl_gene	ENSG00000205413	1348	54809	C7orf5|DRIF1|M7MLS2|MIRAGE|NFTC|OEF1|OEF2	resolved	mygene.info	pinned_local_build
SAMHD1	SAMHD1	ENSG00000101347	ensembl_gene	ENSG00000101347	15925	25939	CHBL2|DCIP|HDDC1|MOP-5|SBBI88|hSAMHD1	resolved	mygene.info	pinned_local_build
SARS1	SARS1	ENSG00000031698	ensembl_gene	ENSG00000031698	10537	6301	NEDMAS|SARS|SERRS|SERS	resolved	mygene.info	pinned_local_build
SARS2	SARS2	ENSG00000283104	ensembl_gene	ENSG00000283104	17697	54938	SARS|SARSM|SERS|SYS|SerRS|SerRSmt|mtSerRS	resolved	mygene.info	pinned_local_build
SASS6	SASS6	ENSG00000156876	ensembl_gene	ENSG00000156876	25403	163786	MCPH14|SAS-6|SAS6	resolved	mygene.info	pinned_local_build
SATB1	SATB1	ENSG00000182568	ensembl_gene	ENSG00000182568	10541	6304	DEFDA|DHDBV|KTZSL	resolved	mygene.info	pinned_local_build
SATB2	SATB2	ENSG00000119042	ensembl_gene	ENSG00000119042	21637	23314	C2DELq32q33|DEL2Q32Q33|GLSS	resolved	mygene.info	pinned_local_build
SBDS	SBDS	ENSG00000126524	ensembl_gene	ENSG00000126524	19440	51119	CGI-97|SDO1|SDS|SWDS	resolved	mygene.info	pinned_local_build
SBF2	SBF2	ENSG00000133812	ensembl_gene	ENSG00000133812	2135	81846	CMT4B2|DENND7B|MTMR13	resolved	mygene.info	pinned_local_build
SC5D	SC5D	ENSG00000109929	ensembl_gene	ENSG00000109929	10547	6309	ERG3|S5DES|SC5DL	resolved	mygene.info	pinned_local_build
SCAF4	SCAF4	ENSG00000156304	ensembl_gene	ENSG00000156304	19304	57466	FZS|SFRS15|SRA4	resolved	mygene.info	pinned_local_build
SCAMP5	SCAMP5	ENSG00000198794	ensembl_gene	ENSG00000198794	30386	192683		resolved	mygene.info	pinned_local_build
SCARB1	SCARB1	ENSG00000073060	ensembl_gene	ENSG00000073060	1664	949	CD36L1|CLA-1|CLA1|HDLCQ6|HDLQTL6|SR-BI|SRB1	resolved	mygene.info	pinned_local_build
SCARB2	SCARB2	ENSG00000138760	ensembl_gene	ENSG00000138760	1665	950	AMRF|CD36L2|EPM4|HLGP85|LGP85|LIMP-2|LIMPII|SR-BII	resolved	mygene.info	pinned_local_build
SCARF2	SCARF2	ENSG00000244486	ensembl_gene	ENSG00000244486	19869	91179	NSR1|SREC-II|SREC2|SRECRP-1|VDEGS	resolved	mygene.info	pinned_local_build
SCLT1	SCLT1	ENSG00000151466	ensembl_gene	ENSG00000151466	26406	132320	CAP-1A|CAP1A	resolved	mygene.info	pinned_local_build
SCN10A	SCN10A	ENSG00000185313	ensembl_gene	ENSG00000185313	10582	6336	FEPS2|Nav1.8|PN3|SNS	resolved	mygene.info	pinned_local_build
SCN11A	SCN11A	ENSG00000168356	ensembl_gene	ENSG00000168356	10583	11280	FEPS3|HSAN7|NAV1.9|NaN|PN5|SCN12A|SNS-2	resolved	mygene.info	pinned_local_build
SCN1A	SCN1A	ENSG00000144285	ensembl_gene	ENSG00000144285	10585	6323	DEE6|DEE6A|DEE6B|DRVT|EIEE6|FEB3|FEB3A|FHM3|GEFSP2|HBSCI|NAC1|Nav1.1|SCN1|SMEI	resolved	mygene.info	pinned_local_build
SCN1B	SCN1B	ENSG00000105711	ensembl_gene	ENSG00000105711	10586	6324	ATFB13|BRGDA5|DEE52|EIEE52|GEFSP1	resolved	mygene.info	pinned_local_build
SCN2A	SCN2A	ENSG00000136531	ensembl_gene	ENSG00000136531	10588	6326	BFIC3|BFIS3|BFNIS|DEE11|EA9|EIEE11|HBA|HBSCI|HBSCII|NAC2|Na(v)1.2|Nav1.2|SCN2A1|SCN2A2	resolved	mygene.info	pinned_local_build
SCN2B	SCN2B	ENSG00000149575	ensembl_gene	ENSG00000149575	10589	6327	ATFB14	resolved	mygene.info	pinned_local_build
SCN3A	SCN3A	ENSG00000153253	ensembl_gene	ENSG00000153253	10590	6328	DEE62|EIEE62|FFEVF4|NAC3|Nav1.3	resolved	mygene.info	pinned_local_build
SCN3B	SCN3B	ENSG00000166257	ensembl_gene	ENSG00000166257	20665	55800	ATFB16|BRGDA7|HSA243396|SCNB3	resolved	mygene.info	pinned_local_build
SCN4A	SCN4A	ENSG00000007314	ensembl_gene	ENSG00000007314	10591	6329	CMS16|CMYO22A|CMYP22A|HOKPP2|HYKPP|HYPP|NAC1A|Na(V)1.4|Nav1.4|SkM1	resolved	mygene.info	pinned_local_build
SCN4B	SCN4B	ENSG00000177098	ensembl_gene	ENSG00000177098	10592	6330	ATFB17|LQT10|Navbeta4	resolved	mygene.info	pinned_local_build
SCN5A	SCN5A	ENSG00000183873	ensembl_gene	ENSG00000183873	10593	6331	CDCD2|CMD1E|CMPD2|HB1|HB2|HBBD|HH1|ICCD|IVF|LQT3|Nav1.5|PFHB1|SSS1|VF1	resolved	mygene.info	pinned_local_build
SCN7A	SCN7A	ENSG00000136546	ensembl_gene	ENSG00000136546	10594	6332	NaG|Nav2.1|Nav2.2|SCN6A	resolved	mygene.info	pinned_local_build
SCN8A	SCN8A	ENSG00000196876	ensembl_gene	ENSG00000196876	10596	6334	BFIS5|CERIII|CIAT|DEE13|EIEE13|MED|MYOCL2|NaCh6|Nav1.6|PN4	resolved	mygene.info	pinned_local_build
SCN9A	SCN9A	ENSG00000169432	ensembl_gene	ENSG00000169432	10597	6335	ETHA|FEB3B|GEFSP7|HSAN2D|NE-NA|NENA|Nav1.7|PN1|SFNP	resolved	mygene.info	pinned_local_build
SCNM1	SCNM1	ENSG00000163156	ensembl_gene	ENSG00000163156	23136	79005	OFD19	resolved	mygene.info	pinned_local_build
SCO1	SCO1	ENSG00000133028	ensembl_gene	ENSG00000133028	10603	6341	MC4DN4|SCOD1	resolved	mygene.info	pinned_local_build
SCO2	SCO2	ENSG00000284194	ensembl_gene	ENSG00000284194	10604	9997	CEMCOX1|ECGF1|Gliostatin|MC4DN2|MYP6|PD-ECGF|SCO1L|TP|TdRPase	resolved	mygene.info	pinned_local_build
SCP2	SCP2	ENSG00000116171	ensembl_gene	ENSG00000116171	10606	6342	NLTP|NSL-TP|SCOX|SCP-2|SCP-CHI|SCP-X|SCPX|nsLTP	resolved	mygene.info	pinned_local_build
SCYL1	SCYL1	ENSG00000142186	ensembl_gene	ENSG00000142186	14372	57410	GKLP|HT019|NKTL|NTKL|P105|SCAR21|TAPK|TEIF|TRAP	resolved	mygene.info	pinned_local_build
SDCCAG8	SDCCAG8	ENSG00000276111	ensembl_gene	ENSG00000276111	10671	10806	BBS16|CCCAP|CCCAP SLSN7|HSPC085|NPHP10|NY-CO-8|SLSN7|hCCCAP	resolved	mygene.info	pinned_local_build
SDHA	SDHA	ENSG00000073578	ensembl_gene	ENSG00000073578	10680	6389	CMD1GG|FP|MC2DN1|NDAXOA|PGL5|PPGL5|SDH1|SDH2|SDHF	resolved	mygene.info	pinned_local_build
SDHAF1	SDHAF1	ENSG00000205138	ensembl_gene	ENSG00000205138	33867	644096	LYRM8|MC2DN2	resolved	mygene.info	pinned_local_build
SDHAF2	SDHAF2	ENSG00000167985	ensembl_gene	ENSG00000167985	26034	54949	C11orf79|PGL2|PPGL2|SDH5|hSDH5	resolved	mygene.info	pinned_local_build
SDHAF3	SDHAF3	ENSG00000196636	ensembl_gene	ENSG00000196636	21752	57001	ACN9|DC11|LYRM10|Sdh7	resolved	mygene.info	pinned_local_build
SDHAF4	SDHAF4	ENSG00000154079	ensembl_gene	ENSG00000154079	20957	135154	C6orf57|Sdh8	resolved	mygene.info	pinned_local_build
SDHB	SDHB	ENSG00000117118	ensembl_gene	ENSG00000117118	10681	6390	CWS2|IP|MC2DN4|PGL4|PPGL4|SDH|SDH1|SDH2|SDHIP	resolved	mygene.info	pinned_local_build
SDHC	SDHC	ENSG00000143252	ensembl_gene	ENSG00000143252	10682	6391	CYB560|CYBL|PGL3|PPGL3|QPS1|SDH3	resolved	mygene.info	pinned_local_build
SDHD	SDHD	ENSG00000204370	ensembl_gene	ENSG00000204370	10683	6392	CBT1|CII-4|CWS3|MC2DN3|PGL|PGL1|PPGL1|QPs3|SDH4|cybS	resolved	mygene.info	pinned_local_build
SDR9C7	SDR9C7	ENSG00000170426	ensembl_gene	ENSG00000170426	29958	121214	ARCI13|RDHS|SDR-O|SDRO	resolved	mygene.info	pinned_local_build
SEC23B	SEC23B	ENSG00000101310	ensembl_gene	ENSG00000101310	10702	10483	CDA-II|CDAII|CDAN2|CWS7|HEMPAS|hSec23B	resolved	mygene.info	pinned_local_build
SEC24C	SEC24C	ENSG00000176986	ensembl_gene	ENSG00000176986	10705	9632		resolved	mygene.info	pinned_local_build
SEC24D	SEC24D	ENSG00000150961	ensembl_gene	ENSG00000150961	10706	9871	CLCRP2	resolved	mygene.info	pinned_local_build
SEC31A	SEC31A	ENSG00000138674	ensembl_gene	ENSG00000138674	17052	22872	ABP125|ABP130|HPBKS|HSPC275|HSPC334|NEDSOSB|SEC31L1	resolved	mygene.info	pinned_local_build
SEC61A1	SEC61A1	ENSG00000058262	ensembl_gene	ENSG00000058262	18276	29927	ADTKD5|CVID15|HNFJ4|HSEC61|SEC61|SEC61A	resolved	mygene.info	pinned_local_build
SELENOI	SELENOI	ENSG00000138018	ensembl_gene	ENSG00000138018	29361	85465	EPT1|SELI|SEPI|SPG81	resolved	mygene.info	pinned_local_build
SELENON	SELENON	ENSG00000162430	ensembl_gene	ENSG00000162430	15999	57190	CFTD|CMYO3|CMYP3|MDRS1|RSMD1|RSS|SELN|SEPN1	resolved	mygene.info	pinned_local_build
SEM1	SEM1	ENSG00000127922	ensembl_gene	ENSG00000127922	10845	7979	C7orf76|DSS1|ECD|PSMD15|SHFD1|SHFM1|SHSF1|Shfdg1	resolved	mygene.info	pinned_local_build
SEMA3E	SEMA3E	ENSG00000170381	ensembl_gene	ENSG00000170381	10727	9723	M-SEMAH|M-SemaK|SEMAH|coll-5	resolved	mygene.info	pinned_local_build
SEMA3F	SEMA3F	ENSG00000001617	ensembl_gene	ENSG00000001617	10728	6405	SEMA-IV|SEMA4|SEMAK	resolved	mygene.info	pinned_local_build
SEMA6A	SEMA6A	ENSG00000092421	ensembl_gene	ENSG00000092421	10738	57556	HT018|SEMA|SEMA6A1|SEMAQ|VIA	resolved	mygene.info	pinned_local_build
SEMA6B	SEMA6B	ENSG00000167680	ensembl_gene	ENSG00000167680	10739	10501	EPM11|SEM-SEMA-Y|SEM-SEMA-Z|SEMA-VIB|SEMAN|semaZ	resolved	mygene.info	pinned_local_build
SEPSECS	SEPSECS	ENSG00000109618	ensembl_gene	ENSG00000109618	30605	51091	LP|PCH2D|SLA|SLA-p35|SLA/LP|SecS	resolved	mygene.info	pinned_local_build
SEPTIN6	SEPTIN6	ENSG00000125354	ensembl_gene	ENSG00000125354	15848	23157	SEP2|SEPT2|SEPT6|Septin-6	resolved	mygene.info	pinned_local_build
SERAC1	SERAC1	ENSG00000122335	ensembl_gene	ENSG00000122335	21061	84947		resolved	mygene.info	pinned_local_build
SERPINB6	SERPINB6	ENSG00000124570	ensembl_gene	ENSG00000124570	8950	5269	CAP|DFNB91|MSTP057|PI-6|PI6|PTI|SPI3	resolved	mygene.info	pinned_local_build
SERPINF1	SERPINF1	ENSG00000282307	ensembl_gene	ENSG00000282307	8824	5176	EPC-1|OI12|OI6|PEDF|PIG35	resolved	mygene.info	pinned_local_build
SERPINI1	SERPINI1	ENSG00000163536	ensembl_gene	ENSG00000163536	8943	5274	HNS-S1|HNS-S2|PI12|neuroserpin	resolved	mygene.info	pinned_local_build
SETBP1	SETBP1	ENSG00000152217	ensembl_gene	ENSG00000152217	15573	26040	MRD29|SEB	resolved	mygene.info	pinned_local_build
SETD1A	SETD1A	ENSG00000099381	ensembl_gene	ENSG00000099381	29010	9739	EPEDD|EPEO2|KMT2F|NEDSID|Set1|Set1A	resolved	mygene.info	pinned_local_build
SETD1B	SETD1B	ENSG00000139718	ensembl_gene	ENSG00000139718	29187	23067	IDDSELD|KMT2G|Set1B	resolved	mygene.info	pinned_local_build
SETD2	SETD2	ENSG00000181555	ensembl_gene	ENSG00000181555	18420	29072	HBP231|HIF-1|HIP-1|HSPC069|HYPB|KMT3A|LLS|MRD70|RAPAS|SET2|p231HBP	resolved	mygene.info	pinned_local_build
SETD5	SETD5	ENSG00000168137	ensembl_gene	ENSG00000168137	25566	55209	MRD23|SETD5A	resolved	mygene.info	pinned_local_build
SETX	SETX	ENSG00000107290	ensembl_gene	ENSG00000107290	445	23064	ALS4|AOA2|SCAN2|SCAR1|STEX|Sen1|bA479K20.2	resolved	mygene.info	pinned_local_build
SF1	SF1	ENSG00000168066	ensembl_gene	ENSG00000168066	12950	7536	BBP|D11S636|MBBP|ZCCHC25|ZFM1|ZNF162	resolved	mygene.info	pinned_local_build
SF3B1	SF3B1	ENSG00000115524	ensembl_gene	ENSG00000115524	10768	23451	Hsh155|MDS|PRP10|PRPF10|SAP155|SF3b155	resolved	mygene.info	pinned_local_build
SF3B4	SF3B4	ENSG00000143368	ensembl_gene	ENSG00000143368	10771	10262	AFD1|Hsh49|SAP49|SF3b49	resolved	mygene.info	pinned_local_build
SFXN4	SFXN4	ENSG00000183605	ensembl_gene	ENSG00000183605	16088	119559	BCRM1|COXPD18|SLC56A4	resolved	mygene.info	pinned_local_build
SGCA	SGCA	ENSG00000108823	ensembl_gene	ENSG00000108823	10805	6442	50DAG|ADL|DAG2|DMDA2|LGMD2D|LGMDR3|SCARMD1|adhalin	resolved	mygene.info	pinned_local_build
SGCB	SGCB	ENSG00000163069	ensembl_gene	ENSG00000163069	10806	6443	A3b|LGMD2E|LGMDR4|SGC	resolved	mygene.info	pinned_local_build
SGCD	SGCD	ENSG00000170624	ensembl_gene	ENSG00000170624	10807	6444	35DAG|CMD1L|DAGD|LGMDR6|SG-delta|SGCDP|SGD	resolved	mygene.info	pinned_local_build
SGCE	SGCE	ENSG00000127990	ensembl_gene	ENSG00000127990	10808	8910	DYT11|ESG|epsilon-SG	resolved	mygene.info	pinned_local_build
SGCG	SGCG	ENSG00000102683	ensembl_gene	ENSG00000102683	10809	6445	35DAG|A4|DAGA4|DMDA|DMDA1|LGMD2C|LGMDR5|MAM|SCARMD2|gamma-SG	resolved	mygene.info	pinned_local_build
SGPL1	SGPL1	ENSG00000166224	ensembl_gene	ENSG00000166224	10817	8879	NPHS14|RENI|S1PL|SPL	resolved	mygene.info	pinned_local_build
SGSH	SGSH	ENSG00000181523	ensembl_gene	ENSG00000181523	10818	6448	HSS|MPS3A|SFMD	resolved	mygene.info	pinned_local_build
SH2B1	SH2B1	ENSG00000178188	ensembl_gene	ENSG00000178188	30417	25970	PSM|SH2B	resolved	mygene.info	pinned_local_build
SH2D1A	SH2D1A	ENSG00000183918	ensembl_gene	ENSG00000183918	10820	4068	DSHP|EBVS|IMD5|LYP|MTCP1|SAP|SAP/SH2D1A|XLP|XLPD|XLPD1	resolved	mygene.info	pinned_local_build
SH3TC2	SH3TC2	ENSG00000169247	ensembl_gene	ENSG00000169247	29427	79628	CMT4C|MNMN	resolved	mygene.info	pinned_local_build
SHANK1	SHANK1	ENSG00000161681	ensembl_gene	ENSG00000161681	15474	50944	SPANK-1|SSTRIP|synamon	resolved	mygene.info	pinned_local_build
SHANK2	SHANK2	ENSG00000162105	ensembl_gene	ENSG00000162105	14295	22941	AUTS17|CORTBP1|CTTNBP1|ProSAP1|SHANK|SPANK-3	resolved	mygene.info	pinned_local_build
SHANK3	SHANK3	ENSG00000292254	ensembl_gene	ENSG00000292254	14294	85358	DEL22q13.3|PROSAP2|PSAP2|SCZD15|SPANK-2	resolved	mygene.info	pinned_local_build
SHH	SHH	ENSG00000164690	ensembl_gene	ENSG00000164690	10848	6469	HHG1|HLP3|HPE3|MCOPCB5|SMMCI|ShhNC|TPT|TPTPS	resolved	mygene.info	pinned_local_build
SHMT2	SHMT2	ENSG00000182199	ensembl_gene	ENSG00000182199	10852	6472	GLYA|HEL-S-51e|NEDCASB|SHMT|mSHMT	resolved	mygene.info	pinned_local_build
SHOC2	SHOC2	ENSG00000108061	ensembl_gene	ENSG00000108061	15454	8036	NSLH1|SIAA0862|SOC2|SUR8	resolved	mygene.info	pinned_local_build
SHOX	SHOX	ENSG00000185960	ensembl_gene	ENSG00000185960	10853	6473	GCFX|PHOG|SHOX1|SHOXY|SS	resolved	mygene.info	pinned_local_build
SHROOM4	SHROOM4	ENSG00000158352	ensembl_gene	ENSG00000158352	29215	57477	MRXSSDS|SHAP|shrm4	resolved	mygene.info	pinned_local_build
SI	SI	ENSG00000090402	ensembl_gene	ENSG00000090402	10856	6476		resolved	mygene.info	pinned_local_build
SIGMAR1	SIGMAR1	ENSG00000147955	ensembl_gene	ENSG00000147955	8157	10280	ALS16|DSMA2|HMNR2|OPRS1|SIG-1R|SR-BP|SR-BP1|SRBP|hSigmaR1|sigma1R	resolved	mygene.info	pinned_local_build
SIK1	SIK1	ENSG00000142178	ensembl_gene	ENSG00000142178	11142	150094	DEE30|MSK|SIK|SIK-1|SIK1B|SNF1LK	resolved	mygene.info	pinned_local_build
SIL1	SIL1	ENSG00000120725	ensembl_gene	ENSG00000120725	24624	64374	BAP|MSS|ULG5	resolved	mygene.info	pinned_local_build
SIM1	SIM1	ENSG00000112246	ensembl_gene	ENSG00000112246	10882	6492	bHLHe14	resolved	mygene.info	pinned_local_build
SIN3A	SIN3A	ENSG00000169375	ensembl_gene	ENSG00000169375	19353	25942	CHR15DELq24|DEL15Q24|WITKOS	resolved	mygene.info	pinned_local_build
SIRT1	SIRT1	ENSG00000096717	ensembl_gene	ENSG00000096717	14929	23411	SIR2|SIR2L1|SIR2alpha	resolved	mygene.info	pinned_local_build
SIX1	SIX1	ENSG00000126778	ensembl_gene	ENSG00000126778	10887	6495	BOS3|DFNA23|TIP39	resolved	mygene.info	pinned_local_build
SIX3	SIX3	ENSG00000138083	ensembl_gene	ENSG00000138083	10889	6496	HPE2	resolved	mygene.info	pinned_local_build
SIX5	SIX5	ENSG00000177045	ensembl_gene	ENSG00000177045	10891	147912	BOR2|DMAHP	resolved	mygene.info	pinned_local_build
SKI	SKI	ENSG00000157933	ensembl_gene	ENSG00000157933	10896	6497	SGS|SKV	resolved	mygene.info	pinned_local_build
SKIC2	SKIC2	ENSG00000204351	ensembl_gene	ENSG00000204351	10898	6499	170A|DDX13|HLP|SKI2|SKI2W|SKIV2|SKIV2L|SKIV2L1|THES2	resolved	mygene.info	pinned_local_build
SKIC3	SKIC3	ENSG00000198677	ensembl_gene	ENSG00000198677	23639	9652	KIAA0372|Ski3|THES|TTC37	resolved	mygene.info	pinned_local_build
SLC10A1	SLC10A1	ENSG00000100652	ensembl_gene	ENSG00000100652	10905	6554	FHCA2|NTCP	resolved	mygene.info	pinned_local_build
SLC12A1	SLC12A1	ENSG00000074803	ensembl_gene	ENSG00000074803	10910	6557	BSC|BSC-1|BSC1|CCC2|NKCC2	resolved	mygene.info	pinned_local_build
SLC12A2	SLC12A2	ENSG00000064651	ensembl_gene	ENSG00000064651	10911	6558	BSC|BSC-2|BSC2|CCC1|KILQS|NKCC1|PPP1R141|hNKCC1	resolved	mygene.info	pinned_local_build
SLC12A3	SLC12A3	ENSG00000070915	ensembl_gene	ENSG00000070915	10912	6559	NCC|NCCT|TSC	resolved	mygene.info	pinned_local_build
SLC12A5	SLC12A5	ENSG00000124140	ensembl_gene	ENSG00000124140	13818	57468	DEE34|EIEE34|EIG14|KCC2|hKCC2	resolved	mygene.info	pinned_local_build
SLC12A6	SLC12A6	ENSG00000140199	ensembl_gene	ENSG00000140199	10914	9990	ACCPN|CMT2II|KCC3|KCC3A|KCC3B	resolved	mygene.info	pinned_local_build
SLC13A5	SLC13A5	ENSG00000141485	ensembl_gene	ENSG00000141485	23089	284111	DEE25|EIEE25|INDY|NACT|mIndy	resolved	mygene.info	pinned_local_build
SLC16A1	SLC16A1	ENSG00000155380	ensembl_gene	ENSG00000155380	10922	6566	HHF7|MCT|MCT1|MCT1D	resolved	mygene.info	pinned_local_build
SLC16A2	SLC16A2	ENSG00000147100	ensembl_gene	ENSG00000147100	10923	6567	AHDS|DXS128|DXS128E|MCT 7|MCT 8|MCT7|MCT8|MRX22|XPCT	resolved	mygene.info	pinned_local_build
SLC17A5	SLC17A5	ENSG00000119899	ensembl_gene	ENSG00000119899	10933	26503	AST|ISSD|NSD|SD|SIALIN|SIASD|SLD|VEAT	resolved	mygene.info	pinned_local_build
SLC17A8	SLC17A8	ENSG00000179520	ensembl_gene	ENSG00000179520	20151	246213	DFNA25|VGLUT3	resolved	mygene.info	pinned_local_build
SLC18A2	SLC18A2	ENSG00000165646	ensembl_gene	ENSG00000165646	10935	6571	PKDYS2|SVAT|SVMT|VAT2|VMAT2	resolved	mygene.info	pinned_local_build
SLC19A1	SLC19A1	ENSG00000173638	ensembl_gene	ENSG00000173638	10937	6573	CHMD|FOLT|IFC-1|IFC1|IMD114|MEGAF|REFC|RFC|RFC1|RFT-1|hRFC|hSLC19A1	resolved	mygene.info	pinned_local_build
SLC19A2	SLC19A2	ENSG00000117479	ensembl_gene	ENSG00000117479	10938	10560	TC1|THMD1|THT1|THTR1|TRMA	resolved	mygene.info	pinned_local_build
SLC19A3	SLC19A3	ENSG00000135917	ensembl_gene	ENSG00000135917	16266	80704	BBGD|THMD2|THTR2|hTHTR2|thTr-2	resolved	mygene.info	pinned_local_build
SLC1A1	SLC1A1	ENSG00000106688	ensembl_gene	ENSG00000106688	10939	6505	DCBXA|EAAC1|EAAT3|SCZD18|hEAAC1	resolved	mygene.info	pinned_local_build
SLC1A2	SLC1A2	ENSG00000110436	ensembl_gene	ENSG00000110436	10940	6506	DEE41|EAAT2|EIEE41|GLT-1|GLT1|HBGT	resolved	mygene.info	pinned_local_build
SLC1A3	SLC1A3	ENSG00000079215	ensembl_gene	ENSG00000079215	10941	6507	EA6|EAAT1|GLAST|GLAST1	resolved	mygene.info	pinned_local_build
SLC1A4	SLC1A4	ENSG00000115902	ensembl_gene	ENSG00000115902	10942	6509	ASCT1|SATT|SPATCCM	resolved	mygene.info	pinned_local_build
SLC1A5	SLC1A5	ENSG00000105281	ensembl_gene	ENSG00000105281	10943	6510	AAAT|ASCT2|ATBO|M7V1|M7VS1|R16|RDRC	resolved	mygene.info	pinned_local_build
SLC20A2	SLC20A2	ENSG00000168575	ensembl_gene	ENSG00000168575	10947	6575	GLVR-2|GLVR2|IBGC1|IBGC2|IBGC3|MLVAR|PIT-2|PIT2|RAM1|Ram-1	resolved	mygene.info	pinned_local_build
SLC22A5	SLC22A5	ENSG00000197375	ensembl_gene	ENSG00000197375	10969	6584	CDSP|OCTN2	resolved	mygene.info	pinned_local_build
SLC25A1	SLC25A1	ENSG00000100075	ensembl_gene	ENSG00000100075	10979	6576	CIC|CMS23|CTP|D2L2AD|SEA|SLC20A3	resolved	mygene.info	pinned_local_build
SLC25A10	SLC25A10	ENSG00000183048	ensembl_gene	ENSG00000183048	10980	1468	DIC|MTDPS19	resolved	mygene.info	pinned_local_build
SLC25A12	SLC25A12	ENSG00000115840	ensembl_gene	ENSG00000115840	10982	8604	AGC1|ARALAR|DEE39|EIEE39	resolved	mygene.info	pinned_local_build
SLC25A13	SLC25A13	ENSG00000004864	ensembl_gene	ENSG00000004864	10983	10165	ARALAR2|CITRIN|CTLN2|NICCD	resolved	mygene.info	pinned_local_build
SLC25A15	SLC25A15	ENSG00000102743	ensembl_gene	ENSG00000102743	10985	10166	D13S327|HHH|LNC-HC|ORC1|ORNT1	resolved	mygene.info	pinned_local_build
SLC25A19	SLC25A19	ENSG00000125454	ensembl_gene	ENSG00000125454	14409	60386	DNC|MCPHA|MTPPT|MUP1|THMD3|THMD4|TPC	resolved	mygene.info	pinned_local_build
SLC25A20	SLC25A20	ENSG00000178537	ensembl_gene	ENSG00000178537	1421	788	CAC|CACT	resolved	mygene.info	pinned_local_build
SLC25A22	SLC25A22	ENSG00000177542	ensembl_gene	ENSG00000177542	19954	79751	DEE3|EIEE3|GC-1|GC1|NET44	resolved	mygene.info	pinned_local_build
SLC25A26	SLC25A26	ENSG00000144741	ensembl_gene	ENSG00000144741	20661	115286	COXPD28|SAMC	resolved	mygene.info	pinned_local_build
SLC25A3	SLC25A3	ENSG00000075415	ensembl_gene	ENSG00000075415	10989	5250	OK/SW-cl.48|PHC|PTP|PiC	resolved	mygene.info	pinned_local_build
SLC25A32	SLC25A32	ENSG00000164933	ensembl_gene	ENSG00000164933	29683	81034	GLYB|MFT|MFTC|RREI	resolved	mygene.info	pinned_local_build
SLC25A33	SLC25A33	ENSG00000171612	ensembl_gene	ENSG00000171612	29681	84275	BMSC-MCP|PNC1	resolved	mygene.info	pinned_local_build
SLC25A38	SLC25A38	ENSG00000144659	ensembl_gene	ENSG00000144659	26054	54977	SIDBA2	resolved	mygene.info	pinned_local_build
SLC25A4	SLC25A4	ENSG00000151729	ensembl_gene	ENSG00000151729	10990	291	AAC1|ANT|ANT 1|ANT1|MTDPS12|MTDPS12A|PEO2|PEO3|PEOA2|T1	resolved	mygene.info	pinned_local_build
SLC25A40	SLC25A40	ENSG00000075303	ensembl_gene	ENSG00000075303	29680	55972	MCFP	resolved	mygene.info	pinned_local_build
SLC25A42	SLC25A42	ENSG00000181035	ensembl_gene	ENSG00000181035	28380	284439	MECREN	resolved	mygene.info	pinned_local_build
SLC25A46	SLC25A46	ENSG00000164209	ensembl_gene	ENSG00000164209	25198	91137	HMSN6B|PCH1E	resolved	mygene.info	pinned_local_build
SLC26A1	SLC26A1	ENSG00000145217	ensembl_gene	ENSG00000145217	10993	10861	CAON|CAON1|EDM4|HYSULF|SAT-1|SAT1	resolved	mygene.info	pinned_local_build
SLC26A2	SLC26A2	ENSG00000155850	ensembl_gene	ENSG00000155850	10994	1836	D5S1708|DTD|DTDST|EDM4|MST153|MSTP157	resolved	mygene.info	pinned_local_build
SLC26A4	SLC26A4	ENSG00000091137	ensembl_gene	ENSG00000091137	8818	5172	DFNB4|EVA|PDS|TDH2B	resolved	mygene.info	pinned_local_build
SLC26A5	SLC26A5	ENSG00000170615	ensembl_gene	ENSG00000170615	9359	375611	DFNB61|PRES	resolved	mygene.info	pinned_local_build
SLC27A4	SLC27A4	ENSG00000167114	ensembl_gene	ENSG00000167114	10998	10999	ACSVL4|FATP4|IPS	resolved	mygene.info	pinned_local_build
SLC27A5	SLC27A5	ENSG00000083807	ensembl_gene	ENSG00000083807	10999	10998	ACSB|ACSVL6|BACS|BAL|FACVL3|FATP-5|FATP5|VLACSR|VLCS-H2|VLCSH2	resolved	mygene.info	pinned_local_build
SLC29A3	SLC29A3	ENSG00000198246	ensembl_gene	ENSG00000198246	23096	55315	ENT3|HCLAP|HJCD|PHID	resolved	mygene.info	pinned_local_build
SLC29A4	SLC29A4	ENSG00000164638	ensembl_gene	ENSG00000164638	23097	222962	ENT4|PMAT	resolved	mygene.info	pinned_local_build
SLC2A1	SLC2A1	ENSG00000117394	ensembl_gene	ENSG00000117394	11005	6513	CSE|DYT17|DYT18|DYT9|EIG12|GLUT|GLUT-1|GLUT1|GLUT1DS|HTLVR|PED|SDCHCN	resolved	mygene.info	pinned_local_build
SLC2A10	SLC2A10	ENSG00000197496	ensembl_gene	ENSG00000197496	13444	81031	ATORS|ATS|GLUT10	resolved	mygene.info	pinned_local_build
SLC2A2	SLC2A2	ENSG00000163581	ensembl_gene	ENSG00000163581	11006	6514	GLUT2	resolved	mygene.info	pinned_local_build
SLC30A10	SLC30A10	ENSG00000196660	ensembl_gene	ENSG00000196660	25355	55532	HMDPC|HMNDYT1|ZNT10|ZNT8|ZRC1|ZnT-10	resolved	mygene.info	pinned_local_build
SLC32A1	SLC32A1	ENSG00000101438	ensembl_gene	ENSG00000101438	11018	140679	DEE114|GEFSP12|VGAT|VIAAT|VIAAT GEFSP12	resolved	mygene.info	pinned_local_build
SLC33A1	SLC33A1	ENSG00000169359	ensembl_gene	ENSG00000169359	95	9197	ACATN|AT-1|AT1|CCHLND|HPBDS|SPG42	resolved	mygene.info	pinned_local_build
SLC35A1	SLC35A1	ENSG00000164414	ensembl_gene	ENSG00000164414	11021	10559	CDG2F|CMPST|CST|hCST	resolved	mygene.info	pinned_local_build
SLC35A2	SLC35A2	ENSG00000292209	ensembl_gene	ENSG00000292209	11022	7355	CDG2M|CDGX|UDP-Gal-Tr|UGALT|UGAT|UGT|UGT1|UGT2|UGTL	resolved	mygene.info	pinned_local_build
SLC35A3	SLC35A3	ENSG00000117620	ensembl_gene	ENSG00000117620	11023	23443	AMRS	resolved	mygene.info	pinned_local_build
SLC35C1	SLC35C1	ENSG00000181830	ensembl_gene	ENSG00000181830	20197	55343	CDG2C|FUCT1	resolved	mygene.info	pinned_local_build
SLC35D1	SLC35D1	ENSG00000116704	ensembl_gene	ENSG00000116704	20800	23169	SHNKND|UGTREL7	resolved	mygene.info	pinned_local_build
SLC37A4	SLC37A4	ENSG00000281500	ensembl_gene	ENSG00000281500	4061	2542	CDG2W|G6PT|G6PT1|G6PT2|G6PT3|GSD1b|GSD1c|GSD1d|PRO0685|SPX4|TRG-19|TRG19	resolved	mygene.info	pinned_local_build
SLC38A3	SLC38A3	ENSG00000188338	ensembl_gene	ENSG00000188338	18044	10991	DEE102|G17|NAT1|SN1|SNAT3	resolved	mygene.info	pinned_local_build
SLC39A13	SLC39A13	ENSG00000165915	ensembl_gene	ENSG00000165915	20859	91252	EDSSPD3|LZT-Hs9|SCDEDS|ZIP13	resolved	mygene.info	pinned_local_build
SLC39A14	SLC39A14	ENSG00000104635	ensembl_gene	ENSG00000104635	20858	23516	HCIN|HMNDYT2|LZT-Hs4|NET34|ZIP14|cig19	resolved	mygene.info	pinned_local_build
SLC39A4	SLC39A4	ENSG00000147804	ensembl_gene	ENSG00000147804	17129	55630	AEZ|AWMS2|ZIP4	resolved	mygene.info	pinned_local_build
SLC39A7	SLC39A7	ENSG00000229802	ensembl_gene	ENSG00000229802	4927	7922	AGM9|D6S115E|D6S2244E|H2-KE4|HKE4|KE4|RING5|ZIP7	resolved	mygene.info	pinned_local_build
SLC39A8	SLC39A8	ENSG00000138821	ensembl_gene	ENSG00000138821	20862	64116	BIGM103|CDG2N|LZT-Hs6|PP3105|ZIP8	resolved	mygene.info	pinned_local_build
SLC40A1	SLC40A1	ENSG00000138449	ensembl_gene	ENSG00000138449	10909	30061	FPN|FPN1|HFE4|IREG1|MST079|MSTP079|MTP1|SLC11A3	resolved	mygene.info	pinned_local_build
SLC44A4	SLC44A4	ENSG00000228263	ensembl_gene	ENSG00000228263	13941	80736	C6orf29|CTL4|DFNA72|NG22|TPPT|hTPPT1	resolved	mygene.info	pinned_local_build
SLC45A1	SLC45A1	ENSG00000162426	ensembl_gene	ENSG00000162426	17939	50651	DNB5|IDDNPF|PAST-A	resolved	mygene.info	pinned_local_build
SLC46A1	SLC46A1	ENSG00000076351	ensembl_gene	ENSG00000076351	30521	113235	G21|HCP1|HsPCFT|PCFT|hPCFT	resolved	mygene.info	pinned_local_build
SLC4A1	SLC4A1	ENSG00000004939	ensembl_gene	ENSG00000004939	11027	6521	AE1|BND3|CD233|CHC|DI|EMPB3|EPB3|FR|RTA1A|SAO|SPH4|SW|WD|WD1|WR	resolved	mygene.info	pinned_local_build
SLC4A10	SLC4A10	ENSG00000144290	ensembl_gene	ENSG00000144290	13811	57282	NBCn2|NCBE	resolved	mygene.info	pinned_local_build
SLC4A11	SLC4A11	ENSG00000088836	ensembl_gene	ENSG00000088836	16438	83959	BTR1|CDPD1|CHED|CHED2|NABC1|dJ794I6.2	resolved	mygene.info	pinned_local_build
SLC4A4	SLC4A4	ENSG00000080493	ensembl_gene	ENSG00000080493	11030	8671	HNBC1|KNBC|NBC1|NBC2|NBCe1|NBCe1-A|PRTAO|SLC4A5|hhNMC|kNBC1|pNBC	resolved	mygene.info	pinned_local_build
SLC4A7	SLC4A7	ENSG00000033867	ensembl_gene	ENSG00000033867	11033	9497	NBC2|NBC3|NBCN1|SBC2|SLC4A6	resolved	mygene.info	pinned_local_build
SLC51B	SLC51B	ENSG00000186198	ensembl_gene	ENSG00000186198	29956	123264	OSTB|OSTBETA|PBAM2|SLC51A1BP	resolved	mygene.info	pinned_local_build
SLC52A2	SLC52A2	ENSG00000185803	ensembl_gene	ENSG00000185803	30224	79581	BVVLS2|D15Ertd747e|GPCR41|GPR172A|HuPAR-1|PAR1|RFT3|RFVT2|hRFT3	resolved	mygene.info	pinned_local_build
SLC52A3	SLC52A3	ENSG00000101276	ensembl_gene	ENSG00000101276	16187	113278	BVVLS|BVVLS1|C20orf54|RFT2|RFVT3|bA371L19.1|hRFT2	resolved	mygene.info	pinned_local_build
SLC5A5	SLC5A5	ENSG00000105641	ensembl_gene	ENSG00000105641	11040	6528	NIS|TDH1	resolved	mygene.info	pinned_local_build
SLC5A6	SLC5A6	ENSG00000138074	ensembl_gene	ENSG00000138074	11041	8884	COMNB|NERIB|SMVT|SMVTD|hSMVT	resolved	mygene.info	pinned_local_build
SLC5A7	SLC5A7	ENSG00000115665	ensembl_gene	ENSG00000115665	14025	60482	CHT|CHT1|CMS20|DHMNVP|HMN7A|HMND7|hCHT1	resolved	mygene.info	pinned_local_build
SLC5A9	SLC5A9	ENSG00000117834	ensembl_gene	ENSG00000117834	22146	200010	SGLT4	resolved	mygene.info	pinned_local_build
SLC6A1	SLC6A1	ENSG00000157103	ensembl_gene	ENSG00000157103	11042	6529	GABATHG|GABATR|GAT1|MAE|hGAT-1	resolved	mygene.info	pinned_local_build
SLC6A15	SLC6A15	ENSG00000072041	ensembl_gene	ENSG00000072041	13621	55117	NTT73|SBAT1|V7-3|hv7-3	resolved	mygene.info	pinned_local_build
SLC6A17	SLC6A17	ENSG00000197106	ensembl_gene	ENSG00000197106	31399	388662	MRT48|NTT4	resolved	mygene.info	pinned_local_build
SLC6A19	SLC6A19	ENSG00000174358	ensembl_gene	ENSG00000174358	27960	340024	B0AT1|HND	resolved	mygene.info	pinned_local_build
SLC6A3	SLC6A3	ENSG00000142319	ensembl_gene	ENSG00000142319	11049	6531	DAT|DAT1|PKDYS|PKDYS1	resolved	mygene.info	pinned_local_build
SLC6A4	SLC6A4	ENSG00000108576	ensembl_gene	ENSG00000108576	11050	6532	5-HTT|5-HTTLPR|5HTT|HTT|OCD1|SERT|SERT1|hSERT	resolved	mygene.info	pinned_local_build
SLC6A5	SLC6A5	ENSG00000165970	ensembl_gene	ENSG00000165970	11051	9152	GLYT-2|GLYT2|HKPX3|NET1	resolved	mygene.info	pinned_local_build
SLC6A8	SLC6A8	ENSG00000130821	ensembl_gene	ENSG00000130821	11055	6535	CCDS1|CRT|CRT-1|CRT1|CRTR|CT1|CTR5	resolved	mygene.info	pinned_local_build
SLC6A9	SLC6A9	ENSG00000196517	ensembl_gene	ENSG00000196517	11056	6536	GCENSG|GLYT1|IS6	resolved	mygene.info	pinned_local_build
SLC7A13	SLC7A13	ENSG00000164893	ensembl_gene	ENSG00000164893	23092	157724	AGT-1|AGT1|XAT2	resolved	mygene.info	pinned_local_build
SLC7A6OS	SLC7A6OS	ENSG00000103061	ensembl_gene	ENSG00000103061	25807	84138	EPM12|Iwr1	resolved	mygene.info	pinned_local_build
SLC7A7	SLC7A7	ENSG00000155465	ensembl_gene	ENSG00000155465	11065	9056	LAT3|LPI|MOP-2|Y+LAT1|y+LAT-1	resolved	mygene.info	pinned_local_build
SLC9A1	SLC9A1	ENSG00000090020	ensembl_gene	ENSG00000090020	11071	6548	APNH|LIKNS|NHE-1|NHE1|PPP1R143	resolved	mygene.info	pinned_local_build
SLC9A6	SLC9A6	ENSG00000198689	ensembl_gene	ENSG00000198689	11079	10479	MRSA|MRXSCH|NDPACX|NHE6	resolved	mygene.info	pinned_local_build
SLC9A9	SLC9A9	ENSG00000181804	ensembl_gene	ENSG00000181804	20653	285195	AUTS16|NHE9	resolved	mygene.info	pinned_local_build
SLCO2A1	SLCO2A1	ENSG00000174640	ensembl_gene	ENSG00000174640	10955	6578	MATR1|OATP2A1|PGT|PHOAD|PHOAR2|SLC21A2	resolved	mygene.info	pinned_local_build
SLCO5A1	SLCO5A1	ENSG00000137571	ensembl_gene	ENSG00000137571	19046	81796	OATP-J|OATP-RP4|OATP5A1|OATPJ|OATPRP4|SLC21A15	resolved	mygene.info	pinned_local_build
SLF2	SLF2	ENSG00000119906	ensembl_gene	ENSG00000119906	17814	55719	ATELS1|C10orf6|FAM178A|hNSE6	resolved	mygene.info	pinned_local_build
SLIT3	SLIT3	ENSG00000184347	ensembl_gene	ENSG00000184347	11087	6586	MEGF5|SLIL2|SLIT1|Slit-3|slit2	resolved	mygene.info	pinned_local_build
SLITRK1	SLITRK1	ENSG00000178235	ensembl_gene	ENSG00000178235	20297	114798	LRRC12|TTM	resolved	mygene.info	pinned_local_build
SLITRK6	SLITRK6	ENSG00000184564	ensembl_gene	ENSG00000184564	23503	84189	DFNMYP	resolved	mygene.info	pinned_local_build
SLMAP	SLMAP	ENSG00000163681	ensembl_gene	ENSG00000163681	16643	7871	SLAP	resolved	mygene.info	pinned_local_build
SMAD1	SMAD1	ENSG00000170365	ensembl_gene	ENSG00000170365	6767	4086	BSP-1|BSP1|JV4-1|JV41|MADH1|MADR1	resolved	mygene.info	pinned_local_build
SMAD2	SMAD2	ENSG00000175387	ensembl_gene	ENSG00000175387	6768	4087	CHTD8|JV18|JV18-1|LDS6|MADH2|MADR2|hMAD-2|hSMAD2	resolved	mygene.info	pinned_local_build
SMAD3	SMAD3	ENSG00000166949	ensembl_gene	ENSG00000166949	6769	4088	HSPC193|HsT17436|JV15-2|LDS1C|LDS3|MADH3|hMAD-3|hSMAD3|mad3	resolved	mygene.info	pinned_local_build
SMAD4	SMAD4	ENSG00000141646	ensembl_gene	ENSG00000141646	6770	4089	DPC4|JIP|MADH4|MYHRS	resolved	mygene.info	pinned_local_build
SMAD6	SMAD6	ENSG00000137834	ensembl_gene	ENSG00000137834	6772	4091	AOVD2|HsT17432|MADH6|MADH7	resolved	mygene.info	pinned_local_build
SMARCA1	SMARCA1	ENSG00000102038	ensembl_gene	ENSG00000102038	11097	6594	ISWI|NURF140|SNF2L|SNF2L1|SNF2LB|SNF2LT|SWI|SWI2|hSNF2L	resolved	mygene.info	pinned_local_build
SMARCA2	SMARCA2	ENSG00000080503	ensembl_gene	ENSG00000080503	11098	6595	BAF190|BIS|BRM|NCBRS|SAMRCA2|SNF2|SNF2L2|SNF2LA|SWI2|Sth1p|hBRM|hSNF2a	resolved	mygene.info	pinned_local_build
SMARCA4	SMARCA4	ENSG00000127616	ensembl_gene	ENSG00000127616	11100	6597	BAF190|BAF190A|BRG1|CSS4|MRD16|OTSC12|RTPS2|SNF2|SNF2-beta|SNF2L4|SNF2LB|SWI2|hSNF2b	resolved	mygene.info	pinned_local_build
SMARCAL1	SMARCAL1	ENSG00000138375	ensembl_gene	ENSG00000138375	11102	50485	HARP|HHARP	resolved	mygene.info	pinned_local_build
SMARCB1	SMARCB1	ENSG00000099956	ensembl_gene	ENSG00000099956	11103	6598	BAF47|CSS3|INI-1|INI1|MRD15|PPP1R144|RDT|RTPS1|SNF5|SNF5L1|SWNTS1|Sfh1p|Snr1|hSNFS	resolved	mygene.info	pinned_local_build
SMARCC1	SMARCC1	ENSG00000173473	ensembl_gene	ENSG00000173473	11104	6599	BAF155|CRACC1|HYC5|Rsc8|SRG3|SWI3	resolved	mygene.info	pinned_local_build
SMARCC2	SMARCC2	ENSG00000139613	ensembl_gene	ENSG00000139613	11105	6601	BAF170|CRACC2|CSS8|Rsc8	resolved	mygene.info	pinned_local_build
SMARCE1	SMARCE1	ENSG00000073584	ensembl_gene	ENSG00000073584	11109	6605	BAF57|CSS5	resolved	mygene.info	pinned_local_build
SMC1A	SMC1A	ENSG00000072501	ensembl_gene	ENSG00000072501	11111	8243	CDLS2|DEE85|DXS423E|EIEE85|SB1.8|SMC1|SMC1L1|SMC1alpha|SMCB	resolved	mygene.info	pinned_local_build
SMC3	SMC3	ENSG00000108055	ensembl_gene	ENSG00000108055	2468	9126	BAM|BMH|CDLS3|CSPG6|HCAP|SMC3L1	resolved	mygene.info	pinned_local_build
SMC5	SMC5	ENSG00000198887	ensembl_gene	ENSG00000198887	20465	23137	ATELS2|SMC5L1	resolved	mygene.info	pinned_local_build
SMCHD1	SMCHD1	ENSG00000101596	ensembl_gene	ENSG00000101596	29090	23347	BAMS|FSHD2	resolved	mygene.info	pinned_local_build
SMG9	SMG9	ENSG00000105771	ensembl_gene	ENSG00000105771	25763	56006	C19orf61|F17127_1|HBMS|NEDITPO	resolved	mygene.info	pinned_local_build
SMN1	SMN1	ENSG00000275349	ensembl_gene	ENSG00000275349	11117	6606	BCD541|GEMIN1|SMA|SMA1|SMA2|SMA3|SMA4|SMA@|SMN|SMNT|T-BCD541|TDRD16A	resolved	mygene.info	pinned_local_build
SMO	SMO	ENSG00000128602	ensembl_gene	ENSG00000128602	11119	6608	CRJS|FZD11|Gx|PHLS|SMOH	resolved	mygene.info	pinned_local_build
SMOC1	SMOC1	ENSG00000198732	ensembl_gene	ENSG00000198732	20318	64093	OAS	resolved	mygene.info	pinned_local_build
SMPD1	SMPD1	ENSG00000166311	ensembl_gene	ENSG00000166311	11120	6609	ASM|ASMASE|NPD	resolved	mygene.info	pinned_local_build
SMPD4	SMPD4	ENSG00000136699	ensembl_gene	ENSG00000136699	32949	55627	NEDMABA|NEDMEBA|NET13|NSMASE-3|NSMASE3|SKNY	resolved	mygene.info	pinned_local_build
SMPX	SMPX	ENSG00000091482	ensembl_gene	ENSG00000091482	11122	23676	Chisel|Csl|DFN6|DFNX4|MPD7	resolved	mygene.info	pinned_local_build
SMS	SMS	ENSG00000102172	ensembl_gene	ENSG00000102172	11123	6611	MRSR|MRXSSR|SPMSY|SRS|SpS	resolved	mygene.info	pinned_local_build
SNAI2	SNAI2	ENSG00000019549	ensembl_gene	ENSG00000019549	11094	6591	SLUG|SLUGH|SLUGH1|SNAIL2|WS2D	resolved	mygene.info	pinned_local_build
SNAP25	SNAP25	ENSG00000132639	ensembl_gene	ENSG00000132639	11132	6616	CMS18|DEE117|RIC-4|RIC4|SEC9|SNAP|SNAP-25|SUP|bA416N4.2|dJ1068F16.2	resolved	mygene.info	pinned_local_build
SNAP29	SNAP29	ENSG00000099940	ensembl_gene	ENSG00000099940	11133	9342	CEDNIK|SNAP-29	resolved	mygene.info	pinned_local_build
SNCA	SNCA	ENSG00000145335	ensembl_gene	ENSG00000145335	11138	6622	NACP|PARK1|PARK4|PD1	resolved	mygene.info	pinned_local_build
SNF8	SNF8	ENSG00000159210	ensembl_gene	ENSG00000159210	17028	11267	DEE115|Dot3|EAP30|NEDOA|VPS22	resolved	mygene.info	pinned_local_build
SNIP1	SNIP1	ENSG00000163877	ensembl_gene	ENSG00000163877	30587	79753	NEDHCS|PML1|PMRED	resolved	mygene.info	pinned_local_build
SNORD118	SNORD118	ENSG00000200463	ensembl_gene	ENSG00000200463	32952	727676	LCC|U8	resolved	mygene.info	pinned_local_build
SNRPN	SNRPN	ENSG00000128739	ensembl_gene	ENSG00000128739	11164	6638	HCERN3|PWCR|RT-LI|SM-D|SMN|SNRNP-N|SNURF-SNRPN|sm-N	resolved	mygene.info	pinned_local_build
SNTA1	SNTA1	ENSG00000101400	ensembl_gene	ENSG00000101400	11167	6640	LQT12|SNT1|TACIP1|dJ1187J4.5	resolved	mygene.info	pinned_local_build
SNW1	SNW1	ENSG00000100603	ensembl_gene	ENSG00000100603	16696	22938	Bx42|FUN20|NCOA-62|PRPF45|Prp45|SKIIP|SKIP|SKIP1	resolved	mygene.info	pinned_local_build
SNX10	SNX10	ENSG00000086300	ensembl_gene	ENSG00000086300	14974	29887	OPTB8	resolved	mygene.info	pinned_local_build
SNX14	SNX14	ENSG00000135317	ensembl_gene	ENSG00000135317	14977	57231	RGS-PX2|SCAR20	resolved	mygene.info	pinned_local_build
SNX27	SNX27	ENSG00000143376	ensembl_gene	ENSG00000143376	20073	81609	MRT1|MY014	resolved	mygene.info	pinned_local_build
SNX3	SNX3	ENSG00000112335	ensembl_gene	ENSG00000112335	11174	8724	Grd19|MCOPS8|SDP3	resolved	mygene.info	pinned_local_build
SOBP	SOBP	ENSG00000112320	ensembl_gene	ENSG00000112320	29256	55084	JXC1|MRAMS	resolved	mygene.info	pinned_local_build
SOD1	SOD1	ENSG00000142168	ensembl_gene	ENSG00000142168	11179	6647	ALS|ALS1|HEL-S-44|IPOA|SOD|STAHP|hSod1|homodimer	resolved	mygene.info	pinned_local_build
SON	SON	ENSG00000159140	ensembl_gene	ENSG00000159140	11183	6651	BASS1|C21orf50|DBP-5|NREBP|SON3|TOKIMS	resolved	mygene.info	pinned_local_build
SOS1	SOS1	ENSG00000115904	ensembl_gene	ENSG00000115904	11187	6654	GF1|GGF1|GINGF|HGF|NS4|SOS-1	resolved	mygene.info	pinned_local_build
SOS2	SOS2	ENSG00000100485	ensembl_gene	ENSG00000100485	11188	6655	NS9|SOS-2	resolved	mygene.info	pinned_local_build
SOST	SOST	ENSG00000167941	ensembl_gene	ENSG00000167941	13771	50964	CDD|DAND6|SOST1|VBCH	resolved	mygene.info	pinned_local_build
SOX1	SOX1	ENSG00000182968	ensembl_gene	ENSG00000182968	11189	6656		resolved	mygene.info	pinned_local_build
SOX10	SOX10	ENSG00000100146	ensembl_gene	ENSG00000100146	11190	6663	DOM|PCWH|SOX-10|WS2E|WS4|WS4C	resolved	mygene.info	pinned_local_build
SOX11	SOX11	ENSG00000176887	ensembl_gene	ENSG00000176887	11191	6664	CSS9|IDDMOH|MRD27	resolved	mygene.info	pinned_local_build
SOX17	SOX17	ENSG00000164736	ensembl_gene	ENSG00000164736	18122	64321	PPH7|VUR3	resolved	mygene.info	pinned_local_build
SOX2	SOX2	ENSG00000181449	ensembl_gene	ENSG00000181449	11195	6657	ANOP3|MCOPS3	resolved	mygene.info	pinned_local_build
SOX3	SOX3	ENSG00000134595	ensembl_gene	ENSG00000134595	11199	6658	GHDX|MRGH|PHP|PHPX|SOXB	resolved	mygene.info	pinned_local_build
SOX4	SOX4	ENSG00000124766	ensembl_gene	ENSG00000124766	11200	6659	CSS10|EVI16|IDDSDF	resolved	mygene.info	pinned_local_build
SOX5	SOX5	ENSG00000134532	ensembl_gene	ENSG00000134532	11201	6660	L-SOX5|L-SOX5B|L-SOX5F|LAMSHF	resolved	mygene.info	pinned_local_build
SOX7	SOX7	ENSG00000171056	ensembl_gene	ENSG00000171056	18196	83595		resolved	mygene.info	pinned_local_build
SOX9	SOX9	ENSG00000125398	ensembl_gene	ENSG00000125398	11204	6662	CMD1|CMPD1|ENH13|SRA1|SRXX2|SRXY10|TESCO	resolved	mygene.info	pinned_local_build
SP110	SP110	ENSG00000135899	ensembl_gene	ENSG00000135899	5401	3431	IFI41|IFI75|IPR1|VODI	resolved	mygene.info	pinned_local_build
SP9	SP9	ENSG00000217236	ensembl_gene	ENSG00000217236	30690	100131390	ZNF990	resolved	mygene.info	pinned_local_build
SPARC	SPARC	ENSG00000113140	ensembl_gene	ENSG00000113140	11219	6678	BM-40|OI17|ON|ONT	resolved	mygene.info	pinned_local_build
SPART	SPART	ENSG00000133104	ensembl_gene	ENSG00000133104	18514	23111	SPG20|TAHCCP1	resolved	mygene.info	pinned_local_build
SPAST	SPAST	ENSG00000021574	ensembl_gene	ENSG00000021574	11233	6683	ADPSP|FSP2|SPG4	resolved	mygene.info	pinned_local_build
SPATA7	SPATA7	ENSG00000042317	ensembl_gene	ENSG00000042317	20423	55812	HEL-S-296|HSD-3.1|HSD3|LCA3|RP94	resolved	mygene.info	pinned_local_build
SPECC1L	SPECC1L	ENSG00000100014	ensembl_gene	ENSG00000100014	29022	23384	CYTSA|GBBB2|OBLFC1|TBHS|TBHS1	resolved	mygene.info	pinned_local_build
SPEG	SPEG	ENSG00000072195	ensembl_gene	ENSG00000072195	16901	10290	APEG-1|APEG1|BPEG|CNM5|MYLK6|SPEGalpha|SPEGbeta	resolved	mygene.info	pinned_local_build
SPG11	SPG11	ENSG00000104133	ensembl_gene	ENSG00000104133	11226	80208	ALS5|CMT2X|KIAA1840	resolved	mygene.info	pinned_local_build
SPG21	SPG21	ENSG00000090487	ensembl_gene	ENSG00000090487	20373	51324	ABHD21|ACP33|BM-019|GL010|MAST	resolved	mygene.info	pinned_local_build
SPG7	SPG7	ENSG00000197912	ensembl_gene	ENSG00000197912	11237	6687	CAR|CMAR|PGN|SPG5C	resolved	mygene.info	pinned_local_build
SPINK1	SPINK1	ENSG00000164266	ensembl_gene	ENSG00000164266	11244	6690	PCTT|PSTI|Spink3|TATI|TCP	resolved	mygene.info	pinned_local_build
SPINK5	SPINK5	ENSG00000133710	ensembl_gene	ENSG00000133710	15464	11005	LEKTI|LETKI|NETS|NS|VAKTI	resolved	mygene.info	pinned_local_build
SPOUT1	SPOUT1	ENSG00000198917	ensembl_gene	ENSG00000198917	26933	51490	C9orf114|CENP-32|CENP32|HSPC109|NEDGSB	resolved	mygene.info	pinned_local_build
SPP2	SPP2	ENSG00000072080	ensembl_gene	ENSG00000072080	11256	6694	SPP-24|SPP24	resolved	mygene.info	pinned_local_build
SPPL2A	SPPL2A	ENSG00000138600	ensembl_gene	ENSG00000138600	30227	84888	IMD86|IMP3|PSL2	resolved	mygene.info	pinned_local_build
SPR	SPR	ENSG00000116096	ensembl_gene	ENSG00000116096	11257	6697	SDR38C1	resolved	mygene.info	pinned_local_build
SPRED1	SPRED1	ENSG00000166068	ensembl_gene	ENSG00000166068	20249	161742	LGSS|NFLS|PPP1R147|hSpred1|spred-1	resolved	mygene.info	pinned_local_build
SPRY4	SPRY4	ENSG00000187678	ensembl_gene	ENSG00000187678	15533	81848	HH17	resolved	mygene.info	pinned_local_build
SPTAN1	SPTAN1	ENSG00000197694	ensembl_gene	ENSG00000197694	11273	6709	DEE5|DEVEP|EIEE5|HMN11|HMND11|NEAS|SPG91|SPTA2	resolved	mygene.info	pinned_local_build
SPTBN1	SPTBN1	ENSG00000115306	ensembl_gene	ENSG00000115306	11275	6711	DDISBA|ELF|HEL102|SPTB2|betaSpII	resolved	mygene.info	pinned_local_build
SPTBN2	SPTBN2	ENSG00000173898	ensembl_gene	ENSG00000173898	11276	6712	GTRAP41|SCA5|SCAR14	resolved	mygene.info	pinned_local_build
SPTBN4	SPTBN4	ENSG00000160460	ensembl_gene	ENSG00000160460	14896	57731	CMND|NEDHND|QV|SPNB4|SPTBN3	resolved	mygene.info	pinned_local_build
SQSTM1	SQSTM1	ENSG00000161011	ensembl_gene	ENSG00000161011	11280	8878	A170|DMRV|EBIAP|FTDALS3|NADGP|OSIL|PDB3|ZIP3|p60|p62|p62B	resolved	mygene.info	pinned_local_build
SRCAP	SRCAP	ENSG00000080603	ensembl_gene	ENSG00000080603	16974	10847	DEHMBA|DOMO1|FLHS|SWR1	resolved	mygene.info	pinned_local_build
SRD5A3	SRD5A3	ENSG00000128039	ensembl_gene	ENSG00000128039	25812	79644	CDG1P|CDG1Q|KRIZI|S5AR|S5AR 3|SRD5A2L|SRD5A2L1	resolved	mygene.info	pinned_local_build
SREBF2	SREBF2	ENSG00000198911	ensembl_gene	ENSG00000198911	11290	6721	SREBP-2|SREBP2|bHLHd2	resolved	mygene.info	pinned_local_build
SRGAP2	SRGAP2	ENSG00000266028	ensembl_gene	ENSG00000266028	19751	23380	ARHGAP34|FNBP2|SRGAP2A	resolved	mygene.info	pinned_local_build
SRPRA	SRPRA	ENSG00000182934	ensembl_gene	ENSG00000182934	11307	6734	DP|SRPR|Sralpha	resolved	mygene.info	pinned_local_build
SRPX2	SRPX2	ENSG00000102359	ensembl_gene	ENSG00000102359	30668	27286	BPP|CBPS|PMGX|RESDX|SRPUL	resolved	mygene.info	pinned_local_build
SRY	SRY	ENSG00000184895	ensembl_gene	ENSG00000184895	11311	6736	SRXX1|SRXY1|TDF|TDY	resolved	mygene.info	pinned_local_build
SSPOP	SSPOP	ENSG00000197558	ensembl_gene	ENSG00000197558	21998	23145	SSPO	resolved	mygene.info	pinned_local_build
SSR3	SSR3	ENSG00000114850	ensembl_gene	ENSG00000114850	11325	6747	TRAPG	resolved	mygene.info	pinned_local_build
SSR4	SSR4	ENSG00000180879	ensembl_gene	ENSG00000180879	11326	6748	CDG1Y|TRAPD	resolved	mygene.info	pinned_local_build
SSTR5	SSTR5	ENSG00000162009	ensembl_gene	ENSG00000162009	11334	6755	SS-5-R|SST5	resolved	mygene.info	pinned_local_build
ST3GAL3	ST3GAL3	ENSG00000126091	ensembl_gene	ENSG00000126091	10866	6487	DEE15|EIEE15|MRT12|SIAT6|ST3GALII|ST3Gal III|ST3GalIII|ST3N	resolved	mygene.info	pinned_local_build
ST3GAL5	ST3GAL5	ENSG00000115525	ensembl_gene	ENSG00000115525	10872	8869	SATI|SIAT9|SIATGM3S|SPDRS|ST3Gal V|ST3GalV	resolved	mygene.info	pinned_local_build
ST7	ST7	ENSG00000004866	ensembl_gene	ENSG00000004866	11351	7982	ETS7q|FAM4A|FAM4A1|HELG|RAY1|SEN4|TSG7	resolved	mygene.info	pinned_local_build
ST8SIA2	ST8SIA2	ENSG00000140557	ensembl_gene	ENSG00000140557	10870	8128	HsT19690|SIAT8-B|SIAT8B|ST8SIA-II|ST8SiaII|STX	resolved	mygene.info	pinned_local_build
STAC3	STAC3	ENSG00000185482	ensembl_gene	ENSG00000185482	28423	246329	CMYO13|CMYP13|MYPBB|NAM	resolved	mygene.info	pinned_local_build
STAG1	STAG1	ENSG00000118007	ensembl_gene	ENSG00000118007	11354	10274	MRD47|SA1|SCC3A	resolved	mygene.info	pinned_local_build
STAMBP	STAMBP	ENSG00000124356	ensembl_gene	ENSG00000124356	16950	10617	AMSH|MICCAP	resolved	mygene.info	pinned_local_build
STAP1	STAP1	ENSG00000035720	ensembl_gene	ENSG00000035720	24133	26228	BRDG1|STAP-1	resolved	mygene.info	pinned_local_build
STAR	STAR	ENSG00000147465	ensembl_gene	ENSG00000147465	11359	6770	STARD1	resolved	mygene.info	pinned_local_build
STARD7	STARD7	ENSG00000084090	ensembl_gene	ENSG00000084090	18063	56910	ADCME|BAFME2|FAME|FAME2|FCMTE2|GTT1	resolved	mygene.info	pinned_local_build
STARD9	STARD9	ENSG00000159433	ensembl_gene	ENSG00000159433	19162	57519	KIF16A	resolved	mygene.info	pinned_local_build
STAT1	STAT1	ENSG00000115415	ensembl_gene	ENSG00000115415	11362	6772	CANDF7|IMD31A|IMD31B|IMD31C|ISGF-3|STAT91	resolved	mygene.info	pinned_local_build
STAT2	STAT2	ENSG00000170581	ensembl_gene	ENSG00000170581	11363	6773	IMD44|ISGF-3|P113|PTORCH3|STAT113	resolved	mygene.info	pinned_local_build
STEAP1	STEAP1	ENSG00000164647	ensembl_gene	ENSG00000164647	11378	26872	PRSS24|STEAP	resolved	mygene.info	pinned_local_build
STEAP2	STEAP2	ENSG00000157214	ensembl_gene	ENSG00000157214	17885	261729	IPCA1|PCANAP1|PUMPCn|STAMP1|STMP	resolved	mygene.info	pinned_local_build
STEEP1	STEEP1	ENSG00000018610	ensembl_gene	ENSG00000018610	26239	63932	CXorf56|MRX107|STEEP|XLID107	resolved	mygene.info	pinned_local_build
STIL	STIL	ENSG00000123473	ensembl_gene	ENSG00000123473	10879	6491	MCPH7|SIL	resolved	mygene.info	pinned_local_build
STIM1	STIM1	ENSG00000167323	ensembl_gene	ENSG00000167323	11386	6786	D11S4896E|GOK|IMD10|STRMK|TAM|TAM1	resolved	mygene.info	pinned_local_build
STK38L	STK38L	ENSG00000211455	ensembl_gene	ENSG00000211455	17848	23012	NDR2	resolved	mygene.info	pinned_local_build
STK4	STK4	ENSG00000101109	ensembl_gene	ENSG00000101109	11408	6789	KRS2|MST1|YSK3	resolved	mygene.info	pinned_local_build
STN1	STN1	ENSG00000107960	ensembl_gene	ENSG00000107960	26200	79991	AAF-44|AAF44|CRMCC2|OBFC1|RPA-32|bA541N10.2	resolved	mygene.info	pinned_local_build
STRA6	STRA6	ENSG00000288257	ensembl_gene	ENSG00000288257	30650	64220	MCOPCB8|MCOPS9|PP14296|SLC69A1	resolved	mygene.info	pinned_local_build
STRADA	STRADA	ENSG00000266173	ensembl_gene	ENSG00000266173	30172	92335	LYK5|NY-BR-96|PMSE|STLK5|STRAD|STRAD alpha|Stlk	resolved	mygene.info	pinned_local_build
STRC	STRC	ENSG00000242866	ensembl_gene	ENSG00000242866	16035	161497	DFNB16	resolved	mygene.info	pinned_local_build
STS	STS	ENSG00000101846	ensembl_gene	ENSG00000101846	11425	412	ARSC|ARSC1|ASC|ES|SSDD|XLI	resolved	mygene.info	pinned_local_build
STT3A	STT3A	ENSG00000134910	ensembl_gene	ENSG00000134910	6172	3703	CDG1WAD|CDG1WAR|ITM1|STT3-A|TMC	resolved	mygene.info	pinned_local_build
STT3B	STT3B	ENSG00000163527	ensembl_gene	ENSG00000163527	30611	201595	CDG1X|SIMP|STT3-B	resolved	mygene.info	pinned_local_build
STUB1	STUB1	ENSG00000103266	ensembl_gene	ENSG00000103266	11427	10273	CHIP|HSPABP2|NY-CO-7|SCA48|SCAR16|SDCCAG7|UBOX1	resolved	mygene.info	pinned_local_build
STX11	STX11	ENSG00000135604	ensembl_gene	ENSG00000135604	11429	8676	FHL4|HLH4|HPLH4	resolved	mygene.info	pinned_local_build
STX16	STX16	ENSG00000124222	ensembl_gene	ENSG00000124222	11431	8675	SYN-16|SYN16	resolved	mygene.info	pinned_local_build
STX1A	STX1A	ENSG00000106089	ensembl_gene	ENSG00000106089	11433	6804	HPC-1|P35-1|STX1|SYN1A	resolved	mygene.info	pinned_local_build
STX1B	STX1B	ENSG00000099365	ensembl_gene	ENSG00000099365	18539	112755	GEFSP9|STX1B1|STX1B2	resolved	mygene.info	pinned_local_build
STX3	STX3	ENSG00000166900	ensembl_gene	ENSG00000166900	11438	6809	DIAR12|MVID2|RDMVID|STX3A	resolved	mygene.info	pinned_local_build
STXBP1	STXBP1	ENSG00000136854	ensembl_gene	ENSG00000136854	11444	6812	DEE4|MUNC18-1|N-Sec1|NSEC1|P67|RBSEC1|UNC18|unc-18A|unc18-1	resolved	mygene.info	pinned_local_build
STXBP2	STXBP2	ENSG00000076944	ensembl_gene	ENSG00000076944	11445	6813	Hunc18b|MUNC18-2|UNC18-2|UNC18B|pp10122|unc-18B	resolved	mygene.info	pinned_local_build
STXBP5	STXBP5	ENSG00000164506	ensembl_gene	ENSG00000164506	19665	134957	LGL3|LLGL3|Nbla04300	resolved	mygene.info	pinned_local_build
STYXL1	STYXL1	ENSG00000127952	ensembl_gene	ENSG00000127952	18165	51657	DUSP24|MK-STYX|MKSTYX	resolved	mygene.info	pinned_local_build
SUCLA2	SUCLA2	ENSG00000136143	ensembl_gene	ENSG00000136143	11448	8803	A-BETA|A-SCS|LINC00444|MTDPS5|SCS-betaA	resolved	mygene.info	pinned_local_build
SUCLG1	SUCLG1	ENSG00000163541	ensembl_gene	ENSG00000163541	11449	8802	GALPHA|MTDPS9|SUCLA1	resolved	mygene.info	pinned_local_build
SUCLG2	SUCLG2	ENSG00000172340	ensembl_gene	ENSG00000172340	11450	8801	G-SCS|GBETA|GTPSCS	resolved	mygene.info	pinned_local_build
SUCO	SUCO	ENSG00000094975	ensembl_gene	ENSG00000094975	1240	51430	C1orf9|CH1|OPT|SLP1	resolved	mygene.info	pinned_local_build
SUFU	SUFU	ENSG00000107882	ensembl_gene	ENSG00000107882	16466	51684	BCNS2|JBTS32|PRO1280|SUFUH|SUFUXL	resolved	mygene.info	pinned_local_build
SULF1	SULF1	ENSG00000137573	ensembl_gene	ENSG00000137573	20391	23213	SULF-1	resolved	mygene.info	pinned_local_build
SUMF1	SUMF1	ENSG00000144455	ensembl_gene	ENSG00000144455	20376	285362	AAPA3037|FGE|UNQ3037	resolved	mygene.info	pinned_local_build
SUOX	SUOX	ENSG00000139531	ensembl_gene	ENSG00000139531	11460	6821		resolved	mygene.info	pinned_local_build
SURF1	SURF1	ENSG00000280627	ensembl_gene	ENSG00000280627	11474	6834	CMT4K|MC4DN1|SHY1	resolved	mygene.info	pinned_local_build
SUZ12	SUZ12	ENSG00000178691	ensembl_gene	ENSG00000178691	17101	23512	CHET9|IMMAS|JJAZ1	resolved	mygene.info	pinned_local_build
SV2A	SV2A	ENSG00000159164	ensembl_gene	ENSG00000159164	20566	9900	DEE113|SLC22B1|SV2	resolved	mygene.info	pinned_local_build
SYK	SYK	ENSG00000165025	ensembl_gene	ENSG00000165025	11491	6850	IMD82|p72-Syk	resolved	mygene.info	pinned_local_build
SYN1	SYN1	ENSG00000008056	ensembl_gene	ENSG00000008056	11494	6853	EPILX|EPILX1|MRX50|SYN1a|SYN1b|SYNI	resolved	mygene.info	pinned_local_build
SYN2	SYN2	ENSG00000157152	ensembl_gene	ENSG00000157152	11495	6854	SYNII	resolved	mygene.info	pinned_local_build
SYNE1	SYNE1	ENSG00000131018	ensembl_gene	ENSG00000131018	17089	23345	8B|AMC3|AMCM|ARCA1|C6orf98|CPG2|EDMD4|KASH1|MYNE1|Nesp1|SCAR8|dJ45H2.2	resolved	mygene.info	pinned_local_build
SYNE4	SYNE4	ENSG00000181392	ensembl_gene	ENSG00000181392	26703	163183	C19orf46|DFNB76|KASH4|Nesp4	resolved	mygene.info	pinned_local_build
SYNGAP1	SYNGAP1	ENSG00000197283	ensembl_gene	ENSG00000197283	11497	8831	MRD5|RASA5|SYNGAP	resolved	mygene.info	pinned_local_build
SYNJ1	SYNJ1	ENSG00000159082	ensembl_gene	ENSG00000159082	11503	8867	DEE53|EIEE53|INPP5G|PARK20	resolved	mygene.info	pinned_local_build
SYNPO	SYNPO	ENSG00000171992	ensembl_gene	ENSG00000171992	30672	11346	SYNPO1	resolved	mygene.info	pinned_local_build
SYP	SYP	ENSG00000102003	ensembl_gene	ENSG00000102003	11506	6855	MRX96|MRXSYP|XLID96	resolved	mygene.info	pinned_local_build
SYT1	SYT1	ENSG00000067715	ensembl_gene	ENSG00000067715	11509	6857	BAGOS|P65|SVP65|SYT	resolved	mygene.info	pinned_local_build
SYT14	SYT14	ENSG00000143469	ensembl_gene	ENSG00000143469	23143	255928	SCAR11|sytXIV	resolved	mygene.info	pinned_local_build
SYT2	SYT2	ENSG00000143858	ensembl_gene	ENSG00000143858	11510	127833	CMS7|CMS7A|CMS7B|MYSPC|SytII	resolved	mygene.info	pinned_local_build
SYTL4	SYTL4	ENSG00000102362	ensembl_gene	ENSG00000102362	15588	94121	SLP4	resolved	mygene.info	pinned_local_build
SZT2	SZT2	ENSG00000198198	ensembl_gene	ENSG00000198198	29040	23334	C1orf84|DEE18|EIEE18|KIAA0467|KICS1|SZT2A|SZT2B	resolved	mygene.info	pinned_local_build
TAC3	TAC3	ENSG00000166863	ensembl_gene	ENSG00000166863	11521	6866	HH10|LncZBTB39|NK3|NKB|NKNB|PRO1155|ZNEUROK1	resolved	mygene.info	pinned_local_build
TACO1	TACO1	ENSG00000136463	ensembl_gene	ENSG00000136463	24316	51204	CCDC44|MC4DN8	resolved	mygene.info	pinned_local_build
TACR1	TACR1	ENSG00000115353	ensembl_gene	ENSG00000115353	11526	6869	NK1R|NKIR|SPR|TAC1R	resolved	mygene.info	pinned_local_build
TACR3	TACR3	ENSG00000169836	ensembl_gene	ENSG00000169836	11528	6870	HH11|NK-3R|NK3|NK3R|NKR|TAC3R|TAC3RL	resolved	mygene.info	pinned_local_build
TAF1	TAF1	ENSG00000147133	ensembl_gene	ENSG00000147133	11535	6872	BA2R|CCG1|CCGS|DYT3|DYT3/TAF1|KAT4|MRXS33|N-TAF1|NSCL2|OF|P250|TAF(II)250|TAF2A|TAFII-250|TAFII250|XDP	resolved	mygene.info	pinned_local_build
TAF1C	TAF1C	ENSG00000103168	ensembl_gene	ENSG00000103168	11534	9013	MGC:39976|SL1|TAFI110|TAFI95	resolved	mygene.info	pinned_local_build
TAF2	TAF2	ENSG00000064313	ensembl_gene	ENSG00000064313	11536	6873	CIF150|MRT40|TAF2B|TAFII150	resolved	mygene.info	pinned_local_build
TAF6	TAF6	ENSG00000106290	ensembl_gene	ENSG00000106290	11540	6878	ALYUS|MGC:8964|TAF(II)70|TAF(II)80|TAF2E|TAFII-70|TAFII-80|TAFII70|TAFII80|TAFII85	resolved	mygene.info	pinned_local_build
TAF8	TAF8	ENSG00000137413	ensembl_gene	ENSG00000137413	17300	129685	II|NEDMLHB|TAF|TAF(II)43|TAFII-43|TAFII43|TBN	resolved	mygene.info	pinned_local_build
TAFAZZIN	TAFAZZIN	ENSG00000102125	ensembl_gene	ENSG00000102125	11577	6901	BTHS|CMD3A|EFE|EFE2|G4.5|LVNCX|TAZ|Taz1	resolved	mygene.info	pinned_local_build
TALDO1	TALDO1	ENSG00000177156	ensembl_gene	ENSG00000177156	11559	6888	TAL|TAL-H|TALDOR|TALH	resolved	mygene.info	pinned_local_build
TANC2	TANC2	ENSG00000170921	ensembl_gene	ENSG00000170921	30212	26115	IDDALDS|ROLSA|rols	resolved	mygene.info	pinned_local_build
TANGO2	TANGO2	ENSG00000183597	ensembl_gene	ENSG00000183597	25439	128989	C22orf25|MECRCN	resolved	mygene.info	pinned_local_build
TAOK1	TAOK1	ENSG00000160551	ensembl_gene	ENSG00000160551	29259	57551	DDIB|KFC-B|MAP3K16|MARKK|PSK-2|PSK2|TAO1|hKFC-B|hTAOK1	resolved	mygene.info	pinned_local_build
TAOK2	TAOK2	ENSG00000149930	ensembl_gene	ENSG00000149930	16835	9344	MAP3K17|PSK|PSK1|PSK1-BETA|TAO1|TAO2|Tao2beta	resolved	mygene.info	pinned_local_build
TAPT1	TAPT1	ENSG00000169762	ensembl_gene	ENSG00000169762	26887	202018	CMVFR|OCLSBG	resolved	mygene.info	pinned_local_build
TARDBP	TARDBP	ENSG00000120948	ensembl_gene	ENSG00000120948	11571	23435	ALS10|TDP-43	resolved	mygene.info	pinned_local_build
TARS2	TARS2	ENSG00000143374	ensembl_gene	ENSG00000143374	30740	80222	COXPD21|TARSL1|thrRS	resolved	mygene.info	pinned_local_build
TAT	TAT	ENSG00000198650	ensembl_gene	ENSG00000198650	11573	6898		resolved	mygene.info	pinned_local_build
TBC1D20	TBC1D20	ENSG00000125875	ensembl_gene	ENSG00000125875	16133	128637	C20orf140|WARBM4	resolved	mygene.info	pinned_local_build
TBC1D23	TBC1D23	ENSG00000036054	ensembl_gene	ENSG00000036054	25622	55773	NS4ATP1|PCH11	resolved	mygene.info	pinned_local_build
TBC1D24	TBC1D24	ENSG00000162065	ensembl_gene	ENSG00000162065	29203	57465	DEE16|DFNA65|DFNB86|DOORS|EIEE16|EIM|EPRPDC|FIME|TLDC6	resolved	mygene.info	pinned_local_build
TBC1D2B	TBC1D2B	ENSG00000167202	ensembl_gene	ENSG00000167202	29183	23102	NEDSGO	resolved	mygene.info	pinned_local_build
TBC1D32	TBC1D32	ENSG00000146350	ensembl_gene	ENSG00000146350	21485	221322	ALHSA|BROMI|C6orf170|C6orf171|OFD9|RP100	resolved	mygene.info	pinned_local_build
TBC1D7	TBC1D7	ENSG00000145979	ensembl_gene	ENSG00000145979	21066	51256	MGCPH|PIG51|TBC7	resolved	mygene.info	pinned_local_build
TBCD	TBCD	ENSG00000141556	ensembl_gene	ENSG00000141556	11581	6904	PEBAT|SSD-1|tfcD	resolved	mygene.info	pinned_local_build
TBCE	TBCE	ENSG00000284770	ensembl_gene	ENSG00000284770	11582	6905	HRD|KCS|KCS1|PEAMO|pac2	resolved	mygene.info	pinned_local_build
TBCK	TBCK	ENSG00000145348	ensembl_gene	ENSG00000145348	28261	93627	FERRY1|Fy-1|HSPC302|IHPRF3|TBCKL	resolved	mygene.info	pinned_local_build
TBK1	TBK1	ENSG00000183735	ensembl_gene	ENSG00000183735	11584	29110	AIARV|FTDALS4|IIAE8|NAK|T2K	resolved	mygene.info	pinned_local_build
TBL1XR1	TBL1XR1	ENSG00000177565	ensembl_gene	ENSG00000177565	29529	79718	C21|DC42|IRA1|MRD41|TBLR1	resolved	mygene.info	pinned_local_build
TBP	TBP	ENSG00000112592	ensembl_gene	ENSG00000112592	11588	6908	GTF2D|GTF2D1|HDL4|SCA17|TBP1|TFIID	resolved	mygene.info	pinned_local_build
TBR1	TBR1	ENSG00000136535	ensembl_gene	ENSG00000136535	11590	10716	AUTS5|IDDAS|TBR-1|TES-56	resolved	mygene.info	pinned_local_build
TBX1	TBX1	ENSG00000184058	ensembl_gene	ENSG00000184058	11592	6899	CAFS|CATCH22|CTHM|DGCR|DGS|DORV|TBX1C|TGA|VCF|VCFS	resolved	mygene.info	pinned_local_build
TBX18	TBX18	ENSG00000112837	ensembl_gene	ENSG00000112837	11595	9096	CAKUT2|PUJO	resolved	mygene.info	pinned_local_build
TBX19	TBX19	ENSG00000143178	ensembl_gene	ENSG00000143178	11596	9095	TBS19|TPIT|dJ747L4.1	resolved	mygene.info	pinned_local_build
TBX20	TBX20	ENSG00000164532	ensembl_gene	ENSG00000164532	11598	57057	ASD4	resolved	mygene.info	pinned_local_build
TBX3	TBX3	ENSG00000135111	ensembl_gene	ENSG00000135111	11602	6926	TBX3-ISO|UMS|XHL	resolved	mygene.info	pinned_local_build
TBX5	TBX5	ENSG00000089225	ensembl_gene	ENSG00000089225	11604	6910	HOS	resolved	mygene.info	pinned_local_build
TCAP	TCAP	ENSG00000173991	ensembl_gene	ENSG00000173991	11610	8557	CMD1N|CMH25|LGMD2G|LGMDR7|T-cap|TELE|telethonin	resolved	mygene.info	pinned_local_build
TCEAL1	TCEAL1	ENSG00000172465	ensembl_gene	ENSG00000172465	11616	9338	HIJRS|NEDGFAX|SIIR|WEX9|p21|pp21	resolved	mygene.info	pinned_local_build
TCF12	TCF12	ENSG00000140262	ensembl_gene	ENSG00000140262	11623	6938	CRS3|HEB|HH26|HTF4|HsT17266|TCF-12|bHLHb20|p64	resolved	mygene.info	pinned_local_build
TCF20	TCF20	ENSG00000276461	ensembl_gene	ENSG00000276461	11631	6942	AR1|DDVIBA|SPBP|TCF-20	resolved	mygene.info	pinned_local_build
TCF4	TCF4	ENSG00000196628	ensembl_gene	ENSG00000196628	11634	6925	CDG2T|E2-2|FCD2|FECD3|ITF-2|ITF2|PTHS|SEF-2|SEF2|SEF2-1|SEF2-1A|SEF2-1B|SEF2-1D|TCF-4|bHLHb19	resolved	mygene.info	pinned_local_build
TCIRG1	TCIRG1	ENSG00000110719	ensembl_gene	ENSG00000110719	11647	10312	ATP6N1C|ATP6V0A3|Atp6i|OC-116kDa|OC116|OPTB1|Stv1|TIRC7|Vph1|a3	resolved	mygene.info	pinned_local_build
TCN1	TCN1	ENSG00000134827	ensembl_gene	ENSG00000134827	11652	6947	HC|TC-1|TC1|TCI	resolved	mygene.info	pinned_local_build
TCN2	TCN2	ENSG00000185339	ensembl_gene	ENSG00000185339	11653	6948	D22S676|D22S750|II|TC|TC II|TC-2|TC2|TCII	resolved	mygene.info	pinned_local_build
TCOF1	TCOF1	ENSG00000070814	ensembl_gene	ENSG00000070814	11654	6949	MFD1|TCS|TCS1|treacle	resolved	mygene.info	pinned_local_build
TCP1	TCP1	ENSG00000120438	ensembl_gene	ENSG00000120438	11655	6950	CCT-alpha|CCT1|CCTa|D6S230E|IDDPMGS|TCP-1-alpha	resolved	mygene.info	pinned_local_build
TCTN1	TCTN1	ENSG00000204852	ensembl_gene	ENSG00000204852	26113	79600	JBTS13|TECT1	resolved	mygene.info	pinned_local_build
TCTN2	TCTN2	ENSG00000168778	ensembl_gene	ENSG00000168778	25774	79867	C12orf38|JBTS24|MKS8|TECT2	resolved	mygene.info	pinned_local_build
TCTN3	TCTN3	ENSG00000119977	ensembl_gene	ENSG00000119977	24519	26123	C10orf61|JBTS18|OFD4|TECT3	resolved	mygene.info	pinned_local_build
TDP1	TDP1	ENSG00000042088	ensembl_gene	ENSG00000042088	18884	55775		resolved	mygene.info	pinned_local_build
TDP2	TDP2	ENSG00000111802	ensembl_gene	ENSG00000111802	17768	51567	AD022|EAP2|EAPII|TTRAP|dJ30M3.3|hTDP2	resolved	mygene.info	pinned_local_build
TECPR2	TECPR2	ENSG00000196663	ensembl_gene	ENSG00000196663	19957	9895	HSAN9|KIAA0329|SPG49	resolved	mygene.info	pinned_local_build
TECR	TECR	ENSG00000099797	ensembl_gene	ENSG00000099797	4551	9524	GPSN2|MRT14|SC2|TER	resolved	mygene.info	pinned_local_build
TECRL	TECRL	ENSG00000205678	ensembl_gene	ENSG00000205678	27365	253017	CPVT3|GPSN2L|SRD5A2L2|TERL	resolved	mygene.info	pinned_local_build
TECTA	TECTA	ENSG00000109927	ensembl_gene	ENSG00000109927	11720	7007	DFNA12|DFNA8|DFNB21	resolved	mygene.info	pinned_local_build
TEK	TEK	ENSG00000120156	ensembl_gene	ENSG00000120156	11724	7010	CD202B|GLC3E|TIE-2|TIE2|VMCM|VMCM1	resolved	mygene.info	pinned_local_build
TELO2	TELO2	ENSG00000100726	ensembl_gene	ENSG00000100726	29099	9894	CLK2|TEL2|YHFS	resolved	mygene.info	pinned_local_build
TENM4	TENM4	ENSG00000149256	ensembl_gene	ENSG00000149256	29945	26011	Doc4|ETM5|ODZ4|TEN4|TNM4|Ten-M4|ten-4	resolved	mygene.info	pinned_local_build
TERC	TERC	ENSG00000270141	ensembl_gene	ENSG00000270141	11727	7012	DKCA1|PFBMFT2|SCARNA19|TER|TR|TRC3|hTR	resolved	mygene.info	pinned_local_build
TERF2IP	TERF2IP	ENSG00000166848	ensembl_gene	ENSG00000166848	19246	54386	DRIP5|RAP1	resolved	mygene.info	pinned_local_build
TERT	TERT	ENSG00000164362	ensembl_gene	ENSG00000164362	11730	7015	CMM9|DKCA2|DKCB4|EST2|PFBMFT1|TCS1|TP2|TRT|hEST2|hTRT	resolved	mygene.info	pinned_local_build
TET3	TET3	ENSG00000187605	ensembl_gene	ENSG00000187605	28313	200424	BEFAHRS|hCG_40738	resolved	mygene.info	pinned_local_build
TF	TF	ENSG00000091513	ensembl_gene	ENSG00000091513	11740	7018	HEL-S-71p|PRO1557|PRO2086|TFQTL1	resolved	mygene.info	pinned_local_build
TFAM	TFAM	ENSG00000108064	ensembl_gene	ENSG00000108064	11741	7019	MTDPS15|MTTF1|MTTFA|TCF6|TCF6L1|TCF6L2|TCF6L3	resolved	mygene.info	pinned_local_build
TFAP2A	TFAP2A	ENSG00000137203	ensembl_gene	ENSG00000137203	11742	7020	AP-2|AP-2alpha|AP2TF|BOFS|TFAP2	resolved	mygene.info	pinned_local_build
TFB1M	TFB1M	ENSG00000029639	ensembl_gene	ENSG00000029639	17037	51106	CGI-75|CGI75|mtTFB|mtTFB1	resolved	mygene.info	pinned_local_build
TFE3	TFE3	ENSG00000068323	ensembl_gene	ENSG00000068323	11752	7030	MRXSPF|RCCP2|RCCX1|TFEA|bHLHe33	resolved	mygene.info	pinned_local_build
TFG	TFG	ENSG00000114354	ensembl_gene	ENSG00000114354	11758	10342	HMSNP|SPG57|TF6|TRKT3	resolved	mygene.info	pinned_local_build
TFR2	TFR2	ENSG00000106327	ensembl_gene	ENSG00000106327	11762	7036	HFE3|TFRC2	resolved	mygene.info	pinned_local_build
TG	TG	ENSG00000042832	ensembl_gene	ENSG00000042832	11764	7038	AITD3|TGN	resolved	mygene.info	pinned_local_build
TGDS	TGDS	ENSG00000088451	ensembl_gene	ENSG00000088451	20324	23483	CATMANS|SDR2E1|TDPGD	resolved	mygene.info	pinned_local_build
TGFB2	TGFB2	ENSG00000092969	ensembl_gene	ENSG00000092969	11768	7042	CAEND2|G-TSF|LDS4|TGF-beta2	resolved	mygene.info	pinned_local_build
TGFB3	TGFB3	ENSG00000119699	ensembl_gene	ENSG00000119699	11769	7043	ARVD|ARVD1|LDS5|RNHF|TGF-beta3	resolved	mygene.info	pinned_local_build
TGFBR1	TGFBR1	ENSG00000106799	ensembl_gene	ENSG00000106799	11772	7046	AAT5|ACVRLK4|ALK-5|ALK5|ESS1|LDS1|LDS1A|LDS2A|MSSE|SKR4|TBR-i|TBRI|TGFR-1|tbetaR-I	resolved	mygene.info	pinned_local_build
TGFBR2	TGFBR2	ENSG00000163513	ensembl_gene	ENSG00000163513	11773	7048	AAT3|FAA3|LDS1B|LDS2|LDS2B|MFS2|RIIC|TAAD2|TBR-ii|TBRII|TGFR-2|TGFbeta-RII|tbetaR-II	resolved	mygene.info	pinned_local_build
TGIF1	TGIF1	ENSG00000177426	ensembl_gene	ENSG00000177426	11776	7050	HPE4|TGIF	resolved	mygene.info	pinned_local_build
TGM1	TGM1	ENSG00000285348	ensembl_gene	ENSG00000285348	11777	7051	ARCI1|ICR2|KTG|LI|LI1|TGASE|TGK	resolved	mygene.info	pinned_local_build
TGM6	TGM6	ENSG00000166948	ensembl_gene	ENSG00000166948	16255	343641	SCA35|TG6|TGM3L|TGY|dJ734P14.3	resolved	mygene.info	pinned_local_build
TH	TH	ENSG00000180176	ensembl_gene	ENSG00000180176	11782	7054	DYT14|DYT5b|TYH	resolved	mygene.info	pinned_local_build
THAP1	THAP1	ENSG00000131931	ensembl_gene	ENSG00000131931	20856	55145	DYT6	resolved	mygene.info	pinned_local_build
THAP11	THAP11	ENSG00000168286	ensembl_gene	ENSG00000168286	23194	57215	CTG-B43a|CTG-B45d|HRIHFB2206|MAHCL|RONIN|SCA51	resolved	mygene.info	pinned_local_build
THBS1	THBS1	ENSG00000137801	ensembl_gene	ENSG00000137801	11785	7057	THBS|THBS-1|TSP|TSP-1|TSP1	resolved	mygene.info	pinned_local_build
THG1L	THG1L	ENSG00000113272	ensembl_gene	ENSG00000113272	26053	54974	ICF45|IHG-1|IHG1|SCAR28|THG1|hTHG1	resolved	mygene.info	pinned_local_build
THOC2	THOC2	ENSG00000125676	ensembl_gene	ENSG00000125676	19073	57187	AMC7|CXorf3|MRX12|MRX35|THO2|XLID12|dJ506G2.1|hTREX120	resolved	mygene.info	pinned_local_build
THRB	THRB	ENSG00000151090	ensembl_gene	ENSG00000151090	11799	7068	C-ERBA-2|C-ERBA-BETA|ERBA2|GRTH|NR1A2|PRTH|THR1|THRB1|THRB2|THRbeta|THRbeta1|TRb|TRbeta|TRbeta1|Thrbeta2	resolved	mygene.info	pinned_local_build
TIA1	TIA1	ENSG00000116001	ensembl_gene	ENSG00000116001	11802	7072	ALS26|TIA-1|WDM	resolved	mygene.info	pinned_local_build
TIAM1	TIAM1	ENSG00000156299	ensembl_gene	ENSG00000156299	11805	7074	NEDLDS|TIAM-1	resolved	mygene.info	pinned_local_build
TIMM50	TIMM50	ENSG00000105197	ensembl_gene	ENSG00000105197	23656	92609	MGCA9|TIM50|TIM50L	resolved	mygene.info	pinned_local_build
TIMM8A	TIMM8A	ENSG00000126953	ensembl_gene	ENSG00000126953	11817	1678	DDP|DDP1|DFN1|MTS|TIM8	resolved	mygene.info	pinned_local_build
TIMMDC1	TIMMDC1	ENSG00000113845	ensembl_gene	ENSG00000113845	1321	51300	C3orf1|MC1DN31	resolved	mygene.info	pinned_local_build
TINF2	TINF2	ENSG00000284915	ensembl_gene	ENSG00000284915	11824	26277	DKCA3|DKCA5|TIN2	resolved	mygene.info	pinned_local_build
TJP2	TJP2	ENSG00000119139	ensembl_gene	ENSG00000119139	11828	9414	C9DUPq21.11|DFNA51|DUP9q21.11|FHCA1|PFIC4|X104|ZO2	resolved	mygene.info	pinned_local_build
TK2	TK2	ENSG00000166548	ensembl_gene	ENSG00000166548	11831	7084	MTDPS2|MTTK|PEOB3|SCA31|TK2-EXT	resolved	mygene.info	pinned_local_build
TKT	TKT	ENSG00000163931	ensembl_gene	ENSG00000163931	11834	7086	HEL-S-48|HEL107|SDDHD|TK|TKT1	resolved	mygene.info	pinned_local_build
TLCD5	TLCD5	ENSG00000181264	ensembl_gene	ENSG00000181264	28280	219902	TMEM136	resolved	mygene.info	pinned_local_build
TLK2	TLK2	ENSG00000146872	ensembl_gene	ENSG00000146872	11842	11011	HsHPK|MRD57|PKU-ALPHA	resolved	mygene.info	pinned_local_build
TLN1	TLN1	ENSG00000137076	ensembl_gene	ENSG00000137076	11845	7094	ILWEQ|TLN|talin-1	resolved	mygene.info	pinned_local_build
TLR4	TLR4	ENSG00000136869	ensembl_gene	ENSG00000136869	11850	7099	ARMD10|CD284|TLR-4|TOLL	resolved	mygene.info	pinned_local_build
TM4SF20	TM4SF20	ENSG00000168955	ensembl_gene	ENSG00000168955	26230	79853	PRO994|SLI5|TCCE518	resolved	mygene.info	pinned_local_build
TMC1	TMC1	ENSG00000165091	ensembl_gene	ENSG00000165091	16513	117531	DFNA36|DFNB11|DFNB7	resolved	mygene.info	pinned_local_build
TMED3	TMED3	ENSG00000166557	ensembl_gene	ENSG00000166557	28889	23423	C15orf22|P24B|p24g4|p24gamma4|p26	resolved	mygene.info	pinned_local_build
TMED7	TMED7	ENSG00000134970	ensembl_gene	ENSG00000134970	24253	51014	CGI-109|Tag|p24g3|p24gamma3|p27	resolved	mygene.info	pinned_local_build
TMEM106B	TMEM106B	ENSG00000106460	ensembl_gene	ENSG00000106460	22407	54664	HLD16	resolved	mygene.info	pinned_local_build
TMEM114	TMEM114	ENSG00000232258	ensembl_gene	ENSG00000232258	33227	283953		resolved	mygene.info	pinned_local_build
TMEM126A	TMEM126A	ENSG00000171202	ensembl_gene	ENSG00000171202	25382	84233	OPA7	resolved	mygene.info	pinned_local_build
TMEM126B	TMEM126B	ENSG00000171204	ensembl_gene	ENSG00000171204	30883	55863	HT007|MC1DN29	resolved	mygene.info	pinned_local_build
TMEM138	TMEM138	ENSG00000149483	ensembl_gene	ENSG00000149483	26944	51524	HSPC196	resolved	mygene.info	pinned_local_build
TMEM165	TMEM165	ENSG00000134851	ensembl_gene	ENSG00000134851	30760	55858	CDG2K|FT27|GDT1|SLC64A1|TMPT27|TPARL	resolved	mygene.info	pinned_local_build
TMEM167A	TMEM167A	ENSG00000174695	ensembl_gene	ENSG00000174695	28330	153339	TMEM167|kish	resolved	mygene.info	pinned_local_build
TMEM184B	TMEM184B	ENSG00000198792	ensembl_gene	ENSG00000198792	1310	25829	C22orf5|FM08|HS5O6A|HSPC256|SLC51C2	resolved	mygene.info	pinned_local_build
TMEM216	TMEM216	ENSG00000187049	ensembl_gene	ENSG00000187049	25018	51259	HSPC244|RP98	resolved	mygene.info	pinned_local_build
TMEM222	TMEM222	ENSG00000186501	ensembl_gene	ENSG00000186501	25363	84065	C1orf160|NEDMOSBA	resolved	mygene.info	pinned_local_build
TMEM230	TMEM230	ENSG00000089063	ensembl_gene	ENSG00000089063	15876	29058	C20orf30|HSPC274|dJ1116H23.2.1	resolved	mygene.info	pinned_local_build
TMEM231	TMEM231	ENSG00000205084	ensembl_gene	ENSG00000205084	37234	79583	ALYE870|JBTS20|MKS11|PRO1886	resolved	mygene.info	pinned_local_build
TMEM237	TMEM237	ENSG00000155755	ensembl_gene	ENSG00000155755	14432	65062	ALS2CR4|JBTS14	resolved	mygene.info	pinned_local_build
TMEM240	TMEM240	ENSG00000205090	ensembl_gene	ENSG00000205090	25186	339453	C1orf70|SCA21	resolved	mygene.info	pinned_local_build
TMEM38B	TMEM38B	ENSG00000095209	ensembl_gene	ENSG00000095209	25535	55151	C9orf87|D4Ertd89e|OI14|TRIC-B|TRICB|bA219P18.1	resolved	mygene.info	pinned_local_build
TMEM43	TMEM43	ENSG00000170876	ensembl_gene	ENSG00000170876	28472	79188	ARVC5|ARVD5|AUNA3|EDMD7|EDMD7; AUNA2|LUMA	resolved	mygene.info	pinned_local_build
TMEM63B	TMEM63B	ENSG00000137216	ensembl_gene	ENSG00000137216	17735	55362	C6orf110|DEE118|hTMEM63B	resolved	mygene.info	pinned_local_build
TMEM65	TMEM65	ENSG00000164983	ensembl_gene	ENSG00000164983	25203	157378		resolved	mygene.info	pinned_local_build
TMEM67	TMEM67	ENSG00000164953	ensembl_gene	ENSG00000164953	28396	91147	JBTS6|MECKELIN|MKS3|NPHP11|TNEM67	resolved	mygene.info	pinned_local_build
TMEM70	TMEM70	ENSG00000175606	ensembl_gene	ENSG00000175606	26050	54968	MC5DN2	resolved	mygene.info	pinned_local_build
TMIE	TMIE	ENSG00000181585	ensembl_gene	ENSG00000181585	30800	259236	DFNB6	resolved	mygene.info	pinned_local_build
TMLHE	TMLHE	ENSG00000185973	ensembl_gene	ENSG00000185973	18308	55217	AUTSX6|BBOX2|TMLD|TMLH|TMLHED|XAP130	resolved	mygene.info	pinned_local_build
TMPO	TMPO	ENSG00000120802	ensembl_gene	ENSG00000120802	11875	7112	CMD1T|LAP2|LEMD4|PRO0868|TP	resolved	mygene.info	pinned_local_build
TMPRSS3	TMPRSS3	ENSG00000160183	ensembl_gene	ENSG00000160183	11877	64699	DFNB10|DFNB8|ECHOS1|TADG12	resolved	mygene.info	pinned_local_build
TMTC3	TMTC3	ENSG00000139324	ensembl_gene	ENSG00000139324	26899	160418	LIS8|SMILE	resolved	mygene.info	pinned_local_build
TMX2	TMX2	ENSG00000213593	ensembl_gene	ENSG00000213593	30739	51075	CGI-31|NEDMCMS|PDIA12|PIG26|TXNDC14	resolved	mygene.info	pinned_local_build
TNC	TNC	ENSG00000041982	ensembl_gene	ENSG00000041982	5318	3371	150-225|DFNA56|GMEM|GP|HXB|JI|TN|TN-C	resolved	mygene.info	pinned_local_build
TNFRSF11B	TNFRSF11B	ENSG00000164761	ensembl_gene	ENSG00000164761	11909	4982	OCIF|OPG|PDB5|TR1	resolved	mygene.info	pinned_local_build
TNFRSF21	TNFRSF21	ENSG00000146072	ensembl_gene	ENSG00000146072	13469	27242	BM-018|CD358|DR6	resolved	mygene.info	pinned_local_build
TNFRSF6B	TNFRSF6B	ENSG00000243509	ensembl_gene	ENSG00000243509	11921	8771	DCR3|DJ583P15.1.1|M68|M68E|TR6	resolved	mygene.info	pinned_local_build
TNFRSF9	TNFRSF9	ENSG00000049249	ensembl_gene	ENSG00000049249	11924	3604	4-1BB|CD137|CDw137|ILA|IMD109	resolved	mygene.info	pinned_local_build
TNFSF11	TNFSF11	ENSG00000120659	ensembl_gene	ENSG00000120659	11926	8600	CD254|ODF|OPGL|OPTB2|RANKL|TNLG6B|TRANCE|hRANKL2|sOdf	resolved	mygene.info	pinned_local_build
TNFSF12	TNFSF12	ENSG00000239697	ensembl_gene	ENSG00000239697	11927	8742	APO3L|DR3LG|TNF12|TNLG4A|TWEAK	resolved	mygene.info	pinned_local_build
TNIK	TNIK	ENSG00000154310	ensembl_gene	ENSG00000154310	30765	23043	MAP4K7|MRT54	resolved	mygene.info	pinned_local_build
TNK2	TNK2	ENSG00000061938	ensembl_gene	ENSG00000061938	19297	10188	ACK|ACK-1|ACK1|p21cdc42Hs	resolved	mygene.info	pinned_local_build
TNNC1	TNNC1	ENSG00000114854	ensembl_gene	ENSG00000114854	11943	7134	CMD1Z|CMH13|TN-C|TNC|TNNC	resolved	mygene.info	pinned_local_build
TNNI2	TNNI2	ENSG00000130598	ensembl_gene	ENSG00000130598	11946	7136	AMCD2B|DA2B|DA2B1|FSSV|fsTnI	resolved	mygene.info	pinned_local_build
TNNI3	TNNI3	ENSG00000129991	ensembl_gene	ENSG00000129991	11947	7137	CMD1FF|CMD2A|CMH7|RCM1|TNNC1|cTnI	resolved	mygene.info	pinned_local_build
TNNT1	TNNT1	ENSG00000105048	ensembl_gene	ENSG00000105048	11948	7138	ANM|NEM5|STNT|TNT|TNTS	resolved	mygene.info	pinned_local_build
TNNT2	TNNT2	ENSG00000118194	ensembl_gene	ENSG00000118194	11949	7139	CMD1D|CMH2|CMPD2|LVNC6|RCM3|TnTC|cTnT	resolved	mygene.info	pinned_local_build
TNNT3	TNNT3	ENSG00000288250	ensembl_gene	ENSG00000288250	11950	7140	DA2B2|TNTF|beta-TnTF	resolved	mygene.info	pinned_local_build
TNPO1	TNPO1	ENSG00000083312	ensembl_gene	ENSG00000083312	6401	3842	IPO2|KPNB2|MIP|MIP1|TRN	resolved	mygene.info	pinned_local_build
TNPO2	TNPO2	ENSG00000105576	ensembl_gene	ENSG00000105576	19998	30000	IDDHISD|IPO3|KPNB2B|TRN2	resolved	mygene.info	pinned_local_build
TNRC6A	TNRC6A	ENSG00000090905	ensembl_gene	ENSG00000090905	11969	27327	CAGH26|FAME6|GW1|GW182|TNRC6	resolved	mygene.info	pinned_local_build
TNRC6B	TNRC6B	ENSG00000100354	ensembl_gene	ENSG00000100354	29190	23112	GDSBA	resolved	mygene.info	pinned_local_build
TNS2	TNS2	ENSG00000111077	ensembl_gene	ENSG00000111077	19737	23371	C1-TEN|C1TEN|TENC1	resolved	mygene.info	pinned_local_build
TNXB	TNXB	ENSG00000168477	ensembl_gene	ENSG00000168477	11976	7148	EDS3|EDSCLL|EDSCLL1|HXBL|TENX|TN-X|TNX|TNXB1|TNXB2|TNXBS|VUR8|XB|XBS	resolved	mygene.info	pinned_local_build
TOE1	TOE1	ENSG00000132773	ensembl_gene	ENSG00000132773	15954	114034	PCH7|TOE-1|hCaf1z	resolved	mygene.info	pinned_local_build
TOP1MT	TOP1MT	ENSG00000184428	ensembl_gene	ENSG00000184428	29787	116447		resolved	mygene.info	pinned_local_build
TOP2B	TOP2B	ENSG00000077097	ensembl_gene	ENSG00000077097	11990	7155	BILU|TOPIIB|top2beta	resolved	mygene.info	pinned_local_build
TOR1A	TOR1A	ENSG00000136827	ensembl_gene	ENSG00000136827	3098	1861	AMC5|DQ2|DYT1	resolved	mygene.info	pinned_local_build
TOR1AIP1	TOR1AIP1	ENSG00000143337	ensembl_gene	ENSG00000143337	29456	26092	LAP1|LAP1B|LAP1C|LGMD2Y	resolved	mygene.info	pinned_local_build
TP53	TP53	ENSG00000141510	ensembl_gene	ENSG00000141510	11998	7157	BCC7|BMFS5|LFS1|P53|TRP53	resolved	mygene.info	pinned_local_build
TP53RK	TP53RK	ENSG00000172315	ensembl_gene	ENSG00000172315	16197	112858	BUD32|C20orf64|GAMOS4|Nori-2|Nori-2p|PRPK|TPRKB|dJ101A2	resolved	mygene.info	pinned_local_build
TP63	TP63	ENSG00000073282	ensembl_gene	ENSG00000073282	15979	8626	AIS|B(p51A)|B(p51B)|EEC3|KET|LMS|NBP|OFC8|RHS|SHFM4|TP53CP|TP53L|TP73L|p40|p51|p53CP|p63|p73H|p73L	resolved	mygene.info	pinned_local_build
TPI1	TPI1	ENSG00000111669	ensembl_gene	ENSG00000111669	12009	7167	HEL-S-49|TIM|TPI|TPID	resolved	mygene.info	pinned_local_build
TPK1	TPK1	ENSG00000196511	ensembl_gene	ENSG00000196511	17358	27010	HTPK1|PP20|THMD5	resolved	mygene.info	pinned_local_build
TPM1	TPM1	ENSG00000140416	ensembl_gene	ENSG00000140416	12010	7168	C15orf13|CMD1Y|CMH3|HEL-S-265|HTM-alpha|LVNC9|TMSA	resolved	mygene.info	pinned_local_build
TPM2	TPM2	ENSG00000198467	ensembl_gene	ENSG00000198467	12011	7169	AMCD1|CMYO23|CMYP23|DA1|DA2B|DA2B4|HEL-S-273|NEM4|TMSB	resolved	mygene.info	pinned_local_build
TPM3	TPM3	ENSG00000143549	ensembl_gene	ENSG00000143549	12012	7170	CAPM1|CFTD|CMYO4A|CMYO4B|CMYP4A|CMYP4B|HEL-189|HEL-S-82p|NEM1|OK/SW-cl.5|TM-5|TM3|TM30|TM30nm|TM5|TPM3nu|TPMsk3|TRK|hscp30	resolved	mygene.info	pinned_local_build
TPP1	TPP1	ENSG00000166340	ensembl_gene	ENSG00000166340	2073	1200	CLN2|GIG1|LPIC|SCAR7|TPP-1	resolved	mygene.info	pinned_local_build
TPRKB	TPRKB	ENSG00000291480	ensembl_gene	ENSG00000291480	24259	51002	CGI-121|CGI121|GAMOS5	resolved	mygene.info	pinned_local_build
TPRN	TPRN	ENSG00000176058	ensembl_gene	ENSG00000176058	26894	286262	C9orf75|DFNB79	resolved	mygene.info	pinned_local_build
TRA2B	TRA2B	ENSG00000136527	ensembl_gene	ENSG00000136527	10781	6434	Htra2-beta|PPP1R156|RAMELN|SFRS10|SRFS10|TRA2-BETA|TRAN2B	resolved	mygene.info	pinned_local_build
TRAF3IP1	TRAF3IP1		unknown_namespace					unresolved	mygene.info	pinned_local_build
TRAF3IP2	TRAF3IP2	ENSG00000056972	ensembl_gene	ENSG00000056972	1343	10758	ACT1|C6orf2|C6orf4|C6orf5|C6orf6|CANDF8|CIKS|PSORS13	resolved	mygene.info	pinned_local_build
TRAF6	TRAF6	ENSG00000175104	ensembl_gene	ENSG00000175104	12036	7189	MGC:3310|RNF85	resolved	mygene.info	pinned_local_build
TRAF7	TRAF7	ENSG00000131653	ensembl_gene	ENSG00000131653	20456	84231	CAFDADD|RFWD1|RNF119	resolved	mygene.info	pinned_local_build
TRAIP	TRAIP	ENSG00000183763	ensembl_gene	ENSG00000183763	30764	10293	RNF206|SCKL9|TRIP	resolved	mygene.info	pinned_local_build
TRAK1	TRAK1	ENSG00000182606	ensembl_gene	ENSG00000182606	29947	22906	DEE68|EIEE68|MILT1|OIP106	resolved	mygene.info	pinned_local_build
TRAP1	TRAP1	ENSG00000126602	ensembl_gene	ENSG00000126602	16264	10131	HSP 75|HSP75|HSP90L|TRAP-1	resolved	mygene.info	pinned_local_build
TRAPPC10	TRAPPC10	ENSG00000160218	ensembl_gene	ENSG00000160218	11868	7109	EHOC-1|EHOC1|GT334|NEDMISS|TMEM1|TRS130|TRS30	resolved	mygene.info	pinned_local_build
TRAPPC11	TRAPPC11	ENSG00000168538	ensembl_gene	ENSG00000168538	25751	60684	C4orf41|FOIGR|GRY|LGMD2S|LGMDR18	resolved	mygene.info	pinned_local_build
TRAPPC12	TRAPPC12	ENSG00000274891	ensembl_gene	ENSG00000274891	24284	51112	CGI-87|PEBAS|TTC-15|TTC15	resolved	mygene.info	pinned_local_build
TRAPPC3	TRAPPC3	ENSG00000054116	ensembl_gene	ENSG00000054116	19942	27095	BET3	resolved	mygene.info	pinned_local_build
TRAPPC4	TRAPPC4	ENSG00000196655	ensembl_gene	ENSG00000196655	19943	51399	CGI-104|HSPC172|NEDESBA|PTD009|SBDN|SYNBINDIN|TRS23	resolved	mygene.info	pinned_local_build
TRAPPC6A	TRAPPC6A	ENSG00000007255	ensembl_gene	ENSG00000007255	23069	79090	TRS33	resolved	mygene.info	pinned_local_build
TRAPPC6B	TRAPPC6B	ENSG00000182400	ensembl_gene	ENSG00000182400	23066	122553	NEDMEBA|TPC6	resolved	mygene.info	pinned_local_build
TRAPPC9	TRAPPC9	ENSG00000167632	ensembl_gene	ENSG00000167632	30832	83696	IBP|IKBKBBP|MRT13|NIBP|T1|TRS120	resolved	mygene.info	pinned_local_build
TRDN	TRDN	ENSG00000186439	ensembl_gene	ENSG00000186439	12261	10345	CARDAR|CPVT5|TDN|TRISK	resolved	mygene.info	pinned_local_build
TREM2	TREM2	ENSG00000095970	ensembl_gene	ENSG00000095970	17761	54209	AD17|PLOSL2|TREM-2|Trem2a|Trem2b|Trem2c	resolved	mygene.info	pinned_local_build
TREX1	TREX1	ENSG00000213689	ensembl_gene	ENSG00000213689	12269	11277	AGS1|CRV|DRN3|HERNS|RVCLS	resolved	mygene.info	pinned_local_build
TRH	TRH	ENSG00000170893	ensembl_gene	ENSG00000170893	12298	7200	Pro-TRH|TRF	resolved	mygene.info	pinned_local_build
TRIM22	TRIM22	ENSG00000132274	ensembl_gene	ENSG00000132274	16379	10346	GPSTAF50|RNF94|STAF50	resolved	mygene.info	pinned_local_build
TRIM28	TRIM28	ENSG00000130726	ensembl_gene	ENSG00000130726	16384	10155	KAP1|PPP1R157|RNF96|TF1B|TIF1B|TIF1beta|WT7	resolved	mygene.info	pinned_local_build
TRIM32	TRIM32	ENSG00000119401	ensembl_gene	ENSG00000119401	16380	22954	BBS11|HT2A|LGMD2H|LGMDR8|TATIP	resolved	mygene.info	pinned_local_build
TRIM37	TRIM37	ENSG00000108395	ensembl_gene	ENSG00000108395	7523	4591	MUL|POB1|TEF3	resolved	mygene.info	pinned_local_build
TRIM63	TRIM63	ENSG00000158022	ensembl_gene	ENSG00000158022	16007	84676	CMH31|IRF|MURF1|MURF2|RNF28|SMRZ	resolved	mygene.info	pinned_local_build
TRIM8	TRIM8	ENSG00000171206	ensembl_gene	ENSG00000171206	15579	81603	FSGSNEDS|GERP|RNF27	resolved	mygene.info	pinned_local_build
TRIO	TRIO	ENSG00000038382	ensembl_gene	ENSG00000038382	12303	7204	ARHGEF23|MEBAS|MRD44|MRD63|tgat	resolved	mygene.info	pinned_local_build
TRIOBP	TRIOBP	ENSG00000100106	ensembl_gene	ENSG00000100106	17009	11078	DFNB28|HRIHFB2122|TAP68|TARA|dJ37E16.4	resolved	mygene.info	pinned_local_build
TRIP12	TRIP12	ENSG00000153827	ensembl_gene	ENSG00000153827	12306	9320	MRD49|TRIP-12|TRIPC|ULF	resolved	mygene.info	pinned_local_build
TRIP13	TRIP13	ENSG00000071539	ensembl_gene	ENSG00000071539	12307	9319	16E1BP|MVA3|OOMD9|OZEMA9	resolved	mygene.info	pinned_local_build
TRIP4	TRIP4	ENSG00000103671	ensembl_gene	ENSG00000103671	12310	9325	ASC-1|ASC1|HsT17391|MDCDC|SMABF1|ZC2HC5	resolved	mygene.info	pinned_local_build
TRIT1	TRIT1	ENSG00000043514	ensembl_gene	ENSG00000043514	20286	54802	COXPD35|GRO1|IPPT|IPT|IPTase|MOD5|hGRO1	resolved	mygene.info	pinned_local_build
TRMT1	TRMT1	ENSG00000104907	ensembl_gene	ENSG00000104907	25980	55621	MRT68|TRM1|hTRM1	resolved	mygene.info	pinned_local_build
TRMT10A	TRMT10A	ENSG00000145331	ensembl_gene	ENSG00000145331	28403	93587	HEL-S-88|MSSGM|MSSGM1|RG9MTD2|TRM10	resolved	mygene.info	pinned_local_build
TRMT5	TRMT5	ENSG00000126814	ensembl_gene	ENSG00000126814	23141	57570	COXPD26|KIAA1393|PNSED|TRM5	resolved	mygene.info	pinned_local_build
TRMU	TRMU	ENSG00000100416	ensembl_gene	ENSG00000100416	25481	55687	LCAL3|MTO2|MTU1|TRMT	resolved	mygene.info	pinned_local_build
TRNT1	TRNT1	ENSG00000072756	ensembl_gene	ENSG00000072756	17341	51095	CCA1|CGI-47|MtCCA|RPEM|SIFD	resolved	mygene.info	pinned_local_build
TRPC3	TRPC3	ENSG00000138741	ensembl_gene	ENSG00000138741	12335	7222	SCA41|TRP3	resolved	mygene.info	pinned_local_build
TRPC6	TRPC6	ENSG00000137672	ensembl_gene	ENSG00000137672	12338	7225	FSGS2|TRP6	resolved	mygene.info	pinned_local_build
TRPM3	TRPM3	ENSG00000083067	ensembl_gene	ENSG00000083067	17992	80036	CTRCT50|GON-2|LTRPC3|MLSN2|NEDFSS	resolved	mygene.info	pinned_local_build
TRPM4	TRPM4	ENSG00000130529	ensembl_gene	ENSG00000130529	17993	54795	EKVP6|LTrpC4|PFHB1B|TRPM4B|hTRPM4	resolved	mygene.info	pinned_local_build
TRPM6	TRPM6	ENSG00000119121	ensembl_gene	ENSG00000119121	17995	140803	CHAK2|HMGX|HOMG|HOMG1|HSH	resolved	mygene.info	pinned_local_build
TRPS1	TRPS1	ENSG00000104447	ensembl_gene	ENSG00000104447	12340	7227	GC79|LGCR	resolved	mygene.info	pinned_local_build
TRPV4	TRPV4	ENSG00000111199	ensembl_gene	ENSG00000111199	18083	59341	BCYM3|CMT2C|HMSN2C|OTRPC4|SMAL|SPSMA|SSQTL1|TRP12|VRL2|VROAC	resolved	mygene.info	pinned_local_build
TRRAP	TRRAP	ENSG00000196367	ensembl_gene	ENSG00000196367	12347	8295	DEDDFA|DFNA75|PAF350/400|PAF400|STAF40|TR-AP|Tra1	resolved	mygene.info	pinned_local_build
TSC1	TSC1	ENSG00000165699	ensembl_gene	ENSG00000165699	12362	7248	LAM|TSC	resolved	mygene.info	pinned_local_build
TSC2	TSC2	ENSG00000103197	ensembl_gene	ENSG00000103197	12363	7249	LAM|PPP1R160|TSC4	resolved	mygene.info	pinned_local_build
TSEN15	TSEN15	ENSG00000198860	ensembl_gene	ENSG00000198860	16791	116461	C1orf19|PCH2F|sen15	resolved	mygene.info	pinned_local_build
TSEN2	TSEN2	ENSG00000154743	ensembl_gene	ENSG00000154743	28422	80746	PCH2B|SEN2|SEN2L	resolved	mygene.info	pinned_local_build
TSEN34	TSEN34	ENSG00000278622	ensembl_gene	ENSG00000278622	15506	79042	LENG5|PCH2C|SEN34|SEN34L	resolved	mygene.info	pinned_local_build
TSEN54	TSEN54	ENSG00000182173	ensembl_gene	ENSG00000182173	27561	283989	PCH2A|PCH4|PCH5|SEN54L|sen54	resolved	mygene.info	pinned_local_build
TSFM	TSFM	ENSG00000123297	ensembl_gene	ENSG00000123297	12367	10102	EFTS|EFTSMT	resolved	mygene.info	pinned_local_build
TSHR	TSHR	ENSG00000165409	ensembl_gene	ENSG00000165409	12373	7253	CHNG1|LGR3|hTSHR-I	resolved	mygene.info	pinned_local_build
TSHZ1	TSHZ1	ENSG00000179981	ensembl_gene	ENSG00000179981	10669	10194	CAA|NY-CO-33|SDCCAG33|TSH1	resolved	mygene.info	pinned_local_build
TSHZ3	TSHZ3	ENSG00000121297	ensembl_gene	ENSG00000121297	30700	57616	TSH3|ZNF537	resolved	mygene.info	pinned_local_build
TSPAN7	TSPAN7	ENSG00000156298	ensembl_gene	ENSG00000156298	11854	7102	A15|CCG-B7|CD231|DXS1692E|MRX58|MXS1|TALLA-1|TM4SF2|TM4SF2b|XLID58	resolved	mygene.info	pinned_local_build
TSPEAR	TSPEAR	ENSG00000175894	ensembl_gene	ENSG00000175894	1268	54084	C21orf29|DFNB98|ECTD14|STHAG10|TSP-EAR	resolved	mygene.info	pinned_local_build
TSPYL1	TSPYL1	ENSG00000189241	ensembl_gene	ENSG00000189241	12382	7259	TSPYL	resolved	mygene.info	pinned_local_build
TSR2	TSR2	ENSG00000158526	ensembl_gene	ENSG00000158526	25455	90121	DBA14|DT1P1A10|WGG1	resolved	mygene.info	pinned_local_build
TTBK2	TTBK2	ENSG00000128881	ensembl_gene	ENSG00000128881	19141	146057	SCA11|TTBK	resolved	mygene.info	pinned_local_build
TTC14	TTC14	ENSG00000163728	ensembl_gene	ENSG00000163728	24697	151613	DRDL5813|PRO19630	resolved	mygene.info	pinned_local_build
TTC19	TTC19	ENSG00000011295	ensembl_gene	ENSG00000011295	26006	54902	2010204O13Rik|MC3DN2	resolved	mygene.info	pinned_local_build
TTC28	TTC28	ENSG00000100154	ensembl_gene	ENSG00000100154	29179	23331	TPRBK	resolved	mygene.info	pinned_local_build
TTC5	TTC5	ENSG00000136319	ensembl_gene	ENSG00000136319	19274	91875	NEDCAFD|Strap	resolved	mygene.info	pinned_local_build
TTC7A	TTC7A	ENSG00000068724	ensembl_gene	ENSG00000068724	19750	57217	GIDID|MINAT|TTC7	resolved	mygene.info	pinned_local_build
TTC8	TTC8	ENSG00000165533	ensembl_gene	ENSG00000165533	20087	123016	BBS8|RP51	resolved	mygene.info	pinned_local_build
TTI2	TTI2	ENSG00000129696	ensembl_gene	ENSG00000129696	26262	80185	C8orf41|MRT39	resolved	mygene.info	pinned_local_build
TTN	TTN	ENSG00000155657	ensembl_gene	ENSG00000155657	12403	7273	CMD1G|CMH9|CMPD4|CMYO5|CMYP5|EOMFC|HMERF|LGMD2J|LGMDR10|MYLK5|SALMY|TMD	resolved	mygene.info	pinned_local_build
TTPA	TTPA	ENSG00000137561	ensembl_gene	ENSG00000137561	12404	7274	ATTP|AVED|TTP1|alphaTTP	resolved	mygene.info	pinned_local_build
TTR	TTR	ENSG00000118271	ensembl_gene	ENSG00000118271	12405	7276	AMYLD1|ATTR|CTS|CTS1|HEL111|HsT2651|PALB|TBPA|TTN	resolved	mygene.info	pinned_local_build
TUB	TUB	ENSG00000166402	ensembl_gene	ENSG00000166402	12406	7275	RDOB|rd5	resolved	mygene.info	pinned_local_build
TUBA1A	TUBA1A	ENSG00000167552	ensembl_gene	ENSG00000167552	20766	7846	B-ALPHA-1|LIS3|TUBA3	resolved	mygene.info	pinned_local_build
TUBA3E	TUBA3E	ENSG00000292120	ensembl_gene	ENSG00000292120	20765	112714		resolved	mygene.info	pinned_local_build
TUBA8	TUBA8	ENSG00000183785	ensembl_gene	ENSG00000183785	12410	51807	CDCBM8|MACTHC2|TUBAL2	resolved	mygene.info	pinned_local_build
TUBB	TUBB	ENSG00000235067	ensembl_gene	ENSG00000235067	20778	203068	CDCBM6|CSCSC1|M40|OK/SW-cl.56|TUBB1|TUBB5	resolved	mygene.info	pinned_local_build
TUBB2A	TUBB2A	ENSG00000137267	ensembl_gene	ENSG00000137267	12412	7280	CDCBM5|TUBB|TUBB2	resolved	mygene.info	pinned_local_build
TUBB2B	TUBB2B	ENSG00000137285	ensembl_gene	ENSG00000137285	30829	347733	CDCBM7|PMGYSA|bA506K6.1	resolved	mygene.info	pinned_local_build
TUBB3	TUBB3	ENSG00000258947	ensembl_gene	ENSG00000258947	20772	10381	CDCBM|CDCBM1|CFEOM3|CFEOM3A|FEOM3|TUBB4|beta-4	resolved	mygene.info	pinned_local_build
TUBB4A	TUBB4A	ENSG00000104833	ensembl_gene	ENSG00000104833	20774	10382	DYT4|TUBB4|beta-5	resolved	mygene.info	pinned_local_build
TUBB4B	TUBB4B	ENSG00000188229	ensembl_gene	ENSG00000188229	20771	10383	Beta2|LCAEOD|TUBB2|TUBB2C	resolved	mygene.info	pinned_local_build
TUBG1	TUBG1	ENSG00000131462	ensembl_gene	ENSG00000131462	12417	7283	CDCBM4|GCP-1|TUBG|TUBGCP1	resolved	mygene.info	pinned_local_build
TUBGCP2	TUBGCP2	ENSG00000130640	ensembl_gene	ENSG00000130640	18599	10844	ALP4|GCP-2|GCP2|Grip103|PAMDDFS|SPBC97|SPC97|Spc97p|h103p|hGCP2|hSpc97	resolved	mygene.info	pinned_local_build
TUBGCP4	TUBGCP4	ENSG00000137822	ensembl_gene	ENSG00000137822	16691	27229	76P|GCP-4|GCP4|Grip76|MCCRP3	resolved	mygene.info	pinned_local_build
TUBGCP6	TUBGCP6	ENSG00000128159	ensembl_gene	ENSG00000128159	18127	85378	GCP-6|GCP6|MCCRP|MCCRP1|MCPHCR	resolved	mygene.info	pinned_local_build
TUFM	TUFM	ENSG00000178952	ensembl_gene	ENSG00000178952	12420	7284	COXPD4|EF-TuMT|EFTU|P43	resolved	mygene.info	pinned_local_build
TULP1	TULP1	ENSG00000112041	ensembl_gene	ENSG00000112041	12423	7287	LCA15|RP14|TUBL1	resolved	mygene.info	pinned_local_build
TUSC3	TUSC3	ENSG00000104723	ensembl_gene	ENSG00000104723	30242	7991	D8S1992|M33|MRT22|MRT7|MagT2|N33|OST3A|SLC58A2	resolved	mygene.info	pinned_local_build
TWIST1	TWIST1	ENSG00000122691	ensembl_gene	ENSG00000122691	12428	7291	ACS3|BPES2|BPES3|CRS|CRS1|CSO|SCS|SWCOS|TWIST|bHLHa38	resolved	mygene.info	pinned_local_build
TWIST2	TWIST2	ENSG00000288335	ensembl_gene	ENSG00000288335	20670	117581	AMS|BBRSAY|DERMO1|FFDD3|SETLSS|bHLHa39	resolved	mygene.info	pinned_local_build
TWNK	TWNK	ENSG00000107815	ensembl_gene	ENSG00000107815	1160	56652	ATXN8|C10orf2|IOSCA|MTDPS7|PEO|PEO1|PEOA3|PRLTS5|SANDO|SCA8|TWINL	resolved	mygene.info	pinned_local_build
TXN2	TXN2	ENSG00000100348	ensembl_gene	ENSG00000100348	17772	25828	COXPD29|MT-TRX|MTRX|TRX2|TXN	resolved	mygene.info	pinned_local_build
TXNL4A	TXNL4A	ENSG00000141759	ensembl_gene	ENSG00000141759	30551	10907	BMKS|DIB1|DIM1|SNRNP15|TXNL4|U5-15kD	resolved	mygene.info	pinned_local_build
TYMP	TYMP	ENSG00000025708	ensembl_gene	ENSG00000025708	3148	1890	ECGF|ECGF1|MEDPS1|MNGIE|MTDPS1|PDECGF|TP|hPD-ECGF	resolved	mygene.info	pinned_local_build
TYR	TYR	ENSG00000077498	ensembl_gene	ENSG00000077498	12442	7299	ATN|CMM8|OCA1|OCA1A|OCAIA|SHEP3	resolved	mygene.info	pinned_local_build
TYROBP	TYROBP	ENSG00000011600	ensembl_gene	ENSG00000011600	12449	7305	DAP12|KARAP|PLOSL|PLOSL1	resolved	mygene.info	pinned_local_build
U2AF2	U2AF2	ENSG00000063244	ensembl_gene	ENSG00000063244	23156	11338	DEVDFB|U2AF65	resolved	mygene.info	pinned_local_build
UBA1	UBA1	ENSG00000130985	ensembl_gene	ENSG00000130985	12469	7317	A1S9|A1S9T|A1ST|AMCX1|CFAP124|GXP1|POC20|SMAX2|UBA1A|UBE1|UBE1X|VEXAS	resolved	mygene.info	pinned_local_build
UBA5	UBA5	ENSG00000081307	ensembl_gene	ENSG00000081307	23230	79876	DEE44|EIEE44|SCAR24|THIFP1|UBE1DC1	resolved	mygene.info	pinned_local_build
UBAC2	UBAC2	ENSG00000134882	ensembl_gene	ENSG00000134882	20486	337867	PHGDHL1	resolved	mygene.info	pinned_local_build
UBAP2L	UBAP2L	ENSG00000143569	ensembl_gene	ENSG00000143569	29877	9898	NEDLBF|NICE-4|NICE4	resolved	mygene.info	pinned_local_build
UBB	UBB	ENSG00000170315	ensembl_gene	ENSG00000170315	12463	7314	HEL-S-50	resolved	mygene.info	pinned_local_build
UBE2A	UBE2A	ENSG00000077721	ensembl_gene	ENSG00000077721	12472	7319	HHR6A|MRXS30|MRXSN|RAD6A|UBC2	resolved	mygene.info	pinned_local_build
UBE3A	UBE3A	ENSG00000114062	ensembl_gene	ENSG00000114062	12496	7337	ANCR|AS|E6-AP|EPVE6AP|HPVE6A|PIX1	resolved	mygene.info	pinned_local_build
UBE3B	UBE3B	ENSG00000151148	ensembl_gene	ENSG00000151148	13478	89910	BPIDS|KOS	resolved	mygene.info	pinned_local_build
UBQLN2	UBQLN2	ENSG00000188021	ensembl_gene	ENSG00000188021	12509	29978	ALS15|CHAP1|DSK2|HRIHFB2157|N4BP4|PLIC2	resolved	mygene.info	pinned_local_build
UBR1	UBR1	ENSG00000159459	ensembl_gene	ENSG00000159459	16808	197131	JBS	resolved	mygene.info	pinned_local_build
UBR4	UBR4	ENSG00000127481	ensembl_gene	ENSG00000127481	30313	23352	RBAF600|ZUBR1|p600	resolved	mygene.info	pinned_local_build
UBR5	UBR5	ENSG00000104517	ensembl_gene	ENSG00000104517	16806	51366	DD5|EDD|EDD1|HYD|NEDSBH	resolved	mygene.info	pinned_local_build
UBR7	UBR7	ENSG00000012963	ensembl_gene	ENSG00000012963	20344	55148	C14orf130|LICAS	resolved	mygene.info	pinned_local_build
UBTF	UBTF	ENSG00000108312	ensembl_gene	ENSG00000108312	12511	7343	CONDBA|NOR-90|UBF|UBF-1|UBF1|UBF2	resolved	mygene.info	pinned_local_build
UCHL1	UCHL1	ENSG00000154277	ensembl_gene	ENSG00000154277	12513	7345	HEL-117|HEL-S-53|NDGOA|PARK5|PGP 9.5|PGP9.5|PGP95|SPG79|SPG79A|UCHL-1|Uch-L1	resolved	mygene.info	pinned_local_build
UCP2	UCP2	ENSG00000175567	ensembl_gene	ENSG00000175567	12518	7351	BMIQ4|SLC25A8|UCPH	resolved	mygene.info	pinned_local_build
UFC1	UFC1	ENSG00000143222	ensembl_gene	ENSG00000143222	26941	51506	HSPC155|NEDSG	resolved	mygene.info	pinned_local_build
UFD1	UFD1	ENSG00000070010	ensembl_gene	ENSG00000070010	12520	7353	UFD1L	resolved	mygene.info	pinned_local_build
UFM1	UFM1	ENSG00000120686	ensembl_gene	ENSG00000120686	20597	51569	BM-002|C13orf20|HLD14	resolved	mygene.info	pinned_local_build
UFSP2	UFSP2	ENSG00000109775	ensembl_gene	ENSG00000109775	25640	55325	BHD|C4orf20|DEE106|SEMDDR	resolved	mygene.info	pinned_local_build
UGDH	UGDH	ENSG00000109814	ensembl_gene	ENSG00000109814	12525	7358	DEE84|EIEE84|GDH|UDP-GlcDH|UDPGDH|UGD	resolved	mygene.info	pinned_local_build
UGGT1	UGGT1	ENSG00000136731	ensembl_gene	ENSG00000136731	15663	56886	CDG2CC|HUGT1|UGCGL1|UGT1	resolved	mygene.info	pinned_local_build
UGP2	UGP2	ENSG00000169764	ensembl_gene	ENSG00000169764	12527	7360	DEE83|EIEE83|SVUGP2|UDPG|UDPGP|UDPGP2|UGP1|UGPP1|UGPP2|pHC379	resolved	mygene.info	pinned_local_build
UGT1A1	UGT1A1	ENSG00000241635	ensembl_gene	ENSG00000241635	12530	54658	BILIQTL1|GNT1|HUG-BR1|UDPGT|UDPGT 1-1|UGT1|UGT1A	resolved	mygene.info	pinned_local_build
UMPS	UMPS	ENSG00000114491	ensembl_gene	ENSG00000114491	12563	7372	ODC|OPRT	resolved	mygene.info	pinned_local_build
UNC13A	UNC13A	ENSG00000130477	ensembl_gene	ENSG00000130477	23150	23025	IDDSF|Munc13-1|NEDHES|NEDSMS	resolved	mygene.info	pinned_local_build
UNC13D	UNC13D	ENSG00000092929	ensembl_gene	ENSG00000092929	23147	201294	HLH3|HPLH3|Munc13-4	resolved	mygene.info	pinned_local_build
UNC45A	UNC45A	ENSG00000140553	ensembl_gene	ENSG00000140553	30594	55898	GC-UNC45|GCUNC-45|GCUNC45|IRO039700|OOHE|SMAP-1|SMAP1|UNC-45A	resolved	mygene.info	pinned_local_build
UNC79	UNC79	ENSG00000133958	ensembl_gene	ENSG00000133958	19966	57578	KIAA1409	resolved	mygene.info	pinned_local_build
UNC80	UNC80	ENSG00000144406	ensembl_gene	ENSG00000144406	26582	285175	C2orf21|UNC-80	resolved	mygene.info	pinned_local_build
UNG	UNG	ENSG00000076248	ensembl_gene	ENSG00000076248	12572	7374	DGU|HIGM4|HIGM5|UDG|UNG1|UNG15|UNG2	resolved	mygene.info	pinned_local_build
UPB1	UPB1	ENSG00000100024	ensembl_gene	ENSG00000100024	16297	51733	BUP1	resolved	mygene.info	pinned_local_build
UPF3B	UPF3B	ENSG00000125351	ensembl_gene	ENSG00000125351	20439	65109	HUPF3B|MRX62|MRX82|MRXS14|RENT3B|UPF3BP1|UPF3BP2|UPF3BP3|UPF3X|Upf3p-X	resolved	mygene.info	pinned_local_build
UQCC1	UQCC1	ENSG00000101019	ensembl_gene	ENSG00000101019	15891	55245	BFZB|C20orf44|CBP3|UQCC	resolved	mygene.info	pinned_local_build
UQCC2	UQCC2	ENSG00000137288	ensembl_gene	ENSG00000137288	21237	84300	C6orf125|C6orf126|Cbp6|M19|MC3DN7|MNF1|bA6B20.2	resolved	mygene.info	pinned_local_build
UQCC3	UQCC3	ENSG00000204922	ensembl_gene	ENSG00000204922	34399	790955	C11orf83|CCDS41658.1|MC3DN9|UNQ655	resolved	mygene.info	pinned_local_build
UQCR10	UQCR10	ENSG00000184076	ensembl_gene	ENSG00000184076	30863	29796	HSPC051|HSPC119|HSPC151|QCR9|UCCR7.2|UCRC	resolved	mygene.info	pinned_local_build
UQCR11	UQCR11	ENSG00000127540	ensembl_gene	ENSG00000127540	30862	10975	0710008D09Rik|QCR10|UQCR	resolved	mygene.info	pinned_local_build
UQCRB	UQCRB	ENSG00000156467	ensembl_gene	ENSG00000156467	12582	7381	MC3DN3|QCR7|QP-C|QPC|UQBC|UQBP|UQCR6|UQPC	resolved	mygene.info	pinned_local_build
UQCRC2	UQCRC2	ENSG00000140740	ensembl_gene	ENSG00000140740	12586	7385	MC3DN5|QCR2|UQCR2	resolved	mygene.info	pinned_local_build
UQCRQ	UQCRQ	ENSG00000164405	ensembl_gene	ENSG00000164405	29594	27089	MC3DN4|QCR8|QP-C|QPC|UQCR7	resolved	mygene.info	pinned_local_build
UROC1	UROC1	ENSG00000159650	ensembl_gene	ENSG00000159650	26444	131669	HMFN0320|UROCD	resolved	mygene.info	pinned_local_build
USB1	USB1	ENSG00000103005	ensembl_gene	ENSG00000103005	25792	79650	C16orf57|HVSL1|Mpn1|PN|hMpn1|hUsb1	resolved	mygene.info	pinned_local_build
USH1C	USH1C	ENSG00000006611	ensembl_gene	ENSG00000006611	12597	10083	AIE-75|DFNB18|DFNB18A|NY-CO-37|NY-CO-38|PDZ-45|PDZ-73|PDZ-73/NY-CO-38|PDZ73|PDZD7C|ush1cpst	resolved	mygene.info	pinned_local_build
USH1G	USH1G	ENSG00000182040	ensembl_gene	ENSG00000182040	16356	124590	ANKS4A|SANS	resolved	mygene.info	pinned_local_build
USH2A	USH2A	ENSG00000042781	ensembl_gene	ENSG00000042781	12601	7399	RP39|US2|USH2|dJ1111A8.1	resolved	mygene.info	pinned_local_build
USP18	USP18	ENSG00000184979	ensembl_gene	ENSG00000184979	12616	11274	ISG43|PTORCH2|UBP43	resolved	mygene.info	pinned_local_build
USP27X	USP27X	ENSG00000273820	ensembl_gene	ENSG00000273820	13486	389856	MRX105|USP22L|USP27|XLID105	resolved	mygene.info	pinned_local_build
USP53	USP53	ENSG00000145390	ensembl_gene	ENSG00000145390	29255	54532	PFIC7	resolved	mygene.info	pinned_local_build
USP7	USP7	ENSG00000187555	ensembl_gene	ENSG00000187555	12630	7874	C16DELp13.2|DEL16P13.2|HAFOUS|HAUSP|TEF1	resolved	mygene.info	pinned_local_build
USP8	USP8	ENSG00000138592	ensembl_gene	ENSG00000138592	12631	9101	HumORF8|PITA4|SPG59|UBPY	resolved	mygene.info	pinned_local_build
USP9X	USP9X	ENSG00000124486	ensembl_gene	ENSG00000124486	12632	8239	DFFRX|FAF|FAF-X|FAM|MRX99|MRXS99F|XLID99|hFAM	resolved	mygene.info	pinned_local_build
UTP4	UTP4	ENSG00000262788	ensembl_gene	ENSG00000262788	1983	84916	CIRH1A|CIRHIN|NAIC|TEX292	resolved	mygene.info	pinned_local_build
VAMP1	VAMP1	ENSG00000139190	ensembl_gene	ENSG00000139190	12642	6843	CMS25|SAX1|SPAX1|SYB1|VAMP-1	resolved	mygene.info	pinned_local_build
VAMP2	VAMP2	ENSG00000220205	ensembl_gene	ENSG00000220205	12643	6844	NEDHAHM|SYB2|VAMP-2	resolved	mygene.info	pinned_local_build
VANGL1	VANGL1	ENSG00000173218	ensembl_gene	ENSG00000173218	15512	81839	KITENIN|LPP2|STB2|STBM2	resolved	mygene.info	pinned_local_build
VAPB	VAPB	ENSG00000124164	ensembl_gene	ENSG00000124164	12649	9217	ALS8|VAMP-B|VAP-B	resolved	mygene.info	pinned_local_build
VARS1	VARS1	ENSG00000231116	ensembl_gene	ENSG00000231116	12651	7407	G7A|NDMSCA|VARS|VARS2	resolved	mygene.info	pinned_local_build
VARS2	VARS2	ENSG00000206476	ensembl_gene	ENSG00000206476	21642	57176	COXPD20|VALRS|VARS2L|VARSL	resolved	mygene.info	pinned_local_build
VAV1	VAV1	ENSG00000141968	ensembl_gene	ENSG00000141968	12657	7409	VAV	resolved	mygene.info	pinned_local_build
VAX2	VAX2	ENSG00000116035	ensembl_gene	ENSG00000116035	12661	25806	DRES93	resolved	mygene.info	pinned_local_build
VCL	VCL	ENSG00000035403	ensembl_gene	ENSG00000035403	12665	7414	CMD1W|CMH15|HEL114|MV|MVCL|VINC	resolved	mygene.info	pinned_local_build
VCP	VCP	ENSG00000165280	ensembl_gene	ENSG00000165280	12666	7415	CDC48|FTDALS6|TERA|p97	resolved	mygene.info	pinned_local_build
VDR	VDR	ENSG00000111424	ensembl_gene	ENSG00000111424	12679	7421	NR1I1|PPP1R163	resolved	mygene.info	pinned_local_build
VEGFA	VEGFA	ENSG00000112715	ensembl_gene	ENSG00000112715	12680	7422	L-VEGF|MVCD1|VEGF|VPF	resolved	mygene.info	pinned_local_build
VHL	VHL	ENSG00000134086	ensembl_gene	ENSG00000134086	12687	7428	HRCA1|RCA1|VHL1|pVHL	resolved	mygene.info	pinned_local_build
VIPAS39	VIPAS39	ENSG00000151445	ensembl_gene	ENSG00000151445	20347	63894	C14orf133|SPE-39|SPE39|VIPAR|VPS16B|hSPE-39	resolved	mygene.info	pinned_local_build
VLDLR	VLDLR	ENSG00000147852	ensembl_gene	ENSG00000147852	12698	7436	CAMRQ1|CARMQ1|CHRMQ1|VLDL-R|VLDLRCH	resolved	mygene.info	pinned_local_build
VMA12	VMA12	ENSG00000244045	ensembl_gene	ENSG00000244045	18085	147007	C17orf32|CDG2P|TMEM199|VPH2	resolved	mygene.info	pinned_local_build
VMA21	VMA21	ENSG00000160131	ensembl_gene	ENSG00000160131	22082	203547	MEAX|XMEA	resolved	mygene.info	pinned_local_build
VMA22	VMA22	ENSG00000136710	ensembl_gene	ENSG00000136710	28178	84317	CCDC115|CDG2O|ccp1	resolved	mygene.info	pinned_local_build
VPS11	VPS11	ENSG00000160695	ensembl_gene	ENSG00000160695	14583	55823	DYT32|END1|HLD12|HLD12; DYT32|PEP5|RNF108|hVPS11	resolved	mygene.info	pinned_local_build
VPS13A	VPS13A	ENSG00000197969	ensembl_gene	ENSG00000197969	1908	23230	BLTP5A|CHAC|CHOREIN	resolved	mygene.info	pinned_local_build
VPS13B	VPS13B	ENSG00000132549	ensembl_gene	ENSG00000132549	2183	157680	BLTP5B|CHS1|COH1	resolved	mygene.info	pinned_local_build
VPS13C	VPS13C	ENSG00000129003	ensembl_gene	ENSG00000129003	23594	54832	BLTP5C|PARK23	resolved	mygene.info	pinned_local_build
VPS13D	VPS13D	ENSG00000048707	ensembl_gene	ENSG00000048707	23595	55187	BLTP5D|SCA24|SCAR4|SCASI	resolved	mygene.info	pinned_local_build
VPS33B	VPS33B	ENSG00000184056	ensembl_gene	ENSG00000184056	12712	26276	KDIDAR|PFIC12	resolved	mygene.info	pinned_local_build
VPS35	VPS35	ENSG00000069329	ensembl_gene	ENSG00000069329	13487	55737	MEM3|PARK17	resolved	mygene.info	pinned_local_build
VPS36	VPS36	ENSG00000136100	ensembl_gene	ENSG00000136100	20312	51028	C13orf9|CGI-145|EAP45	resolved	mygene.info	pinned_local_build
VPS37A	VPS37A	ENSG00000155975	ensembl_gene	ENSG00000155975	24928	137492	HCRP1|PQBP2|SPG53	resolved	mygene.info	pinned_local_build
VPS45	VPS45	ENSG00000136631	ensembl_gene	ENSG00000136631	14579	11311	H1|H1VPS45|SCN5|VPS45A|VPS45B|VPS54A|VSP45|VSP45A	resolved	mygene.info	pinned_local_build
VPS4A	VPS4A	ENSG00000132612	ensembl_gene	ENSG00000132612	13488	27183	CIMDAG|SKD1|SKD1A|SKD2|VPS4|VPS4-1	resolved	mygene.info	pinned_local_build
VPS51	VPS51	ENSG00000149823	ensembl_gene	ENSG00000149823	1172	738	ANG2|ANG3|C11orf2|C11orf3|FFR|PCH13	resolved	mygene.info	pinned_local_build
VPS53	VPS53	ENSG00000141252	ensembl_gene	ENSG00000141252	25608	55275	HCCS1|PCH2E|hVps53L|pp13624	resolved	mygene.info	pinned_local_build
VPS54	VPS54	ENSG00000143952	ensembl_gene	ENSG00000143952	18652	51542	HCC8|PPP1R164|SLP-8p|VPS54L|WR|hVps54L	resolved	mygene.info	pinned_local_build
VRK1	VRK1	ENSG00000100749	ensembl_gene	ENSG00000100749	12718	7443	HMNR10|PCH1|PCH1A	resolved	mygene.info	pinned_local_build
VRK2	VRK2	ENSG00000028116	ensembl_gene	ENSG00000028116	12719	7444		resolved	mygene.info	pinned_local_build
VWA3B	VWA3B	ENSG00000168658	ensembl_gene	ENSG00000168658	28385	200403	SCAR22	resolved	mygene.info	pinned_local_build
WAC	WAC	ENSG00000095787	ensembl_gene	ENSG00000095787	17327	51322	BM-016|DESSH|PRO1741|Wwp4	resolved	mygene.info	pinned_local_build
WARS2	WARS2	ENSG00000116874	ensembl_gene	ENSG00000116874	12730	10352	NEMMLAS|PKDYS3|TrpRS|mtTrpRS	resolved	mygene.info	pinned_local_build
WAS	WAS	ENSG00000015285	ensembl_gene	ENSG00000015285	12731	7454	IMD2|SCNX|THC|THC1|WASP|WASPA	resolved	mygene.info	pinned_local_build
WASF1	WASF1	ENSG00000112290	ensembl_gene	ENSG00000112290	12732	8936	NEDALVS|SCAR1|WAVE|WAVE-1|WAVE1	resolved	mygene.info	pinned_local_build
WASHC4	WASHC4	ENSG00000136051	ensembl_gene	ENSG00000136051	29174	23325	KIAA1033|MRT43|SWIP	resolved	mygene.info	pinned_local_build
WASHC5	WASHC5	ENSG00000164961	ensembl_gene	ENSG00000164961	28984	9897	KIAA0196|RTSC|RTSC1|SPG8	resolved	mygene.info	pinned_local_build
WDFY3	WDFY3	ENSG00000163625	ensembl_gene	ENSG00000163625	20751	23001	ALFY|BCHS|MCPH18|ZFYVE25	resolved	mygene.info	pinned_local_build
WDR17	WDR17	ENSG00000150627	ensembl_gene	ENSG00000150627	16661	116966		resolved	mygene.info	pinned_local_build
WDR19	WDR19	ENSG00000157796	ensembl_gene	ENSG00000157796	18340	57728	ATD5|CED4|CFAP66|DYF-2|FAP66|IFT144|NPHP13|ORF26|Oseg6|PWDMP|SPGF72|SRTD5	resolved	mygene.info	pinned_local_build
WDR26	WDR26	ENSG00000162923	ensembl_gene	ENSG00000162923	21208	80232	CDW2|GID7|MIP2|SKDEAS	resolved	mygene.info	pinned_local_build
WDR37	WDR37	ENSG00000047056	ensembl_gene	ENSG00000047056	31406	22884	NOCGUS	resolved	mygene.info	pinned_local_build
WDR4	WDR4	ENSG00000160193	ensembl_gene	ENSG00000160193	12756	10785	GAMOS6|MIGSB|TRM82|TRMT82|Wuho|hWH	resolved	mygene.info	pinned_local_build
WDR45	WDR45	ENSG00000292221	ensembl_gene	ENSG00000292221	28912	11152	JM5|NBIA4|NBIA5|WDRX1|WIPI-4|WIPI4	resolved	mygene.info	pinned_local_build
WDR45B	WDR45B	ENSG00000141580	ensembl_gene	ENSG00000141580	25072	56270	NEDSBAS|WDR45L|WIPI-3|WIPI3	resolved	mygene.info	pinned_local_build
WDR48	WDR48	ENSG00000114742	ensembl_gene	ENSG00000114742	30914	57599	Bun62|P80|SPG60|UAF1	resolved	mygene.info	pinned_local_build
WDR5	WDR5	ENSG00000196363	ensembl_gene	ENSG00000196363	12757	11091	BIG-3|BIG3|CFAP89|SWD3	resolved	mygene.info	pinned_local_build
WDR62	WDR62	ENSG00000075702	ensembl_gene	ENSG00000075702	24502	284403	C19orf14|MCPH2	resolved	mygene.info	pinned_local_build
WDR73	WDR73	ENSG00000177082	ensembl_gene	ENSG00000177082	25928	84942	GAMOS|GAMOS1|HSPC264	resolved	mygene.info	pinned_local_build
WDR81	WDR81	ENSG00000276021	ensembl_gene	ENSG00000276021	26600	124997	CAMRQ2|CHMRQ|HYC3|PPP1R166|SORF-2	resolved	mygene.info	pinned_local_build
WDR83OS	WDR83OS	ENSG00000105583	ensembl_gene	ENSG00000105583	30203	51398	ASTERIX|C19orf56|NEDFHCA|PAT-10|PAT10|PTD008	resolved	mygene.info	pinned_local_build
WDR87	WDR87	ENSG00000171804	ensembl_gene	ENSG00000171804	29934	83889	NYD-SP11	resolved	mygene.info	pinned_local_build
WDTC1	WDTC1	ENSG00000142784	ensembl_gene	ENSG00000142784	29175	23038	ADP|DCAF9	resolved	mygene.info	pinned_local_build
WFS1	WFS1	ENSG00000109501	ensembl_gene	ENSG00000109501	12762	7466	CTRCT41|WFRS|WFS|WFSL	resolved	mygene.info	pinned_local_build
WHRN	WHRN	ENSG00000095397	ensembl_gene	ENSG00000095397	16361	25861	CIP98|DFNB31|PDZD7B|USH2D|WI	resolved	mygene.info	pinned_local_build
WIPF1	WIPF1	ENSG00000115935	ensembl_gene	ENSG00000115935	12736	7456	PRPL-2|WAS2|WASPIP|WIP	resolved	mygene.info	pinned_local_build
WNK3	WNK3	ENSG00000196632	ensembl_gene	ENSG00000196632	14543	65267	MRXS2|PRKWNK3|PRS	resolved	mygene.info	pinned_local_build
WNT1	WNT1	ENSG00000125084	ensembl_gene	ENSG00000125084	12774	7471	BMND16|INT1|OI15	resolved	mygene.info	pinned_local_build
WNT3A	WNT3A	ENSG00000154342	ensembl_gene	ENSG00000154342	15983	89780		resolved	mygene.info	pinned_local_build
WNT5A	WNT5A	ENSG00000114251	ensembl_gene	ENSG00000114251	12784	7474	hWNT5A	resolved	mygene.info	pinned_local_build
WNT9B	WNT9B	ENSG00000276799	ensembl_gene	ENSG00000276799	12779	7484	WNT14B|WNT15	resolved	mygene.info	pinned_local_build
WRN	WRN	ENSG00000165392	ensembl_gene	ENSG00000165392	12791	7486	RECQ3|RECQL2|RECQL3	resolved	mygene.info	pinned_local_build
WT1	WT1	ENSG00000184937	ensembl_gene	ENSG00000184937	12796	7490	AWT1|GUD|NPHS4|WAGR|WIT-2|WT-1|WT33	resolved	mygene.info	pinned_local_build
WWOX	WWOX	ENSG00000186153	ensembl_gene	ENSG00000186153	12799	51741	D16S432E|DEE28|EIEE28|FOR|FRA16D|HHCMA56|PRO0128|SCAR12|SDR41C1|WOX1	resolved	mygene.info	pinned_local_build
XK	XK	ENSG00000047597	ensembl_gene	ENSG00000047597	12811	7504	KX|NA|NAC|X1k|XKR1	resolved	mygene.info	pinned_local_build
XKR8	XKR8	ENSG00000158156	ensembl_gene	ENSG00000158156	25508	55113	XRG8|hXkr8	resolved	mygene.info	pinned_local_build
XPA	XPA	ENSG00000136936	ensembl_gene	ENSG00000136936	12814	7507	XP1|XPAC	resolved	mygene.info	pinned_local_build
XPC	XPC	ENSG00000154767	ensembl_gene	ENSG00000154767	12816	7508	RAD4|XP3|XPCC|p125	resolved	mygene.info	pinned_local_build
XPNPEP3	XPNPEP3	ENSG00000196236	ensembl_gene	ENSG00000196236	28052	63929	APP3|ICP55|NPHPL1	resolved	mygene.info	pinned_local_build
XPO5	XPO5	ENSG00000124571	ensembl_gene	ENSG00000124571	17675	57510	exp5	resolved	mygene.info	pinned_local_build
XPR1	XPR1	ENSG00000143324	ensembl_gene	ENSG00000143324	12827	9213	IBGC6|SLC53A1|SYG1|X3	resolved	mygene.info	pinned_local_build
XRCC1	XRCC1	ENSG00000073050	ensembl_gene	ENSG00000073050	12828	7515	RCC|SCAR26	resolved	mygene.info	pinned_local_build
XRCC4	XRCC4	ENSG00000152422	ensembl_gene	ENSG00000152422	12831	7518	SSMED|hXRCC4	resolved	mygene.info	pinned_local_build
XYLT1	XYLT1	ENSG00000103489	ensembl_gene	ENSG00000103489	15516	64131	DBQD2|PXYLT1|XT-I|XT1|XTI|XYLTI|xylT-I	resolved	mygene.info	pinned_local_build
XYLT2	XYLT2	ENSG00000015532	ensembl_gene	ENSG00000015532	15517	64132	PXYLT2|SOS|XT-II|XT2|xylT-II	resolved	mygene.info	pinned_local_build
YAP1	YAP1	ENSG00000137693	ensembl_gene	ENSG00000137693	16262	10413	COB1|YAP|YAP-1|YAP2|YAP65|YKI	resolved	mygene.info	pinned_local_build
YARS1	YARS1	ENSG00000134684	ensembl_gene	ENSG00000134684	12840	8565	CMTDIC|IMNEPD2|TYRRS|YARS|YRS|YTS	resolved	mygene.info	pinned_local_build
YARS2	YARS2	ENSG00000139131	ensembl_gene	ENSG00000139131	24249	51067	CGI-04|MLASA2|MT-TYRRS|TYRRS	resolved	mygene.info	pinned_local_build
YBX1	YBX1	ENSG00000065978	ensembl_gene	ENSG00000065978	8014	4904	BP-8|CBF-A|CSDA2|CSDB|DBPB|EFI-A|MDR-NF1|NSEP-1|NSEP1|YB-1|YB1	resolved	mygene.info	pinned_local_build
YEATS2	YEATS2	ENSG00000163872	ensembl_gene	ENSG00000163872	25489	55689	FAME4	resolved	mygene.info	pinned_local_build
YIF1B	YIF1B	ENSG00000167645	ensembl_gene	ENSG00000167645	30511	90522	FinGER8|KABAMAS	resolved	mygene.info	pinned_local_build
YIPF5	YIPF5	ENSG00000145817	ensembl_gene	ENSG00000145817	24877	81555	FinGER5|MEDS2|SB140|SMAP-5|SMAP5|YIP1A|YIPFalpha1A	resolved	mygene.info	pinned_local_build
YME1L1	YME1L1	ENSG00000136758	ensembl_gene	ENSG00000136758	12843	10730	FTSH|MEG4|OPA11|PAMP|YME1L	resolved	mygene.info	pinned_local_build
YRDC	YRDC	ENSG00000196449	ensembl_gene	ENSG00000196449	28905	79693	DRIP3|GAMOS10|IRIP|SUA5	resolved	mygene.info	pinned_local_build
YWHAE	YWHAE	ENSG00000274474	ensembl_gene	ENSG00000274474	12851	7531	14-3-3E|HEL2|KCIP-1|MDCR|MDS	resolved	mygene.info	pinned_local_build
YWHAG	YWHAG	ENSG00000170027	ensembl_gene	ENSG00000170027	12852	7532	14-3-3GAMMA|DEE56|EIEE56|PPP1R170	resolved	mygene.info	pinned_local_build
YWHAZ	YWHAZ	ENSG00000164924	ensembl_gene	ENSG00000164924	12855	7534	14-3-3-zeta|HEL-S-3|HEL-S-93|HEL4|KCIP-1|POPCHAS|YWHAD	resolved	mygene.info	pinned_local_build
YY1	YY1	ENSG00000100811	ensembl_gene	ENSG00000100811	12856	7528	DELTA|GADEVS|INO80S|NF-E1|UCRBP|YIN-YANG-1	resolved	mygene.info	pinned_local_build
ZAP70	ZAP70	ENSG00000115085	ensembl_gene	ENSG00000115085	12858	7535	ADMIO2|IMD48|SRK|STCD|STD|TZK|ZAP-70	resolved	mygene.info	pinned_local_build
ZBTB16	ZBTB16	ENSG00000109906	ensembl_gene	ENSG00000109906	12930	7704	PLZF|ZNF145	resolved	mygene.info	pinned_local_build
ZBTB18	ZBTB18	ENSG00000179456	ensembl_gene	ENSG00000179456	13030	10472	C1DELq42q44|C1DELq43q44|C2H2-171|DEL1Q42Q44|DEL1Q43Q44|MRD22|RP58|TAZ-1|ZNF238	resolved	mygene.info	pinned_local_build
ZBTB20	ZBTB20	ENSG00000181722	ensembl_gene	ENSG00000181722	13503	26137	DPZF|HOF|ODA-8S|PRIMS|ZNF288	resolved	mygene.info	pinned_local_build
ZBTB24	ZBTB24	ENSG00000112365	ensembl_gene	ENSG00000112365	21143	9841	BIF1|ICF2|PATZ2|ZNF450	resolved	mygene.info	pinned_local_build
ZBTB7A	ZBTB7A	ENSG00000178951	ensembl_gene	ENSG00000178951	18078	51341	FBI-1|FBI1|LRF|MNDLFH|TIP21|ZBTB7|ZNF857A|pokemon	resolved	mygene.info	pinned_local_build
ZC3H14	ZC3H14	ENSG00000100722	ensembl_gene	ENSG00000100722	20509	79882	MRT56|MSUT-2|NY-REN-37|SUT2|UKp68	resolved	mygene.info	pinned_local_build
ZC4H2	ZC4H2	ENSG00000126970	ensembl_gene	ENSG00000126970	24931	55906	HCA127|KIAA1166|MCS|MRXS4|WRWF|WRWFFR|WWS	resolved	mygene.info	pinned_local_build
ZDHHC15	ZDHHC15	ENSG00000102383	ensembl_gene	ENSG00000102383	20342	158866	DHHC15|MRX91	resolved	mygene.info	pinned_local_build
ZDHHC9	ZDHHC9	ENSG00000188706	ensembl_gene	ENSG00000188706	18475	51114	CGI89|CXorf11|DHHC9|MMSA1|MRXSR|MRXSZ|ZDHHC10|ZNF379|ZNF380	resolved	mygene.info	pinned_local_build
ZEB2	ZEB2	ENSG00000169554	ensembl_gene	ENSG00000169554	14881	9839	HSPC082|SIP-1|SIP1|SMADIP1|ZFHX1B	resolved	mygene.info	pinned_local_build
ZFP36L1	ZFP36L1	ENSG00000185650	ensembl_gene	ENSG00000185650	1107	677	BRF1|Berg36|ERF-1|ERF1|RNF162B|TIS11B|cMG1	resolved	mygene.info	pinned_local_build
ZFP57	ZFP57	ENSG00000223858	ensembl_gene	ENSG00000223858	18791	346171	C6orf40|TNDM1|ZNF698|bA145L22|bA145L22.2	resolved	mygene.info	pinned_local_build
ZFPM2	ZFPM2	ENSG00000169946	ensembl_gene	ENSG00000169946	16700	23414	DIH3|FOG2|PRDM19|SRXY9|ZC2HC11B|ZNF89B|hFOG-2	resolved	mygene.info	pinned_local_build
ZFR	ZFR	ENSG00000056097	ensembl_gene	ENSG00000056097	17277	51663	SPG71|ZFR1	resolved	mygene.info	pinned_local_build
ZFYVE26	ZFYVE26	ENSG00000072121	ensembl_gene	ENSG00000072121	20761	23503	FYVE-CENT|SPG15	resolved	mygene.info	pinned_local_build
ZFYVE27	ZFYVE27	ENSG00000155256	ensembl_gene	ENSG00000155256	26559	118813	PROTRUDIN|SPG33	resolved	mygene.info	pinned_local_build
ZIC2	ZIC2	ENSG00000043355	ensembl_gene	ENSG00000043355	12873	7546	HPE5	resolved	mygene.info	pinned_local_build
ZIC3	ZIC3	ENSG00000156925	ensembl_gene	ENSG00000156925	12874	7547	HTX|HTX1|VACTERLX|ZNF203	resolved	mygene.info	pinned_local_build
ZIC4	ZIC4	ENSG00000174963	ensembl_gene	ENSG00000174963	20393	84107		resolved	mygene.info	pinned_local_build
ZMIZ1	ZMIZ1	ENSG00000108175	ensembl_gene	ENSG00000108175	16493	57178	MIZ|NEDDFSA|RAI17|TRAFIP10|ZIMP10	resolved	mygene.info	pinned_local_build
ZMYM3	ZMYM3	ENSG00000147130	ensembl_gene	ENSG00000147130	13054	9203	DXS6673E|MYM|XFIM|XLID112|ZNF198L2|ZNF261	resolved	mygene.info	pinned_local_build
ZMYND11	ZMYND11	ENSG00000015171	ensembl_gene	ENSG00000015171	16966	10771	BRAM1|BS69|MRD30	resolved	mygene.info	pinned_local_build
ZMYND12	ZMYND12	ENSG00000066185	ensembl_gene	ENSG00000066185	21192	84217		resolved	mygene.info	pinned_local_build
ZMYND8	ZMYND8	ENSG00000101040	ensembl_gene	ENSG00000101040	9397	23613	PRKCBP1|PRO2893|RACK7	resolved	mygene.info	pinned_local_build
ZNF142	ZNF142	ENSG00000115568	ensembl_gene	ENSG00000115568	12927	7701	HA4654|NEDISHM|pHZ-49	resolved	mygene.info	pinned_local_build
ZNF143	ZNF143	ENSG00000166478	ensembl_gene	ENSG00000166478	12928	7702	SBF|STAF|pHZ-1	resolved	mygene.info	pinned_local_build
ZNF148	ZNF148	ENSG00000163848	ensembl_gene	ENSG00000163848	12933	7707	BERF-1|BFCOL1|GDACCF|HT-BETA|ZBP-89|ZFP148|pHZ-52	resolved	mygene.info	pinned_local_build
ZNF17	ZNF17	ENSG00000186272	ensembl_gene	ENSG00000186272	12958	7565	HPF3|KOX10	resolved	mygene.info	pinned_local_build
ZNF292	ZNF292	ENSG00000188994	ensembl_gene	ENSG00000188994	18410	23036	MRD63|MRD64|Nbla00365|ZFP292|ZN-16|Zn-15|bA393I2.3	resolved	mygene.info	pinned_local_build
ZNF335	ZNF335	ENSG00000198026	ensembl_gene	ENSG00000198026	15807	63925	MCPH10|NIF-1|NIF1|NIF2	resolved	mygene.info	pinned_local_build
ZNF407	ZNF407	ENSG00000215421	ensembl_gene	ENSG00000215421	19904	55628	SIMHA	resolved	mygene.info	pinned_local_build
ZNF41	ZNF41	ENSG00000147124	ensembl_gene	ENSG00000147124	13107	7592	MRX89	resolved	mygene.info	pinned_local_build
ZNF423	ZNF423	ENSG00000102935	ensembl_gene	ENSG00000102935	16762	23090	Ebfaz|JBTS19|NPHP14|OAZ|Roaz|ZFP423|Zfp104|hOAZ	resolved	mygene.info	pinned_local_build
ZNF469	ZNF469	ENSG00000225614	ensembl_gene	ENSG00000225614	23216	84627	BCS|BCS1|Zfp469	resolved	mygene.info	pinned_local_build
ZNF526	ZNF526	ENSG00000167625	ensembl_gene	ENSG00000167625	29415	116115	DENNED	resolved	mygene.info	pinned_local_build
ZNF592	ZNF592	ENSG00000166716	ensembl_gene	ENSG00000166716	28986	9640	CAMOS|SCAR5	resolved	mygene.info	pinned_local_build
ZNF674	ZNF674	ENSG00000251192	ensembl_gene	ENSG00000251192	17625	641339	MRX92|ZNF673B	resolved	mygene.info	pinned_local_build
ZNF687	ZNF687	ENSG00000143373	ensembl_gene	ENSG00000143373	29277	57592	PDB6	resolved	mygene.info	pinned_local_build
ZNF711	ZNF711	ENSG00000147180	ensembl_gene	ENSG00000147180	13128	7552	CMPX1|MRX65|MRX97|XLID97|ZNF4|ZNF5|ZNF6|Zfp711|dJ75N13.1	resolved	mygene.info	pinned_local_build
ZNF81	ZNF81	ENSG00000197779	ensembl_gene	ENSG00000197779	13156	347344	HFZ20|MRX45|dJ54B20.6	resolved	mygene.info	pinned_local_build
ZNHIT3	ZNHIT3	ENSG00000273611	ensembl_gene	ENSG00000273611	12309	9326	Hit1|PEHO|TRIP3	resolved	mygene.info	pinned_local_build
ZSWIM6	ZSWIM6	ENSG00000130449	ensembl_gene	ENSG00000130449	29316	57688	AFND|NEDMAGA	resolved	mygene.info	pinned_local_build
